p_evap,dT_cd,net_power,T_injection>=70,T_injection,p_ratio_crit,T_turbine_in,T_preheater_out,m_workingfluid,evap_steam_UA,evap_brine_UA,preheater_UA,evap_steam_pinch,evap_brine_pinch,preheater_ttd_min,thermal_efficiency
15.729291016822991,21.963332178169914,11.015998669514047,8.615646837769305,61.384353162230695,0.414364884531691,101.56425582404734,96.56425582404626,275.23231582267545,617801.7498039211,1347584.4468794358,2513147.4035480665,58.43574417618174,10.0,15.070613921812708,0.09773148515775007
24.472468212044877,13.895828281226954,15.636491119145179,18.90498380532142,51.09501619467858,0.6446909434153023,125.72474889292113,120.72474889292232,268.5158552746835,1026739.4724836019,1033911.0265780919,5046413.207380585,34.27525110730795,10.0,11.907288738947045,0.1298032280404582
8.004153976446727,20.754735115641672,5.047396541943538,6.828088983440409,63.17191101655959,0.21085758631313822,69.53261475210309,64.53261475210411,299.0661587277115,404376.28644043783,1609263.2377955224,828112.2480426306,90.46738524812599,10.0,17.78594829489225,0.045320783404185064
7.3648455749943675,17.784839775808614,4.794181821941322,9.340564556311904,60.659435443688096,0.19401595297666932,65.96277881047678,60.96277881047786,302.08061241100955,389386.45949904894,1632610.1265863345,783389.0283916546,94.0372211897523,10.0,18.146055484429894,0.042327881326123466
16.6263091006289,24.04210386265669,11.043832763628036,7.019974352014117,62.98002564798588,0.43799549790908593,104.45247348302769,99.45247348302883,273.5912983443376,648677.8692057446,1317479.2752991184,2620992.539930709,55.54752651720139,10.0,14.703524733414213,0.09903448926066524
7.696320158768517,14.60604417890572,5.791996122461773,12.7041502094973,57.2958497905027,0.2027481601361569,67.84111384143591,62.84111384143495,300.48931084050986,397132.3156756455,1620434.7314390584,1000415.227786746,92.15888615879317,10.0,17.898695727169297,0.05001905344855049
10.412392705535055,16.381247824427497,8.45958219164367,12.236281160233375,57.763718839766625,0.27429907021957467,81.33644421342876,76.33644421342973,289.4587278333207,463358.9403671098,1525162.3851107056,1592225.2342406942,78.66355578680032,10.0,16.712570401244136,0.07327895919155042
6.923529036802364,27.99420818694449,1.8493142019755773,-1.5945929332706896,71.59459293327069,0.18239012214969347,63.36229202726372,58.3622920272627,304.30125988420093,379148.3184886524,1649084.0736824614,237754.43157206726,96.63770797296536,10.0,18.880706807163506,0.017608855516997594
16.516036344284952,15.029710290655153,12.58990209489261,14.788082394349772,55.21191760565023,0.4350905254026594,104.1037682390072,99.10376823900606,273.78205861534013,644787.1662727209,1321193.0446677334,2928558.1250201105,55.896231761221884,10.0,15.101953202039681,0.1072717102693141
12.340249207795026,5.255886268036875,8.967616690645864,22.603028867367243,47.39697113263276,0.325085595568889,89.40300810375027,84.40300810375066,283.3401368780777,514663.4433730577,1460332.2059000945,2422366.4064856577,70.59699189647881,10.0,16.595050130592483,0.0727622653393188
30.1195545283274,28.72345843165023,14.702902764086486,13.571862618448051,56.42813738155195,0.793455071873746,137.93536397488185,132.93536397496604,280.5502159717453,1543814.368252224,781801.7740666661,10671427.160417905,22.064636025347227,10.0,2.8766447617363156,0.12626038411615423
11.149627787632525,26.713567678392636,7.004689172344745,2.7647528946828857,67.23524710531711,0.29372043697662076,84.54188883647839,79.5418888364793,286.97387311695354,482470.4248403913,1500207.9097613096,1332793.231268023,75.45811116375069,10.0,16.249794624634774,0.06467344825883825
24.952297386449242,28.341972745686583,13.217855431299178,7.118519874390472,62.88148012560953,0.6573313326251118,126.84499250117932,121.84499250118063,268.8542774059588,1059268.2666681788,1014643.4130793166,4744737.740474031,33.15500749904976,10.0,10.26284700520364,0.11845096970299968
15.95870426646199,23.175593872391346,10.891179692875571,7.60541309953976,62.39458690046024,0.4204084369457847,102.31435167068696,97.31435167068798,274.79320984633404,625534.3189610684,1339906.1732036767,2514203.9051083894,57.68564832954212,10.0,14.937308739228627,0.09728086262710378
6.5532723913397515,7.677754272707272,4.206690157174682,18.779403968599752,51.22059603140025,0.1726362589920904,61.08399689538038,56.083996895381404,306.2621228472384,370611.22037918057,1663168.7464343691,965024.7304664085,98.9160031048487,10.0,18.534161611330433,0.034948419089066374
6.720517059132788,8.362320607934262,4.614878468913517,18.214592991212555,51.785407008787445,0.17704207215839798,62.12461586194763,57.12461586194661,305.364800050228,374462.3676308439,1656774.8152241206,985134.2383674327,97.87538413828145,10.0,18.43402637464078,0.03847543245912347
17.550350132000545,14.462068716554139,13.126195741742594,15.479365161508383,54.52063483849162,0.46233799083246957,107.30871114251443,102.30871114251556,272.11336431228426,682406.933601479,1286186.3305701062,3161284.447956893,52.69128885771465,10.0,14.776495658050123,0.1113475124397617
7.5975969836817505,22.16638914610286,4.200684071289109,5.10385652731469,64.89614347268531,0.20014744424872893,67.28805442504137,62.28805442504131,300.9566937345653,394819.7855346984,1624044.4120109337,663307.936156933,92.71194557518771,10.0,18.08698700307491,0.03816327573977368
9.316211076950557,27.734268004382486,5.023285434988801,0.7382264878401088,69.26177351215989,0.2454217881177702,76.24519717092386,71.24519717092494,293.5247115156902,435932.6392807652,1562841.2453371757,858309.5717557301,83.75480282930522,10.0,17.119406337291366,0.047042914532964074
21.83125186482738,10.2153628490208,14.97609881109716,20.312510880185528,49.68748911981447,0.5751120090839668,119.23364616886016,114.23364616885897,268.1834639370969,871673.4168718335,1135037.7616606168,4286891.688171126,40.76635383136892,10.0,13.566425750095277,0.1232376204558939
7.792729360765427,6.349233987147276,5.465086387260048,20.685800271550306,49.314199728449694,0.2052879178283832,68.37616744149813,63.37616744149699,300.03809734583984,399395.49070063443,1616922.575733674,1350528.6520096816,91.62383255873095,10.0,17.87892318137466,0.0448682408937006
8.91158792163658,14.827967345362442,7.219116469520854,13.11709877695671,56.88290122304329,0.23476259013794992,74.25398939929374,69.25398939929477,295.1491989981627,426069.53303885733,1576976.9466798692,1299173.554310181,85.74601060093534,10.0,17.29881466675016,0.0621765745538062
19.903342028301584,23.295589438813934,12.573641066501729,8.668411985809144,61.33158801419086,0.524324078722381,114.10453765951223,109.10453765951337,269.33671745392274,778762.451267117,1204638.0597089424,3374884.2807447477,45.89546234071685,10.0,13.692724407340847,0.11151122379310321
16.496662197708307,21.169481776377225,11.550868894938041,9.500340336439024,60.499659663560976,0.434580142194634,104.04232416262857,99.04232416262977,273.8158908496743,644106.4336533586,1321845.1204406896,2703548.728791361,55.957675837600505,10.0,14.926117104897799,0.10187450837162454
23.23267622679404,15.221426830768532,15.091806250378461,16.968025736999493,53.03197426300051,0.6120304590830885,122.74890617631485,117.74890617631598,268.0568751082102,949310.0542512434,1082342.7911999838,4559039.482317945,37.25109382391423,10.0,12.706935358424005,0.1268161601780523
22.752779152517896,9.28421289678506,15.221565039277177,21.527600760989912,48.47239923901009,0.5993882811516832,121.56397416895237,116.56397416895356,268.02743977597873,921638.3871933719,1100614.0323133601,4577924.532239976,38.43602583127671,10.0,13.330210752268783,0.12432226867958901
20.185311902251044,12.269407798857387,14.365219174342585,17.99759570006836,52.00240429993164,0.531752157593547,114.87760328695583,109.87760328695714,269.10224539289453,791476.730021555,1194638.314847855,3810601.1587947044,45.12239671327325,10.0,14.008234936473684,0.11992981816482988
11.079964148090195,20.586248149275292,8.255522956222368,8.547085638994474,61.452914361005526,0.29188525153030015,84.24580910760716,79.24580910760807,287.20066338516364,480639.2867940531,1502555.5350687765,1574190.3892696428,75.75419089262192,10.0,16.385875522068318,0.07327473022961285
23.631556783674863,24.132274927803728,13.671660886416412,9.771563430259846,60.228436569740154,0.6225383768091376,123.71949690721908,118.71949690722028,268.14242331713575,973246.9175715705,1066961.5502731758,4395616.610436548,36.28050309301,10.0,11.634342972803665,0.12036229465923746
18.090068035175374,13.898895612566651,13.418214455212269,16.071921076760418,53.92807892323958,0.4765560599361268,108.92534541612406,103.92534541612287,271.3500534991392,703100.2534230682,1267743.356930642,3293325.220217121,51.07465458410502,10.0,14.612355509621636,0.11339564398348984
6.359487213865778,14.7859220963688,3.7772349064282564,11.561638034997202,58.4383619650028,0.1675312753916169,59.85329889967545,54.853298899676645,307.3268631404062,366157.6518766642,1670647.3195942,628312.6041406675,100.14670110055363,10.0,18.817152938469917,0.03286393403369374
21.953090181866003,18.735766534468922,14.139736613684617,13.365912945054617,56.63408705494538,0.5783216591640148,119.54602061230963,114.5460206123085,268.1474002708046,878054.0540167906,1130533.5782452903,4060198.9384737196,40.453979387919446,10.0,13.1421303825839,0.12158611028310026
14.180804161134649,18.02061534965125,10.904037197761328,11.733484308810603,58.2665156911894,0.37357229086234583,96.27653784807217,91.27653784807217,278.5512272242488,568283.0115595574,1399156.5294003526,2342126.38690806,63.72346215215691,10.0,15.673813642307493,0.0947641842190572
8.14628150654949,21.963332178169914,4.966761351910976,5.719171713528112,64.28082828647189,0.2146017256730635,70.29738454332323,65.2973845433242,298.4259679116184,407738.95837244764,1604145.8312281943,813989.1326206552,89.70261545690585,10.0,17.71807550748889,0.044933834509810255
24.472468212044877,22.886309322214558,14.176542342367254,11.416386347051628,58.58361365294837,0.6446909434153023,125.72474889292113,120.72474889292232,268.5158552746939,1026739.4724836019,1033911.026578324,4754096.132264771,34.27525110730795,10.0,11.093334258383152,0.12346087193284046
8.004153976446727,21.433935229485463,4.9014565166240285,6.148914207614155,63.851085792385845,0.21085758631313822,69.53261475210309,64.53261475210411,299.06615872771107,404376.28644043783,1609263.2377951285,799726.3321532976,90.46738524812599,10.0,17.7978103202542,0.04421351608882831
14.960318770354862,17.784839775808614,11.384571365771233,12.10524519167393,57.89475480832607,0.39410744916635565,98.98917363373215,93.98917363373329,276.80244299481194,592651.888466851,1373238.9275927716,2511704.8390099877,61.01082636649693,10.0,15.516174746101285,0.09870027817762414
6.081958434597452,27.95675562243249,0.42499994483817116,-2.58036073693404,72.58036073693404,0.160220190584759,58.04131916463331,53.041319164632114,308.90108363109306,359792.03063569206,1681498.3473995635,9044.056173048506,101.95868083559577,10.0,19.7609298252313,0.00407563084767928
7.144187305898366,24.04210386265669,3.125103663495539,2.7858172603767457,67.21418273962325,0.18820303756318138,64.6774118592075,59.67741185920653,303.1757897218819,384257.7491652334,1640807.1378543025,464194.6124270237,95.32258814102158,10.0,18.496745712637733,0.028849475279883897
6.383216566980183,14.60604417890572,3.8444736102889943,11.76405771250785,58.23594228749215,0.1681563900679711,60.005482966011414,55.00548296601016,307.19500003706446,366702.5564097107,1669727.363974321,642297.2307833789,99.99451703421767,10.0,18.79248647952096,0.033404648773775386
10.412392705535055,26.40481038849304,6.421289885392429,2.7000212810120843,67.29997871898792,0.27429907021957467,81.33644421342876,76.33644421342973,289.4587278333299,463358.9403671098,1525162.385110941,1176418.447036638,78.66355578680032,10.0,16.56234978392422,0.0593137126128441
9.96566378288899,27.99420818694449,5.63382196970269,0.8897536084843409,69.11024639151566,0.26253065813722315,79.31173905689582,74.31173905689684,291.0594937887541,452048.62543298263,1540421.94031955,1002577.1225794307,80.68826094333326,10.0,16.7764125155216,0.052704184413012195
5.820254356402313,20.400201867225874,1.7252595950850116,5.206929112455384,64.79307088754462,0.15332598409911258,56.27547296097117,51.27547296097214,310.44233040659,353797.9157383482,1691895.6867694075,245577.0631179863,103.72452703925791,10.0,19.565811067807147,0.015662956774479
16.516036344284952,26.804414928157172,10.418573260095169,4.543080826297285,65.45691917370272,0.4350905254026594,104.1037682390072,99.10376823900606,273.7820586153332,644787.1662727209,1321193.0446675601,2487962.85231956,55.896231761221884,10.0,14.569421341482041,0.09501766218202216
7.616503879757775,5.185235331602247,4.379308805957495,21.71484062169037,48.28515937830963,0.20064551843408257,67.39438315253739,62.39438315253631,300.86676005462743,395262.2882876308,1623352.0508141138,1349378.3113404217,92.60561684769169,10.0,17.970349816976864,0.035726937912543874
30.1195545283274,28.988891818898566,14.644780459530448,13.328933070905691,56.67106692909431,0.793455071873746,137.93536397488185,132.93536397496604,280.55021597174505,1543814.368252224,781801.7740665993,10655221.69198693,22.064636025347227,10.0,2.8676404039333647,0.12595908295217695
11.777372199839744,26.713567678392636,7.515931958759688,3.0432746467445213,66.95672535325548,0.31025743413697954,87.15015813789051,82.1501581378912,285.00218852949905,499225.53385418066,1479132.5612509642,1474261.1024695889,72.84984186233856,10.0,16.010966156668815,0.06925945039212311
20.610771102266355,28.341972745686583,11.806932834691207,4.593177674600099,65.4068223253999,0.542960250323139,116.0287374013709,111.02873740137198,268.7900722625845,811198.1063161803,1179440.5446225167,3355188.3066044156,43.971262598858175,10.0,13.01684640331149,0.10764247785864751
15.95870426646199,29.73113942499505,9.515420035429983,1.737316108757227,68.26268389124277,0.4204084369457847,102.31435167068696,97.31435167068798,274.7932098463331,625534.3189610684,1339906.1732035002,2248212.1614522235,57.68564832954212,10.0,14.583107970226592,0.0884874552363984
6.5532723913397515,29.834440903047565,0.7955411900838371,-4.0151622070695225,74.01516220706952,0.1726362589920904,61.08399689538038,56.083996895381404,306.2621228472395,370611.22037918057,1663168.7464344988,59725.15091542201,98.9160031048487,10.0,19.368614666255553,0.007709035876261254
6.720517059132788,21.24834443510951,3.1049743097232585,5.277303840230729,64.72269615976927,0.17704207215839798,62.12461586194763,57.12461586194661,305.3648000502226,374462.3676308439,1656774.8152240466,465709.97709140374,97.87538413828145,10.0,18.741449330696184,0.028175282861413214
13.07640155911228,28.55880833330002,8.059799114411058,1.821170809013097,68.1788291909869,0.3444784393865195,92.23756436494443,87.23756436494455,281.30961793789396,535499.4120963262,1435834.3154833612,1681036.3184760374,67.76243563528465,10.0,15.520215426808761,0.07490705814267389
18.27912177347189,16.436098824370887,13.163224527280008,13.988835820344946,56.011164179655054,0.48153640077639326,109.48307997384535,104.48307997384535,271.1002265433719,710533.834182196,1261250.2260249255,3249413.402064747,50.51692002638373,10.0,14.555732674480737,0.11273459157746449
6.56657329655013,22.16638914610286,2.6490011972654126,4.171247900087053,65.82875209991295,0.17298665164779056,61.167473329425604,56.167473329426855,306.19003927899297,370917.22669068666,1662658.2389294072,385111.4224627234,98.83252667080347,10.0,18.917390475262323,0.024220856512669482
9.316211076950557,29.039901847276454,4.7207665984132055,-0.5755405816256598,70.57554058162566,0.2454217881177702,76.24519717092386,71.24519717092494,293.52471151568443,435932.6392807652,1562841.245336987,801273.1243641999,83.75480282930522,10.0,17.1410313723689,0.04462380197591122
21.83125186482738,24.17420647909509,13.081572160782969,8.72506705693661,61.27493294306339,0.5751120090839668,119.23364616886016,114.23364616885897,268.1834639370962,871673.4168718335,1135037.761660595,3836338.084428208,40.76635383136892,10.0,12.739782673689433,0.11597199782039969
13.181049430740774,23.219647385306004,9.277137863280641,6.8042026026533335,63.19579739734667,0.3472352326327917,92.63086613527412,87.63086613527418,281.0336922278013,538524.5394652,1432357.0557914935,1927302.5687119893,67.36913386495496,10.0,15.666684226876441,0.08331326811690595
7.792729360765427,29.943584556234683,2.6541040847544757,-2.761292477076381,72.76129247707638,0.2052879178283832,68.37616744149813,63.37616744149699,300.0380973458378,399395.49070063443,1616922.5757337145,381874.6439524194,91.62383255873095,10.0,18.21815582542615,0.025485472409111386
7.0292413446430135,14.827967345362442,4.82620386922409,12.047348613643123,57.95265138635688,0.18517495639207096,63.99615169294839,58.99615169294947,303.75819901914457,381593.8795803761,1645108.444098606,813197.0518266045,96.00384830728069,10.0,18.31762462318443,0.04185732977720205
12.000506094723853,23.295589438813934,8.426663480765308,6.347489318789599,63.6525106812104,0.3161355662466768,88.05254199309121,83.05254199309184,284.33164616874717,505296.64353416365,1471670.5675427082,1667805.9719607376,71.94745800713787,10.0,16.01475555808571,0.07591015016834762
16.496662197708307,21.868458706025237,11.41552925852962,8.890885408743372,61.10911459125663,0.434580142194634,104.04232416262857,99.04232416262977,273.81589084968334,644106.4336533586,1321845.1204410926,2677182.6640074058,55.957675837600505,10.0,14.879211275317346,0.1010901082880709
9.662390087001123,14.645875140160538,8.02303204764842,13.592677324494161,56.40732267550584,0.25454136161752167,77.89871763764711,72.89871763764825,292.18963390667386,444477.0064873331,1550853.187403862,1486922.5023079014,82.10128236258197,10.0,17.008801297934838,0.06888808495868808
6.049555311961588,21.897311267301212,1.8144347396605194,3.891805043619513,66.10819495638049,0.15936657829192802,57.82578079144372,52.825780791442696,309.0888410817872,359049.5298607856,1682776.7007819973,250611.5267229352,102.17421920878536,10.0,19.407407535759887,0.016622094262406847
6.099021968811978,9.28421289678506,3.705377017162303,16.875091920225543,53.12490807977446,0.1606697041309794,58.15447920071182,53.15447920071273,308.80255063120813,360183.08267830894,1680826.1543498845,771919.9826510571,101.84552079951726,10.0,18.881052829754537,0.0311545227426893
6.065615167316922,12.269407798857387,3.588490370804259,13.853105486257789,56.14689451374221,0.15978965140455537,57.93271432311258,52.932714323111384,308.9956773053119,359417.5180237015,1682142.8056309307,644266.9734070274,102.0672856771165,10.0,18.984976703116843,0.030760040565331194
11.079964148090195,22.519088393720182,7.857427921561993,6.730234484049674,63.269765515950326,0.29188525153030015,84.24580910760716,79.24580910760807,287.20066338516597,480639.2867940531,1502555.5350689448,1494446.1048283316,75.75419089262192,10.0,16.342477566086473,0.07059890357919965
23.631556783674863,26.987664876550994,13.094226363962033,7.33162059592496,62.66837940407504,0.6225383768091376,123.71949690721908,118.71949690722028,268.1424233171281,973246.9175715705,1066961.550272946,4287769.811142854,36.28050309301,10.0,11.40884360736186,0.11717450770431445
6.589726619718908,13.898895612566651,4.28340738837103,12.645211328772689,57.35478867122731,0.1735965916680429,61.31248475940737,56.312484759406175,306.06486090849234,371450.0101230866,1661770.4184105,729041.3003829098,98.68751524082171,10.0,18.6127010321228,0.03700522480222726
6.359487213865778,18.657936824120775,3.066181053365456,7.604276223905288,62.39572377609471,0.1675312753916169,59.85329889967545,54.853298899676645,307.32686314042655,366157.6518766642,1670647.319595246,471403.0198276826,100.14670110055363,10.0,18.953557763441438,0.02738757673023672
21.953090181866003,28.61058946101015,12.217584500085689,4.974860709764528,65.02513929023547,0.5783216591640148,119.54602061230963,114.5460206123085,268.14740027080416,878054.0540167906,1130533.5782453348,3700977.0661351816,40.453979387919446,10.0,12.332713147058541,0.11109503671600836
15.532496537056767,18.02061534965125,11.64716276873139,12.019196046063485,57.980803953936515,0.4091806253176177,100.91430435142411,95.91430435142291,275.6196799436374,611254.5717812724,1354161.0977876098,2620581.321332745,59.08569564880497,10.0,15.37306412085718,0.101033604967558
10.156480758230238,16.351789329041516,8.231896968775056,12.17451901479268,57.82548098520732,0.26755744884695043,80.18460746020418,75.18460746020526,290.36661225118263,456856.1555313204,1533889.4303141285,1534452.6638894863,79.8153925400249,10.0,16.798611255512697,0.07133542918466465
9.190381924568854,13.228674659231913,7.72224081024565,14.746689904674724,55.253310095325276,0.24210700538906357,75.63293408876604,70.63293408876694,294.02232752656744,432851.61316683365,1567222.08622262,1430561.9268447573,84.36706591146304,10.0,17.209774802772245,0.06581448754508797
8.682353321788334,21.963332178169914,5.613651451404966,6.0733510842156875,63.92664891578431,0.22872374398810152,73.09609900779219,68.09609900779321,296.10170449589987,420536.7257248927,1585051.4066286678,949291.6268859068,86.90390099243689,10.0,17.403991880589786,0.050663877985509406
9.47057321970567,22.886309322214558,6.277282966048062,5.626715534816242,64.37328446518376,0.2494882302346067,76.98801392253756,71.98801392253881,292.9233265619146,439730.0514452949,1557484.4346282692,1103482.1243668627,83.01198607769152,10.0,17.002572421312323,0.05682581635434471
5.810817881052878,20.89520158005513,1.596802459673801,4.671825250740255,65.32817474925974,0.15307739412678814,56.210706822706754,51.2107068227059,310.49898632835556,353581.86416520574,1692273.7802705031,222694.09313609631,103.78929317752232,10.0,19.604218251557597,0.014550006753465083
8.886227741676377,17.784839775808614,6.69419530024944,10.269436204002545,59.730563795997455,0.2340945137427918,74.12698218233089,69.12698218233214,295.25340388697435,425455.54784131725,1577867.7601586164,1173164.2734640078,85.87301781789819,10.0,17.28874646734721,0.058740326193359664
7.071092312764914,27.95675562243249,2.087615330522545,-1.3943846967932814,71.39438469679328,0.18627745818664157,64.24514235049418,59.245142350493154,303.5451835699543,382563.1907312108,1643539.8091564868,278782.8763573041,95.7548576497349,10.0,18.741500203159262,0.01984938048720795
7.144187305898366,28.578413275254128,2.049120465549421,-1.9766121741775464,71.97661217417755,0.18820303756318138,64.6774118592075,59.67741185920653,303.1757897218666,384257.7491652334,1640807.1378538408,271641.6208116708,95.32258814102158,10.0,18.70780684126464,0.019565052471392987
16.869579602295897,14.60604417890572,12.807340965931745,15.21710269023572,54.78289730976428,0.44440409911211526,105.21569207166715,100.21569207166584,273.18131461446944,657359.6666998228,1309271.8786248616,3015544.0003940403,54.78430792856193,10.0,14.989032031119905,0.10882495072122876
10.412392705535055,24.753015724703715,6.788700167122725,4.301727226357912,65.69827277364209,0.27429907021957467,81.33644421342876,76.33644421342973,289.4587278333192,463358.9403671098,1525162.3851108705,1247166.93073479,78.66355578680032,10.0,16.571034236753576,0.06201599168708604
6.923529036802364,29.41181209234888,1.5051253841540453,-3.1120221863382085,73.11202218633821,0.18239012214969347,63.36229202726372,58.3622920272627,304.3012598842159,379148.3184886524,1649084.07368304,177313.9792629376,96.63770797296536,10.0,18.962799600370943,0.014489457672254217
9.750811238932089,20.400201867225874,7.08623302957416,8.173765268621707,61.82623473137829,0.2568706859571151,78.31403291766821,73.31403291766901,291.856403777456,446676.0006519142,1547805.3969071175,1274473.455514371,81.68596708256086,10.0,16.88724405366247,0.06305366705927157
16.516036344284952,29.96267516127731,9.746672057003204,1.7094882041302526,68.29051179586975,0.4350905254026594,104.1037682390072,99.10376823900606,273.78205861534383,644787.1662727209,1321193.0446677688,2357619.5341087114,55.896231761221884,10.0,14.40031520570085,0.09065563943363841
9.062326984389829,5.185235331602247,6.089984557276832,22.171035934025895,47.828964065974105,0.23873358757612825,75.00345277763506,70.00345277763614,294.53570287971775,429729.03018881916,1571694.139709016,1708478.3234602886,84.99654722259402,10.0,17.457506973378088,0.049544118291114936
30.1195545283274,20.323981249666126,16.453572150923446,21.12241464162622,48.87758535837378,0.793455071873746,137.93536397488185,132.93536397496604,280.5502159717452,1543814.368252224,781801.7740666283,11057116.258590966,22.064636025347227,10.0,3.234381479261856,0.13472013080990475
22.545809221205843,26.713567678392636,12.804849896174444,6.921164281753647,63.07883571824635,0.59393596473145,121.04699039153309,116.04699039153434,268.03865013996835,910064.9230060788,1108418.859355178,3947830.4103607573,38.95300960869599,10.0,12.13685450726291,0.11490293726739388
20.610771102266355,29.350790410485935,11.596253626770126,3.713971641090893,66.2860283589091,0.542960250323139,116.0287374013709,111.02873740137198,268.79007226258335,811198.1063161803,1179440.544622431,3314828.476442366,43.971262598858175,10.0,12.946216569543083,0.10636423835955944
10.041651869504044,29.73113942499505,5.309598740370405,-0.7900771414347787,70.79007714143478,0.2645324517782941,79.66080259581275,74.66080259581378,290.7819149619895,453958.9807136615,1537817.817809661,944363.1480886487,80.33919740441632,10.0,16.751963299950035,0.050266702101103816
6.720517059132788,29.08177451781897,1.258845582573143,-2.994079420169726,72.99407942016973,0.17704207215839798,62.12461586194763,57.12461586194661,305.3648000502346,374462.3676308439,1656774.815224405,136909.51596304335,97.87538413828145,10.0,19.144340066911127,0.012108214320724245
12.464368166680991,28.55880833330002,7.627531832760805,1.578244675338567,68.42175532466143,0.32835532578190174,89.88952795784871,84.88952795784923,282.986609231837,518123.62343903416,1456195.907779298,1547147.0965126294,70.11047204238037,10.0,15.728979064848772,0.07101046172238502
12.283656540654022,16.436098824370887,9.94380568905012,12.719683001977444,57.280316998022556,0.3235947455388309,89.17997658657384,84.17997658657441,283.5028636924175,513092.62729365693,1462219.1573590718,2003967.9418749865,70.82002341365524,10.0,16.19007052574989,0.08586496116240076
6.60744449626961,22.16638914610286,2.716139763494391,4.2128092236515045,65.7871907763485,0.1740633428943522,61.423198403308845,56.423198403307765,305.96932540559544,371857.81246724335,1661091.7351019816,396436.1111709909,98.57680159692023,10.0,18.880269875444924,0.02482762075051618
10.474140095237386,29.039901847276454,5.8815171439552065,0.15295583555695202,69.84704416444305,0.2759257137839143,81.61122969029316,76.61122969029395,289.2432601853285,464937.7129102601,1523062.148227277,1076187.259701789,78.38877030993592,10.0,16.533115504124055,0.05530879321596533
8.961213124671664,24.17420647909509,5.443911635744937,4.058751594341288,65.94124840565871,0.23606989264150852,74.50174895202866,69.50174895202747,294.94611928332665,427272.38162562466,1575235.5072252636,924831.4048872167,85.49825104820042,10.0,17.27210148892169,0.049814432218843865
17.190857792065522,23.219647385306004,11.47289310270624,7.8941556604735865,62.10584433952641,0.45286769736737414,106.2111660641038,101.21116606410499,272.6627360820719,669039.0611350064,1298399.8526678002,2772500.37281423,53.788833936125286,10.0,14.598763654206664,0.10227807131082164
7.819995827858508,29.170839791808078,2.8763628133253922,-1.9238000067544476,71.92380000675445,0.20600621253578788,68.52660259405013,63.526602594049166,299.9114061899222,400036.4569455796,1615931.5281668615,422418.5602324508,91.47339740617895,10.0,18.162311964089724,0.02745314172942069
22.431471485137497,14.827967345362442,14.884663477086956,16.840694578765408,53.15930542123459,0.5909239063524103,120.75982391643049,115.75982391642924,268.0508677838103,903761.0942790578,1112711.786980324,4322122.146649107,39.24017608379859,10.0,13.244223835112223,0.12517634293005628
11.490418717544797,28.3520640539968,6.921635282495727,1.34759325963131,68.65240674036869,0.3026980694822128,85.97093546698972,80.97093546699057,285.8876268821998,491508.4468067871,1488749.970192628,1339118.0030879595,74.02906453323936,10.0,16.095873439993795,0.0645432178379756
16.496662197708307,27.531115973975247,10.255813145754285,3.8886809902606956,66.1113190097393,0.434580142194634,104.04232416262857,99.04232416262977,273.8158908496853,644106.4336533586,1321845.1204412135,2454305.1686519957,55.957675837600505,10.0,14.534415346142907,0.0939558563457667
9.205881942402556,14.645875140160538,7.560098107908705,13.415501287604854,56.584498712395146,0.24251533041102621,75.70868747564026,70.70868747564123,293.9606663563414,433230.4553359634,1566681.7308771263,1378009.838126637,84.29131252458882,10.0,17.180374534830435,0.06498762782070291
10.607944393529861,7.57360489430188,8.88713777124993,20.332346695368017,49.66765330463198,0.2794505899243904,82.20260283531593,77.20260283531695,288.7810538069112,468372.20266568864,1518517.8711529374,1973362.3170720816,77.79739716491315,10.0,16.979760947926252,0.07312286269984493
11.079964148090195,20.549324940026146,8.262936233084526,8.581643381212928,61.41835661878707,0.29188525153030015,84.24580910760716,79.24580910760807,287.20066338515755,480639.2867940531,1502555.535068376,1575700.9797473156,75.75419089262192,10.0,16.386785284228495,0.07332358934063408
23.631556783674863,25.51126423026639,13.395226702509515,8.596661747929488,61.40333825207051,0.6225383768091376,123.71949690721908,118.71949690722028,268.1424233171312,973246.9175715705,1066961.5502731167,4344315.434150107,36.28050309301,10.0,11.523579138706225,0.11885454428507274
6.589726619718908,29.45548600656005,0.9502274807983856,-3.557497655692714,73.55749765569271,0.1735965916680429,61.31248475940737,56.312484759406175,306.0648609084934,371450.0101230866,1661770.4184110581,85681.53922883494,98.68751524082171,10.0,19.304040502528153,0.009177287209847966
6.359487213865778,27.06854343301712,1.1398998083212504,-1.259606590741953,71.25960659074195,0.1675312753916169,59.85329889967545,54.853298899676645,307.3268631404348,366157.6518766642,1670647.3195952687,123316.85240201843,100.14670110055363,10.0,19.3911582266511,0.010827885145676687
6.434880850210494,28.61058946101015,0.8938721178616905,-2.8337226824211257,72.83372268242113,0.1695174091204029,60.335376041554696,55.33537604155572,306.9093499580423,367889.34641433763,1667728.506967679,79233.6116597217,99.66462395867438,10.0,19.412214827136722,0.008587723066760894
14.180804161134649,28.34076276152009,8.819530477730307,2.4216156727719635,67.57838432722804,0.37357229086234583,96.27653784807217,91.27653784807217,278.55122722425324,568283.0115595574,1399156.5294005075,1928287.4900122834,63.72346215215691,10.0,15.178356060327985,0.08162457684379135
17.952245861855097,15.47168399749674,13.166625473435607,14.720706800782807,55.27929319921719,0.4729253388265305,108.5159921671584,103.51599216715954,271.5379315157467,697742.6036201057,1272465.8436415351,3212050.055123209,51.48400783307068,10.0,14.653915969548791,0.11223415613867399
23.762064517766426,13.228674659231913,15.48037133450802,18.93994453295801,51.06005546704199,0.6259764098463231,124.03430486325067,119.03430486324982,268.18287622498246,981272.4768433064,1061888.957776178,4798650.130513262,35.96569513697841,10.0,12.531838328190986,0.12847917241109416
8.14628150654949,29.92029060393925,3.129527041692697,-2.40700714005078,72.40700714005078,0.2146017256730635,70.29738454332323,65.2973845433242,298.42596791160946,407738.95837244764,1604145.8312276579,473017.96523056773,89.70261545690585,10.0,17.94112879651493,0.02997370573800928
8.959360426305832,29.753069310957194,4.1570013635528555,-1.5603763740089676,71.56037637400897,0.23602108604599134,74.49251737334811,69.49251737334703,294.95368135732707,427227.4413781739,1575300.481265314,682950.4818085813,85.50748262688097,10.0,17.37378296576128,0.039572536824039016
12.046087787166684,20.89520158005513,8.954653955647176,8.588120910627708,61.41187908937229,0.3173363484501234,88.23535411972813,83.23535411972875,284.1965704330514,506544.61510940583,1470147.8197718665,1776157.378914465,71.76464588050095,10.0,16.075745857931736,0.07945830942929949
7.3648455749943675,21.000273611926218,4.131252859048166,6.100364810682777,63.89963518931722,0.19401595297666932,65.96277881047678,60.96277881047786,302.080612410993,389386.45949904894,1632610.1265856312,650499.4362621508,94.0372211897523,10.0,18.22238830617033,0.0372782053408808
7.071092312764914,27.457550158850154,2.2077054483047687,-0.8652373908178106,70.86523739081781,0.18627745818664157,64.24514235049418,59.245142350493154,303.5451835699471,382563.1907312108,1643539.8091562092,300055.18950419675,95.7548576497349,10.0,18.715544513051498,0.020911872317902442
8.130318826595971,28.578413275254128,3.427872231530574,-1.0262910103214153,71.02629101032142,0.21418121250252822,70.21198556144418,65.21198556144304,298.49735194432634,407360.6895316097,1604719.3624321877,527377.419067528,89.7880144387849,10.0,17.902852109427442,0.03250695783101797
7.528843056133966,14.60604417890572,5.567791694151799,12.601807785084475,57.398192214915525,0.19833622381807076,66.89973709457558,61.89973709457678,301.28544206644034,393212.12919502234,1626566.4402856063,956331.6859223726,93.1002629056535,10.0,17.99619890165377,0.04811486466784495
10.412392705535055,23.65129065940077,7.029615759848469,5.363056532496216,64.63694346750378,0.27429907021957467,81.33644421342876,76.33644421342973,289.4587278333181,463358.9403671098,1525162.3851106053,1293875.5963304315,78.66355578680032,10.0,16.58048098805,0.06375104373498729
8.841911416033666,27.99420818694449,4.433585717744846,0.14265504650876437,69.85734495349124,0.23292706575431152,73.90439591197719,68.90439591197827,295.4361926542792,424383.76755096257,1579425.8809283478,730945.4248477527,86.09560408825189,10.0,17.405345524657832,0.0416957361422753
22.596029217886354,20.400201867225874,14.056127289750416,12.30383140895998,57.69616859104002,0.595258936193002,121.17276756972643,116.17276756972518,268.03463262176365,912853.76943853,1106529.1115343764,4191613.273896875,38.82723243050265,10.0,12.628936125431153,0.12170397664469781
9.425008213115248,29.96267516127731,4.623009714545771,-1.4321569560236185,71.43215695602362,0.24828788759523834,76.76968298597814,71.76968298597916,293.09981707522286,438607.0554846238,1559063.7269000201,786993.7440435649,83.23031701425094,10.0,17.094914133797033,0.043968224845648114
7.616503879757775,23.273793631937522,3.978222918876723,3.9920283675217547,66.00797163247825,0.20064551843408257,67.39438315253739,62.39438315253631,300.8667600546235,395262.2882876308,1623352.0508140682,621709.1856921794,92.60561684769169,10.0,18.104696883232748,0.03641942665547568
30.1195545283274,28.976204503876545,14.647560742205707,13.340551107952137,56.65944889204786,0.793455071873746,137.93536397488185,132.93536397496604,280.5502159717453,1543814.368252224,781801.7740666661,10656002.348786835,22.064636025347227,10.0,2.868067478066962,0.12597351923279332
11.149627787632525,29.828373232147605,6.303601687945933,-0.2528040136658092,70.25280401366581,0.29372043697662076,84.54188883647839,79.5418888364793,286.97387311695354,482470.4248403913,1500207.9097613096,1197144.337866115,75.45811116375069,10.0,16.226464049308618,0.059449046315109735
7.012169787172489,29.350790410485935,1.6590551932523045,-2.945800540098219,72.94580054009822,0.18472523148504977,63.894269691509805,58.89426969151077,303.8454111018516,381198.67175226845,1645749.1652164387,203539.51852013211,96.10573030871927,10.0,18.873770333732864,0.015952045129621954
10.371615222495919,29.95559003450287,5.575796709359489,-0.8119108380150806,70.81191083801508,0.2732248478002086,81.15431813117397,76.15431813117499,289.60177954498164,462318.436471395,1526550.4954264842,1011951.5222687816,78.84568186905511,10.0,16.586772795907734,0.052795064310485855
6.5532723913397515,29.865426066706874,0.7879134913974443,-4.04891426347092,74.04891426347092,0.1726362589920904,61.08399689538038,56.083996895381404,306.2621228472414,370611.22037918057,1663168.7464341968,58410.51067227807,98.9160031048487,10.0,19.37075624814389,0.00763700567097752
6.720517059132788,28.57456153583911,1.3826307213410658,-2.4475854210812145,72.44758542108121,0.17704207215839798,62.12461586194763,57.12461586194661,305.3648000502316,374462.3676308439,1656774.815224357,158451.55315855567,97.87538413828145,10.0,19.11270070001018,0.013246320679386617
12.464368166680991,29.96554413049754,7.314326480634909,0.24013861937118008,69.75986138062882,0.32835532578190174,89.88952795784871,84.88952795784923,282.98660923182626,518123.62343903416,1456195.9077791076,1485894.060813074,70.11047204238037,10.0,15.701758149283592,0.06874019742468561
9.502638863499172,22.16638914610286,6.465831181613562,6.345025225943573,63.65497477405643,0.25033295214697504,77.1411964061806,72.14119640618173,292.7996357029698,440521.3928190997,1556373.9887080411,1141506.9377822233,82.85880359404848,10.0,16.987887298106386,0.05824730338908805
9.316211076950557,29.836681246725156,4.535068111655548,-1.3817486008881588,71.38174860088816,0.2454217881177702,76.24519717092386,71.24519717092494,293.5247115156846,435932.6392807652,1562841.2453370024,766253.637113183,83.75480282930522,10.0,17.15649709731997,0.04311624626025614
17.199324722866198,24.17420647909509,11.28455664376732,7.0625302348168475,62.93746976518315,0.4530907461239778,106.23721219458537,101.23721219458537,272.6494216805161,669350.2244255815,1298112.798564419,2737649.4515427332,53.76278780564371,10.0,14.532605194139364,0.10116407396142817
9.593418473975971,23.219647385306004,6.3311104291943225,5.368355094461037,64.63164490553896,0.25272440658524686,77.57280524385396,72.57280524385504,292.45173343812775,442766.4862482179,1553234.4540056053,1118917.2211401288,82.42719475637512,10.0,16.943965986433,0.057414273928275625
23.220346368501048,29.74866254675438,12.392379622205251,4.687599194817551,65.31240080518245,0.6117056472207862,122.71869945837437,117.71869945837324,268.0551281344563,948583.9907211446,1082815.3708172243,4039139.036459425,37.281300541854705,10.0,11.487047712443484,0.11290668996468999
7.0292413446430135,29.541988246050835,1.6390859966537072,-3.131567689878352,73.13156768987835,0.18517495639207096,63.99615169294839,58.99615169294947,303.75819901913354,381593.8795803761,1645108.4440981108,199888.82482611763,96.00384830728069,10.0,18.868643194572883,0.015781302269274038
11.490418717544797,29.861954214457356,6.581548742635939,-0.11200023653907465,70.11200023653907,0.3026980694822128,85.97093546698972,80.97093546699057,285.8876268821957,491508.4468067871,1488749.9701928222,1273041.425798009,74.02906453323936,10.0,16.0817712430283,0.062008266824154515
11.367956645035445,27.531115973975247,7.00483448231599,2.0803306516321527,67.91966934836785,0.299471987487762,85.46105856775915,80.46105856776023,286.27357373430146,488245.1160956305,1492862.5050932134,1347055.4158275232,74.53894143246993,10.0,16.153784354320237,0.0649843223098763
15.11992643471363,14.645875140160538,11.944109696726189,14.860536157949014,55.139463842050986,0.3983120767838153,99.5316035399245,94.53160353992558,276.46401253517286,597777.8142001041,1367922.9937088203,2658107.0558561063,60.468396460304575,10.0,15.566328247078104,0.10172199465023982
13.771795420504974,9.28421289678506,11.433435280509016,19.277462961237973,50.72253703876203,0.362797561130268,94.80880098279027,89.80880098279033,279.53365489831657,555915.2875695825,1412738.5668194823,2573515.271160418,65.1911990174388,10.0,16.046031017514395,0.09469207242892858
6.827600324199403,29.811335380202095,1.2544414350886337,-3.654479732912705,73.6544797329127,0.1798630222391834,62.780857438630505,57.78085743863039,304.80037684270127,376932.4325315097,1652708.7996480155,134604.77050612803,97.21914256159857,10.0,19.082350727841117,0.012123949508222726
6.227885984606595,22.519088393720182,1.9910932367305934,3.4380441530013854,66.56195584699861,0.16406443584316635,59.00155756921225,54.001557569211116,308.06589170213766,363137.5922451614,1675771.347597292,275717.0420124334,100.99844243101683,10.0,19.259214245783596,0.018297792375472608
23.631556783674863,29.866344432327097,12.496725278375933,4.843008539528455,65.15699146047154,0.6225383768091376,123.71949690721908,118.71949690722028,268.14242331712836,973246.9175715705,1066961.550272946,4172582.251554599,36.28050309301,10.0,11.196850076585235,0.11373602893724294
6.589726619718908,24.587915092047794,2.1257354619631306,1.6535958080585829,68.34640419194142,0.1735965916680429,61.31248475940737,56.312484759406175,306.06486090849523,371450.0101230866,1661770.4184108167,290705.548820569,98.68751524082171,10.0,19.014319540328756,0.019779618950247036
6.359487213865778,29.757723991961967,0.4800931124641688,-4.181228826739925,74.18122882673993,0.1675312753916169,59.85329889967545,54.853298899676645,307.3268631404246,366157.6518766642,1670647.3195953579,10200.913583923477,100.14670110055363,10.0,19.5757643057143,0.0046579034137860945
6.434880850210494,29.913890913735074,0.5730822269105452,-4.253496316083783,74.25349631608378,0.1695174091204029,60.335376041554696,55.33537604155572,306.9093499580424,367889.34641433763,1667728.506967453,24185.822710189645,99.66462395867438,10.0,19.503107058889327,0.005563034423715029
14.180804161134649,29.888488976178913,8.481732159587269,0.9883064804610626,69.01169351953894,0.37357229086234583,96.27653784807217,91.27653784807217,278.5512272242444,568283.0115595574,1399156.5294002485,1862070.2624671601,63.72346215215691,10.0,15.123601062640546,0.07929115936556644
11.142597191446912,13.228674659231913,9.513956682361687,15.344943206135952,54.65505679386405,0.2935352263289492,84.51206991144295,79.51206991144409,286.996687357408,482285.3745998905,1500444.748716404,1879444.8447247734,75.48793008878613,10.0,16.608697513235768,0.08077476872388935
11.587311306281784,29.92029060393925,6.6474640408925,-0.12077834554173705,70.12077834554174,0.3052505612824495,86.37151779174474,81.37151779174559,285.58570587664457,494103.0366931762,1485499.6830151326,1292341.2491303773,73.62848220848434,10.0,16.041446017308488,0.06263319569471715
10.897472592367503,29.753069310957194,6.101741318798457,-0.3133054362830876,70.31330543628309,0.28707778167459175,83.46362843681464,78.4636284368155,287.80255363858623,475868.02128882357,1508714.9641890465,1142726.533009107,76.53637156341443,10.0,16.33822402627726,0.057570077641946674
11.172312986267587,20.89520158005513,8.269838210815841,8.29166213537826,61.70833786462174,0.2943180449490934,84.6380092298179,79.63800922981892,286.9003725539604,483067.8967622698,1499443.8488993698,1582342.6173953817,75.36199077041118,10.0,16.347496823301867,0.07352734703166701
7.3648455749943675,29.89001150425341,2.0611353123736214,-3.1373187410314927,73.13731874103149,0.19401595297666932,65.96277881047678,60.96277881047786,302.0806124109915,389386.45949904894,1632610.1265854721,273344.40799778356,94.0372211897523,10.0,18.578974892350686,0.019845668977798957
12.656049190623046,27.457550158850154,8.008833383409929,2.6942985643328257,67.30570143566717,0.33340487857278833,90.63389318655993,85.63389318656021,282.449638663286,523508.6424980685,1449813.353062196,1636594.3030351915,69.36610681366915,10.0,15.688810065407665,0.07398086331960402
21.093331808295982,28.578413275254128,11.929519677775504,4.596094575506697,65.4039054244933,0.5556725976895674,117.31274715900156,112.31274715900054,268.4979983801157,834389.63408777,1162033.7199690149,3469267.2440518364,42.68725284122752,10.0,12.775647454808052,0.10875790887109421
13.264399126133265,14.60604417890572,10.872108505463562,14.562284332558818,55.43771566744118,0.3494309569581998,92.94247394174312,87.94247394174306,280.81614273413305,540945.6931745919,1429588.0911016995,2279942.9975649933,67.05752605848596,10.0,16.067555157012464,0.09276967560381534
8.963662644770533,26.40481038849304,4.940416066615955,1.8336281360868725,68.16637186391313,0.23613442162198453,74.51395219554422,69.51395219554519,294.9361235247391,427331.80274936295,1575149.6074759883,829817.5918484055,85.48604780468486,10.0,17.300935365833084,0.045911781767218135
8.496947861157178,27.99420818694449,4.024662745040249,-0.12105427217551323,70.12105427217551,0.2238395116216327,72.1429603014036,67.14296030140457,296.88987261345375,416089.0033602754,1591620.2643218497,645177.3694521388,87.85703969882547,10.0,17.627923512708378,0.03792092471962555
12.798496378886622,29.96267516127731,7.555780394462476,0.3849972191945312,69.61500278080547,0.33715743885370447,91.18168898270147,86.18168898270193,282.05758212009397,527543.6800709699,1445073.781173059,1559488.4849303686,68.8183110175276,10.0,15.581572398591618,0.07093657309673222
7.616503879757775,26.988912152035276,3.115786755180934,0.16439170077995868,69.83560829922004,0.20064551843408257,67.39438315253739,62.39438315253631,300.8667600546275,395262.2882876308,1623352.0508141143,463808.13997855835,92.60561684769169,10.0,18.23336470856117,0.029297956420832178
11.591924706379585,28.988891818898566,6.8611052278990625,0.7817537664138854,69.21824623358611,0.3053720944778605,86.39052917847101,81.39052917847181,285.5714056468751,494226.85555918555,1485345.0009364216,1334233.860919009,73.60947082175807,10.0,16.048522135329108,0.0642342997465016
11.556264940714616,29.828373232147605,6.642981525088206,-0.04694110303216803,70.04694110303217,0.3044326907459066,86.24343311762095,81.24343311762186,285.6821184460364,493270.45147571404,1486540.8091909122,1289386.1893338899,73.75656688260813,10.0,16.054922044558168,0.06255814438915507
7.012169787172489,29.817331413369473,1.5454740913574518,-3.4464814064330653,73.44648140643307,0.18472523148504977,63.894269691509805,58.89426969151077,303.84541110184546,381198.67175226845,1645749.1652162077,183556.44184344076,96.10573030871927,10.0,18.901245865589942,0.014914109333766324
10.371615222495919,24.389188304525767,6.831076870937718,4.633032066512044,65.36696793348796,0.2732248478002086,81.15431813117397,76.15431813117499,289.6017795449871,462318.436471395,1526550.4954266632,1253146.4435281307,78.84568186905511,10.0,16.591037935801808,0.06226111178627736
6.5532723913397515,29.891087249079803,0.7815956395366304,-4.076871648691451,74.07687164869145,0.1726362589920904,61.08399689538038,56.083996895381404,306.26212284722914,370611.22037918057,1663168.7464339957,57321.674262100416,98.9160031048487,10.0,19.372532213967986,0.007577317818562438
13.791206129785886,28.57456153583911,8.526620494802383,2.0697116555365938,67.9302883444634,0.36330890752860606,94.87918093451799,89.87918093451918,279.4860039968946,556496.0310855642,1412094.0715823274,1834830.9226225135,65.12081906571109,10.0,15.29015232466287,0.07910790835810719
12.464368166680991,26.82220364661336,8.010375740607087,3.2177172820440205,66.78228271795598,0.32835532578190174,89.88952795784871,84.88952795784923,282.98660923183553,518123.62343903416,1456195.907779301,1621697.7287754018,70.11047204238037,10.0,15.769001295785472,0.07372643486360698
10.720122614106266,16.436098824370887,8.720216982799668,12.286747912589703,57.7132520874103,0.2824057590649701,82.6941681540082,77.69416815400916,288.3984536218521,471265.9108283866,1514714.9996810313,1660106.6267938118,77.30583184622088,10.0,16.613725940167228,0.07551178706178531
6.56657329655013,29.88273769315761,0.8061639089818056,-4.050991357902149,74.05099135790215,0.17298665164779056,61.167473329425604,56.167473329426855,306.19003927899297,370917.22669068666,1662658.2389299779,61279.41901570816,98.83252667080347,10.0,19.357698943910805,0.007814020104328412
9.316211076950557,22.259308613809168,6.2512749246558155,6.1539347937480215,63.84606520625198,0.2454217881177702,76.24519717092386,71.24519717092494,293.5247115156933,435932.6392807652,1562841.2453373133,1092604.31157197,83.75480282930522,10.0,17.07683335407239,0.05638760910938957
10.797258703025568,24.17420647909509,7.260802587566346,5.038333827169765,64.96166617283023,0.2844377951271224,83.02998059216026,78.02998059216122,288.1379324872947,473263.39493674453,1512103.5772090973,1360605.1967206385,76.97001940806882,10.0,16.420082159721403,0.06599409829705169
14.12488605565653,29.170839791808078,8.604484039229208,1.6345125585432356,68.36548744145676,0.37209921116060407,96.07773959468557,91.0777395946867,278.6828745537234,566575.7235254254,1401013.76077706,1880928.722428092,63.92226040554351,10.0,15.165716489320744,0.08007402769404218
10.138173140553567,29.541988246050835,5.44752628534485,-0.5419596371599482,70.54195963715995,0.2670751617637926,80.10138906263171,75.10138906263268,290.43249264300164,456393.40398670064,1534515.2105656036,975458.272479175,79.89861093759737,10.0,16.700650635569218,0.05148129143809358
11.490418717544797,27.45461154455562,7.1223014483284945,2.2100180886037037,67.7899819113963,0.3026980694822128,85.97093546698972,80.97093546699057,285.8876268821968,491508.4468067871,1488749.970192672,1378013.1922587364,74.02906453323936,10.0,16.10689632858532,0.06601420280919741
11.11919146240136,25.392334552961138,7.271242960517856,4.017469552767011,65.98253044723299,0.29291863704956167,84.41269883398326,79.41269883398405,287.07275818487756,481669.7214454854,1501233.3568180643,1382420.194860377,75.58730116624582,10.0,16.278501176323175,0.0665543466887565
9.205881942402556,23.244516465989797,5.919066025362927,5.126265677597985,64.87373432240202,0.24251533041102621,75.70868747564026,70.70868747564123,293.96066635634963,433230.4553359634,1566681.7308773748,1024226.4614127834,84.29131252458882,10.0,17.134796756905587,0.0537665526794739
12.896842475594399,21.897311267301212,9.357825942671353,7.92800894990711,62.07199105009289,0.3397482211695047,91.55726591253972,86.55726591254017,281.79034741610764,530346.3080781839,1441803.1083018617,1919975.4193065702,68.44273408768936,10.0,15.798096103205808,0.08340379821250912
11.742678225652188,9.28421289678506,10.083275336286281,19.00118884374416,50.99881115625584,0.30934347275163826,87.00871970295663,82.00871970295759,285.1078494494861,498287.16069143586,1480294.0206587713,2156213.3903472195,72.99128029727245,10.0,16.664493361980192,0.08365403670868957
6.520432381632174,29.99103019848308,0.7011396534209724,-4.2275707919687875,74.22757079196879,0.17177113755616896,60.87735344708517,55.877353447086364,306.4406389842376,369855.87871050223,1664430.706074389,44177.61086025719,99.12264655314391,10.0,19.414936598118004,0.006804823762947671
23.631556783674863,23.792722858723245,13.738887486876772,10.0598934900691,59.9401065099309,0.6225383768091376,123.71949690721908,118.71949690722028,268.1424233171321,973246.9175715705,1066961.550273094,4408027.391014915,36.28050309301,10.0,11.662143562796814,0.12072336122273175
10.88587714022729,29.45548600656005,6.159273291254997,-0.02792443409526868,70.02792443409527,0.28677231665509195,83.41360327016412,78.41360327016497,287.8411820016762,475566.0919285483,1509106.818959454,1153165.3288085398,76.58639673006496,10.0,16.343762293545808,0.05799514628879458
6.359487213865778,25.82783778285919,1.4400746772443478,0.07318431671109238,69.92681568328891,0.1675312753916169,59.85329889967545,54.853298899676645,307.32686314040495,366157.6518766642,1670647.319594236,175230.02699427595,100.14670110055363,10.0,19.31362522021493,0.013549882976775424
9.259830031093905,28.61058946101015,4.75926694755175,-0.18155210632045282,70.18155210632045,0.24393651293714186,75.97161644168568,70.97161644168676,293.74685175007266,434550.5234233891,1564802.5799373775,806396.1733139791,84.0283835585434,10.0,17.1660868483404,0.04486174841889365
14.180804161134649,26.859649953823777,9.139625541699067,3.7836925267554875,66.21630747324451,0.37357229086234583,96.27653784807217,91.27653784807217,278.5512272242534,568283.0115595574,1399156.5294005827,1990639.9192477833,63.72346215215691,10.0,15.235728546014514,0.0837909421612587
10.798788088653673,29.92029060393925,5.976004939840652,-0.5316189638743367,70.53161896387434,0.28447808452723056,83.03662085775596,78.03662085775693,288.1327880704584,473303.06344059657,1512051.8284130923,1112635.2569030647,76.96337914247312,10.0,16.383159371104796,0.05647146364253782
10.897472592367503,29.976859717520867,6.050726213202063,-0.5328955172764722,70.53289551727647,0.28707778167459175,83.46362843681464,78.4636284368155,287.802553638581,475868.02128882357,1508714.9641889615,1132853.3486062193,76.53637156341443,10.0,16.338111084039213,0.05717807749564726
24.37062856367104,20.89520158005513,14.524054226740722,13.019490916516759,56.98050908348324,0.6420081286530832,125.48478200453548,120.48478200453673,268.4560876774078,1020029.9471908527,1037960.9815205308,4783698.707073517,34.515217995693604,10.0,11.344985654428228,0.1251715301874016
7.3648455749943675,21.80688493027518,3.9542870063235753,5.27965437749117,64.72034562250883,0.19401595297666932,65.96277881047678,60.96277881047786,302.0806124110058,389386.45949904894,1632610.1265862072,616852.8876435875,94.0372211897523,10.0,18.245722439839653,0.035881573648014885
10.290564878855351,23.54955408536285,6.939101361609802,5.403141860301105,64.5968581396989,0.27108969649250136,80.79074503195642,75.79074503195517,289.8879175561482,460255.22518384526,1529312.2736088317,1269808.6885890216,79.20925496827266,10.0,16.632010911070665,0.06291294286829618
11.116092659480287,28.578413275254128,6.557996174545721,0.94693767644128,69.05306232355872,0.2928370036744017,84.39953102546264,79.39953102546355,287.0828433665721,481588.25829022826,1501337.7810652805,1244326.1145440468,75.60046897476644,10.0,16.247064034412347,0.06132506486254203
6.383216566980183,29.953462953787955,0.47332505157234817,-4.36438271240695,74.36438271240695,0.1681563900679711,60.005482966011414,55.00548296601016,307.1950000370615,366702.5564097107,1669727.3639743202,8420.523182433632,99.99451703421767,10.0,19.563456892496276,0.004598404262763483
22.918091441433766,26.40481038849304,12.988150070926764,7.3950634053238105,62.60493659467619,0.60374318865737,121.97430948424244,116.97430948424358,268.02873072337803,931036.272093672,1094348.0199898833,4074342.463724072,38.02569051598664,10.0,11.93205276988624,0.11617559257553321
8.496947861157178,29.983823232880198,3.5555294091010126,-2.168057603311979,72.16805760331198,0.2238395116216327,72.1429603014036,67.14296030140457,296.8898726134657,416089.0033602754,1591620.264322478,558382.4154048671,87.85703969882547,10.0,17.6890089286465,0.03399515090902276
14.082157128364027,20.400201867225874,10.408553499088354,9.597699830016268,60.40230016998373,0.37097358083150755,95.92543793517308,90.92543793517308,278.7840371633403,565274.6770966186,1402432.8331051124,2230342.8006507987,64.074562065056,10.0,15.564100433134115,0.09174036983345918
6.861934995011676,29.96267516127731,1.2725743404661547,-3.7773246033694363,73.77732460336944,0.18076751830905363,62.989655443961624,57.98965544396276,304.6210341946507,377725.1882919484,1651409.54571303,137321.59966726994,97.01034455626746,10.0,19.057512800484233,0.012310227162249398
9.820997797595215,29.98876170058736,5.029589495434601,-1.1892556424919576,71.18925564249196,0.25871964693348826,78.64172559884179,73.64172559884173,291.594094452341,448426.47527030983,1545390.0106840737,880693.306387736,81.35827440138729,10.0,16.872254532099305,0.047751903158893716
11.591924706379585,28.683568197422396,6.929687264617691,1.0759678590111434,68.92403214098886,0.3053720944778605,86.39052917847101,81.39052917847181,285.57140564687995,494226.85555918555,1485345.0009365065,1347559.0789957088,73.60947082175807,10.0,16.051924656595475,0.06474192586557133
11.556264940714616,29.976491508266832,6.609513932004948,-0.19052315150372579,70.19052315150373,0.3044326907459066,86.24343311762095,81.24343311762186,285.6821184460461,493270.45147571404,1486540.8091909017,1282864.9768489408,73.75656688260813,10.0,16.053720495104642,0.06230649853383565
7.012169787172489,29.909565324034787,1.5229911114135342,-3.545626221464829,73.54562622146483,0.18472523148504977,63.894269691509805,58.89426969151077,303.84541110183966,381198.67175226845,1645749.1652157228,179602.31750310602,96.10573030871927,10.0,18.90675851835789,0.01470776028497283
9.347763657412468,29.95559003450287,4.5415169963267,-1.479760214130124,71.47976021413012,0.246252994136261,76.39776834568687,71.39776834568806,293.40097829523,436707.2474486905,1561744.7464225483,768649.4653189682,83.60223165454221,10.0,17.14020723631711,0.04320792224334863
6.5532723913397515,29.944518044694192,0.7684386100003091,-4.135097272515679,74.13509727251568,0.1726362589920904,61.08399689538038,56.083996895381404,306.26212284723886,370611.22037918057,1663168.746433877,55054.29898623242,98.9160031048487,10.0,19.376236927501054,0.007452938741804745
6.720517059132788,29.754684494678713,1.0941280996660436,-3.721607463191674,73.72160746319167,0.17704207215839798,62.12461586194763,57.12461586194661,305.3648000502309,374462.3676308439,1656774.8152244268,108280.66113917671,97.87538413828145,10.0,19.187569968005903,0.01057972840516704
12.464368166680991,23.49453761396704,8.725975722670471,6.3226892873860265,63.67731071261397,0.32835532578190174,89.88952795784871,84.88952795784923,282.9866092318423,518123.62343903416,1456195.907779672,1761229.8812369101,70.11047204238037,10.0,15.8648549908919,0.07861968588455374
13.267034023943499,16.436098824370887,10.608263731825634,12.941895402099135,57.058104597900865,0.34950036944002894,92.95230102925984,87.9523010292599,280.80929739425994,541022.4027085985,1429500.5646435518,2211986.527751203,67.04769897096924,10.0,15.964541841925495,0.09147042908380897
7.213427519677689,29.88273769315761,1.8378758234102537,-3.2922088484735923,73.29220884847359,0.19002706848465986,65.08387392419303,60.08387392419195,302.828942084793,385864.8929919173,1638226.6669259258,233943.88966636208,94.91612607603605,10.0,18.71560241426579,0.01771594307999336
9.316211076950557,23.17819471415507,6.051624322573227,5.255055540761646,64.74494445923835,0.2454217881177702,76.24519717092386,71.24519717092494,293.52471151568506,435932.6392807652,1562841.2453368912,1053845.9610627638,83.75480282930522,10.0,17.07872977218875,0.054922247801050456
12.930376296333934,24.17420647909509,8.908694324769042,5.848592371699283,64.15140762830072,0.3406316200298718,91.68484531795099,86.68484531795116,281.6998651748092,531305.1208038914,1440688.1418295894,1834234.3428560274,68.31515468227809,10.0,15.702743396457777,0.08052510311571333
9.126260246086936,19.579624987083015,6.607930529515348,8.657310743005496,61.342689256994504,0.24041781470197407,75.31854555800373,70.31854555800265,294.278507244499,431286.41512972815,1569459.6358261365,1158165.7550232592,84.68145444222534,10.0,17.170242740003573,0.05860777015411684
7.819995827858508,29.95463725501355,2.6886412461907265,-2.7466128533373535,72.74661285333735,0.20600621253578788,68.52660259405013,63.526602594049166,299.9114061899276,400036.4569455796,1615931.52816683,388390.8651408385,91.47339740617895,10.0,18.196608369064336,0.025814363427179455
10.138173140553567,29.301903681757764,5.502752981044809,-0.3033199998502596,70.30331999985026,0.2670751617637926,80.10138906263171,75.10138906263268,290.4324926429942,456393.40398670064,1534515.210565177,986027.344407362,79.89861093759737,10.0,16.698739361376454,0.0519149200357572
11.490418717544797,29.992741261413173,6.551967980214493,-0.23894996864930818,70.23894996864931,0.3026980694822128,85.97093546698972,80.97093546699057,285.887626882198,491508.4468067871,1488749.9701927477,1267280.4086617003,74.02906453323936,10.0,16.080815740690014,0.0617852929766663
10.611215418547943,27.531115973975247,6.349976589195891,1.7067029311755846,68.29329706882442,0.27953676023572027,82.21699064382426,77.21699064382528,288.76983454231924,468456.394616251,1518406.8946387223,1173885.1934975267,77.78300935640482,10.0,16.470459049015858,0.059063486194964626
9.205881942402556,29.965469404587317,4.384119910133783,-1.5924801575585548,71.59248015755855,0.24251533041102621,75.70868747564026,70.70868747564123,293.96066635635174,433230.4553359634,1566681.7308775054,733810.8824608624,84.29131252458882,10.0,17.225617323276765,0.0417442112908494
23.796191440203383,9.28421289678506,15.551436659548584,22.16680508343819,47.83319491656181,0.6268754330928183,124.11640387543451,119.11640387543332,268.1944884283671,983387.3022831875,1060559.1674772252,4920226.849636985,35.883596124794565,10.0,12.913736667440105,0.12651956045028484
6.827600324199403,29.948596035364503,1.2208489119966468,-3.8028224791458456,73.80282247914585,0.1798630222391834,62.780857438630505,57.78085743863039,304.8003768426918,376932.4325315097,1652708.7996478789,128743.08960263309,97.21914256159857,10.0,19.09106986910365,0.01181206010722121
11.981763084060969,22.519088393720182,8.5750931348327,7.0637454266801,62.9362545733199,0.31564180937989905,87.97722160250447,82.97722160250532,284.3873749255341,504784.2544515169,1472296.864744331,1695743.3807603908,72.02277839772461,10.0,16.043257646284246,0.07687357724618579
23.631556783674863,27.512947934037513,12.98611290524093,6.879715567597202,63.1202844324028,0.6225383768091376,123.71949690721908,118.71949690722028,268.14242331712694,973246.9175715705,1066961.5502730005,4267241.682488342,36.28050309301,10.0,11.36899573969788,0.11656214165160513
9.968492397062047,29.45548600656005,5.300889058749619,-0.5609394957848508,70.56093949578485,0.2626051737898326,79.32476788906013,74.32476788906115,291.04912147910176,452119.6406556815,1540324.937440735,939212.7220474342,80.67523211116895,10.0,16.78725327569458,0.050102287918519346
9.907588588620069,29.61789079193079,5.202679440180698,-0.761703946198736,70.76170394619874,0.2610007531248701,79.04363462715185,74.04363462715293,291.27313168336804,450592.22801781265,1542414.6823272917,917625.8734627055,80.95636537307723,10.0,16.821077343223465,0.04924450739281777
9.259830031093905,29.733846991145477,4.497593677750437,-1.317931529518603,71.3179315295186,0.24393651293714186,75.97161644168568,70.97161644168676,293.7468517500602,434550.5234233891,1564802.579936811,757114.0289315484,84.0283835585434,10.0,17.187998788791447,0.04274040892046422
11.943893770000944,29.888488976178913,6.938109150178779,0.08014188417774903,69.91985811582225,0.31464419836672664,87.82477467923349,82.82477467923417,284.500304067414,503750.36405394855,1473562.5383446673,1373743.7073357669,72.1752253209956,10.0,15.899481731273113,0.06527850835642525
12.991725311493147,13.228674659231913,10.85540437434071,15.72705881519164,54.27294118480836,0.34224776900666876,91.9176161045188,86.91761610451897,281.53516805142124,533063.4566859804,1438648.6631400723,2274132.300853129,68.08238389571028,10.0,16.202016567813132,0.09193933344184906
11.587311306281784,29.957070384278026,6.639155636327465,-0.15641814899845485,70.15641814899845,0.3052505612824495,86.37151779174474,81.37151779174559,285.58570587664855,494103.0366931762,1485499.6830151787,1290721.7094901553,73.62848220848434,10.0,16.04113814626845,0.06257075612750296
10.897472592367503,28.97602585083269,6.2784475285548185,0.4472113961405739,69.55278860385943,0.28707778167459175,83.46362843681464,78.4636284368155,287.8025536385933,475868.02128882357,1508714.9641895387,1176882.492779958,76.53637156341443,10.0,16.33960733994502,0.05891853380545391
9.150910577663769,20.89520158005513,6.364533812305114,7.393300190103844,62.606699809896156,0.24106719119240697,75.43959850659286,70.43959850659394,294.17981467929985,431887.7405758081,1568599.0381523368,1109545.6332722255,84.56040149363622,10.0,17.15656734757289,0.05692976042373853
7.3648455749943675,29.85482163167344,2.069651446761592,-3.099860049387246,73.09986004938725,0.19401595297666932,65.96277881047678,60.96277881047786,302.08061241099205,389386.45949904894,1632610.126585918,274863.1789243004,94.0372211897523,10.0,18.57711024226643,0.019922246339675462
12.77645211538336,27.457550158850154,8.094005461452479,2.7403808588890683,67.25961914111093,0.3365767153683709,91.09721105351224,86.09721105351247,282.1178674642051,526917.3665529045,1445807.0676604363,1662907.011031153,68.90278894671684,10.0,15.648822334157785,0.07474365098138212
8.130318826595971,29.961108081825614,3.09914021099621,-2.4639903536766496,72.46399035367665,0.21418121250252822,70.21198556144418,65.21198556144304,298.4973519443322,407360.6895316097,1604719.36243201,467194.3037813236,89.7880144387849,10.0,17.95476083023823,0.029694893728039826
24.391824169308318,29.953462953787955,12.711983660946816,5.289673212179309,64.71032678782069,0.6425664955033803,125.53479002723884,120.53479002723765,268.4681868423064,1021420.929773933,1037119.1860210256,4447987.605817174,34.46520997299024,10.0,10.618628045380945,0.1153418388916823
8.963662644770533,21.557896456661233,6.019728239244834,6.641209016951052,63.35879098304895,0.23613442162198453,74.51395219554422,69.51395219554519,294.9361235247487,427331.80274936295,1575149.6074760652,1035970.6575142056,85.48604780468486,10.0,17.251416293696707,0.054119805401221625
11.702603582248532,27.99420818694449,7.172647832041066,1.7887237206213058,68.2112762793787,0.30828776560191073,86.8449611728833,81.8449611728841,285.230370940887,497205.1032749578,1481636.0472150382,1402377.007389114,73.15503882734578,10.0,16.01790586470213,0.06667711014250303
9.425008213115248,29.98623018647349,4.617516014057978,-1.4560011547795852,71.45600115477959,0.24828788759523834,76.76968298597814,71.76968298597916,293.0998170752245,438607.0554846238,1559063.7268999284,785954.8094813194,83.23031701425094,10.0,17.09536876510043,0.0439234878351088
10.465738513462911,29.98876170058736,5.656430049080315,-0.7891339403219604,70.78913394032196,0.27570438655065627,81.57391172606032,76.57391172606117,289.27249650018746,464722.6723448075,1523347.7946356307,1032441.0449823037,78.42608827416876,10.0,16.540852360605186,0.05354984125308726
11.591924706379585,29.983899005116882,6.636839168023206,-0.180153762859959,70.18015376285996,0.3053720944778605,86.39052917847101,81.39052917847181,285.5714056468677,494226.85555918555,1485345.0009361801,1290579.9491643626,73.60947082175807,10.0,16.039026348693028,0.0625594767300751
11.556264940714616,29.94320477319367,6.6170370702954235,-0.15824651595107753,70.15824651595108,0.3044326907459066,86.24343311762095,81.24343311762186,285.68211844603985,493270.45147571404,1486540.8091909448,1284331.1635344885,73.75656688260813,10.0,16.053985752511892,0.06236310987581946
22.006873340102313,29.350790410485935,12.081325216187059,4.359626619696769,65.64037338030323,0.5797384968414729,119.68349041062817,114.68349041062703,268.1329457671831,880891.770577379,1128540.8838270307,3686571.271922663,40.31650958960091,10.0,12.249778045634116,0.1103210969217418
9.335981019658231,29.95559003450287,4.528755295333817,-1.4881841374854616,71.48818413748546,0.24594259798888912,76.34083844005096,71.34083844004988,293.44713503240956,436417.8908966435,1562154.1169284128,765799.099977135,83.65916156017812,10.0,17.14719501833065,0.04308911206799941
6.5532723913397515,29.963664602606883,0.7637231529685549,-4.155966551584868,74.15596655158487,0.1726362589920904,61.08399689538038,56.083996895381404,306.26212284723255,370611.22037918057,1663168.7464340772,54241.72213910804,98.9160031048487,10.0,19.377566743795,0.0074083357665206155
9.398062712930836,29.97697648165397,4.5907699422838535,-1.4656654260000437,71.46566542600004,0.2475780482858492,76.64020307705914,71.64020307705789,293.2045906891642,437943.77520480065,1559998.4225802575,779860.8092108959,83.35979692316994,10.0,17.110971049592365,0.0436720973269439
22.705676584893364,29.96554413049754,12.182463703753363,4.198286146644477,65.80171385335552,0.5981474337432393,121.4466369929358,116.44663699293693,268.0287458030318,918985.8406194544,1102394.1575564572,3867486.7309567295,38.553363007293285,10.0,11.79982338300556,0.11136829345933014
7.213427519677689,29.419235760316212,1.9502804587080373,-2.7973949458495895,72.79739494584959,0.19002706848465986,65.08387392419303,60.08387392419195,302.82894208478905,385864.8929919173,1638226.6669256361,253878.50838806966,94.91612607603605,10.0,18.690024597469744,0.018732053465674622
9.316211076950557,29.999391258586847,4.497061160072672,-1.5468076123287346,71.54680761232873,0.2454217881177702,76.24519717092386,71.24519717092494,293.5247115156897,435932.6392807652,1562841.2453373452,759082.7715627066,83.75480282930522,10.0,17.159869748859478,0.042805563032919804
14.542859193952403,24.17420647909509,9.92175062172291,6.333651141410144,63.666348858589856,0.3831100946773552,97.5498471691219,92.54984716912202,277.7190410949305,579467.1623902535,1387126.3793764003,2177577.129227199,62.450152831107175,10.0,15.254602852220842,0.08938678079979614
7.819995827858508,29.34905067896573,2.833742360339554,-2.110562747687254,72.11056274768725,0.20600621253578788,68.52660259405013,63.526602594049166,299.91140618992114,400036.4569455796,1615931.5281667248,414691.32962836744,91.47339740617895,10.0,18.169949522493766,0.027082766700276793
10.138173140553567,29.853139639374405,5.375857318855337,-0.8516831658257047,70.8516831658257,0.2670751617637926,80.10138906263171,75.10138906263268,290.432492643001,456393.40398670064,1534515.2105655351,961735.8813776633,79.89861093759737,10.0,16.703353786576088,0.050916375061732896
11.490418717544797,27.02465914119314,7.21796718215566,2.6218618068125465,67.37813819318745,0.3026980694822128,85.97093546698972,80.97093546699057,285.887626882197,491508.4468067871,1488749.9701928047,1396546.154470571,74.02906453323936,10.0,16.1128639806214,0.06670895402890903
6.491068766366743,27.531115973975247,1.2539199522887603,-1.5977601087603261,71.59776010876033,0.17099759658500377,60.69193001720106,55.69193001720231,306.6009143455564,369180.71891632245,1665560.9167173544,140109.59207722658,99.30806998302802,10.0,19.28219624846173,0.01193988422972787
10.067631329498912,29.965469404587317,5.281047994359985,-1.0076390713745127,71.00763907137451,0.2652168421891178,79.77969622856898,74.77969622857,290.68751860652526,454613.3545463286,1536928.3310058,940151.3799882581,80.2203037716601,10.0,16.740853160341146,0.05007418510134396
25.340353986375366,21.897311267301212,14.631484271312456,12.96011173242323,57.03988826757677,0.6675541092301203,127.73869297423664,122.73869297423806,269.199393195525,1086737.5001202857,998827.1503772266,5166314.966126184,32.26130702599244,10.0,10.404902354946444,0.12614598692351708
6.099021968811978,27.224819566087184,0.6361985908100881,-1.7598001887976125,71.75980018879761,0.1606697041309794,58.15447920071182,53.15447920071273,308.80255063120956,360183.08267830894,1680826.1543499364,44327.92266546243,101.84552079951726,10.0,19.688679874879597,0.006064970370636653
12.311880389145891,29.9329786568087,7.208707041529634,0.20438013214294415,69.79561986785706,0.32433826104177793,89.29130132552052,84.29130132552098,283.42158812277574,513875.4891732522,1461278.018230841,1453616.6047391405,70.70869867470856,10.0,15.758665812434458,0.06776475425922981
12.644445084977166,22.519088393720182,9.056642723274484,7.281293441583216,62.718706558416784,0.3330991855894933,90.58906806515535,85.5890680651558,282.48183801325774,523181.19414033846,1450199.578039299,1840346.9138198881,69.41093193507373,10.0,15.845301759969345,0.08107144089215855
10.359235194981359,29.866344432327097,5.5846180637388825,-0.7307612130643975,70.7307612130644,0.27289871430404,81.09892017550573,76.0989201755068,289.6453299455982,462002.86910383514,1526972.1058427603,1013000.425337064,78.90107982472335,10.0,16.59232199551468,0.05284796869182205
9.914630956500655,29.45548600656005,5.247235204124545,-0.5949294238371863,70.59492942383719,0.2611862738804177,79.07620744747231,74.0762074474734,291.24715600572216,450768.6690250173,1542172.9195492517,926449.8721994678,80.92379255275677,10.0,16.815517884157998,0.04960718667048453
10.381493222194353,29.61789079193079,5.662639770990375,-0.4714012294729173,70.47140122947292,0.27348506907782805,81.19848506159133,76.19848506159235,289.5670708924973,462570.33684729354,1526214.153909837,1029160.6552874816,78.80151493863775,10.0,16.579961511798103,0.05348730520161461
9.259830031093905,29.949644620343776,4.44715621356889,-1.5370330093126654,71.53703300931267,0.24393651293714186,75.97161644168568,70.97161644168676,293.74685175006493,434550.5234233891,1564802.5799372362,747610.1487350735,84.0283835585434,10.0,17.192605003776805,0.0423275695345807
11.943893770000944,29.95249004885416,6.9237195024203855,0.018522577951955554,69.98147742204804,0.31464419836672664,87.82477467923349,82.82477467923417,284.50030406740336,503750.36405394855,1473562.53834417,1370931.1799465239,72.1752253209956,10.0,15.89869223984465,0.06517160987124339
9.036883336275363,29.92029060393925,4.205876264685233,-1.6722853356899918,71.67228533568999,0.23806331233602113,74.87759799385049,69.87759799384924,294.63855467537286,429110.1170371754,1572584.4069258617,694589.251415382,85.12240200637859,10.0,17.329042362284156,0.040069995222166796
10.897472592367503,29.958554372086077,6.054901009786205,-0.5149242810784926,70.51492428107849,0.28707778167459175,83.46362843681464,78.4636284368155,287.8025536385937,475868.02128882357,1508714.964189693,1133661.5494299454,76.53637156341443,10.0,16.338115500869378,0.05721020213134157
10.612789637532195,20.89520158005513,7.791665635720112,8.077019586361018,61.92298041363898,0.2795782307042201,82.22391377811482,77.2239137781159,288.7644364936898,468496.91693935276,1518353.4878045944,1455196.7801761513,77.77608622211426,10.0,16.542130106056447,0.06937562787164818
7.3648455749943675,29.92971010130872,2.051526487637256,-3.1795859947457643,73.17958599474576,0.19401595297666932,65.96277881047678,60.96277881047786,302.0806124109941,389386.45949904894,1632610.1265857252,271630.81547232246,94.0372211897523,10.0,18.581083029517345,0.019759216427737095
11.409020074422203,27.457550158850154,7.055086986126937,2.169991065688407,67.83000893431159,0.30055374274031094,85.63247801511523,80.63247801511602,286.1436153673307,489337.39282776153,1491482.9295446842,1359518.2853532191,74.36752198511385,10.0,16.13853600430656,0.06540950667922751
9.567735720410989,28.578413275254128,5.095327699001546,0.058696237147046304,69.94130376285295,0.2520478324660429,77.4510042830816,72.45100428308274,292.54982032318526,442130.60097990866,1554122.0474890952,882164.3066111535,82.54899571714748,10.0,16.991410285433176,0.04794764630813528
23.693455259136023,29.953462953787955,12.497718661881782,4.8074603853527265,65.19253961464727,0.6241690005041102,123.8689746736211,118.86897467362007,268.16083103894556,977041.1786465631,1064558.1854432628,4190507.7027603365,36.13102532660798,10.0,11.146657210953038,0.11377280706373319
12.707338238163814,26.40481038849304,8.275292468242364,3.700453105259328,66.29954689474067,0.33475601259651777,90.83165304874291,85.83165304874342,282.30779338134585,524958.1904668213,1448106.5125224176,1692579.3211362797,69.16834695148617,10.0,15.700320287994202,0.07591050259850789
21.37126908972478,27.99420818694449,12.147664429718077,5.2287669918200095,64.77123300817999,0.5629944438810532,118.04217988923114,113.04217988923227,268.36044280332476,848165.4315482453,1151921.3390933985,3565709.794284738,41.95782011099794,10.0,12.681679005762817,0.11026741951278729
14.137739276288205,20.400201867225874,10.441656464424302,9.611302588199521,60.38869741180048,0.3724378102288779,96.12348646419287,91.12348646419406,278.6525400536384,566967.6899277406,1400586.8753419097,2241965.6174081396,63.876513536036214,10.0,15.550685015888178,0.09202382813260153
11.940722548551177,29.96267516127731,6.918959006116622,0.007235971454917944,69.99276402854508,0.31456065723264426,87.81199240694002,82.81199240694082,284.50978107644374,503663.86754263594,1473668.5440483883,1369775.0972536737,72.18800759328906,10.0,15.899805658060473,0.06513201767198126
10.465738513462911,29.96869732787183,5.661034825466941,-0.7692659432456139,70.76926594324561,0.27570438655065627,81.57391172606032,76.57391172606117,289.2724965001835,464722.6723448075,1523347.7946355194,1033327.5568882425,78.42608827416876,10.0,16.540748699867436,0.05358583442298941
11.591924706379585,29.920972803923163,6.651053949164097,-0.11917880913307499,70.11917880913307,0.3053720944778605,86.39052917847101,81.39052917847181,285.57140564687467,494226.85555918555,1485345.0009363375,1293351.0496986383,73.60947082175807,10.0,16.03955418131227,0.06266630809989422
9.515446687337121,29.828373232147605,4.750497954905135,-1.2333694848988443,71.23336948489884,0.2506703553039284,77.20227470669357,72.20227470669477,292.7503480598661,440837.7185907142,1555930.6670720698,814695.1777097391,82.7977252935355,10.0,17.040152892247022,0.045116403897027785
7.012169787172489,29.85617347482438,1.5360070289578756,-3.4882272983435882,73.48822729834359,0.18472523148504977,63.894269691509805,58.89426969151077,303.84541110184546,381198.67175226845,1645749.1652162438,181891.39988973987,96.10573030871927,10.0,18.903564121522436,0.014827256641467775
10.371615222495919,29.94988116569575,5.5771085718081865,-0.8062478245694251,70.80624782456943,0.2732248478002086,81.15431813117397,76.15431813117499,289.60177954498005,462318.436471395,1526550.495426499,1012203.7261922861,78.84568186905511,10.0,16.58673678893848,0.052805350616381155
6.5532723913397515,29.948535364019442,0.7674492472447563,-4.139475854039574,74.13947585403957,0.1726362589920904,61.08399689538038,56.083996895381404,306.262122847237,370611.22037918057,1663168.7464344064,54883.808030365646,98.9160031048487,10.0,19.376515849969906,0.007443581597112873
13.090737481429638,29.97697648165397,7.756142341011835,0.4911271193280413,69.50887288067196,0.3448560980355542,92.29158078969425,87.29158078969442,281.27163428064665,535912.870215843,1435357.9043834426,1622722.0618342583,67.70841921053483,10.0,15.479408072021158,0.07276298532283047
12.464368166680991,29.93493316738035,7.3211654149286725,0.2693541180966008,69.7306458819034,0.32835532578190174,89.88952795784871,84.88952795784923,282.9866092318388,518123.62343903416,1456195.9077795225,1487235.124036521,70.11047204238037,10.0,15.702300119532822,0.06879022887994396
7.213427519677689,26.721168900626864,2.59873378798451,0.057230266999624746,69.94276973300038,0.19002706848465986,65.08387392419303,60.08387392419195,302.8289420847839,385864.8929919173,1638226.6669254769,369274.86239585135,94.91612607603605,10.0,18.55407200652718,0.024454651780984292
12.421985074760672,29.039901847276454,7.489600035128431,1.1038061296459318,68.89619387035407,0.32723880597367416,89.72379925724096,84.72379925724147,283.10681108066643,516939.72870177333,1457608.0141826284,1516941.5270736539,70.27620074298812,10.0,15.734314033391286,0.06995930033424855
8.961213124671664,29.659545366392294,4.1810741528879705,-1.463424634482294,71.4634246344823,0.23606989264150852,74.50174895202866,69.50174895202747,294.9461192833241,427272.38162562466,1575235.50722516,687513.9845566573,85.49825104820042,10.0,17.37022682781003,0.03977401267708687
10.875917612258842,23.219647385306004,7.535026007757983,5.982674791170211,64.01732520882979,0.28650994763590204,83.3706044150199,78.37060441502081,287.87439749100037,475306.8763335266,1509443.4374167908,1418788.5164553977,76.62939558520918,10.0,16.404091389209952,0.06804646976661013
7.819995827858508,25.815096807047112,3.669801709014846,1.5590807880830653,68.44091921191693,0.20600621253578788,68.52660259405013,63.526602594049166,299.9114061899218,400036.4569455796,1615931.528167051,566834.9407908224,91.47339740617895,10.0,18.035652175511984,0.03416955483932183
12.780257769160958,29.301903681757764,7.6897123465920645,1.0038156758102446,68.99618432418976,0.33667696968284927,91.11180275085911,86.11180275085934,282.10744989865736,527025.4420761387,1445680.4708143286,1584287.8910577062,68.88819724936997,10.0,15.602303674122368,0.07187913453055494
12.571706632434651,29.861954214457356,7.4157694267218375,0.3851288587811723,69.61487114121883,0.3311829987469613,90.30739455346549,85.30739455346594,282.6845765871476,521132.9047650963,1452621.0381267234,1514085.574977835,69.6926054467636,10.0,15.664607726285908,0.06962203139312667
6.491068766366743,29.94766120418865,0.6616125125161686,-4.217823346274031,74.21782334627403,0.17099759658500377,60.69193001720106,55.69193001720231,306.60091434555807,369180.71891632245,1665560.9167176315,38043.7503042958,99.30806998302802,10.0,19.44381536789092,0.006420739720576638
10.067631329498912,29.924864312036163,5.290421369795742,-0.9671082689073955,70.9671082689074,0.2652168421891178,79.77969622856898,74.77969622857,290.68751860652327,454613.3545463286,1536928.3310056254,941944.9349543328,80.2203037716601,10.0,16.740435603901176,0.050148528438927815
24.122061808099723,21.897311267301212,14.25909319737092,11.995800351880632,58.00419964811937,0.635460005482079,124.89577964826827,119.89577964826947,268.3273558018951,1003927.6816499764,1047790.0421968854,4653315.041175288,35.104220351960805,10.0,11.45617827078081,0.1237097644261776
6.099021968811978,28.27861876406172,0.3770848840364901,-2.909328897103478,72.90932889710348,0.1606697041309794,58.15447920071182,53.15447920071273,308.80255063120967,360183.08267830894,1680826.1543496326,372.39646700443774,101.84552079951726,10.0,19.763421701398556,0.0036247644501593464
10.836273371935594,22.519088393720182,7.649688020078974,6.631126155032746,63.368873844967254,0.28546557881811363,83.19915741779164,78.19915741779255,288.00695202332076,474276.124388662,1510783.800749244,1439024.9824039338,76.80084258243744,10.0,16.43072537724754,0.06877850386560051
10.359235194981359,29.95286951522131,5.564735277582719,-0.8165936328475141,70.81659363284751,0.27289871430404,81.09892017550573,76.0989201755068,289.6453299456018,462002.86910383514,1526972.105842662,1009179.0566349792,78.90107982472335,10.0,16.59287176592875,0.05269208972771393
10.88587714022729,28.71589346720078,6.327246178124647,0.6950768099697484,69.30492319003025,0.28677231665509195,83.41360327016412,78.41360327016497,287.84118200167154,475566.0919285483,1509106.8189593407,1185609.4291516556,76.58639673006496,10.0,16.345498150819992,0.059272525186019824
12.43815511189517,29.61789079193079,7.372692879492992,0.5604213084862408,69.43957869151376,0.32766478166214885,89.78707743258627,84.78707743258678,283.0608883647811,517391.1215600549,1457069.2277011024,1495320.2603213976,70.2129225676428,10.0,15.717575327673387,0.06913183327906441
24.14536893903587,28.61058946101015,12.917436877403844,6.2790055984199284,63.72099440158007,0.6360739973402494,124.95120836868239,119.95120836868358,268.3384061086851,1005421.2735596644,1046871.7337068723,4408892.878544438,35.04879163154669,10.0,10.907798590972618,0.11641862098592907
11.443140323176701,29.74650129761099,6.568739495791905,-0.023453376336533438,70.02345337633653,0.30145259017852216,85.77456707311995,80.77456707312086,286.03604937603285,490246.4900826597,1490337.066401214,1267432.0912652183,74.22543292710913,10.0,16.10222147780246,0.061848678822324005
9.97313740569463,15.47168399749674,8.2011185649266,12.931972495750472,57.06802750424953,0.26272753966529583,79.34615726741123,74.34615726741129,291.032095252726,452236.27445271314,1540165.6553114129,1526960.2956796696,80.65384273281785,10.0,16.88179479335139,0.07071922216371308
29.875710688406578,29.992744498872163,14.345719537454558,11.924656926711634,58.075343073288366,0.7870313669232502,137.44835192631143,132.44835192636924,279.54566465288923,1513387.6349253675,794117.6418628016,9783077.374610722,22.551648073917647,10.0,3.356159041639728,0.12451919030016775
12.784871169258757,29.92029060393925,7.555565405860099,0.41955553902801057,69.58044446097199,0.3367985028782602,91.12948721724302,86.12948721724342,282.0948268625662,527156.4841031617,1445527.0064553476,1558354.7534628701,68.87051278298605,10.0,15.587279008163136,0.0709172066745767
12.68629356554408,29.753069310957194,7.522585575492712,0.5371653203940241,69.46283467960598,0.33420162185311064,90.75058065858548,85.75058065858582,282.3659014531171,524362.9727853768,1448806.8088640564,1544034.384512221,69.2494193416436,10.0,15.625691954738556,0.0705489373757825
10.034144707650135,29.85482163167344,5.273661959354788,-0.9182218113927547,70.91822181139275,0.2643346867136495,79.62640419335855,74.62640419335958,290.80923998362937,453770.0080475629,1538074.926989778,937132.5393901141,80.37359580687053,10.0,16.757141282173222,0.04997220086187171
13.110257629510077,27.457550158850154,8.324384198217759,2.8646869308633427,67.13531306913666,0.345370327437041,92.36506063341324,87.3650606334133,281.2200088741082,536476.3336900913,1434709.2399835996,1735514.9239760875,67.63493936681584,10.0,15.540441583391157,0.0768046192784094
8.130318826595971,23.150533975281625,4.683879183713223,4.515984964523227,65.48401503547677,0.21418121250252822,70.21198556144418,65.21198556144304,298.4973519443257,407360.6895316097,1604719.3624321339,759887.7785014515,89.7880144387849,10.0,17.750800327208765,0.04272505747306594
8.536572067610312,29.953462953787955,3.611100178605072,-2.103506477999588,72.10350647799959,0.22488335267677323,72.3479434974596,67.34794349746062,296.7200642363378,417037.5753306458,1590213.4006535837,569597.5234558949,87.65205650276948,10.0,17.660375622520462,0.03451040954286484
12.051195050856096,26.40481038849304,7.7951735634124955,3.448659096701874,66.55134090329813,0.31747089175068743,88.25580571812861,83.25580571812941,284.18147557866257,506684.61207874276,1469977.232990217,1548361.871667531,71.74419428210047,10.0,15.919771524763348,0.07163099100348912
8.496947861157178,26.70815916902093,4.32476653679379,1.1905016455386317,68.80949835446137,0.2238395116216327,72.1429603014036,67.14296030140457,296.88987261344954,416089.0033602754,1591620.2643216848,700823.858009697,87.85703969882547,10.0,17.594321518767117,0.040372388026048964
11.850834667092165,20.400201867225874,8.906179429668324,8.982789529427123,61.01721047057288,0.31219269407513606,87.4486335999826,82.44863359998322,284.77970818921455,501217.4177742615,1476674.3649648754,1753359.9688686098,72.55136640024648,10.0,16.149698539285623,0.07882027030616615
11.864758571784183,29.917688797250065,6.86964280387612,0.014991953930518775,69.98500804606948,0.3125594987298257,87.50505186049753,82.50505186049821,284.73773059120776,501595.7146546321,1476208.612560442,1354768.32937524,72.49494813973155,10.0,15.930130890663008,0.06466421690888918
10.465738513462911,26.70061981568506,6.404136855363814,2.439834959936377,67.56016504006362,0.27570438655065627,81.57391172606032,76.57391172606117,289.27249650018973,464722.6723448075,1523347.794635694,1176076.6141310758,78.42608827416876,10.0,16.537658360048454,0.05926262531349231
10.301701667484409,29.920972803923163,5.517515207615795,-0.8194189833990322,70.81941898339903,0.27138307870085376,80.84082703686687,75.84082703686784,289.8484575757032,460538.33687098225,1528932.570403594,997129.9734647917,79.15917296336221,10.0,16.62123447336097,0.052246020220776616
11.556264940714616,29.92154964382592,6.621930748592997,-0.1372514265520408,70.13725142655204,0.3044326907459066,86.24343311762095,81.24343311762186,285.6821184460404,493270.45147571404,1486540.8091908041,1285284.8024812527,73.75656688260813,10.0,16.054159804077585,0.062399920870984525
7.012169787172489,29.762979248836658,1.558718758790267,-3.38808180234804,73.38808180234804,0.18472523148504977,63.894269691509805,58.89426969151077,303.84541110183943,381198.67175226845,1645749.1652158983,185886.01007620915,96.10573030871927,10.0,18.898009864500295,0.015035530448762248
10.975579950680473,29.94988116569575,6.12548094290485,-0.4640319803421562,70.46403198034216,0.28913540439095026,83.79958018125456,78.79958018125558,287.54355303414997,477905.65255653125,1506076.9558366698,1151976.2112174507,76.20041981897452,10.0,16.302937059207125,0.057856103478335405
24.41645828967299,29.834440903047565,12.744415526150075,5.411314709419457,64.58868529058054,0.6432154449334296,125.59286816762466,120.59286816762358,268.4824729573531,1023041.159415941,1036140.0962776276,4462580.794797818,34.40713183260442,10.0,10.607222841482098,0.11554002185380158
10.777831912798087,29.93510399929766,5.953875312256365,-0.5578263778025416,70.55782637780254,0.283926025100055,82.94557315540237,77.94557315540351,288.203349454144,472759.7295544692,1512761.0029946466,1107148.8350757556,77.05442684482671,10.0,16.39282933104431,0.056272854086298334
12.464368166680991,29.992739132987943,7.308249934719277,0.2141796644872329,69.78582033551277,0.32835532578190174,89.88952795784871,84.88952795784923,282.9866092318302,518123.62343903416,1456195.9077792063,1484702.3460390691,70.11047204238037,10.0,15.70127855334772,0.06869572618585182
25.03970549451472,16.3742981702184,15.49397892640175,17.321596490451327,52.67840350954867,0.6596339698238862,127.04724206718146,122.04724206718055,268.92630443927595,1065362.266773916,1011099.5569388233,5211295.60579617,32.95275793304762,10.0,11.171999459986807,0.12990514314132426
11.181774733059674,29.5007909888309,6.405352390082514,0.08331478784549518,69.9166852121545,0.29456730066016,84.67805742408183,79.6780574240828,286.8697670902634,483317.26821706165,1499125.227181972,1218893.112293611,75.32194257614725,10.0,16.213970997462525,0.0602646094005185
9.316211076950557,29.997296061420847,4.4975507424599686,-1.5446812474247622,71.54468124742476,0.2454217881177702,76.24519717092386,71.24519717092494,293.52471151569074,435932.6392807652,1562841.245337085,759175.1518546847,83.75480282930522,10.0,17.159825854714256,0.04280956968411428
9.42824707662924,25.964114380235472,5.5479845649228965,2.575094152282361,67.42490584771764,0.24837321065935827,76.78522813515815,71.7852281351569,293.0872434612969,438686.8229888046,1558951.4141545878,962053.0811097437,83.21477186507093,10.0,17.037610747174426,0.05129156909695029
7.819995827858508,29.79894109265988,2.7259848219770966,-2.5828763952887925,72.58287639528879,0.20600621253578788,68.52660259405013,63.526602594049166,299.91140618992443,400036.4569455796,1615931.5281668566,395158.9057137229,91.47339740617895,10.0,18.189649866600064,0.02614190928727078
9.417107167388986,29.301903681757764,4.768435756581461,-0.769947713608417,70.76994771360842,0.24807974624312396,76.73174482047796,71.73174482047796,293.13050797520776,438412.5034787036,1559337.7425249012,814173.6817641439,83.26825517975112,10.0,17.087322009824675,0.045136951156541025
11.490418717544797,29.507751511397842,6.661570745512568,0.2313907181297168,69.76860928187028,0.3026980694822128,85.97093546698972,80.97093546699057,285.88762688219634,491508.4468067871,1488749.9701927463,1288613.7579513695,74.02906453323936,10.0,16.08457334591418,0.06260946601563597
22.680777908419156,27.531115973975247,12.680622487573677,6.292339917969969,63.70766008203003,0.5974915149741611,121.38453624289474,116.38453624289468,268.0297338717236,917588.1551670767,1103334.2099591226,3957126.059925969,38.61546375733434,10.0,11.993173332129516,0.11427398079754664
12.166688424635762,29.924864312036163,7.101215984187261,0.147247956548199,69.8527520434518,0.32051339369430354,88.71658951447154,83.71658951447222,283.84226368609063,509859.45518037747,1466121.2985873022,1421772.239540279,71.28341048575754,10.0,15.813370236085234,0.06678133771832157
10.561843387319144,27.224819566087184,6.374192728524362,1.97940583686119,68.02059416313881,0.27823612716857593,81.999475590364,76.99947559036497,288.9395799831234,467186.80199144536,1520082.5202252252,1175726.113928915,78.00052440986508,10.0,16.49330446623094,0.05917558095687659
12.336241511987437,29.811335380202095,7.254082509206073,0.3314510270844835,69.66854897291552,0.32498001875625493,89.38723867027011,84.38723867027073,283.3516289060869,514552.06287637574,1460465.8122473145,1464339.1058747747,70.61276132995897,10.0,15.75161673691565,0.06812994078461805
13.991150018157347,22.519088393720182,9.934617767410602,7.673027007192104,62.326972992807896,0.36857613324966665,95.59991105142808,90.59991105142905,279.0011408553276,562513.7878998618,1405455.029418591,2127698.315058385,64.400088948801,10.0,15.4798783753414,0.08869642630912287
9.376439438377478,29.866344432327097,4.593313200797899,-1.3689266527489963,71.368926652749,0.2470084151311243,76.5360994517427,71.53609945174367,293.2888874784291,437411.94219369587,1560748.911422571,779515.5628543032,83.46390054848638,10.0,17.121495663833628,0.043665985322723665
10.88587714022729,28.206157546645905,6.442600942622945,1.191814081623761,68.80818591837624,0.28677231665509195,83.41360327016412,78.41360327016497,287.8411820016695,475566.0919285483,1509106.818959381,1207866.7692595439,76.58639673006496,10.0,16.347495730036883,0.06014215577116852
10.381493222194353,29.99034594708222,5.577121913312386,-0.8405051834680535,70.84050518346805,0.27348506907782805,81.19848506159133,76.19848506159235,289.56707089249903,462570.33684729354,1526214.1539099952,1012723.1067105455,78.80151493863775,10.0,16.582118133908523,0.05281839620855194
12.199772748272517,28.61058946101015,7.419867067415124,1.4178956936287364,68.58210430637126,0.321384951218981,88.84799059773184,83.8479905977324,283.7458435347785,510772.1269688198,1465017.2830300562,1486460.9091182733,71.15200940249724,10.0,15.822703899518217,0.0691549781386812
13.923333903052281,29.74650129761099,8.353254883608525,1.026901423819254,68.97309857618075,0.36678961809937516,95.35631622811599,90.35631622811701,279.1643772182984,560465.372884409,1407706.9194185482,1812901.28758572,64.64368377211309,10.0,15.210189262276685,0.07806885857448491
10.587335732976769,13.228674659231913,9.050028072308049,15.20120274196745,54.79879725803255,0.2789076852733606,82.11187897914044,77.1118789791393,288.8518267114231,467842.0178088567,1519217.187664852,1755730.6351784647,77.88812102108864,10.0,16.755844260385913,0.07690659809783774
12.253496980345897,29.92029060393925,7.167809474596574,0.19058086491372705,69.80941913508627,0.3228002365739172,89.06080773861379,84.0608077386143,283.589979287455,512257.24367680005,1463225.024198166,1441237.9648804534,70.93919226161529,10.0,15.780698795991498,0.06738689154014287
10.844675167220041,29.753069310957194,6.0550251010236815,-0.3420565562578304,70.34205655625783,0.28568691167597576,83.23553074900173,78.23553074900269,287.97881443239964,474494.4296324519,1510499.6784735841,1130582.8463516906,76.76446925122735,10.0,16.36212218171329,0.0571409971218665
12.377266440550452,29.85482163167344,7.274827806827595,0.30788670536526297,69.69211329463474,0.32606075976160304,89.54848454473415,84.54848454473455,283.23421833433133,515693.2321515505,1459098.2935013578,1471507.295149422,70.45151545549493,10.0,15.735714516715404,0.06833618252238176
7.071092312764914,25.160928435566476,2.753879331107914,1.5504615172102376,68.44953848278976,0.18627745818664157,64.24514235049418,59.245142350493154,303.5451835699422,382563.1907312108,1643539.8091563077,397433.9374586649,95.7548576497349,10.0,18.605611850746243,0.025642945202157385
10.337542682954806,28.578413275254128,5.859154089549186,0.5299572046338881,69.47004279536611,0.27232725719059026,81.00173294317375,76.00173294317472,289.7217748910475,461450.2943244442,1527711.0642910055,1064546.4826563378,78.99826705705533,10.0,16.596808791267733,0.054951606676192116
11.062311449464056,29.953462953787955,6.200072522999054,-0.42109463653525836,70.42109463653526,0.2914202173199172,84.17056470878305,79.17056470878396,287.25839119353196,480176.14297849196,1503150.7335000914,1171681.6188596508,75.82943529144603,10.0,16.264356879787954,0.05854272943961289
11.648487015148543,26.40481038849304,7.48221219081051,3.282234682164244,66.71776531783576,0.30686214476155277,86.6231643513616,81.62316435136245,285.3966322246786,495747.0230436366,1483449.0740052988,1458641.9441087872,73.37683564886748,10.0,16.063587582730804,0.06883448114393452
23.80463331536226,27.99420818694449,12.940433302424575,6.57851896231108,63.42148103768892,0.6270978217956338,124.13669836848271,119.13669836848385,268.1974274597832,983911.4849179869,1060230.0059431773,4309072.96704461,35.86330163174637,10.0,11.20848716900656,0.11638917871808936
11.56373418345126,29.70631661079002,6.676621533445212,0.0749449345170774,69.92505506548292,0.30462945688754633,86.27427135593359,81.27427135593439,285.6588948904459,493470.6517757716,1486290.3031792222,1296438.7279088388,73.72572864429549,10.0,16.05290502724381,0.0628205688849165
11.532104366594876,29.96267516127731,6.59292046641854,-0.18906200881662016,70.18906200881662,0.3037962161905921,86.14358056078197,81.143580560783,285.7573620549827,492623.3270839332,1487351.238575312,1278021.1172451403,73.85641943944711,10.0,16.063781906397423,0.06214942993901662
9.474339319983716,29.96869732787183,4.674241509526173,-1.4036615057187873,71.40366150571879,0.24958744257069854,77.00602498334831,72.00602498334933,292.90877725828676,439822.9491050189,1557353.9724001882,798616.1251359716,82.99397501688077,10.0,17.066349315298623,0.04444639257700292
11.591924706379585,29.578981883990487,6.728236649164941,0.21187066147234646,69.78812933852765,0.3053720944778605,86.39052917847101,81.39052917847181,285.5714056468663,494226.85555918555,1485345.0009359964,1308387.0312611768,73.60947082175807,10.0,16.042595060803137,0.06324478097838702
13.657599311566967,29.828373232147605,8.166072224832535,0.8516382591338925,69.14836174086611,0.35978923370829735,94.39325227557362,89.39325227557362,279.8160827838082,552510.9318283192,1416530.23612972,1752106.2442465662,65.60674772465546,10.0,15.293593226553241,0.07641382851921179
7.012169787172489,28.702182126974876,1.8165271116057105,-2.2519734687440405,72.25197346874404,0.18472523148504977,63.894269691509805,58.89426969151077,303.845411101843,381198.67175226845,1645749.1652159437,231270.9231137319,96.10573030871927,10.0,18.83669725381708,0.017378707843392623
10.975579950680473,21.57287797752104,7.966709795762913,7.581348681511031,62.41865131848897,0.28913540439095026,83.79958018125456,78.79958018125558,287.54355303414445,477905.65255653125,1506076.9558363478,1510010.1000749806,76.20041981897452,10.0,16.398943949450995,0.07117079411550827
10.017846161514367,29.834440903047565,5.262290518245277,-0.9081373048467185,70.90813730484672,0.2639053256457947,79.5516575513061,74.55165755130707,290.8686382761184,453359.9184387101,1538633.2497861544,934181.3788588071,80.44834244892297,10.0,16.765437043373254,0.04986085421012461
11.642677700796979,29.93510399929766,6.688918526195657,-0.10809064649419042,70.10809064649419,0.3067091069756844,86.59930969032706,81.5993096903278,285.4145354876949,495590.713138766,1483643.752122588,1304160.0883177058,73.40069030990202,10.0,16.01875664130563,0.0630181043236289
9.809722509819386,29.992739132987943,5.017222296713904,-1.2006545736264798,71.20065457362648,0.25842261617016293,78.58919940849063,73.58919940849171,291.63610332043623,448144.9669450792,1545777.808965132,877834.8126892644,81.41080059173845,10.0,16.878444480399708,0.047638374619966124
12.65995586666515,16.436098824370887,10.206551352622325,12.808109356343891,57.19189064365611,0.3335077941692611,90.64897732579743,85.64897732579789,282.4388072168171,523618.9246442972,1449683.3298287443,2084186.2835846026,69.35102267443165,10.0,16.10116562730593,0.08808313863510105
12.633362178622903,29.419235760316212,7.558893326989781,0.8320706521458305,69.16792934785417,0.33280722282989733,90.54622788302095,85.54622788302134,282.51262804639117,522868.62852700014,1450568.474638292,1546966.0351758802,69.45377211720813,10.0,15.651335197008507,0.07074193195082337
13.167122328188977,29.039901847276454,8.015495278839008,1.4041865275319765,68.59581347246802,0.3468683437352207,92.57865688521917,87.57865688521929,281.0702346009861,538120.9991487472,1432819.777461448,1680013.049596809,67.4213431150099,10.0,15.477224942249961,0.07471357562366467
11.87055629785429,29.659545366392294,6.932256112647454,0.26641319785397855,69.73358680214602,0.3127122312395756,87.52852924932785,82.52852924932859,284.7202695668521,501753.3040879194,1476014.6950742942,1367402.1525096118,72.47147075090123,10.0,15.930911434925235,0.06513736453498388
7.819995827858508,26.160010557415667,3.5892296997187914,1.2039916267343074,68.79600837326569,0.20600621253578788,68.52660259405013,63.526602594049166,299.91140618991795,400036.4569455796,1615931.528166416,552088.9780224987,91.47339740617895,10.0,18.04719835315933,0.03350285319312213
13.027792617267334,29.301903681757764,7.862445812866063,1.1031815096804962,68.8968184903195,0.3431979087794345,92.05408390625956,87.05408390625979,281.43884584054393,534099.7501197207,1437449.8260378954,1638358.9804303981,67.94591609396952,10.0,15.517288452312926,0.07344232333863492
11.623026518866089,29.861954214457356,6.689564414440266,-0.046840558856956704,70.04684055885696,0.30619142568140384,86.51855128317857,81.51855128317953,285.4751767421769,495062.26725447044,1484302.3675828406,1302955.2786296804,73.48144871705051,10.0,16.027394773954256,0.06299677880867692
12.205962762029797,27.531115973975247,7.663927867529306,2.4458702221716635,67.55412977782834,0.3215480179670652,88.87254625791127,83.87254625791184,283.7278404810184,510943.0456811459,1464810.75046646,1534436.8023058686,71.12745374231781,10.0,15.84154910041184,0.0709174986238225
11.187168075671114,29.924864312036163,6.31372596838291,-0.32741810849432795,70.32741810849433,0.2947093802863834,84.7008743268907,79.7008743268915,286.85233486779424,483459.45933907264,1498943.623478268,1201450.4319526374,75.29912567333838,10.0,16.2098165924196,0.059576139648995934
8.66061221151526,29.929099454384875,3.7664499803399485,-1.9762890902624122,71.97628909026241,0.22815100662579718,72.98511448240123,67.98511448240026,296.1932927655159,420013.9416356859,1585819.869984388,601511.86522663,87.01488551782785,10.0,17.5745911611088,0.035962073134565446
8.330048313665431,29.811335380202095,3.3895040658413653,-2.131601477246022,72.13160147724602,0.21944279013871,71.27172354255993,66.27172354255873,297.613418542358,412104.99910210975,1597564.5970673382,524129.29365952587,88.72827645766915,10.0,17.801683283216505,0.03239923042637735
6.227885984606595,28.61919597089296,0.5273501867910785,-3.1096710363650573,73.10967103636506,0.16406443584316635,59.00155756921225,54.001557569211116,308.06589170212555,363137.5922451614,1675771.3475963925,21902.393367327822,100.99844243101683,10.0,19.641612222124024,0.005076578888034518
10.359235194981359,29.96124366459216,5.562810559326463,-0.8249027989708111,70.82490279897081,0.27289871430404,81.09892017550573,76.0989201755068,289.64532994559954,462002.86910383514,1526972.1058425251,1008809.0950891258,78.90107982472335,10.0,16.592926018187995,0.05267699013122403
10.986708964286969,29.45548600656005,6.247677364145689,0.025845775962807238,69.97415422403719,0.28942858177784425,83.84730404408668,78.8473040440877,287.5068193798648,478196.5264793868,1505701.2979200995,1176308.2875143082,76.1526959561424,10.0,16.29894548492075,0.05880510177411757
12.342962640725773,29.61789079193079,7.302318567733656,0.5191896452568585,69.48081035474314,0.3251570769421963,89.41368273983102,84.41368273983142,283.3323588766154,514738.86637731415,1460241.7487615177,1474290.4714370072,70.58631726039806,10.0,15.752423382056122,0.06849191654394132
9.259830031093905,29.267125056516527,4.606505056092756,-0.8449316108825542,70.84493161088255,0.24393651293714186,75.97161644168568,70.97161644168676,293.7468517500598,434550.5234233891,1564802.579937101,777629.3481446382,84.0283835585434,10.0,17.178475494549446,0.04362750264583674
11.443140323176701,29.991946477001356,6.513205489563113,-0.2618336694561094,70.26183366945611,0.30145259017852216,85.77456707311995,80.77456707312086,286.03604937602825,490246.4900826597,1490337.0664013524,1256623.239752836,74.22543292710913,10.0,16.100524582474407,0.06142975699698375
11.765595207457954,29.25980474492077,6.939289984589435,0.6023300301743575,69.39766996982564,0.3099471867085868,87.10218088583969,82.10218088584043,285.0380129174278,498906.8328514079,1479526.7838653154,1361408.810815998,72.89781911438939,10.0,15.976824662441402,0.06504865395179167
11.587311306281784,29.881890341373108,6.656137041963282,-0.08357532389300104,70.083575323893,0.3052505612824495,86.37151779174474,81.37151779174559,285.58570587664013,494103.0366931762,1485499.6830149614,1294031.636589314,73.62848220848434,10.0,16.04177104949133,0.06269834198808341
10.897472592367503,25.08532367117631,7.148971633190153,4.211429168994982,65.78857083100502,0.28707778167459175,83.46362843681464,78.4636284368155,287.8025536385878,475868.02128882357,1508714.9641892447,1344923.7860603277,76.53637156341443,10.0,16.369050317157246,0.06534775793744464
7.73522913080307,29.93387772879663,2.5774710176875852,-2.807025505685033,72.80702550568503,0.20377315939944862,68.05764502955276,63.05764502955367,300.30659491060874,398045.1041485494,1619015.7766658913,367515.3983758811,91.94235497067632,10.0,18.264619710372244,0.024757820718446996
24.709627930345754,26.76216002695225,13.471429060785473,8.290490910201015,61.709509089798985,0.6509385650776015,126.28056573143442,121.28056573143567,268.6712430698082,1042624.9405451451,1024426.7139249725,4705103.808405171,33.71943426879466,10.0,10.588742964577023,0.1197757663060951
11.0443825161645,27.457550158850154,6.748778289618312,1.997331507557135,68.00266849244287,0.29094790611603005,84.09405210661566,79.09405210661669,287.317130085921,479706.1077575141,1503755.3771905596,1276692.3546133318,75.90594789361342,10.0,16.285229531250025,0.06264523229523594
12.275510110177656,28.578413275254128,7.483773672164253,1.4807489866531114,68.51925101334689,0.32338013988876857,89.14780908404947,84.14780908404998,283.5263674808081,512866.8619594488,1462490.834568813,1504622.0204671791,70.85219091617961,10.0,15.795874430275944,0.06971981373310938
12.361806983385243,29.953462953787955,7.241301132344271,0.2068287754030962,69.7931712245969,0.32565350325040154,89.48776854546395,84.48776854546435,283.2784029501076,515262.93904541805,1459613.5784929025,1463766.4856166665,70.51223145476513,10.0,15.739770954679955,0.06806997046859173
8.963662644770533,29.900749025194287,4.127229927730846,-1.7080443433933397,71.70804434339334,0.23613442162198453,74.51395219554422,69.51395219554519,294.9361235247399,427331.80274936295,1575149.607475671,677513.5340950632,85.48604780468486,10.0,17.374853902514417,0.03933082581679322
8.496947861157178,29.975409133675,3.55752322763328,-2.1593537416529784,72.15935374165298,0.2238395116216327,72.1429603014036,67.14296030140457,296.88987261345,416089.0033602754,1591620.2643217165,558751.2394381587,87.85703969882547,10.0,17.688726837174443,0.034012079342430133
8.70709660899404,20.400201867225874,5.974198317318234,7.627167917240172,62.37283208275983,0.2293755692569557,73.22215961775095,68.22215961774992,295.99773557419024,421132.10572057584,1584177.4021734258,1020845.1662301497,86.77784038247813,10.0,17.37951529985139,0.053354193478317095
11.532104366594876,29.295017544425235,6.743632568705136,0.4575440163955591,69.54245598360444,0.3037962161905921,86.14358056078197,81.143580560783,285.75736205499226,492623.3270839332,1487351.238575497,1307355.4583171261,73.85641943944711,10.0,16.069470630431,0.06327932125658171
22.00966544110171,23.165817010569,13.339956452184252,9.66905369472903,60.33094630527097,0.5798120506085803,119.6906199993831,114.69061999938424,268.1322199962656,881039.4437935087,1128437.3606438427,3923119.498504319,40.30938000084598,10.0,12.72658709902879,0.11752191717924584
11.591924706379585,29.945862977406904,6.645431833691515,-0.14329486651780599,70.1432948665178,0.3053720944778605,86.39052917847101,81.39052917847181,285.5714056468728,494226.85555918555,1485345.0009365217,1292255.119947298,73.60947082175807,10.0,16.039344219643795,0.06262406593999707
11.556264940714616,28.606380629946514,6.918153027896624,1.1335804475456257,68.86641955245437,0.3044326907459066,86.24343311762095,81.24343311762186,285.6821184460487,493270.45147571404,1486540.8091912172,1342892.5912224676,73.75656688260813,10.0,16.06690755170314,0.06460794773917214
23.47414422881687,28.702182126974876,12.690557515590278,5.75234951694074,64.24765048305926,0.6183915761016034,123.33799239648926,118.33799239648926,268.1018759243785,963695.4491825106,1073053.3126934944,4166007.929514055,36.66200760373982,10.0,11.390840384327248,0.11478435127708408
21.99147464624026,29.94988116569575,11.950861105409206,3.830447181712543,66.16955281828746,0.5793328410495326,119.64415762933413,114.64415762933515,268.13699216590396,880077.971398644,1129111.691598767,3657942.6022407687,40.35584237089495,10.0,12.21576500036457,0.10952861589894061
12.990914848948059,29.834440903047565,7.718979025271687,0.5855523186605183,69.41444768133948,0.34222641857081293,91.91454634364976,86.91454634365004,281.53733677206986,533040.1921513239,1438675.6034996181,1607166.0037060406,68.08545365657932,10.0,15.51715521813901,0.07236601181270523
11.642677700796979,29.915278960750356,6.6933933876414775,-0.08890058256042721,70.08890058256043,0.3067091069756844,86.59930969032706,81.5993096903278,285.41453548769164,495590.713138766,1483643.7521225289,1305032.7275482423,73.40069030990202,10.0,16.018935531560487,0.06305166776554931
12.207687475944462,29.992739132987943,7.117051624577005,0.10063807388394252,69.89936192611606,0.32159345300169817,88.8793865251667,83.87938652516743,283.72282639181645,510990.6774726367,1464753.2061004783,1427896.9319339911,71.12061347506238,10.0,15.796842261560244,0.06695238723369178
9.963699647139768,29.419235760316212,5.304492058609363,-0.5277843890739291,70.52778438907393,0.2624789158888242,79.30269047866278,74.30269047866159,291.06669792992363,451999.3181938549,1540489.3002941227,939673.8196964044,80.6973095215663,10.0,16.789382956181214,0.0501244976607827
13.125864706037028,29.039901847276454,7.987475029515109,1.3882423205459986,68.611757679454,0.3457814727617763,92.42375231117143,87.42375231117154,281.17881042782716,536927.2496680988,1434190.6321932455,1671046.1901894505,67.57624768905765,10.0,15.490971341903048,0.07446073736009474
8.961213124671664,29.81599552856153,4.144340641518786,-1.6232711932428288,71.62327119324283,0.23606989264150852,74.50174895202866,69.50174895202747,294.94611928332597,427272.38162562466,1575235.5072253838,680639.2780670167,85.49825104820042,10.0,17.37422148127615,0.03946983584947151
11.450558373404208,23.219647385306004,8.0140515382798,6.215189308912045,63.784810691087955,0.30164800772929945,85.80541712410201,80.80541712410286,286.01271368763173,490444.31782602216,1490087.9984519358,1548751.348364712,74.19458287612707,10.0,16.198172028784086,0.07225808739225173
11.638577425109341,29.170839791808078,6.857822955000343,0.6283783931575044,69.3716216068425,0.3066010912831755,86.58246752777569,81.58246752777649,285.4271782815944,495480.41265754536,1483781.1642634848,1336777.610352088,73.41753247245339,10.0,16.027987594953572,0.06427315248465383
6.996501471564299,29.301903681757764,1.6465244852524388,-2.911039100797609,72.91103910079761,0.18431247290738406,63.80060027493846,58.800600274939654,303.925618810727,380836.04288659355,1646337.6598360112,201463.0877215746,96.19939972529062,10.0,18.88587774166342,0.015827570092830028
11.99042285789445,29.75986872924011,7.003126874363663,0.2253781330180118,69.77462186698199,0.31586993830069676,88.01203244751474,83.01203244751548,284.3616132412161,505020.9361968723,1472007.4876844422,1389775.8376843962,71.98796755271434,10.0,15.883091705827155,0.06582242139796544
23.4729398374379,27.531115973975247,12.932782035617855,6.762588414357253,63.23741158564275,0.6183598481938329,123.33506581288748,118.33506581288623,268.1016000865174,963622.9036925766,1073099.8112606066,4212090.914126768,36.6649341873416,10.0,11.478716504510942,0.1161754618972785
10.342277821698167,29.924864312036163,5.555135231699476,-0.7989346769105055,70.7989346769105,0.27245199741038373,81.02296023876823,76.02296023876937,289.7050734481446,461570.87289353245,1527549.7387822582,1006452.1183599731,78.97703976146084,10.0,16.601083721697762,0.05259455569574496
8.66061221151526,29.90871618673981,3.7712647541137394,-1.9552941909205401,71.95529419092054,0.22815100662579718,72.98511448240123,67.98511448240026,296.1932927655107,420013.9416356859,1585819.8699841583,602406.3876574531,87.01488551782785,10.0,17.57396487836661,0.03600260130248609
8.330048313665431,27.862511375228245,3.8500309163620035,-0.12006273126883116,70.12006273126883,0.21944279013871,71.27172354255993,66.27172354255873,297.6134185423577,412104.99910210975,1597564.5970676783,608957.2691333754,88.72827645766915,10.0,17.73741574183674,0.0362752641246276
10.359235194981359,29.9953446516174,5.5549720433885135,-0.8587429116162184,70.85874291161622,0.27289871430404,81.09892017550573,76.0989201755068,289.6453299455912,462002.86910383514,1526972.1058424097,1007302.3319673685,78.90107982472335,10.0,16.593148846860117,0.05261547798368944
12.466463185464143,29.843375979658937,7.343152133268415,0.357617298625712,69.64238270137429,0.32841051595005644,89.89770921253671,84.89770921253717,282.98068147282606,518182.2073302634,1456126.1149663574,1491706.2744668878,70.10229078769237,10.0,15.703169440598344,0.06895370121218476
9.259830031093905,29.868351212248136,4.466162270392867,-1.4544650843588443,71.45446508435884,0.24393651293714186,75.97161644168568,70.97161644168676,293.7468517500621,434550.5234233891,1564802.5799370822,751191.7174276534,84.0283835585434,10.0,17.19085466773862,0.04248328795261214
11.443140323176701,29.886889423131038,6.536983077974213,-0.15976441999873714,70.15976441999874,0.30145259017852216,85.77456707311995,80.77456707312086,286.03604937602574,490246.4900826597,1490337.0664012884,1261252.2642896615,74.22543292710913,10.0,16.101232430092352,0.06160929538900609
11.471501302238453,15.47168399749674,9.487388219557237,13.389604319057128,56.61039568094287,0.30219971818331015,85.89243465230476,80.89243465230555,285.94692789804293,491003.1843184835,1489384.9212655597,1865307.7820989122,74.10756534792432,10.0,16.43442815977943,0.08156854500674947
10.53473105597482,29.453892303749925,5.842934247946685,-0.22067552890865727,70.22067552890866,0.27752189293927343,81.87970929474801,76.87970929474892,289.0331643152446,466490.6837861992,1521003.207267902,1072081.6761129587,78.12029070548107,10.0,16.505557154032374,0.055091920683151954
11.587311306281784,29.95231667124395,6.640229557785184,-0.15181140436044416,70.15181140436044,0.3052505612824495,86.37151779174474,81.37151779174559,285.5857058766405,494103.0366931762,1485499.683014819,1290931.0585100518,73.62848220848434,10.0,16.041177748233792,0.06257882865041398
12.82427594468307,29.753069310957194,7.620604641444004,0.5945071503841177,69.40549284961588,0.3378365633478153,91.280345038225,86.28034503822539,281.9872607180588,528276.9972393133,1444216.3216275605,1574286.4768234082,68.71965496200409,10.0,15.576978149373815,0.07143922271569836
7.73522913080307,29.910486285107453,2.5830917345864415,-2.782365053448757,72.78236505344876,0.20377315939944862,68.05764502955276,63.05764502955367,300.30659491060317,398045.1041485494,1619015.7766655379,368531.16551308404,91.94235497067632,10.0,18.263535791178526,0.02480737776642658
13.748652958905376,29.85482163167344,8.218749841441712,0.8610880991051886,69.13891190089481,0.36218790724197514,94.72479433314709,89.72479433314703,279.59060150461283,555223.6881837519,1413506.9662628302,1770603.6977184468,65.27520566708199,10.0,15.263155008349713,0.07690163127489717
25.22204987981219,27.457550158850154,13.482299552856205,8.105864903720374,61.894135096279626,0.6644375626926288,127.46738286986863,122.46738286986886,269.08719178236305,1078248.7301379638,1003671.8200173572,4900707.529042637,32.53261713036045,10.0,10.08380867596128,0.12002081774419984
8.130318826595971,29.98601676217391,3.093198348303998,-2.4899916066321452,72.48999160663215,0.21418121250252822,70.21198556144418,65.21198556144304,298.49735194432935,407360.6895316097,1604719.3624321697,466106.743088462,89.7880144387849,10.0,17.95574713698477,0.02964353142289663
11.965791313980771,29.953462953787955,6.940532106441987,0.027774942870451014,69.97222505712955,0.3152210567434344,87.91296899702553,82.91296899702598,284.4349497329435,504347.978115662,1472830.6309015518,1375778.127363264,72.08703100320355,10.0,15.890146876563904,0.06532557384681936
11.98308681443183,29.900749025194287,6.965800136077911,0.08651974963169096,69.91348025036831,0.3156766810967289,87.98254398009425,82.9825439800951,284.38343549988065,504820.4273543428,1472252.6294337697,1381954.4562381494,72.01745602013483,10.0,15.884095369505758,0.06553607898386493
8.496947861157178,29.96095936904257,3.5609470990936707,-2.1444073075935535,72.14440730759355,0.2238395116216327,72.1429603014036,67.14296030140457,296.8898726134585,416089.0033602754,1591620.2643219503,559384.5965518183,87.85703969882547,10.0,17.688242870575266,0.03404114468245179
23.276794116462405,20.400201867225874,14.274040290235883,12.696296188082727,57.30370381191727,0.6131926795696102,122.85688854876975,117.85688854876861,268.0635614530438,951914.6954939769,1080650.448963212,4406887.390847762,37.14311145145933,10.0,12.196989911018704,0.12327536664185208
11.097414487171125,29.98544100861247,6.223092224886812,-0.43375079880587464,70.43375079880587,0.2923449548780591,84.32010404672343,79.3201040467244,287.1437005973965,481097.4641843679,1501967.2847929893,1178295.6435598785,75.67989595350565,10.0,16.248804180505886,0.05876538305174056
8.283434677924392,29.99752703276971,3.2864977578727133,-2.365616182592987,72.36561618259299,0.21821482291687017,71.0260920239644,66.02609202396536,297.81793158702163,410995.52439596667,1599230.3000891437,504261.7777764275,88.97390797626468,10.0,17.84234426045839,0.03146771650242049
11.794202917424615,29.920972803923163,6.813231368982244,-0.021556528647238338,70.02155652864724,0.31070081447377806,87.21866187796041,82.21866187796115,284.9510670893659,499681.2938409859,1478569.239122456,1338819.895189837,72.78133812226866,10.0,15.958016731867758,0.06414985467142989
14.914442252225285,29.448610581895984,9.010520120347147,1.6499940236001862,68.35000597639981,0.39289890021668294,98.83246739091754,93.83246739091868,276.9009435361373,591187.3587199762,1374766.186387371,2037725.6864599516,61.167532609311536,10.0,14.912619912510422,0.08384352641587789
7.012169787172489,29.939845031001084,1.5156081679009572,-3.578186413035496,73.5781864130355,0.18472523148504977,63.894269691509805,58.89426969151077,303.8454111018452,381198.67175226845,1645749.1652163311,178303.95579041613,96.10573030871927,10.0,18.908574122020696,0.014639934877965657
10.975579950680473,29.98423771140761,6.117654069304384,-0.4977105890810094,70.49771058908101,0.28913540439095026,83.79958018125456,78.79958018125558,287.54355303414513,477905.65255653125,1506076.955836486,1150459.6337594432,76.20041981897452,10.0,16.302896255672806,0.05779604087197647
10.017846161514367,29.26723746582166,5.393085902529411,-0.34255102627116685,70.34255102627117,0.2639053256457947,79.5516575513061,74.55165755130707,290.8686382761278,453359.9184387101,1538633.249786529,959170.4448211172,80.44834244892297,10.0,16.759819958956882,0.0508944860204984
11.653806714403476,29.915278960750356,6.702362723227105,-0.08349559753509084,70.08349559753509,0.3070022843625784,86.64500081492889,81.64500081492974,285.38024730609067,495890.1950124436,1483270.8126602168,1307537.248612328,73.35499918530019,10.0,16.014423001814407,0.06313373500872874
9.809722509819386,23.202351265707122,6.552505056329576,5.499514390520346,64.50048560947965,0.25842261617016293,78.58919940849063,73.58919940849171,291.6361033204364,448144.9669450792,1545777.808965403,1171267.2188133625,81.41080059173845,10.0,16.843751458703025,0.0593688050898804
13.510812257225032,29.419235760316212,8.160773317444757,1.1793706591802788,68.82062934081972,0.35592234608074375,93.85531547187219,88.85531547187327,280.1843897385973,548165.3802511346,1421404.2769133698,1738101.444494562,66.14468452835689,10.0,15.353443718737992,0.0761880937782574
9.316211076950557,29.91932951201906,4.515765938744521,-1.4655719585713882,71.46557195857139,0.2454217881177702,76.24519717092386,71.24519717092494,293.52471151569324,435932.6392807652,1562841.2453373133,762612.0331983024,83.75480282930522,10.0,17.158201092614092,0.04295855375359136
8.961213124671664,29.952061868312903,4.112372164322372,-1.7624020704955115,71.76240207049551,0.23606989264150852,74.50174895202866,69.50174895202747,294.9461192833173,427272.38162562466,1575235.507224994,674655.6444642851,85.49825104820042,10.0,17.37775153205871,0.03920455387198127
11.261818335619925,29.170839791808078,6.547775869651171,0.4448425024778544,69.55515749752215,0.2966759308645923,85.01585662773431,80.01585662773522,286.6120461397488,485430.96332585666,1496431.161601447,1251593.516291925,74.98414337249477,10.0,16.18189901653767,0.06144700873794544
11.948543378597634,29.88128354858904,6.943347905962234,0.08923843813994381,69.91076156186006,0.314766685421434,87.84351137109672,82.8435113710974,284.48641463124324,503877.20732038346,1473407.1186899634,1375098.648311952,72.15648862913235,10.0,15.897760902301457,0.06532358266749774
11.623026518866089,21.87866444948743,8.431648355429552,7.534825776698142,62.46517422330186,0.30619142568140384,86.51855128317857,81.51855128317953,285.4751767421812,495062.26725447044,1484302.367583019,1642742.5274609285,73.48144871705051,10.0,16.17481912347779,0.07534792372925157
6.491068766366743,29.64355926026981,0.7365598006350073,-3.8860556109995628,73.88605561099956,0.17099759658500377,60.69193001720106,55.69193001720231,306.6009143455593,369180.71891632245,1665560.9167176762,50924.33927752001,99.30806998302802,10.0,19.42244836604783,0.007130757680489542
10.441828081822582,29.924864312036163,5.648779105283397,-0.7399009275965795,70.73990092759658,0.2750745016286244,81.4675857643009,76.46758576430182,289.3558409223004,464111.07060467347,1524160.9338844651,1029692.7389440837,78.53241423592817,10.0,16.552156763368373,0.05345861965318969
12.954680732886123,29.90871618673981,7.677341288620059,0.5005385401803437,69.49946145981966,0.34127188442798007,91.77715877869059,86.77715877869082,281.6344883451701,532001.0606073091,1439880.1207079133,1596015.0637257616,68.22284122153849,10.0,15.528011009857892,0.07201893189476466
10.097495978234676,27.862511375228245,5.792954548441864,1.0976729602355135,68.90232703976449,0.266003582145276,79.91609081266654,74.91609081266756,290.57932136827174,455366.3791261499,1535906.338717659,1039460.2403236125,80.08390918756254,10.0,16.71027307771743,0.05411351068956595
11.98990375780302,29.866344432327097,6.978811387149985,0.1227632104348686,69.87723678956513,0.31585626337731876,88.00994627492514,83.00994627492594,284.36315684177606,505006.74588718405,1472024.8335251848,1384986.4365810077,71.99005372530394,10.0,15.88189793828576,0.06564161540600899
10.381493222194353,22.690634557537145,7.208022078130785,6.270044017390489,63.72995598260951,0.27348506907782805,81.19848506159133,76.19848506159235,289.56707089249903,462570.33684729354,1526214.1539099952,1327114.2168753562,78.80151493863775,10.0,16.603444617562843,0.06496637555253401
9.450776842435593,28.61058946101015,4.964718344111929,-0.05114897501869109,70.05114897501869,0.2489667239840778,76.89325236004981,71.89325236005084,292.99990033947483,439241.9349725413,1558170.3840077114,852609.224770218,83.10674764017926,10.0,17.05684051316365,0.04675503703347365
10.53473105597482,26.555855913728294,6.499877248420301,2.616428594899844,67.38357140510016,0.27752189293927343,81.87970929474801,76.87970929474892,289.03316431524485,466490.6837861992,1521003.2072678602,1198348.7243610856,78.12029070548107,10.0,16.507751684652305,0.060074590730546655
11.587311306281784,29.969301806060884,6.636392305329786,-0.1682719243328279,70.16827192433283,0.3052505612824495,86.37151779174474,81.37151779174559,285.5857058766513,494103.0366931762,1485499.6830149624,1290183.0127458067,73.62848220848434,10.0,16.041036508411423,0.06254998214313351
10.897472592367503,29.24774728553215,6.216735473174846,0.181610140073019,69.81838985992698,0.28707778167459175,83.46362843681464,78.4636284368155,287.8025536385857,475868.02128882357,1508714.964189298,1164960.859731283,76.53637156341443,10.0,16.33894935883808,0.05844925447807389
10.132323717055591,29.910486285107453,5.356948456016046,-0.9124445915711021,70.9124445915711,0.2669210673618438,80.07477677364727,75.07477677364818,290.4535684529834,456245.6191644577,1534715.194654764,957826.7354421032,79.9252232265818,10.0,16.70688211887807,0.050759312102452686
12.7611078912231,29.85482163167344,7.553278008631809,0.47180319480321486,69.52819680519679,0.33617249450008163,91.0383453886476,86.03834538864783,282.1599133679862,526481.8193507796,1446317.5198434396,1556005.5598540362,68.96165461158148,10.0,15.597054429963919,0.07086953321588002
10.231201240734077,27.457550158850154,6.013577598971625,1.5726439694896044,68.4273560305104,0.26952584933440665,80.52311052740947,75.52311052741038,290.09902817587835,458748.1798679887,1531337.4446548703,1088514.6329497017,79.47688947281961,10.0,16.644689931697542,0.05598714196653928
8.130318826595971,29.973470887293914,3.0961911940022326,-2.476894975482878,72.47689497548288,0.21418121250252822,70.21198556144418,65.21198556144304,298.4973519443159,407360.6895316097,1604719.3624316512,466654.5348425,89.7880144387849,10.0,17.955250130589434,0.029669404393295053
10.50875729646301,29.76940790648066,5.7467019438342595,-0.5470683795211926,70.54706837952119,0.27683765269923627,81.76475902095268,76.7647590209537,289.1230654226566,465824.5065242564,1521885.5864593838,1052138.6674408945,78.2352409792764,10.0,16.519051252540635,0.054310597728223324
12.39711195946833,29.900749025194287,7.279251690433577,0.27269413317804947,69.72730586682195,0.3265835605760888,89.62634446318373,84.62634446318424,283.1776028994899,516246.0770677577,1458436.8816885531,1473881.5791225645,70.37365553704535,10.0,15.72760899144987,0.06839478594507002
12.102375295274172,27.99420818694449,7.48325665774663,1.9630708363492317,68.03692916365077,0.31881915951723316,88.46040002973609,83.46040002973672,284.0306516477568,508089.390357124,1468268.1148006057,1491541.9415852595,71.53959997049299,10.0,15.869415879196538,0.06947965114271544
12.248432093697499,29.96267516127731,7.15450754675493,0.1477233128393891,69.85227668716061,0.32266680963375916,89.04077371901622,84.04077371901673,283.60463613983245,512117.07063012134,1463393.9643758247,1438255.5657047476,70.95922628121286,10.0,15.781942256189893,0.06728227606494354
24.628874079022655,25.92868326688722,13.617392626933878,8.94379268815004,61.05620731184996,0.6488112244210393,126.09177774234905,121.09177774234803,268.6157604775822,1037174.3929211114,1027664.573313119,4704209.215450517,33.90822225788003,10.0,10.720330764801133,0.1205461497705676
11.794202917424615,29.94763517706967,6.807224834138456,-0.047296269006722014,70.04729626900672,0.31070081447377806,87.21866187796041,82.21866187796115,284.9510670893681,499681.2938409859,1478569.2391225032,1337647.1141865551,72.78133812226866,10.0,15.957732097361145,0.0641050146562222
10.312676719982004,29.828373232147605,5.54924271958342,-0.7208883547776281,70.72088835477763,0.2716722002102741,80.89014264391557,75.8901426439163,289.8096153223048,460817.45677761704,1528558.4502325791,1003787.8729217678,79.10985735631351,10.0,16.615127730566428,0.05250950772714235
12.322519435845965,28.702182126974876,7.491240735678531,1.382924128343518,68.61707587165648,0.3246185309759211,89.33321653628354,84.33321653628411,283.3910134029878,514170.8664678987,1460923.2952271006,1509647.5545235039,70.66678346394554,10.0,15.776581582409108,0.06983735853879122
10.017846161514367,29.634221117587302,5.308501092381564,-0.7082965847650939,70.7082965847651,0.2639053256457947,79.5516575513061,74.55165755130707,290.8686382761255,453359.9184387101,1538633.2497864126,943012.8028617016,80.44834244892297,10.0,16.76335680352406,0.05022698596571209
10.647774633915184,29.587575980866134,5.915887525807993,-0.28846959863142274,70.28846959863142,0.28049985863844,82.37757636072081,77.37757636072172,288.64469840631034,469398.13967722,1517166.907994771,1092417.4660860703,77.62242363950827,10.0,16.45269162146508,0.055806681931763726
9.809722509819386,29.928503312452023,5.032111069732071,-1.1361795260617669,71.13617952606177,0.25842261617016293,78.58919940849063,73.58919940849171,291.6361033204349,448144.9669450792,1545777.808965253,880671.2556120473,81.41080059173845,10.0,16.877556122799433,0.047757694506849475
9.011044451015605,16.436098824370887,7.072094937944624,11.62660699296515,58.37339300703485,0.23738262515847222,74.74952012431987,69.74952012432084,294.74329437319886,428482.0994928092,1573489.0919777383,1258697.1651570532,85.2504798759092,10.0,17.240387466246546,0.06150477447870935
9.963699647139768,29.94558586315469,5.182939797438318,-1.0535944075535895,71.05359440755359,0.2624789158888242,79.30269047866278,74.30269047866159,291.06669792991727,451999.3181938549,1540489.3002939809,916466.3429062925,80.6973095215663,10.0,16.795163147482924,0.04916009060495924
9.316211076950557,29.99919115934435,4.497107917230753,-1.5466045354098696,71.54660453540987,0.2454217881177702,76.24519717092386,71.24519717092494,293.5247115156951,435932.6392807652,1562841.2453376416,759091.5942767218,83.75480282930522,10.0,17.159865556276316,0.04280594569001439
13.947625453108728,29.936834836626247,8.326689706947814,0.8583494348981162,69.14165056510188,0.3674295430218316,95.44367198578732,90.44367198578738,279.1057631164531,561198.238178348,1406900.3123415469,1809899.9891823882,64.55632801444176,10.0,15.196370452944109,0.0779131139351829
9.318167139019636,29.296085628668408,4.663260909628158,-0.8330066571205066,70.8330066571205,0.24547331767701885,76.25466670928671,71.25466670928779,293.51702869513076,435980.63638303155,1562773.2459702261,790504.7829076081,83.74533329094237,10.0,17.14466797269779,0.04416126749900339
12.074560452125631,29.301903681757764,7.170545673875066,0.7029078882338808,69.29709211176612,0.31808641865452136,88.34928892886518,83.34928892886603,284.1125198988085,507325.5179033729,1469196.889375966,1428567.010162509,71.6507110713639,10.0,15.857522792066504,0.067168690939682
11.623026518866089,29.946675673191564,6.670438143361505,-0.12886893733650595,70.1288689373365,0.30619142568140384,86.51855128317857,81.51855128317953,285.4751767421854,495062.26725447044,1484302.3675831344,1299226.3622621598,73.48144871705051,10.0,16.026644475299406,0.06285327321533186
12.123599091598171,27.531115973975247,7.6019458337142725,2.411875700784549,67.58812429921545,0.3193782690094355,88.54505530920471,83.54505530920534,283.9683424932488,508672.92915739294,1467559.545478291,1516202.7998798469,71.45494469102437,10.0,15.870738354163507,0.07036063628819794
14.31472071753868,29.924864312036163,8.555196857417348,1.0025559279338268,68.99744407206617,0.3771001242765722,96.75028462325497,91.75028462325605,278.23935307340656,572393.3627490834,1394707.9700406261,1889207.9634912866,63.24971537697411,10.0,15.080092636332438,0.0799699101047197
11.547226171799334,21.897311267301212,8.368051075928873,7.490454146397383,62.50954585360262,0.3041945777607833,86.20609510074257,81.20609510074354,285.71024600660166,493028.2723049939,1486843.9786158898,1625112.5938070084,73.7939048994865,10.0,16.198715847947142,0.07480194100552261
23.724374025607204,29.90871618673981,12.516685477612745,4.866632166057855,65.13336783394215,0.6249835096313805,123.94352662669661,118.94352662669775,268.1705513124018,978944.6562712314,1063355.9903739495,4203174.704368847,36.05647337353247,10.0,11.127669170633851,0.11389923886232756
13.520987280569827,27.862511375228245,8.508622415581497,2.635336193751243,67.36466380624876,0.3561903920065813,93.8927433925183,88.89274339251824,280.1586670224501,548465.5152157692,1421066.400257373,1807042.853331606,66.10725660771078,10.0,15.398073529269084,0.078629898760444
10.359235194981359,29.955634819891557,5.564099706552354,-0.8193374386749497,70.81933743867495,0.27289871430404,81.09892017550573,76.0989201755068,289.6453299456076,462002.86910383514,1526972.1058429903,1009056.8905489832,78.90107982472335,10.0,16.592889660681237,0.052687103808327855
11.091988637620664,29.45548600656005,6.338816321593853,0.08106872765199569,69.918931272348,0.29220201890465397,84.29701269660643,79.29701269660728,287.16140110066937,480954.96611542924,1502150.176706322,1200398.208488124,75.70298730362265,10.0,16.252890690965046,0.0596395566187023
10.381493222194353,29.99681975778668,5.575634224079407,-0.8469270723720683,70.84692707237207,0.27348506907782805,81.19848506159133,76.19848506159235,289.5670708924976,462570.33684729354,1526214.1539099312,1012437.0314228762,78.80151493863775,10.0,16.58215883477061,0.052806728890308935
9.450776842435593,29.98498124583847,4.645348958298745,-1.4366192653450298,71.43661926534503,0.2489667239840778,76.89325236004981,71.89325236005084,292.99990033947523,439241.9349725413,1558170.3840079163,792222.2297924499,83.10674764017926,10.0,17.08032391630678,0.044182101622815294
11.95948486634953,29.74650129761099,6.982139408382617,0.22397917409983847,69.77602082590016,0.31505492271732166,87.88758144095698,82.88758144095777,284.4537563963319,504175.80400763784,1473041.4061385556,1383458.9263430221,72.1124185592721,10.0,15.895225533139808,0.06562581072928321
10.53473105597482,29.316820724856882,5.8742728939649425,-0.0855481329655845,70.08554813296558,0.27752189293927343,81.87970929474801,76.87970929474892,289.0331643152428,466490.6837861992,1521003.207267803,1078112.686369288,78.12029070548107,10.0,16.505180375563157,0.05533424707847267
10.471437098917093,28.87728790868941,5.9161384123010174,0.3115818688755212,69.68841813112448,0.2758545073476579,81.59922599058262,76.5992259905837,289.2526634516657,464868.5212285134,1523154.0436488108,1082692.2528473062,78.40077400964645,10.0,16.5339975727656,0.05557186297179752
11.33213376296937,29.59519316790807,6.510773588777413,0.06793013535218506,69.93206986464781,0.29852828669571574,85.3111421569638,80.3111421569647,286.38739762703636,487293.8462141907,1494066.5080179558,1248934.1252093774,74.68885784326528,10.0,16.14962661730027,0.061263148529747645
10.057887477038102,29.910486285107453,5.284172907306795,-0.9588700686909988,70.958870068691,0.2649601548218678,79.7351305643819,74.73513056438071,290.72289286979924,454367.8504208222,1537261.8926177148,940280.6282532996,80.26486943584717,10.0,16.745353112624798,0.05008634895725465
10.034144707650135,29.717738699974518,5.305300229885768,-0.7814079150888347,70.78140791508883,0.2643346867136495,79.62640419335855,74.62640419335958,290.8092399836326,453770.0080475629,1538074.926989637,943181.1985134373,80.37359580687053,10.0,16.755728078485845,0.05022289917021694
7.071092312764914,29.998169005055523,1.5928189182834975,-3.573940945265747,73.57394094526575,0.18627745818664157,64.24514235049418,59.245142350493154,303.54518356994964,382563.1907312108,1643539.809156268,191418.1765326957,95.7548576497349,10.0,18.855544484058896,0.01538527195054628
12.728703385750354,28.578413275254128,7.813450203105456,1.6669055453359647,68.33309445466404,0.33531884577846033,90.91385861801973,85.91385861802013,282.2489328607657,525563.1095542782,1447395.6159805579,1604336.0351996743,69.08614138220935,10.0,15.636728066033072,0.07269608254671016
22.958924069825045,29.404735851095793,12.381142331416191,4.830753005260419,65.16924699473958,0.6048188637993953,122.07531227079477,117.07531227079363,268.03046915419793,933379.033333972,1092795.825113053,3969104.4616508093,37.92468772943431,10.0,11.681657610650802,0.11269354959050154
14.009688185426722,29.900749025194287,8.373391422360834,0.9147712757337558,69.08522872426624,0.36906449382051426,95.66634781069246,90.66634781069257,278.9567353890183,563075.0641239273,1404839.4312196698,1824803.1233341333,64.33365218953662,10.0,15.177630805231615,0.07831893048333614
11.745432030580185,27.99420818694449,7.206618011975895,1.8078899840643885,68.19211001593561,0.30941601766544213,87.01995752223468,82.01995752223542,285.0994488162764,498361.5889258904,1480201.8180734827,1411974.4755683911,72.9800424779944,10.0,16.001619073847564,0.06698390118914009
10.946923891944648,20.400201867225874,8.181021985487853,8.672361539271833,61.32763846072817,0.288380502949016,83.67653159752052,78.67653159752132,287.63833283112723,477157.30953747063,1507044.480979044,1551730.5901307634,76.32346840270856,10.0,16.435079632633062,0.07255270778405609
11.532104366594876,27.140853358148696,7.225943636343878,2.5292948139148166,67.47070518608518,0.3037962161905921,86.14358056078197,81.143580560783,285.75736205499237,492623.3270839332,1487351.238575502,1400930.0676601152,73.85641943944711,10.0,16.095273169573375,0.0668257649920929
10.465738513462911,29.990071935090043,5.656129336013904,-0.7904314233135779,70.79043142331358,0.27570438655065627,81.57391172606032,76.57391172606117,289.2724965001935,464722.6723448075,1523347.794635924,1032383.1501509304,78.42608827416876,10.0,16.540859166464372,0.053547490383583286
11.794202917424615,29.922792304131093,6.812821492407471,-0.023312957115990685,70.02331295711599,0.31070081447377806,87.21866187796041,82.21866187796115,284.95106708937044,499681.2938409859,1478569.2391227859,1338739.8701227258,72.78133812226866,10.0,15.957997251909774,0.06414679537319298
13.495095687424067,29.828373232147605,8.0602884641663,0.7898681453945642,69.21013185460544,0.35550831631781,93.79746246957501,88.7974624695762,280.22417809828426,547702.1022833055,1421926.1751033624,1716985.722162483,66.20253753065407,10.0,15.34699201529827,0.07545684202949976
8.699038092539217,28.702182126974876,4.101011907004188,-0.6867517270557073,70.68675172705571,0.22916327957163374,73.1811326642109,68.18113266420983,296.0315655946132,420938.1518025413,1584461.985443174,664734.8150806356,86.81886733601817,10.0,17.513834796646222,0.03879622613901422
10.975579950680473,29.884925793600758,6.140275368328922,-0.40037451934659885,70.4003745193466,0.28913540439095026,83.79958018125456,78.79958018125558,287.5435530341438,477905.65255653125,1506076.9558362772,1154842.4424351049,76.20041981897452,10.0,16.303022450659114,0.05796955673988731
10.017846161514367,29.928589990965108,5.240546440180352,-1.0021808529362488,71.00218085293625,0.2639053256457947,79.5516575513061,74.55165755130707,290.8686382761215,453359.9184387101,1538633.249786188,930024.6722354067,80.44834244892297,10.0,16.76645213155581,0.04968821554933788
11.653806714403476,29.64160480242065,6.764085236110467,0.18116515781383669,69.81883484218616,0.3070022843625784,86.64500081492889,81.64500081492974,285.3802473060911,495890.1950124436,1483270.8126602853,1319568.6723954114,73.35499918530019,10.0,16.017026068067082,0.06359559420341804
22.15685331872868,29.928503312452023,12.010464421141142,3.9339783550989296,66.06602164490107,0.5836894973321569,120.06548537988357,115.06548537988363,268.09742048710723,888874.3580815964,1122969.560688083,3706045.966201359,39.93451462034551,10.0,12.125126859950115,0.10999621918991866
14.211415649853345,16.68967495841604,11.144386853691367,12.912190138445567,57.08780986155443,0.37437870521215344,96.38512105715631,91.38512105715625,278.4795141873328,569219.8826199456,1398139.7464951284,2398316.6295531723,63.61487894307277,10.0,15.746778144725965,0.09611171868487982
12.145020459706519,29.419235760316212,7.198010800340207,0.6219758966451536,69.37802410335485,0.3199425832377903,88.63038774745837,83.63038774745905,283.90559300384206,509262.4942173956,1466844.4850013498,1439103.3066564987,71.36961225277071,10.0,15.829222377819292,0.06746452629082095
9.316211076950557,29.061764364087495,4.715681230358331,-0.5976161778510232,70.59761617785102,0.2454217881177702,76.24519717092386,71.24519717092494,293.5247115156876,435932.6392807652,1562841.2453371456,800314.3705396303,83.75480282930522,10.0,17.141432598811548,0.044582747060145735
10.93376241208507,29.659545366392294,6.154967512207835,-0.20205522771584583,70.20205522771585,0.28803378324776263,83.61993677635184,78.6199367763528,287.68195841435363,476813.90403966897,1507488.9760495794,1155183.1639917472,76.38006322387724,10.0,16.322038172463976,0.05802634148305487
9.886810503693427,29.296085628668408,5.256171411898838,-0.4533738975447932,70.4533738975448,0.26045338523955286,78.94743078253981,73.94743078253862,291.34988324892623,450071.91509499867,1543128.1790204127,926862.2899044453,81.05256921768927,10.0,16.828437046539136,0.049641573865346185
10.138173140553567,29.476672071335386,5.4625574586275505,-0.4770070461454452,70.47700704614545,0.2670751617637926,80.10138906263171,75.10138906263268,290.4324926429987,456393.40398670064,1534515.2105654334,978335.2927937763,79.89861093759737,10.0,16.700115648535473,0.05159945826650305
11.623026518866089,28.059401755098875,7.094510310200378,1.6902482425123253,68.30975175748767,0.30619142568140384,86.51855128317857,81.51855128317953,285.4751767421802,495062.26725447044,1484302.367583031,1381688.8801351963,73.48144871705051,10.0,16.047545570238356,0.06599628470643726
6.491068766366743,29.269234270863677,0.8286713796901806,-3.47850070181255,73.47850070181255,0.17099759658500377,60.69193001720106,55.69193001720231,306.60091434557336,369180.71891632245,1665560.9167179465,66765.1863510202,99.30806998302802,10.0,19.39655889939337,0.007998695800002708
12.271117408063823,29.926027921029842,7.179755314428215,0.1929377854551717,69.80706221454483,0.3232644206550006,89.13045724399592,84.1304572439966,283.53904946577757,512745.1617993973,1462637.333484541,1444892.0135887773,70.86954275623316,10.0,15.774004600328908,0.06749807053961283
8.66061221151526,29.953837357156516,3.7606060163216095,-2.001772459634708,72.00177245963471,0.22815100662579718,72.98511448240123,67.98511448240026,296.19329276551576,420013.9416356859,1585819.869984388,600426.1176672081,87.01488551782785,10.0,17.575352836975526,0.035912865526716395
11.164466986699718,27.862511375228245,6.760357245385573,1.6642904757434849,68.33570952425652,0.29411135370652575,84.60478092789458,79.60478092789543,286.9257743107601,482861.18660714146,1499708.0873483298,1286518.2197772362,75.3952190723345,10.0,16.232308135504468,0.06289929411868549
12.012908677858578,28.61919597089296,7.275814598351261,1.3286507866216084,68.67134921337839,0.31646229393726494,88.10233509159997,83.1023350916006,284.29482915931135,505635.94742015476,1471256.1837592116,1444587.8676753733,71.89766490862911,10.0,15.89137101159821,0.06785492283749099
11.218897345224352,29.866344432327097,6.353978702662308,-0.25384741602209715,70.2538474160221,0.295545240917396,84.83494304624367,79.83494304624458,286.7499765517184,484296.64668977907,1497875.468981139,1211258.4339716204,75.16505695398541,10.0,16.196351023445857,0.0599245948124514
10.88587714022729,29.98158189526147,6.039407008123596,-0.5438754386008782,70.54387543860088,0.28677231665509195,83.41360327016412,78.41360327016497,287.8411820016788,475566.0919285483,1509106.8189595952,1129979.1924399831,76.58639673006496,10.0,16.343373875281884,0.05707557905519294
12.156979880673909,29.61789079193079,7.162628056481581,0.4371067236656927,69.56289327633431,0.3202576364771841,88.67797999788866,83.67797999788934,283.8706212992111,509591.9051236308,1466445.3163091887,1433070.6738411363,71.32202000234042,10.0,15.821647621246427,0.06722071262845294
9.450776842435593,29.898009107162743,4.665621903339437,-1.3486454149744418,71.34864541497444,0.2489667239840778,76.89325236004981,71.89325236005084,292.99990033946625,439241.9349725413,1558170.3840074895,796057.9539949268,83.10674764017926,10.0,17.078685493668047,0.04434693433998285
11.443140323176701,29.9632966987556,6.519690904444227,-0.23399331111932042,70.23399331111932,0.30145259017852216,85.77456707311995,80.77456707312086,286.0360493760273,490246.4900826597,1490337.066401313,1257885.9845590782,74.22543292710913,10.0,16.100714872786227,0.061478752183365314
11.706454986927884,15.47168399749674,9.668360148959165,13.44982653934278,56.55017346065722,0.30838922515616135,86.86071727778813,81.86071727778875,285.2185738159698,497309.0095086947,1481507.0500864899,1916620.105987309,73.13928272244095,10.0,16.374294609942353,0.08309207639528476
10.53473105597482,29.885186497715743,5.744191965958115,-0.6464752597692609,70.64647525976926,0.27752189293927343,81.87970929474801,76.87970929474892,289.0331643152442,466490.6837861992,1521003.2072680525,1053067.5270158688,78.12029070548107,10.0,16.507060008856854,0.05432536241962163
12.191997553190365,28.041501592826123,7.540464846585931,1.9558972528510594,68.04410274714894,0.32118012521576306,88.81713351472246,83.81713351472308,283.7684734364454,510557.509566009,1465276.7177006484,1509365.482976522,71.18286648550662,10.0,15.836233088701363,0.07001432615209445
6.532835496749301,29.753069310957194,0.7808825079957522,-3.952354440838633,73.95235444083863,0.17209787926104586,60.95548972648669,55.95548972648692,306.37312564557965,370141.12710933015,1663953.8311231213,57633.26487192467,99.04451027374239,10.0,19.38494117782085,0.007563515754261089
12.07950263079605,29.910486285107453,7.0379343314453795,0.12146895526927892,69.87853104473072,0.31821661303466936,88.36904509585105,83.36904509585179,284.09795609621824,507461.17065377784,1469031.8501411132,1403014.9729607427,71.63095490437803,10.0,15.84680556022073,0.06619832425878756
10.034144707650135,29.943340300741454,5.253221771345648,-1.006619149615517,71.00661914961552,0.2643346867136495,79.62640419335855,74.62640419335958,290.80923998362886,453770.0080475629,1538074.9269895721,933223.9050651739,80.37359580687053,10.0,16.758080418424356,0.04980997734537443
24.311669543551886,27.457550158850154,13.207280194630188,7.393517918417388,62.60648208158261,0.6404549405572151,125.34549797182257,120.34549797182149,268.4233661864821,1016175.6565798697,1040299.523493132,4518355.923190568,34.65450202840651,10.0,10.86292897525243,0.11813688424218441
8.130318826595971,28.831727235952215,3.367823876503193,-1.2888600009640072,71.28886000096401,0.21418121250252822,70.21198556144418,65.21198556144304,298.49735194432725,407360.6895316097,1604719.3624322645,516379.552359673,89.7880144387849,10.0,17.911947369376435,0.03199759612427635
11.621734771962734,29.953462953787955,6.667861172425685,-0.13607259640446046,70.13607259640446,0.3061573965216737,86.51323919668175,81.51323919668266,285.47916724308715,495027.54691452946,1484345.6650821017,1298636.6093703597,73.48676080354733,10.0,16.02711132610682,0.06283220714838816
8.963662644770533,26.123969644063862,5.004825567778837,2.115352209777768,67.88464779022223,0.23613442162198453,74.51395219554422,69.51395219554519,294.9361235247465,427331.80274936295,1575149.6074760843,841924.3206394395,85.48604780468486,10.0,17.29642317718998,0.04641873634117976
10.977377250687447,27.99420818694449,6.5702963142861845,1.44432665419248,68.55567334580752,0.2891827515987209,83.80728984923229,78.80728984923326,287.53761780948855,477952.61852033244,1506016.2847020114,1238078.741323239,76.19271015099679,10.0,16.309418753749185,0.061225400531151955
10.31434887939019,29.96267516127731,5.519950873642989,-0.8532257882183103,70.85322578821831,0.27171625077424105,80.89765297124615,75.89765297124603,289.8037012034369,460859.993947905,1528501.4552394836,998248.3124826384,79.10234702898293,10.0,16.615223570225282,0.052281704857827294
10.373137913741049,29.96869732787183,5.57422080670575,-0.824006179586604,70.8240061795866,0.2732649608467083,81.16112847585799,76.16112847585669,289.59642689400727,462357.2604947938,1526498.6449628437,1011728.1425044846,78.83887152437109,10.0,16.58610409761684,0.052784701411548916
11.794202917424615,29.77172133409401,6.846841513667116,0.12246683755512322,69.87753316244488,0.31070081447377806,87.21866187796041,82.21866187796115,284.9510670893597,499681.2938409859,1478569.2391222862,1345380.194613432,72.78133812226866,10.0,15.959642485901497,0.06440046264615902
11.556264940714616,29.93484994755203,6.618925170101022,-0.1501460708104787,70.15014607081048,0.3044326907459066,86.24343311762095,81.24343311762186,285.6821184460457,493270.45147571404,1486540.809191116,1284699.1090886185,73.75656688260813,10.0,16.05405276518428,0.06237731373545124
10.264544377645896,28.702182126974876,5.761717068497077,0.3657640195237377,69.63423598047626,0.27040422491164107,80.67357505960575,75.67357505960678,289.9802919405646,459594.2259481743,1530199.7050054339,1042038.0872543389,79.32642494062333,10.0,16.632497502535387,0.05410058188374145
12.414969565760483,29.884925793600758,7.295980668090731,0.2956037636859037,69.7043962363141,0.3270539927755659,89.69632655354087,84.69632655354144,283.12675932516254,516743.9982380946,1457841.7862138296,1478519.9458534245,70.30367344668821,10.0,15.721306319932296,0.06854084485046491
10.017846161514367,29.349732878949645,5.374085218802415,-0.4247070968717708,70.42470709687177,0.2639053256457947,79.5516575513061,74.55165755130707,290.8686382761307,453359.9184387101,1538633.249786582,955541.6518707635,80.44834244892297,10.0,16.76058398576447,0.050744843404124974
12.248407551025554,29.915278960750356,7.1651055804646,0.1931099092552131,69.80689009074479,0.32266616309340235,89.04067662625988,84.0406766262605,283.60470718073054,512116.3914831344,1463394.7830141084,1440329.3866277325,70.9593233739692,10.0,15.78268676218596,0.06736026377554954
9.809722509819386,28.694504740794514,5.317238086474786,0.09819123049487644,69.90180876950512,0.25842261617016293,78.58919940849063,73.58919940849171,291.6361033204316,448144.9669450792,1545777.808965167,934941.0635989192,81.41080059173845,10.0,16.862634397531167,0.0500218322098859
9.26164014037049,16.436098824370887,7.338665434592347,11.739903110935018,58.26009688906498,0.24398419758615622,75.98041881190494,70.98041881190494,293.7396990983078,434594.85604918754,1564739.5710008151,1319553.610702584,84.01958118832414,10.0,17.13369098272682,0.0637757759868358
10.842859783287718,29.419235760316212,6.129473585736223,-0.0156024184154262,70.01560241841543,0.28563908807396515,83.22767329024373,78.22767329024447,287.9848920808771,474447.25376224937,1510561.066328,1144865.1017623928,76.77232670998535,10.0,16.363132329661255,0.057709506412523356
9.316211076950557,29.482436438270206,4.617718083034313,-1.0228882551407992,71.0228882551408,0.2454217881177702,76.24519717092386,71.24519717092494,293.5247115156861,435932.6392807652,1562841.2453370374,781842.8407078043,83.75480282930522,10.0,17.14940650120144,0.04378935506528577
11.791278205675628,29.659545366392294,6.869771840103168,0.2292647684773783,69.77073523152262,0.31062376727280366,87.20676301168106,82.20676301168186,284.95994417477687,499602.07015649165,1478667.1231050685,1349650.016129167,72.79323698854802,10.0,15.96205531419838,0.06456723840713756
13.449403372139335,23.219647385306004,9.452359719457291,6.884502190958074,63.115497809041926,0.3543046199193713,93.62898462489909,88.62898462489909,280.3402435582137,546357.4089993766,1423443.5221012991,1984648.3665106231,66.37101537532999,10.0,15.592485011306849,0.08484075566436669
11.498455284954904,29.296085628668408,6.715905624975128,0.44021028279780694,69.5597897172022,0.3029097809524474,86.00425560855842,81.00425560855933,285.8624694653521,491723.2230960149,1488480.2641883285,1299713.6452250595,73.99574439167066,10.0,16.083123843838337,0.06302687291061672
10.138173140553567,29.87908703678763,5.369876103649393,-0.8775342741211034,70.8775342741211,0.2670751617637926,80.10138906263171,75.10138906263268,290.4324926430012,456393.40398670064,1534515.2105656196,960590.2885679558,79.89861093759737,10.0,16.703590778243324,0.050869117541618686
10.558626863458304,29.861954214457356,5.7715482764563095,-0.6097378373584661,70.60973783735847,0.27815139260954436,81.98527875384502,76.98527875384605,288.9506688096983,467104.177102535,1520191.7279993938,1059644.5581070036,78.01472124638406,10.0,16.495538989565603,0.054569785886939
6.491068766366743,29.94106981163307,0.6632380370751232,-4.210625895894793,74.2106258958948,0.17099759658500377,60.69193001720106,55.69193001720231,306.60091434555284,369180.71891632245,1665560.916717833,38323.04450340047,99.30806998302802,10.0,19.44334904579148,0.006436175734630012
11.187168075671114,29.942527198685475,6.309714519739909,-0.3446600182241468,70.34466001822415,0.2947093802863834,84.7008743268907,79.7008743268915,286.8523348677871,483459.45933907264,1498943.6234781968,1200671.4426326507,75.29912567333838,10.0,16.209749667487642,0.05954559275566993
13.395230943889338,21.897311267301212,9.687577884674846,8.071061515573547,61.92893848442645,0.3528775274997191,93.42868933410136,88.42868933410244,280.4786033244012,544767.336400646,1425242.5822611607,2026425.0085492057,66.57131066612772,10.0,15.664149202472402,0.08625994579935112
8.66061221151526,28.853818170066972,4.019811585317272,-0.8719327650590003,70.871932765059,0.22815100662579718,72.98511448240123,67.98511448240026,296.19329276551576,420013.9416356859,1585819.869984388,648576.501339777,87.01488551782785,10.0,17.543162795220383,0.038078361933894515
12.052645364654841,27.862511375228245,7.4746312225058675,2.067251650134722,67.93274834986528,0.3175090981205174,88.26161220831352,83.26161220831392,284.1771905440465,506724.37325423345,1469928.792471416,1486186.0097332029,71.73838779191556,10.0,15.889880919241023,0.06934900119084025
23.893814896719558,28.61919597089296,12.838301737895904,6.098219915140419,63.90178008485958,0.6294471785226438,124.35075277836881,119.35075277836773,268.2300962197859,989474.5211465352,1056747.4353259932,4316016.787692846,35.649247221860264,10.0,11.096950681829696,0.1158476238580335
11.218897345224352,29.91226982543624,6.343555119442293,-0.29864139879526874,70.29864139879527,0.295545240917396,84.83494304624367,79.83494304624458,286.7499765517178,484296.64668977907,1497875.4689811678,1209233.8851731678,75.16505695398541,10.0,16.19615476901498,0.0598453532712969
8.071143633670927,29.45548600656005,3.142725673353903,-1.9899740727786366,71.98997407277864,0.212622329654134,69.89431767000718,64.8943176700082,298.7631168429449,405959.74300057907,1606848.1651134726,474225.2043850961,90.1056823302219,10.0,17.97957712256749,0.030009709488304365
7.741214247032877,29.61789079193079,2.6615951296368654,-2.4683702530281266,72.46837025302813,0.20393082842552362,68.09088107579777,63.09088107579669,300.2785629483168,398185.5825557356,1618797.6907952633,382770.4525772625,91.90911892443131,10.0,18.245240766352197,0.025503294810879006
9.450776842435593,29.63097947411549,4.727816400566551,-1.0787960950278261,71.07879609502783,0.2489667239840778,76.89325236004981,71.89325236005084,292.9999003394702,439241.9349725413,1558170.3840075387,807822.6377586438,83.10674764017926,10.0,17.07378451940798,0.04485133851161707
25.241983705559754,29.74650129761099,13.01065928030718,6.135651719057648,63.86434828094235,0.6649626898198038,127.51316767654902,122.51316767655027,269.10566241689844,1079671.9211088987,1002856.933455904,4815145.731762656,32.48683232368006,10.0,9.903796139696226,0.11737303911881494
8.334881479856755,29.316820724856882,3.5128733306020554,-1.6150236967914111,71.61502369679141,0.21957011274648985,71.29713383703421,66.29713383703415,297.5922748250305,412220.1150180339,1597392.0273698424,546943.8868511189,88.70286616319487,10.0,17.780900091373383,0.03345389109525539
11.098161446998553,29.881890341373108,6.247281929583625,-0.3321024908262302,70.33210249082623,0.29236463242883437,84.32328230854034,79.32328230854142,287.14126460018025,481117.0840365468,1501942.1075674486,1183034.556647749,75.67671769168874,10.0,16.248759175298005,0.05895114043433122
10.897472592367503,22.742628186597734,7.655168138423622,6.444579226607743,63.55542077339226,0.28707778167459175,83.46362843681464,78.4636284368155,287.8025536385773,475868.02128882357,1508714.9641890514,1443663.040544896,76.53637156341443,10.0,16.40421153465394,0.06891485683649401
10.132323717055591,29.962858571058703,5.344871097962757,-0.9646481932283564,70.96464819322836,0.2669210673618438,80.07477677364727,75.07477677364818,290.4535684529862,456245.6191644577,1534715.1946548976,955513.4140016108,79.9252232265818,10.0,16.707374333287646,0.0506637728881596
10.034144707650135,29.951179303431218,5.251411251107122,-1.01444939284994,71.01444939284994,0.2643346867136495,79.62640419335855,74.62640419335958,290.8092399836388,453770.0080475629,1538074.926989894,932877.658820556,80.37359580687053,10.0,16.7581645931528,0.049795598399312385
11.637599406739353,27.457550158850154,7.240373126880549,2.2733125338614855,67.72668746613851,0.30657532683718003,86.57844960354981,81.57844960355072,285.43019469683037,495454.10625082813,1483813.941265068,1410990.3962311004,73.42155039667927,10.0,16.050502405111274,0.06707890624611726
9.22886991462662,28.578413275254128,4.732909065317512,-0.1706653039137791,70.17066530391378,0.24312091450544307,75.82086360279675,70.82086360279567,293.8694058747812,433792.6673095599,1565880.70447856,800279.1630931124,84.17913639743233,10.0,17.183587029106718,0.04460984215401656
11.690141091577125,29.953462953787955,6.722950739765359,-0.10284182297067446,70.10284182297067,0.30795945973596217,86.79395084872556,81.7939508487263,285.2685766923207,496869.00500073814,1482053.4903444084,1314028.527556174,73.20604915150352,10.0,15.99937422993088,0.06333636935860248
11.165076354785782,29.900749025194287,6.300364305200655,-0.3154002867331087,70.31540028673311,0.29412740660658016,84.60736225724008,79.60736225724094,286.9238007189828,482877.23847556725,1499687.5641167082,1197477.4154371265,75.392637742989,10.0,16.219490306649277,0.05944497629729308
11.267912792271133,27.99420818694449,6.817943333457153,1.587004238364159,68.41299576163584,0.29683648030219,85.04150371265536,80.04150371265598,286.5925105542409,485592.19921713485,1496226.1372176216,1304316.1752220206,74.95849628757372,10.0,16.18887681150278,0.06346948832662402
11.532104366594876,29.990183398504755,6.586700876803295,-0.2157494540097673,70.21574945400977,0.3037962161905921,86.14358056078197,81.143580560783,285.75736205499544,492623.3270839332,1487351.2385756262,1276809.1651759816,73.85641943944711,10.0,16.063571332424942,0.06210258039174174
12.61684984887534,29.96869732787183,7.424623346888287,0.3027425347083863,69.69725746529161,0.33237222994929766,90.48234912212979,85.48234912213024,282.5585688302894,522403.2568999678,1451118.125375562,1519347.9572917982,69.51765087809929,10.0,15.646283370462982,0.06974582983395669
24.35670480290748,29.920972803923163,12.708135085897347,5.292410654478374,64.70758934552163,0.6416413277899757,125.45191240577117,120.45191240577003,268.44823637333667,1019117.737381707,1038513.6554807083,4435688.648935372,34.54808759445791,10.0,10.648893776226828,0.11530476098553923
11.662611526544541,29.828373232147605,6.729056867833678,0.0048438721215120495,69.99515612787849,0.3072342341028593,86.68112691366946,81.68112691367043,285.35314789441117,496127.2394761278,1482975.785385813,1313341.5150984684,73.31887308655962,10.0,16.011672742355415,0.06334543853695687
8.699038092539217,29.62361442960532,3.8842947171280198,-1.6310572886158639,71.63105728861586,0.22916327957163374,73.1811326642109,68.18113266420983,296.0315655946082,420938.1518025413,1584461.9854430088,624438.8819805101,86.81886733601817,10.0,17.53961452070513,0.03699528168721881
10.975579950680473,26.580421799946706,6.8856388294716835,2.8108631882915347,67.18913681170847,0.28913540439095026,83.79958018125456,78.79958018125558,287.54355303414576,477905.65255653125,1506076.9558366404,1298826.537262339,76.20041981897452,10.0,16.321327621708804,0.0635538772989055
12.156334007222231,29.26723746582166,7.240586199617795,0.7723895810299268,69.22761041897007,0.32024062189731906,88.67541064218273,83.67541064218318,283.8725088457637,509574.1103808641,1466466.8727562297,1448253.9961038886,71.32458935804635,10.0,15.827415429006237,0.06779151634240575
22.349525637405367,29.915278960750356,12.076881488239591,4.046940022291267,65.95305997770873,0.5887651643152099,120.55331959261486,115.55331959261378,268.0622300782764,899281.7144709801,1115780.4699281957,3762662.052973529,39.446680407614224,10.0,12.015810127149962,0.11051832575206336
11.388729451866736,29.928503312452023,6.48248640082218,-0.2275606831704522,70.22756068317045,0.3000192163294714,85.54783174735041,80.54783174735127,286.2077626607274,488797.4204418885,1492164.5432746003,1247097.4501599092,74.45216825287866,10.0,16.12374984281064,0.06112512898607095
12.90683538178063,16.436098824370887,10.37309708234476,12.863702692111929,57.13629730788807,0.3400114694884254,91.59530953705513,86.59530953705541,281.7633502770281,530631.8594346266,1441470.8408036085,2136381.9419931504,68.40469046317395,10.0,16.044721020854524,0.08948811405240115
11.944848385146527,29.419235760316212,7.044223753604616,0.531770131200858,69.46822986879914,0.3146693462894238,87.82862196485098,82.82862196485172,284.497451867701,503776.40411586175,1473530.628546129,1394532.226076394,72.1713780353781,10.0,15.905209712050862,0.066065245060227
11.642677700796979,29.039901847276454,6.890557195626677,0.7565457542207241,69.24345424577928,0.3067091069756844,86.59930969032706,81.5993096903278,285.41453548769283,495590.713138766,1483643.7521225964,1343425.2186146828,73.40069030990202,10.0,16.027803774164397,0.06452151197121328
12.845284081954032,29.659545366392294,7.656175787412182,0.69175502826306,69.30824497173694,0.33838999162154987,91.3606329527509,86.36063295275119,281.9300973008668,528875.2896832672,1443517.6269957037,1582961.5269785824,68.63936704747817,10.0,15.571685498431123,0.07172338586204302
11.384891434052545,23.219647385306004,7.960986162704033,6.189735970043273,63.81026402995673,0.2999181094323642,85.53180819540609,80.53180819540688,286.2199113930328,488695.33774144726,1492293.4883452542,1534022.7697133399,74.468191804823,10.0,16.22078557353393,0.07179204074096304
9.886810503693427,29.92218434204095,5.111461533750292,-1.0796083719164926,71.07960837191649,0.26045338523955286,78.94743078253981,73.94743078253862,291.3498832489385,450071.91509499867,1543128.1790208058,899272.4276015444,81.05256921768927,10.0,16.83584376227941,0.04849114355814454
7.280753170359592,29.301903681757764,2.079273380826983,-2.600532211362122,72.60053221136212,0.19180066307585858,65.47633547272699,60.47633547272591,302.49450188817747,387429.4901845913,1635724.9254390986,276640.625531065,94.52366452750209,10.0,18.622903652848834,0.01994256119600371
11.623026518866089,29.932029529530666,6.673745100854824,-0.11468585980924217,70.11468585980924,0.30619142568140384,86.51855128317857,81.51855128317953,285.47517674217863,495062.26725447044,1484302.3675826727,1299871.176445016,73.48144871705051,10.0,16.026772905823975,0.0628780973332965
10.809153033767346,27.531115973975247,6.527236563674434,1.8089688188738933,68.1910311811261,0.284751133660889,83.08160495504166,78.08160495504251,288.0979447646932,473571.9707051077,1511701.1452137725,1219577.903211423,76.91839504518742,10.0,16.383935184495556,0.06066874411330712
11.915862958245008,29.924864312036163,6.908068946461379,0.03204700619568257,69.96795299380432,0.3139057681307958,87.71170368609512,82.7117036860958,284.58418079809076,502986.25232516683,1474499.6262425398,1365882.43433254,72.28829631413396,10.0,15.909981914299749,0.06501805333096371
10.530924985346688,21.897311267301212,7.511404177753195,7.09284843808922,62.90715156191078,0.27742162764348494,81.86287811818636,76.86287811818738,289.0463228733914,466393.0221204911,1521132.4850217903,1394840.2098053333,78.13712188204272,10.0,16.555654362685857,0.06732463794672898
9.67532718537584,29.604763962031356,4.969500856515225,-0.899883523623771,70.89988352362377,0.2548821703207545,77.95965807312183,72.95965807312291,292.1406839309819,444798.3146651587,1550406.9123915301,862886.2481629088,82.04034192710725,10.0,16.94662007597941,0.04708385911070985
12.372846920126204,27.862511375228245,7.71460075879086,2.2002491618380304,67.79975083816197,0.32594433403915185,89.5311328896646,84.53113288966534,283.2468424345756,515570.1879580592,1459245.5975302486,1557030.6935149897,70.46886711056447,10.0,15.775958190171309,0.07150890535090837
10.130006115721924,28.61919597089296,5.65150861536545,0.36881806773999415,69.63118193226,0.2668600135859306,80.0642295769378,75.06422957693667,290.4619224607834,456187.07437966636,1534794.4361088518,1014067.4965161467,79.93577042329127,10.0,16.698182269370648,0.05306461431414642
12.914229849306643,29.866344432327097,7.6585588245754765,0.5241261536081083,69.47587384639189,0.34020626578784624,91.62344673039422,86.62344673039445,281.7433916914708,530843.2521467893,1441224.979541134,1589024.396668345,68.37655326983486,10.0,15.543041025055402,0.07183075563871041
10.88587714022729,27.225501766071098,6.6634199248101496,2.1439329975965506,67.85606700240345,0.28677231665509195,83.41360327016412,78.41360327016497,287.84118200167745,475566.0919285483,1509106.8189598646,1250447.3161754333,76.58639673006496,10.0,16.35315455486125,0.061789514137936215
12.202259237477133,29.61789079193079,7.1969084454102585,0.45728106420506265,69.54271893579494,0.32145045409581485,88.85785555584545,83.85785555584602,283.7386104233214,510840.7778758796,1464934.319210756,1443122.5582441285,71.14214444438363,10.0,15.804651285528394,0.06753279099483948
13.372632344047764,28.61058946101015,8.247614166105041,1.884235562832714,68.11576443716729,0.3522822008442509,93.34495694187177,88.34495694187285,280.5365637913087,544105.3558819229,1425993.1179431584,1743049.0683798033,66.65504305835731,10.0,15.421960431692298,0.07661874218562086
11.443140323176701,29.92705637865705,6.527893398911712,-0.19878263635604299,70.19878263635604,0.30145259017852216,85.77456707311995,80.77456707312086,286.0360493760338,490246.4900826597,1490337.066401467,1259482.8779012894,74.22543292710913,10.0,16.100958528184435,0.06154069194525746
11.294669599157682,29.316820724856882,6.542375225669954,0.3195491722060524,69.68045082779395,0.29754134876600846,85.15398244065085,80.15398244065165,286.5068877290068,486300.58797411405,1495326.1719364845,1252655.4117501527,74.84601755957823,10.0,16.167154373534288,0.06145080456858334
11.587311306281784,29.95705944352129,6.639158108003021,-0.15640754637598775,70.15640754637599,0.3052505612824495,86.37151779174474,81.37151779174559,285.585705876633,494103.0366931762,1485499.683014677,1290722.1913192587,73.62848220848434,10.0,16.04113823735895,0.06257077470735682
10.897472592367503,29.98291843106277,6.049344362531142,-0.5388440191983364,70.53884401919834,0.28707778167459175,83.46362843681464,78.4636284368155,287.80255363858697,475868.02128882357,1508714.9641892137,1132585.8260935629,76.53637156341443,10.0,16.33810981161571,0.057167442508275865
10.132323717055591,29.90377050748957,5.358496951778165,-0.9057514825245789,70.90575148252458,0.2669210673618438,80.07477677364727,75.07477677364818,290.45356845298085,456245.6191644577,1534715.1946546151,958123.3191112726,79.9252232265818,10.0,16.706819528209166,0.05077155655627137
10.034144707650135,29.911004740465287,5.26068943135309,-0.9743231375909431,70.97432313759094,0.2643346867136495,79.62640419335855,74.62640419335958,290.80923998362783,453770.0080475629,1538074.9269897682,934651.9726478453,80.37359580687053,10.0,16.757734933705308,0.04986926787240332
7.071092312764914,26.599819389347495,2.4130046659488897,0.040514506251554394,69.95948549374845,0.18627745818664157,64.24514235049418,59.245142350493154,303.54518356995544,382563.1907312108,1643539.809156995,336518.19073830335,95.7548576497349,10.0,18.672681549618403,0.02270959369790754
9.22886991462662,29.95163547953684,4.412695621270434,-1.561591270917745,71.56159127091775,0.24312091450544307,75.82086360279675,70.82086360279567,293.8694058747878,433792.6673095599,1565880.7044787107,740006.4452415411,84.17913639743233,10.0,17.211349342722087,0.04200698239052211
11.452119772799849,29.953462953787955,6.529328810934839,-0.21993870112959257,70.21993870112959,0.3016891404847168,85.81190876385051,80.8119087638513,286.0078041181636,490485.9661835149,1490035.575408242,1260351.0740157084,74.18809123637857,10.0,16.097032252813392,0.061563482544142324
11.165076354785782,29.956944480725795,6.287598059039931,-0.37027786006865426,70.37027786006865,0.29412740660658016,84.60736225724008,79.60736225724094,286.92380071898566,482877.23847556725,1499687.5641167264,1194998.924582085,75.392637742989,10.0,16.219291292338312,0.05934769586430634
9.27368511731055,27.99420818694449,4.917213230832822,0.44859706780869146,69.55140293219131,0.2443015046709839,76.03895993936288,71.03895993936169,293.6921386484291,434889.9253699232,1564320.36043531,836670.2594426041,83.9610400608662,10.0,17.14757903859038,0.0461439157141368
12.60297858499187,29.96267516127731,7.415946229441542,0.30256113733815937,69.69743886266184,0.33200681203877425,90.42863970170231,85.42863970170282,282.597223618302,522012.6120971719,1451579.8947697694,1516560.2076281402,69.57136029852677,10.0,15.651401231204147,0.06966440776193995
10.465738513462911,29.924738058187593,5.671122063879011,-0.725744158736461,70.72574415873646,0.27570438655065627,81.57391172606032,76.57391172606117,289.27249650019064,464722.6723448075,1523347.7946358526,1035269.4004452405,78.42608827416876,10.0,16.540525269632383,0.05366464601692259
11.859720746335086,29.920972803923163,6.864943688813616,0.009453390430792297,69.99054660956921,0.312426784676899,87.48464474500173,82.48464474500241,284.75291155566305,501458.8145212061,1476377.1209291725,1353496.4433582723,72.51535525522735,10.0,15.932078385199475,0.06462252428117529
12.160163944159336,29.828373232147605,7.117892778957626,0.23683453971568724,69.76316546028431,0.3203415159156833,88.69064507984035,83.69064507984098,283.86131782503077,509679.63862142287,1466339.0474833976,1424555.8845826136,71.30935492038873,10.0,15.81726770984227,0.06689567548512182
8.699038092539217,29.96508927074528,3.8037334731378434,-1.9822151203774752,71.98221512037748,0.22916327957163374,73.1811326642109,68.18113266420983,296.03156559459984,420938.1518025413,1584461.9854425008,609457.8033470568,86.81886733601817,10.0,17.54977755193869,0.036319605970871506
10.975579950680473,29.96791235913851,6.121373347558227,-0.48170663607481856,70.48170663607482,0.28913540439095026,83.79958018125456,78.79958018125558,287.54355303414525,477905.65255653125,1506076.9558364837,1151180.3204659887,76.20041981897452,10.0,16.302915267953097,0.057824585765816686
13.029778971390925,29.26723746582166,7.871481916682664,1.1366466057741604,68.86335339422584,0.3432502363380117,92.06159155355931,87.06159155355965,281.4335518504916,534156.8778072299,1437383.8055290056,1640294.5312569698,67.93840844666977,10.0,15.517475006283007,0.07350940517871143
11.654603310145369,29.915278960750356,6.70300428256074,-0.08310905740677299,70.08310905740677,0.30702326949803393,86.64827007195152,81.64827007195237,285.37779453102,495911.63719485607,1483244.1197500157,1307716.4898386134,73.35172992827756,10.0,16.01410026656299,0.06313960491000756
11.236026073918811,29.928503312452023,6.354386860180873,-0.30560774214274034,70.30560774214274,0.2959964719156694,84.90720242626827,79.90720242626918,286.69485858875146,484749.0717916357,1497298.9970722338,1212417.4224429342,75.09279757396081,10.0,16.188708998891173,0.05995051128391673
11.34479211694402,16.436098824370887,9.236726646956553,12.474595388785872,57.52540461121413,0.2988617522904115,85.36415644680989,80.36415644681068,286.34712877278315,487629.815595485,1493641.0094900664,1799758.8139538455,74.63584355341919,10.0,16.431849730367674,0.07988660888327667
10.842859783287718,29.955241384016766,6.007292912923303,-0.5416261120693662,70.54162611206937,0.28563908807396515,83.22767329024373,78.22767329024447,287.98489208087943,474447.25376224937,1510561.066328109,1121245.085671866,76.77232670998535,10.0,16.362974223255492,0.05677117391494434
9.316211076950557,29.570242872898078,4.597244484959314,-1.1117752583051015,71.1117752583051,0.2454217881177702,76.24519717092386,71.24519717092494,293.5247115157017,435932.6392807652,1562841.2453374253,777981.6841766618,83.75480282930522,10.0,17.151131911556604,0.04362293534574589
23.011859123243717,29.659545366392294,12.344806710007274,4.640455805478439,65.35954419452156,0.6062133594110568,122.2060454898147,117.20604548981481,268.0335669105749,936428.9755957549,1090780.9064988843,3975541.764709791,37.79395451041438,10.0,11.62951707118765,0.11250966985086895
11.441119899015359,23.219647385306004,8.006449964762266,6.2115475731964125,63.78845242680359,0.3013993650952413,85.76616201263852,80.76616201263926,286.04240832174617,490192.61981323716,1490404.9072904743,1546636.2485848584,74.23383798759056,10.0,16.20140870323712,0.07219133428688276
9.886810503693427,28.708802712661694,5.391492554308597,0.13217528540087642,69.86782471459912,0.26045338523955286,78.94743078253981,73.94743078253862,291.3498832489373,450071.91509499867,1543128.179020659,952642.4517990272,81.05256921768927,10.0,16.822435749480235,0.05070815633556674
9.334940643143472,29.584404642092544,4.614247117907465,-1.1128423923448736,71.11284239234487,0.24591519080989124,76.33580912821179,71.33580912821282,293.45121334508013,436392.34694563015,1562190.2686374804,781893.6779454802,83.66419087201729,10.0,17.140371805952782,0.043784606508782034
11.623026518866089,29.35732014056415,6.803330242366426,0.44103179588535113,69.55896820411465,0.30619142568140384,86.51855128317857,81.51855128317953,285.4751767421719,495062.26725447044,1484302.3675826953,1325113.5643012684,73.48144871705051,10.0,16.03223258773886,0.06384695706143997
7.238962754154677,29.746156587070686,1.909363223965201,-3.1185672452323843,73.11856724523238,0.1906997564318935,65.23304455495531,60.23304455495645,302.7017711108874,386458.0890852511,1637276.960425164,246539.74814438468,94.76695544527377,10.0,18.68462817753033,0.01838182580880645
13.707393057225909,29.924864312036163,8.176883007629176,0.7800796854753003,69.2199203145247,0.3611009762177531,94.57476183028501,89.57476183028615,279.6924936904203,553992.792627622,1414876.920156427,1758670.3497811507,65.42523816994407,10.0,15.274500553261475,0.07655363721767654
12.170072292372803,21.897311267301212,8.84370639775394,7.70297131236515,62.29702868763485,0.32060253668000005,88.7300413346133,83.73004133461399,283.83238652440224,509952.7374797168,1466008.3686660067,1762543.3389880934,71.26995866561577,10.0,16.005547629865248,0.07894085470178104
9.915513177321312,29.95733005275143,5.132124402042534,-1.0962736723066087,71.09627367230661,0.26120951468180487,79.08028674925038,74.08028674925129,291.2439032977526,450790.77559544705,1542142.635413773,904530.1857522752,80.9197132509787,10.0,16.820923694613782,0.048692972517324594
8.038147617409937,27.19745401013288,3.6344007692507314,0.3213550467115738,69.67864495328843,0.21175309845653154,69.71643804061478,64.71643804061375,298.91209020222715,405179.4776961942,1608037.028597627,563604.6439846386,90.2835619596143,10.0,17.922445486246716,0.034136531069118375
6.227885984606595,25.914385295020047,1.1878910023778264,-0.17889850640170835,70.17889850640171,0.16406443584316635,59.00155756921225,54.001557569211116,308.0658917021418,363137.5922451614,1675771.347597402,134965.4237086343,100.99844243101683,10.0,19.458068697395504,0.011197073581143654
12.198560455243406,29.866344432327097,7.138478599979788,0.21769061232942022,69.78230938767058,0.3213530151539359,88.84318037826199,83.84318037826279,283.74937073486774,510738.65902187023,1465057.7327024406,1431417.155002113,71.15681962196709,10.0,15.80219217248731,0.06709824837057758
11.93905065907642,29.45548600656005,7.031584518191106,0.49429895369928545,69.50570104630071,0.3145166137796739,87.80525249717465,82.80525249717527,284.51477867749315,503618.2711298009,1473724.4320230805,1391651.3570415638,72.19474750305443,10.0,15.906951399823242,0.06596418429015623
10.381493222194353,29.954060595827315,5.585459549543622,-0.8045148629458367,70.80451486294584,0.27348506907782805,81.19848506159133,76.19848506159235,289.5670708925047,462570.33684729354,1526214.1539100676,1014326.3111774013,78.80151493863775,10.0,16.58189204572591,0.05288376525163982
9.450776842435593,23.891256815683917,6.036296700257071,4.632490945640768,65.36750905435923,0.2489667239840778,76.89325236004981,71.89325236005084,292.99990033946494,439241.9349725413,1558170.3840074013,1056154.5682038888,83.10674764017926,10.0,17.013975703782137,0.0550173782991955
11.443140323176701,23.224835600034808,8.006977246558613,6.207445932579674,63.792554067420326,0.30145259017852216,85.77456707311995,80.77456707312086,286.0360493760247,490246.4900826597,1490337.066401223,1546872.8034224736,74.22543292710913,10.0,16.200597759011544,0.07219810028237986
11.490685496547865,29.316820724856882,6.7048674806773585,0.41637049305808205,69.58362950694192,0.3027050973800807,85.97204182641713,80.97204182641792,285.8867914303163,491515.5752098242,1488741.016783184,1297050.043995368,74.02795817381195,10.0,16.08610442192247,0.06293389906890688
11.587311306281784,23.26577156730312,8.113467093023594,6.2240424280787465,63.77595757192125,0.3052505612824495,86.37151779174474,81.37151779174559,285.5857058766438,494103.0366931762,1485499.6830149496,1577407.27384919,73.62848220848434,10.0,16.150661754541886,0.07315006097628889
10.897472592367503,29.96525331411948,6.0533732590775315,-0.5215007580562201,70.52150075805622,0.28707778167459175,83.46362843681464,78.4636284368155,287.80255363858856,475868.02128882357,1508714.964189293,1133365.7963948778,76.53637156341443,10.0,16.338113784720008,0.05719844718584652
10.132323717055591,29.950069470714283,5.347820596941264,-0.9518989603400314,70.95189896034003,0.2669210673618438,80.07477677364727,75.07477677364818,290.45356845298556,456245.6191644577,1534715.1946549327,956078.3904976896,79.9252232265818,10.0,16.707253464381836,0.05068711170010475
11.72726484199336,29.717738699974518,6.805789371550871,0.14277944304689072,69.85722055695311,0.3089374299787503,86.94578430683032,81.945784306831,285.1549130996052,497870.7493401909,1480810.1307283218,1332734.0810388534,73.05421569339876,10.0,15.98682982943501,0.06400511135405482
7.071092312764914,29.684464150977185,1.6691858105033333,-3.237335939557056,73.23733593955706,0.18627745818664157,64.24514235049418,59.245142350493154,303.5451835699552,382563.1907312108,1643539.809156886,204881.93515484434,95.7548576497349,10.0,18.837180860904937,0.016083462048940067
11.488658997158382,28.578413275254128,6.869397715520375,1.128646288346829,68.87135371165317,0.3026517122539089,85.96363725406098,80.96363725406178,285.8931382441982,491461.42875005153,1488809.0290266126,1328866.1167991522,74.0363627461681,10.0,16.094104969186674,0.06415485538406106
12.07283450889932,29.953462953787955,7.023173237050067,0.07713608072958777,69.92286391927041,0.31804095123549314,88.3423881312471,83.34238813124767,284.11760774186445,507278.1517086089,1469254.5269308183,1399643.1069263336,71.65761186898197,10.0,15.84877323416822,0.06608025894055117
11.165076354785782,25.244539082057507,7.342314365232185,4.178920493625185,65.82107950637482,0.29412740660658016,84.60736225724008,79.60736225724094,286.92380071897577,482877.23847556725,1499687.5641164142,1399128.1138551047,75.392637742989,10.0,16.263080023384873,0.06713010987088626
11.328844727545235,27.99420818694449,6.86878057093676,1.6161007055285381,68.38389929447146,0.2984416419269029,85.29736023681255,80.29736023681346,286.39786934832404,487206.5813811002,1494177.0753059783,1318135.1520910664,74.70263976341653,10.0,16.16425975852877,0.06392968768270194
11.71758400053438,20.400201867225874,8.804126258324935,8.939929070220785,61.060070929779215,0.3086824025430553,86.9062246023347,81.90622460233556,285.18451129255885,497609.35914831713,1481134.3249287154,1724009.3270395123,73.09377539789438,10.0,16.189376390610676,0.0779393597389672
12.4796445626008,29.96267516127731,7.326172904277405,0.24950707069365308,69.75049292930635,0.32875775981561645,89.94916050536739,84.94916050536779,282.9434153292307,518550.9409590007,1455687.0123807436,1489390.1455766824,70.05083949486169,10.0,15.696215045514862,0.06884695997625974
10.465738513462911,29.991550076774764,5.655790084357765,-0.791895189981517,70.79189518998152,0.27570438655065627,81.57391172606032,76.57391172606117,289.2724965001918,464722.6723448075,1523347.7946359788,1032317.8354455784,78.42608827416876,10.0,16.540866849883855,0.05354483818135388
25.37357509643983,28.573603849066146,13.295503000615232,7.268440064625793,62.73155993537421,0.6684292701907225,127.81470063004372,122.8147006300427,269.23202365626565,1089139.6893801566,997463.0388127259,4925434.976670037,32.18529937018536,10.0,9.86261328451343,0.11902633819468347
13.662511515687513,29.828373232147605,8.169242172380537,0.8534898916190627,69.14651010838094,0.35991863845330646,94.4111801263,89.41118012630108,279.8038602805796,552656.9433943577,1416367.1337921787,1753166.57274241,65.58881987392908,10.0,15.291989109967346,0.07644249266378059
8.699038092539217,23.833727485603532,5.220874952323935,4.2274136222632706,65.77258637773673,0.22916327957163374,73.1811326642109,68.18113266420983,296.0315655946135,420938.1518025413,1584461.985443049,874404.4391118502,86.81886733601817,10.0,17.415987186418192,0.04771803949568158
11.950806428109876,29.884925793600758,6.944289939614476,0.08678385797412602,69.91321614202587,0.3148263021103761,87.85262891395223,82.8526289139528,284.4796568169213,503938.9541871868,1473331.4751181775,1375444.00742642,72.14737108627685,10.0,15.896834633068408,0.0653335829946885
11.720535815446262,29.26723746582166,6.901792359654077,0.5740936640701193,69.42590633592988,0.30876016373672976,86.9182894285209,81.91828942852169,285.1754832717625,497689.04821519344,1481035.470957218,1350975.3238136177,73.08171057170819,10.0,15.994451235484803,0.06471006617925011
11.44185959605754,29.915278960750356,6.529501099340358,-0.18798262183668157,70.18798262183668,0.3014188513186918,85.7692393145827,80.76923931458356,286.0400800955333,490212.34168609604,1490380.0699152704,1259711.9258461182,74.23076068564637,10.0,16.101572884298776,0.061551122864626884
10.640795196466849,29.928503312452023,5.8315726252025915,-0.6284194893763129,70.62841948937631,0.28031599569196125,82.34695076144385,77.34695076144476,288.6685513246611,469218.2455661037,1517403.579835548,1075763.8206409449,77.65304923878523,10.0,16.456764526399184,0.055144659064666736
12.963424285861846,29.089151812166904,7.865050338529179,1.2783043148584738,68.72169568514153,0.3415022203862446,91.8103373599103,86.81033735991048,281.61101047333415,532251.6356033192,1439589.449512773,1633543.4285073176,68.18966264031877,10.0,15.544388890682399,0.07337616326008747
9.793707218881668,29.039901847276454,5.221382892759334,-0.2567261661633893,70.25672616616339,0.2580007170411398,78.51451515484393,73.51451515484274,291.6958579055527,447745.31307633175,1546328.7819911032,915979.5170768441,81.48548484538514,10.0,16.874928476071773,0.049244052336700726
10.93376241208507,29.811077018307813,6.120462621753804,-0.3505401735834539,70.35054017358345,0.28803378324776263,83.61993677635184,78.6199367763528,287.68195841435704,476813.90403966897,1507488.976049727,1148504.8637507686,76.38006322387724,10.0,16.321844878233037,0.057762015066977375
11.778414521784974,23.219647385306004,8.272887213360905,6.338340937743567,63.66165906225643,0.31028489256546293,87.15440265517145,82.15440265517219,284.99902000043187,499253.7487430145,1479097.6725164722,1621841.9333586278,72.84559734505763,10.0,16.088450509481277,0.07452951052258494
12.557527270593194,29.777084771483715,7.424407506243355,0.4598938453322603,69.54010615466774,0.3308094644518755,90.25234602458545,85.25234602458585,282.72427936280616,520734.47247312986,1453093.1661915148,1514675.243035974,69.74765397564363,10.0,15.671341168299648,0.06966625962519785
10.138173140553567,29.986909574924297,5.345014214734134,-0.9849943870632387,70.98499438706324,0.2670751617637926,80.10138906263171,75.10138906263268,290.4324926429921,456393.40398670064,1534515.21056536,955827.7843765938,79.89861093759737,10.0,16.70459471295061,0.05067249927929394
11.623026518866089,29.973945658286468,6.6642802691913925,-0.15527951314550137,70.1552795131455,0.30619142568140384,86.51855128317857,81.51855128317953,285.4751767421819,495062.26725447044,1484302.3675830779,1298025.5664260192,73.48144871705051,10.0,16.02640677038636,0.06280703515103196
7.238962754154677,28.911283320850735,2.1114109206557985,-2.2295737211422875,72.22957372114229,0.1906997564318935,65.23304455495531,60.23304455495645,302.70177111087827,386458.0890852511,1637276.9604247834,282423.29794617515,94.76695544527377,10.0,18.639792216979572,0.02019659560092654
11.187168075671114,29.966972378529377,6.30416221304004,-0.36852512941464965,70.36852512941465,0.2947093802863834,84.7008743268907,79.7008743268915,286.8523348677922,483459.45933907264,1498943.623478243,1199593.1605180555,75.29912567333838,10.0,16.209658348656944,0.05950330013538062
10.096879817075616,21.897311267301212,7.110727434845159,6.899322539946525,63.100677460053475,0.2659873502917707,79.91327975796634,74.9132797579673,290.58155026482564,455350.8343148737,1535927.4187114565,1293879.0638216222,80.08672024226274,10.0,16.72813837533812,0.06381676715025399
10.550137925858667,29.95733005275143,5.741873981278014,-0.7088744436127854,70.70887444361279,0.27792776411640324,81.9477956259318,76.9477956259305,288.97995179586303,466886.1675630957,1520479.9707805822,1053461.2133909669,78.05220437429728,10.0,16.499966794364525,0.054327616762666876
8.330048313665431,29.60071813997589,3.439502318534743,-1.9131680584037554,71.91316805840376,0.21944279013871,71.27172354255993,66.27172354255873,297.61341854236923,412104.99910210975,1597564.5970679037,533334.4815406123,88.72827645766915,10.0,17.794213303849006,0.03282545508826706
11.218897345224352,29.954788444876797,6.333902850757325,-0.340121858454836,70.34012185845484,0.295545240917396,84.83494304624367,79.83494304624458,286.74997655171046,484296.64668977907,1497875.4689809608,1207358.8869275127,75.16505695398541,10.0,16.19597782880686,0.05977193090013121
10.88587714022729,29.99177889913419,6.037080859814205,-0.5538895502140804,70.55388955021408,0.28677231665509195,83.41360327016412,78.41360327016497,287.841182001676,475566.0919285483,1509106.8189594438,1129528.9094221692,76.58639673006496,10.0,16.3433733493427,0.057057667613137825
24.49164662260913,29.61789079193079,12.812577172850528,5.655192637041807,64.34480736295819,0.6451961702478697,125.76985215738563,120.76985215738569,268.5275743386886,1028010.4490012426,1033146.825989129,4501241.965683095,34.23014784284345,10.0,10.561686287088548,0.11596478419251328
9.450776842435593,29.890009735881655,4.667486144262636,-1.3405559704690404,71.34055597046904,0.2489667239840778,76.89325236004981,71.89325236005084,292.9999003394785,439241.9349725413,1558170.384007914,796410.652418857,83.10674764017926,10.0,17.078535839794426,0.044362081575941306
10.826099697345033,29.74650129761099,6.040014027282443,-0.34578069005414136,70.34578069005414,0.2851975684232095,83.15508533950003,78.15508533950106,288.0410563333738,474011.8819271354,1511127.885453896,1126595.3729081254,76.84491466072905,10.0,16.3705770095022,0.0570008488632982
10.53473105597482,25.144342260642127,6.814189205107927,3.983656002636394,66.0163439973636,0.27752189293927343,81.87970929474801,76.87970929474892,289.0331643152519,466490.6837861992,1521003.2072683158,1258889.388595804,78.12029070548107,10.0,16.51636624053407,0.062385443084450286
6.487188592259779,29.881890341373108,0.6711753462397736,-4.150993493694443,74.15099349369444,0.17089537914277605,60.66738121883111,55.66738121882992,306.6221401207557,369091.51712318574,1665710.3962113627,39775.76240065747,99.33261878139797,10.0,19.443398499452087,0.006510358286760917
10.054680110877738,29.753069310957194,5.317348354884676,-0.8038060798211291,70.80380607982113,0.2648756615088972,79.7204539959219,74.72045399592281,290.7345448298379,454287.05792395456,1537371.7033784364,946471.666961913,80.27954600430718,10.0,16.74542344690161,0.0503450032381017
10.132323717055591,26.141885434293748,6.216264243720819,2.807417191424122,67.19258280857588,0.2669210673618438,80.07477677364727,75.07477677364818,290.4535684529874,456245.6191644577,1534715.1946548522,1122185.95334357,79.9252232265818,10.0,16.690158410262256,0.05737698070898815
11.26337936693344,29.717738699974518,6.425299922194016,-0.08615989708920324,70.0861598970892,0.296717053923431,85.02242683588321,80.02242683588406,286.60704113316234,485472.2581409476,1496378.6454246663,1227925.466850319,74.97757316434587,10.0,16.178011306991607,0.06052505301618701
22.999728113402888,27.457550158850154,12.798281427441369,6.538018192265781,63.46198180773422,0.6058937859168305,122.17610613877349,117.1761061387723,268.03277260682944,935728.744850471,1091242.9279099365,4059511.6537094126,37.82389386145559,10.0,11.799363364909311,0.1151422317579149
11.20031671184751,28.578413275254128,6.62962460779923,0.9889469542374059,69.0110530457626,0.2950557616398185,84.75646652504895,79.75646652504969,286.8098768237345,483806.25122526684,1498500.932196949,1263517.6271235584,75.24353347518013,10.0,16.211742465863438,0.061976520662818946
11.690141091577125,29.97203131571699,6.718761435791093,-0.1208035205660849,70.12080352056608,0.30795945973596217,86.79395084872556,81.7939508487263,285.26857669232066,496869.00500073814,1482053.4903444087,1313211.146817229,73.20604915150352,10.0,15.99919861230785,0.06330497953977332
11.165076354785782,29.985162544348455,6.28118639647604,-0.3978400848883439,70.39784008488834,0.29412740660658016,84.60736225724008,79.60736225724094,286.92380071897344,482877.23847556725,1499687.5641162987,1193753.9745286878,75.392637742989,10.0,16.219194380269528,0.059298809888006204
8.496947861157178,29.95950210279382,3.5612923864878656,-2.142900018452906,72.1429000184529,0.2238395116216327,72.1429603014036,67.14296030140457,296.8898726134603,416089.0033602754,1591620.2643223307,559448.4685187647,87.85703969882547,10.0,17.688194095747633,0.03404407549311139
12.170979629010464,20.400201867225874,9.145028650128879,9.082200273798435,60.917799726201565,0.3206264391204021,88.73364778177637,83.73364778177705,283.82973869532077,509977.75236700644,1465978.0885261067,1823399.0468284243,71.26635221845271,10.0,16.05723977715496,0.08088050760758755
11.532104366594876,23.351520072166466,8.051400085571865,6.122498747300654,63.877501252699346,0.3037962161905921,86.14358056078197,81.143580560783,285.7573620549922,492623.3270839332,1487351.238575504,1561504.8001233,73.85641943944711,10.0,16.167296095937104,0.07264057624321418
12.067137751714125,29.924738058187593,7.02524945766958,0.10212685716066972,69.89787314283933,0.3178908786015312,88.31960575138197,83.31960575138271,284.1344074926122,507121.8391599063,1469444.774114525,1399636.1889219629,71.68039424884711,10.0,15.851351942240171,0.06608807690567946
10.510490778073578,29.920972803923163,5.713566659137841,-0.6959085246130599,70.69590852461306,0.27688331870583716,81.77243729611519,76.77243729611621,289.11705791073985,465868.94550563075,1521826.6857875478,1045851.5860345383,78.2275627041139,10.0,16.518863039545693,0.054054782058784306
12.528620500761466,29.268628054053067,7.516663564049597,0.9312947160315161,69.06870528396848,0.3300479583972989,90.13997890457858,85.13997890457904,282.80540359216207,519923.06629888195,1454055.7728039834,1530489.576588376,69.8600210956505,10.0,15.691641182543094,0.07029749789312734
13.18364462110446,29.988415091394884,7.816987188333589,0.5175482373208524,69.48245176267915,0.34730359908072866,92.64059035134488,87.64059035134494,281.02688895628216,538599.7676249273,1432270.8333862838,1642452.8169292437,67.3594096488842,10.0,15.447330413486554,0.07332008922330484
10.92500434356801,29.45958614692274,6.192776478938646,-0.010968102306208038,70.01096810230621,0.2878030648990519,83.5822489134078,78.5822489134087,287.71102113024915,476585.49612163083,1507784.7991165933,1161973.7892715903,76.41775108682128,10.0,16.326280045509463,0.0583035902838895
12.674232022311855,29.26723746582166,7.621989217476972,0.9932005676337781,69.00679943236622,0.3338838783538423,90.70407002607124,85.70407002607158,282.3992639542787,524022.1098967416,1449208.2054845374,1562552.938332336,69.29592997415784,10.0,15.640116925207735,0.07125142659280101
11.654603310145369,29.94701180225482,6.695842550010514,-0.11381985464686295,70.11381985464686,0.30702326949803393,86.64827007195152,81.64827007195237,285.37779453102803,495911.63719485607,1483244.1197502036,1306319.7189243326,73.35172992827756,10.0,16.01381018062773,0.06308590498950012
11.388729451866736,23.50540348319778,7.90328663506837,5.921931256102141,64.07806874389786,0.3000192163294714,85.54783174735041,80.54783174735127,286.2077626607298,488797.4204418885,1492164.543274674,1522951.7725925387,74.45216825287866,10.0,16.21323332488282,0.07140162689647712
13.788701107384021,28.357879928389153,8.572341743771274,2.2699894136448506,67.73001058635515,0.36324291642212914,94.87010226783434,89.87010226783428,279.4921477294627,556421.0498548897,1412177.2461273202,1843539.6884515705,65.12989773239474,10.0,15.298203015455726,0.0794208589593176
12.503248817505138,29.039901847276454,7.549067877577775,1.1379342090216937,68.8620657909783,0.32937957896483505,90.04119553285034,85.0411955328508,282.8768108610246,519211.83521894057,1454900.7750790927,1534849.751490346,69.95880446737874,10.0,15.705283593761067,0.07049783823435299
9.886810503693427,29.976677683247203,5.098846740911215,-1.1342113442237292,71.13421134422373,0.26045338523955286,78.94743078253981,73.94743078253862,291.3498832489283,450071.91509499867,1543128.1790203862,896865.9721305266,81.05256921768927,10.0,16.836538041915674,0.048390373629136944
12.012132139022103,29.301903681757764,7.12259713278675,0.6748918045307164,69.32510819546928,0.31644183717128826,88.09921860726001,83.09921860726064,284.2971329171237,505614.6974661511,1471282.1276466,1414668.1671537461,71.90078139296907,10.0,15.881146726509485,0.06673274611029335
11.623026518866089,29.786493830893306,6.706593748715662,0.026191747135555943,69.97380825286444,0.30619142568140384,86.51855128317857,81.51855128317953,285.47517674217664,495062.26725447044,1484302.3675828683,1306274.4444140359,73.48144871705051,10.0,16.028078079050545,0.06312441194055964
13.526022289029568,28.911283320850735,8.28239106098058,1.6600572580745734,68.33994274192543,0.35632303185009395,93.91125651944918,88.91125651944918,280.1459490158205,548614.0937814673,1420899.206511943,1763279.870874004,66.0887434807799,10.0,15.363542033371743,0.07706279427178718
10.572910533929683,28.880264095854457,6.008978677847313,0.3654358565978555,69.63456414340214,0.27852767476105594,82.04829851870534,77.0482985187063,288.9014546750489,467471.1723387644,1519706.8075755434,1106147.1210918229,77.95170148152374,10.0,16.48653663908351,0.05642241616525076
10.550137925858667,29.689645513394723,5.803188928158291,-0.4444713065753376,70.44447130657534,0.27792776411640324,81.9477956259318,76.9477956259305,288.9799517958588,466886.1675630957,1520479.9707804355,1065274.8518652094,78.05220437429728,10.0,16.4989791833583,0.05480437104420046
11.141272346750515,27.862511375228245,6.740670485774797,1.6530115657388365,68.34698843426116,0.29350032525686287,84.50644928209942,79.50644928210028,287.0009883238126,482250.51001021685,1500489.3808159756,1281235.8210172362,75.49355071812965,10.0,16.241850270445582,0.06272108757492281
11.218897345224352,29.96258810034685,6.332132031308603,-0.34773204648917044,70.34773204648917,0.295545240917396,84.83494304624367,79.83494304624458,286.74997655171285,484296.64668977907,1497875.4689809987,1207014.8695806453,75.16505695398541,10.0,16.19594586735508,0.05975845608099823
10.81279307735188,29.45548600656005,6.094502232993107,-0.06744975286261479,70.06744975286261,0.2848470252200179,83.09739527445475,78.09739527445566,288.08571706528164,473666.43503095553,1511578.0012647898,1136347.0268387822,76.90260472577432,10.0,16.376691542424624,0.05740137602794112
13.697332278946385,29.942099280677354,8.166620018030043,0.7601560663929945,69.239843933607,0.36083593990901963,94.53812737314388,89.53812737314513,279.7174098208809,553693.0653666826,1415210.9695042847,1755752.3220239903,65.4618726270852,10.0,15.277277785679757,0.07646830679428944
9.450776842435593,29.951221961761554,4.653219060836386,-1.4024662802476655,71.40246628024767,0.2489667239840778,76.89325236004981,71.89325236005084,292.9999003394694,439241.9349725413,1558170.3840076628,793711.3419337053,83.10674764017926,10.0,17.079685477699,0.04424611523234314
11.966435878260565,29.74650129761099,6.987536562287703,0.22718571126785037,69.77281428873215,0.31523803683510443,87.91556323124269,82.9155632312436,284.433028251232,504365.57839747076,1472809.0887284868,1385010.4031825538,72.0844367689864,10.0,15.892535008022094,0.0656750466952244
10.53473105597482,29.986279311006484,5.721019034224431,-0.7464176608108346,70.74641766081083,0.27752189293927343,81.87970929474801,76.87970929474892,289.03316431524456,466490.6837861992,1521003.2072680895,1048602.4791032663,78.12029070548107,10.0,16.507482216665665,0.05414479821819516
10.086684497050959,29.95156014235677,5.30293387448036,-0.981817540980046,70.98181754098005,0.2657187696799515,79.86674821038048,74.86674821038054,290.61845155172915,455093.6743114059,1536276.2529287348,945259.6589117324,80.1332517898486,10.0,16.73082121254572,0.05027242196320399
23.11263981134153,29.753069310957194,12.357325117045908,4.61890819189756,65.38109180810244,0.6088682774326009,122.45430293253469,117.45430293253588,268.0421157128028,942275.9683999397,1086936.3964604824,4003999.705132157,37.54569706769439,10.0,11.55759840602542,0.11264043082900876
11.93905065907642,29.92400386802698,6.926352432876402,0.04369567632448934,69.95630432367551,0.3145166137796739,87.80525249717465,82.80525249717527,284.51477867748355,503618.2711298009,1473724.432022782,1371101.4038529934,72.19474750305443,10.0,15.900931456621379,0.06518474706553244
7.144648586092489,29.717738699974518,1.773812397736855,-3.1912171662806372,73.19121716628064,0.18821518930696757,64.68012935524388,59.680129355242684,303.1734691976336,384268.4496331913,1640789.9208548728,222909.21997801212,95.3198706449852,10.0,18.770002793476465,0.017085865312302016
12.059118828468316,27.457550158850154,7.569293360198124,2.4548448189246415,67.54515518107536,0.3176796319406827,88.28752314107788,83.28752314107857,284.15807221680495,506901.8799800731,1469712.5847825967,1505065.4995205086,71.7124768591512,10.0,15.895224964574936,0.07003742222073338
11.98981488903058,28.578413275254128,7.267137161291768,1.35746570122285,68.64253429877715,0.31585392226107956,88.00958912016671,83.00958912016762,284.3634211110905,505004.3165724602,1472027.803101014,1441217.4778646077,71.99041088006237,10.0,15.900643355375848,0.06776026876518236
11.690141091577125,29.81573158381476,6.754014097669696,0.030337365798004612,69.969662634202,0.30795945973596217,86.79395084872556,81.7939508487263,285.26857669231765,496869.00500073814,1482053.490344464,1320087.6418249998,73.20604915150352,10.0,16.000703584848736,0.06356887578293176
12.678263168818994,29.900749025194287,7.483944408355988,0.3934306159239327,69.60656938407607,0.33399007294043714,90.71961820579924,85.71961820579946,282.3881089707873,524136.0086425616,1449074.0504282399,1535818.574508123,69.28038179442984,10.0,15.62557395955372,0.07025795506666722
12.235145989794159,27.99420818694449,7.583299092759189,2.0188246173802327,67.98117538261977,0.32231680689657954,88.98819181149202,83.98819181149247,283.6431206007358,511749.53287331894,1463837.1503665966,1520954.791638644,71.01180818873706,10.0,15.821751279393823,0.0703810495992895
11.836402623622494,29.803426531526732,6.873042051751836,0.11180323079622667,69.88819676920377,0.31181250325665155,87.3901047386218,82.39010473862254,284.823281779401,500825.5716003235,1477157.1705012994,1353441.9781066228,72.60989526160728,10.0,15.942614238158455,0.06465179075441788
10.465738513462911,29.928406521666247,5.670280344438826,-0.7293757332276414,70.72937573322764,0.27570438655065627,81.57391172606032,76.57391172606117,289.27249650018877,464722.6723448075,1523347.7946358107,1035107.3732090496,78.42608827416876,10.0,16.540543721944005,0.053658071509148184
11.794202917424615,29.988630656797582,6.7979879229332365,-0.08687983309130232,70.0868798330913,0.31070081447377806,87.21866187796041,82.21866187796115,284.9510670893693,499681.2938409859,1478569.2391224536,1335843.3723532383,72.78133812226866,10.0,15.957297878503027,0.06403602763829515
11.556264940714616,29.924946674794484,6.621163110733776,-0.1405447658870571,70.14054476588706,0.3044326907459066,86.24343311762095,81.24343311762186,285.68211844603644,493270.45147571404,1486540.809190912,1285135.2164065777,73.75656688260813,10.0,16.054132423304054,0.06239414729884894
8.699038092539217,29.992886108881507,3.79717025033855,-2.0108291877465945,72.0108291877466,0.22916327957163374,73.1811326642109,68.18113266420983,296.03156559460876,420938.1518025413,1584461.9854429087,608237.1816679798,86.81886733601817,10.0,17.55061946811304,0.03626441064017407
10.92500434356801,29.35301688562275,6.217007548290052,0.09330116479480921,69.90669883520519,0.2878030648990519,83.5822489134078,78.5822489134087,287.7110211302507,476585.49612163083,1507784.7991167721,1166659.2475612967,76.41775108682128,10.0,16.326493983062846,0.05848842778803673
21.69332177971256,29.257221560692273,11.995181829138318,4.285349203726923,65.71465079627308,0.5714784451979072,118.87840237566576,113.87840237566468,268.22980199404526,864528.9976214238,1140120.3473965474,3602758.8931461335,41.12159762456332,10.0,12.425253229899965,0.10959049015663105
11.270726963228793,29.915278960750356,6.38670388156549,-0.2748224750139343,70.27482247501393,0.2969106154696731,85.05334303302902,80.05334303302988,286.583493965835,485666.6657904953,1496131.4700288356,1220894.2689304394,74.94665696720006,10.0,16.173883175024173,0.06024221296286121
11.388729451866736,29.82479846337263,6.505968479608661,-0.12673621102771904,70.12673621102772,0.3000192163294714,85.54783174735041,80.54783174735127,286.2077626607308,488797.4204418885,1492164.5432746117,1251665.6907002332,74.45216825287866,10.0,16.12440035923163,0.06130260251849592
11.467428470326258,16.436098824370887,9.333581898373033,12.508922945656195,57.491077054343805,0.3020924254564346,85.87552129184616,80.87552129184701,285.95971030371527,490894.45922812633,1489521.6390644193,1826798.43479071,74.12447870838292,10.0,16.398331963710746,0.08070625035349037
21.839537431614993,29.419235760316212,12.01083772801657,4.216191430440119,65.78380856955988,0.5753302800741568,119.25493126105619,114.25493126105619,268.18086616106484,872105.242988094,1134731.8923196828,3636738.943933162,40.74506873917289,10.0,12.33596425199346,0.10978579993869914
8.139650881339639,29.039901847276454,3.330455734651903,-1.496715409614751,71.49671540961475,0.21442705166858902,70.26192629567765,65.26192629567879,298.45560385949835,407581.8132616364,1604384.0294686325,509699.27035332186,89.73807370455143,10.0,17.9126673957727,0.03168975947017113
12.149470950540678,29.659545366392294,7.1475972249297435,0.39384283570865364,69.60615716429135,0.32005982482983875,88.64810241831123,83.64810241831185,283.8925737920865,509385.0569520468,1466695.9375373195,1429578.824538688,71.35189758191785,10.0,15.823841817988693,0.06710019102768203
11.561805726650299,29.296085628668408,6.767562392560901,0.47083158736000996,69.52916841263999,0.3045786545482165,86.26631075091638,81.26631075091711,285.66488917885323,493418.9563627399,1486354.9786993435,1314006.8288342098,73.7336892493127,10.0,16.05745405877991,0.06349789902858141
11.529287006380914,29.301903681757764,6.739783468864174,0.44952405243640214,69.5504759475636,0.30372199700687336,86.13192672198181,81.13192672198261,285.76614844056957,492547.91155635734,1487445.7549898701,1306418.0562733395,73.86807327824727,10.0,16.070548001837608,0.06324679162082524
7.523079047672519,29.861954214457356,2.2969687321582613,-2.9431166220905425,72.94311662209054,0.1981843795488019,66.86706332743682,61.867063327436824,301.31312537722505,393077.4549631864,1626778.1844214601,315786.59661491023,93.13293667279225,10.0,18.4392399717118,0.022085242104196004
7.238962754154677,29.989013262939544,1.850441329511119,-3.377971860624939,73.37797186062494,0.1906997564318935,65.23304455495531,60.23304455495645,302.701771110873,386458.0890852511,1637276.9604245373,236082.11424853635,94.76695544527377,10.0,18.6980738751584,0.017848197492366928
9.83905933945113,29.924864312036163,5.062690310487615,-1.1133292526253058,71.1133292526253,0.25919545151346496,78.72577303769975,73.72577303770089,291.52690536419703,448877.65488240897,1544768.9877147751,887810.3162660105,81.27422696252933,10.0,16.86159625203868,0.048040052849590655
14.374624651054685,21.897311267301212,10.28790289934422,8.333170983468221,61.66682901653178,0.3786782047169306,96.96114020120785,91.96114020120905,278.1013935514807,574241.9923067166,1392717.633933586,2232961.9848251264,63.038859799021225,10.0,15.413306552999131,0.09144459269603838
11.813766519094976,29.689645513394723,6.880783774513133,0.21083469812811018,69.78916530187189,0.31121618859575806,87.29819825985953,82.29819825986027,284.8917568266474,500211.5001519337,1477914.5483285652,1353368.2737651074,72.70180174036955,10.0,15.952840656321143,0.06467918426264105
10.879543267432403,27.862511375228245,6.514598904017553,1.5227673911140869,68.47723260888591,0.286605460153646,83.38626103141365,78.3862610314145,287.8623018079854,475401.2284224577,1509320.8900882874,1221369.4785493321,76.61373896881543,10.0,16.351925552448733,0.06067295051079169
9.865675031970007,28.956253405687654,5.313327437840414,-0.12759691702399323,70.127596917024,0.25989660252818775,78.84941900458415,73.84941900458517,291.4281267836386,449543.05865932646,1543854.2410256418,936771.8794403233,81.15058099564493,10.0,16.83593088311443,0.050065227466967704
9.908319182163213,29.45548600656005,5.240922479435077,-0.598933827490896,70.5989338274909,0.26101999953011623,79.04701461041111,74.04701461041213,291.27043600737926,450610.5303439139,1542389.5997160873,924952.7179208017,80.95298538981797,10.0,16.81884783430519,0.0495489208791778
10.381493222194353,26.22158562323957,6.4336991462121205,2.8622620644805465,67.13773793551945,0.27348506907782805,81.19848506159133,76.19848506159235,289.56707089249284,462570.33684729354,1526214.1539097682,1177107.5135890301,78.80151493863775,10.0,16.576709593794305,0.0593612854098322
22.264609584084177,28.61058946101015,12.32115205542123,5.13480752803946,64.86519247196054,0.5865281766091722,120.33871649907707,115.33871649907593,268.07628087691296,894673.515757005,1118953.3718676283,3790322.795417867,39.66128350115201,10.0,12.158642834086436,0.1119141329443222
10.349778401645153,28.91905627537374,5.792852056918673,0.20097895666248178,69.79902104333752,0.272649589084435,81.05657014062388,76.05657014062479,289.67863474394176,461761.91802157747,1527294.2206550383,1052480.7387138344,78.9434298596052,10.0,16.592136107278577,0.05445645901300598
10.96569930462428,29.316820724856882,6.260855547637876,0.15026675912713472,69.84973324087287,0.28887511339895366,83.75717967967825,78.7571796796791,287.5762015682919,477647.5209637979,1506410.5197856387,1177586.8228091488,76.24282032055083,10.0,16.30857908974218,0.05887715005369006
11.587311306281784,29.640947537573368,6.7105209122453315,0.14969168767305518,69.85030831232694,0.3052505612824495,86.37151779174474,81.37151779174559,285.58570587665025,494103.0366931762,1485499.683015191,1304626.1448718065,73.62848220848434,10.0,16.043894167735516,0.0631060650953885
10.897472592367503,23.198077045422053,7.5582220226798915,6.012309744850313,63.98769025514969,0.28707778167459175,83.46362843681464,78.4636284368155,287.8025536385828,475868.02128882357,1508714.9641891252,1424612.7460680224,76.53637156341443,10.0,16.396380127849113,0.06824218570142124
10.132323717055591,26.20398265422466,6.202304666626681,2.7466915640171123,67.25330843598289,0.2669210673618438,80.07477677364727,75.07477677364818,290.4535684529854,456245.6191644577,1534715.1946548817,1119511.825479841,79.9252232265818,10.0,16.690141581595356,0.0572723277423353
11.26337936693344,29.969138168398274,6.368287020560439,-0.3311049639692101,70.33110496396921,0.296717053923431,85.02242683588321,80.02242683588406,286.6070411331677,485472.2581409476,1496378.6454249085,1216848.6026500184,74.97757316434587,10.0,16.17677743291398,0.06009255258132297
12.601197851755163,27.457550158850154,7.969656406625343,2.6730730169035724,67.32692698309643,0.3319599012580391,90.42174155451733,85.42174155451772,282.6021900577049,521962.4821406762,1451639.1769167767,1624584.2734665426,69.57825844571175,10.0,15.707196713697783,0.0736298509812773
12.690095104831832,28.578413275254128,7.786005189026969,1.6514638328632714,68.34853616713673,0.3343017677774455,90.76523303902388,85.76523303902417,282.35539513912585,524470.44772248,1448680.3016460591,1595879.8572965544,69.2347669612052,10.0,15.649979270243136,0.07244858150423626
9.316227914018798,29.953462953787955,4.507810460897471,-1.5001895018166351,71.50018950181664,0.24542223166540564,76.24527868751608,71.2452786875171,293.5246453779183,435933.05240893894,1562840.6600103364,761111.6435666847,83.754721312713,10.0,17.15890030620301,0.0428935263087001
10.53779718261347,29.900749025194287,5.743456506447154,-0.6600841017121866,70.66008410171219,0.2776026655061504,81.89326503340703,76.89326503340811,289.02256770440016,466569.36971284024,1520899.0680411777,1053092.9129413047,78.10673496682205,10.0,16.50565293260547,0.05432367919594015
8.496947861157178,29.856640558715505,3.5856590737171596,-2.0365383376778823,72.03653833767788,0.2238395116216327,72.1429603014036,67.14296030140457,296.88987261345204,416089.0033602754,1591620.264321606,563955.7651420578,87.85703969882547,10.0,17.684766785197382,0.03425074183256406
11.850765226193573,29.96267516127731,6.848510209260908,-0.034988613216341946,70.03498861321634,0.3121908647574703,87.44835210983877,82.44835210983956,284.77991769073674,501215.5317518024,1476676.6878843205,1349657.878805945,72.55164789039031,10.0,15.935140454355633,0.06448817154673424
12.662310925010946,29.924738058187593,7.4671541777579895,0.36387817883451135,69.63612182116549,0.3335698346947035,90.65806882382446,85.65806882382492,282.43227986771484,523685.4162468243,1449604.9491239714,1531265.1392358819,69.34193117640461,10.0,15.630805031067041,0.07011499780087523
11.794202917424615,29.949615043910384,6.806778778499624,-0.049207760966112346,70.04920776096611,0.31070081447377806,87.21866187796041,82.21866187796115,284.9510670893704,499681.2938409859,1478569.2391227859,1337560.016818458,72.78133812226866,10.0,15.957711031353085,0.06410168411379331
11.843354423498443,29.828373232147605,6.8729049522049825,0.09102525925385407,69.90897474074615,0.31199563813220343,87.41830419586256,82.41830419586336,284.80228458412296,501014.2882361934,1476924.5997946458,1353902.5762607362,72.58169580436652,10.0,15.939588653980195,0.06466003003957209
8.699038092539217,29.974934351667613,3.801409001357151,-1.9923491465104348,71.99234914651043,0.22916327957163374,73.1811326642109,68.18113266420983,296.0315655946016,420938.1518025413,1584461.9854429106,609025.5030696562,86.81886733601817,10.0,17.550075489367146,0.03630006021897354
10.92500434356801,29.965640954927217,6.077543169763881,-0.5068748325655292,70.50687483256553,0.2878030648990519,83.5822489134078,78.5822489134087,287.7110211302493,476585.49612163083,1507784.7991166483,1139674.160734336,76.41775108682128,10.0,16.325658953890866,0.05742084517695011
10.017846161514367,29.984779307005255,5.227564995225318,-1.0583294029271997,71.0583294029272,0.2639053256457947,79.5516575513061,74.55165755130707,290.8686382761213,453359.9184387101,1538633.2497862545,927542.7071440669,80.44834244892297,10.0,16.767069219501252,0.04958503919129903
11.654603310145369,29.669428296745878,6.7584547134508535,0.15465772026254854,69.84534227973745,0.30702326949803393,86.64827007195152,81.64827007195237,285.37779453102337,495911.63719485607,1483244.1197501656,1318525.891435107,73.35172992827756,10.0,16.016432392422303,0.06355459898936959
9.635551824144645,29.82479846337263,4.877213696475569,-1.147832148651787,71.14783214865179,0.25383434731677146,77.7721031982648,72.77210319826582,292.29139512890464,443810.91471614956,1551779.3769121764,843670.8895922978,82.22789680196428,10.0,16.972112057746983,0.04629148802384417
12.423195470925865,16.436098824370887,10.04252611041964,12.75303297204573,57.24696702795427,0.3272706920686477,89.72853800424474,84.7285380042452,283.10337086733773,516973.5051092404,1457567.6820635211,2033812.3953997327,70.27146199598434,10.0,16.15665997284418,0.0866986165364014
10.842859783287718,29.48043732559981,6.115538711930791,-0.07559139266390957,70.07559139266391,0.28563908807396515,83.22767329024373,78.22767329024447,287.9848920808772,474447.25376224937,1510561.0663279998,1142172.806284378,76.77232670998535,10.0,16.363077122731113,0.05760283977198764
9.793707218881668,29.97684937479353,5.004619851084876,-1.1952445219972105,71.19524452199721,0.2580007170411398,78.51451515484393,73.51451515484274,291.6958579055547,447745.31307633175,1546328.7819913246,874724.1022629391,81.48548484538514,10.0,16.886955958081728,0.04751687402138017
14.401830086709667,29.659545366392294,8.665575693597315,1.2792825566540955,68.7207174433459,0.37939489164145596,97.05668559129077,92.05668559129185,278.0390542269532,575083.6040286125,1391813.6296176107,1919268.2113671808,62.943314408938306,10.0,15.062195211686515,0.08084402447948809
13.637342924685626,21.91109059454066,9.838848792793579,8.125442240622704,61.874557759377296,0.35925560918560656,94.31927301354904,89.31927301355006,279.8665547340333,551909.2306972947,1417202.8220701828,2077219.5385977523,65.68072698668004,10.0,15.60026384185744,0.08757494782520268
12.221086092625812,29.781732617510308,7.174438724925966,0.30881249840609826,69.6911875015939,0.32194641972143867,88.9325015489249,83.93250154892542,283.6839046907765,511360.84329657716,1464306.1886750488,1440124.7272284122,71.06749845130417,10.0,15.795021622857803,0.06739273458234794
12.511753066320463,29.301903681757764,7.496982688508695,0.8925726387140571,69.10742736128594,0.3296036108092851,90.0743228823111,85.07432288231149,282.852854832622,519450.13201966375,1454617.529436263,1525327.2097940077,69.92567711791799,10.0,15.697008532543407,0.07013258574424652
23.640061990649293,29.861954214457356,12.500290765634285,4.852332306276082,65.14766769372392,0.6227624338948707,123.740053982713,118.74005398271186,268.144869744691,973766.9762850497,1066631.581462705,4175708.1862568785,36.259946017516086,10.0,11.191137363742314,0.11376120511494556
11.611249530141645,28.911283320850735,6.894151812000194,0.8656930331631543,69.13430696683685,0.3058811783493584,86.47010431188318,81.47010431188409,285.5115782885755,494745.7931864309,1484697.1346001488,1341973.8987838242,73.5298956883459,10.0,16.041695457043204,0.06450546723758169
22.372720358180977,29.924864312036163,12.08249609266629,4.050996564209299,65.9490034357907,0.5893761948941247,120.61182939289966,115.6118293929008,268.05879433950565,900546.3582439394,1114912.5584855017,3769101.6944984645,39.388170607329414,10.0,12.001643454174939,0.11056661311405022
10.550137925858667,29.997921651475295,5.732569774751697,-0.7490004640965253,70.74900046409653,0.27792776411640324,81.9477956259318,76.9477956259305,288.9799517958601,466886.1675630957,1520479.9707805915,1051667.8783620612,78.05220437429728,10.0,16.500132838010984,0.05425511668902398
7.623820553267929,29.921039694784255,2.4254449873899815,-2.9037809185169863,72.90378091851699,0.20083826536533003,67.43547829584475,62.43547829584594,300.83201119163607,395433.57774279756,1623084.2531357133,339332.8673214151,92.56452170438433,10.0,18.35656048290872,0.023313883618437354
9.736165035971515,29.866344432327097,4.971452803419959,-1.1222977426741636,71.12229774267416,0.25648485342390714,78.24543213505052,73.24543213505171,291.9113860608645,446311.2767331618,1548309.8571901284,865886.4054298486,81.75456786517856,10.0,16.916909801611894,0.047177324592945866
11.433782468394465,29.45548600656005,6.626782734757674,0.2541910635780482,69.74580893642195,0.3012060713486424,85.73562873599451,80.7356287359953,286.0655128173606,489997.0235293125,1490651.2920083224,1278103.7644857948,74.26437126423457,10.0,16.10828684338145,0.06227244571600565
10.381493222194353,29.948170020474123,5.586812958718668,-0.798672825163635,70.79867282516364,0.27348506907782805,81.19848506159133,76.19848506159235,289.5670708924914,462570.33684729354,1526214.1539096418,1014586.5387844659,78.80151493863775,10.0,16.581855668740218,0.05289437317583795
9.450776842435593,29.963257147308923,4.650413501541142,-1.4146411104053414,71.41464111040534,0.2489667239840778,76.89325236004981,71.89325236005084,292.99990033948006,439241.9349725413,1558170.3840079205,793180.5068191922,83.10674764017926,10.0,17.07991272215429,0.04422329900418119
23.59066447930229,29.74650129761099,12.509075383819578,4.920838740185786,65.07916125981421,0.6214611295917358,123.62058014051695,118.62058014051803,268.131028491825,970752.249769712,1068546.8280566079,4163397.691268388,36.37941985971213,10.0,11.234214311215169,0.11378769462132858
11.244522375713078,15.47168399749674,9.307663981692567,13.328883245132602,56.6711167548674,0.2962202944076153,84.94301482630033,79.94301482630124,286.6675547541852,484973.6112723707,1497013.0931839962,1815328.7368573255,75.05698517392875,10.0,16.494687589587613,0.08005481550555822
10.53473105597482,29.972981787350534,5.724067740729506,-0.733268466325967,70.73326846632597,0.27752189293927343,81.87970929474801,76.87970929474892,289.03316431523933,466490.6837861992,1521003.2072678301,1049189.9800281147,78.12029070548107,10.0,16.507425158422222,0.05416856834326649
11.43146946318954,29.881890341373108,6.528471241455009,-0.1607513785461947,70.1607513785462,0.30114513865093623,85.72600062101839,80.72600062101924,286.07279976338776,489935.378165709,1490728.9646083065,1258831.149600327,74.2739993792107,10.0,16.106136367440797,0.06152950519388294
10.897472592367503,29.617018050903503,6.132729790542209,-0.17993058548273666,70.17993058548274,0.28707778167459175,83.46362843681464,78.4636284368155,287.80255363858464,475868.02128882357,1508714.9641891862,1148720.9499378756,76.53637156341443,10.0,16.338355316274317,0.05780760213242272
12.752430520135423,29.90377050748957,7.536217773827947,0.4217032284557831,69.57829677154422,0.335943902005675,91.00503288573105,86.0050328857314,282.18372125430705,526235.6590554537,1446606.2015297886,1551964.331032526,68.99496711449802,10.0,15.59911033434139,0.07073453300351447
11.26337936693344,29.94831271347713,6.373012322068076,-0.31080230970053435,70.31080230970053,0.296717053923431,85.02242683588321,80.02242683588406,286.60704113316626,485472.2581409476,1496378.6454249357,1217767.0005332439,74.97757316434587,10.0,16.176873586558543,0.06012845536076273
12.144658227849916,27.457550158850154,7.634110708540399,2.490359713209841,67.50964028679016,0.3199330407758144,88.62894571394901,83.62894571394963,283.9066529223341,509252.5197972714,1466856.5756904748,1524030.0951851232,71.37105428628007,10.0,15.864738106862546,0.0706196742468722
9.22886991462662,29.994130210066714,4.402752651273259,-1.604797422942795,71.6047974229428,0.24312091450544307,75.82086360279675,70.82086360279567,293.86940587478273,433792.6673095599,1565880.7044785218,738133.8676294136,84.17913639743233,10.0,17.21229126127656,0.04192533476765346
11.690141091577125,28.190074735325965,7.118994133475925,1.5953999011493352,68.40460009885066,0.30795945973596217,86.79395084872556,81.7939508487263,285.26857669231725,496869.00500073814,1482053.490344262,1391091.4204496962,73.20604915150352,10.0,16.01991490682724,0.06626812117645269
24.368231852320843,29.900749025194287,12.715876987516442,5.318390664904598,64.6816093350954,0.6419449908409073,125.47912517005568,120.47912517005466,268.45473075781524,1019872.8400616777,1038056.1317019225,4441005.119510317,34.5208748301734,10.0,10.641138303492653,0.11535451677374399
7.455638559101168,29.977356840852124,2.172209459831692,-3.1350569353171522,73.13505693531715,0.1964077597234238,66.4833876383189,61.48338763831788,301.63845044581893,391502.9019315098,1629259.2560196824,293257.9800380043,93.51661236191018,10.0,18.50350444059427,0.02091480430015451
11.850765226193573,20.400201867225874,8.906126658751504,8.982767429267767,61.01723257073223,0.3121908647574703,87.44835210983877,82.44835210983956,284.77991769073805,501215.5317518024,1476676.687884328,1753344.7046536156,72.55164789039031,10.0,16.149719025554077,0.0788198148911514
11.337313619077467,29.96267516127731,6.431872052958103,-0.2869014053844694,70.28690140538447,0.29866474233607654,85.33284112642775,80.33284112642866,286.37091306683675,487431.3038823158,1493892.385082569,1233930.6296265111,74.66715887380133,10.0,16.145272406807578,0.06067347163622728
12.463831187560952,28.77726362462859,7.578658260931218,1.3708222755681732,68.62917772443183,0.328341179861985,89.88743083795913,84.88743083795964,282.9881287998162,518108.608628646,1456213.7966623153,1537567.2033643874,70.11256916226995,10.0,15.72463383207787,0.07065832113884146
11.794202917424615,29.989591489811204,6.797771412327762,-0.08780767177142934,70.08780767177143,0.31070081447377806,87.21866187796041,82.21866187796115,284.9510670893704,499681.2938409859,1478569.239122725,1335801.0898313953,72.78133812226866,10.0,15.95728775133739,0.06403441014289775
11.556264940714616,29.766521210991996,6.656950420780224,0.012984995896488272,69.98701500410351,0.3044326907459066,86.24343311762095,81.24343311762186,285.6821184460406,493270.45147571404,1486540.8091906926,1292107.076081785,73.75656688260813,10.0,16.055439976768355,0.06266302777455869
8.699038092539217,29.96447133276648,3.803879368029246,-1.9815790647335803,71.98157906473358,0.22916327957163374,73.1811326642109,68.18113266420983,296.0315655945945,420938.1518025413,1584461.9854425802,609484.9364691605,86.81886733601817,10.0,17.54975886077426,0.036320832661135186
11.49738053108846,29.45958614692274,6.6781464439149865,0.2814422854903569,69.71855771450964,0.30288146815301525,85.9998006036223,80.9998006036231,285.86583263077534,491694.4959754414,1488516.3315194945,1292300.480145233,74.00019939660677,10.0,16.08213025403495,0.06274300033920648
10.017846161514367,25.221830924203694,6.311718063512758,3.6442244662713392,66.35577553372866,0.2639053256457947,79.5516575513061,74.55165755130707,290.86863827612757,453359.9184387101,1538633.2497862224,1134702.7630253944,80.44834244892297,10.0,16.74387373377556,0.057920854483577776
11.351231907926643,29.915278960750356,6.454244743027992,-0.23368785946252046,70.23368785946252,0.2990313990497008,85.391110099363,80.39111009936391,286.3266626478023,487800.8077168263,1493424.564212871,1239177.9810971527,74.60888990086607,10.0,16.139643287385127,0.06086148210222989
10.744858182053115,29.82479846337263,5.94947939255058,-0.46765560267800765,70.46765560267801,0.28305738098137817,82.80204826768693,77.80204826768778,288.31468486002456,471905.7634709951,1513877.2776590001,1104407.5392458197,77.19795173254215,10.0,16.40793512001352,0.056195192246145255
9.736844982827407,29.996751380248945,4.941893099109714,-1.2529245557309423,71.25292455573094,0.25650276561716034,78.24861859712388,73.24861859712473,291.90883164195714,446328.2047295299,1548286.4344189863,860292.3169211426,81.7513814031052,10.0,16.918460671973662,0.04694069531067756
9.793707218881668,29.99100947715752,5.001336619752888,-1.209464007929455,71.20946400792945,0.2580007170411398,78.51451515484393,73.51451515484274,291.6958579055626,447745.31307633175,1546328.7819914536,874098.7715169656,81.48548484538514,10.0,16.887155810520596,0.047490536325787994
22.950496359676528,29.659545366392294,12.325208212680106,4.604528843340802,65.3954711566592,0.6045968482528064,122.05447699686346,117.0544769968646,268.0300639992511,932894.7930631839,1093116.3389926204,3956093.4552614926,37.94552300336562,10.0,11.668742913983351,0.11235877402192315
9.886810503693427,29.378631150098883,5.237117712577,-0.535819530495246,70.53581953049525,0.26045338523955286,78.94743078253981,73.94743078253862,291.34988324893976,450071.91509499867,1543128.1790207908,923231.042133568,81.05256921768927,10.0,16.829353737010933,0.04949068116716421
10.138173140553567,29.88837229510102,5.367735561246774,-0.8867859298218264,70.88678592982183,0.2670751617637926,80.10138906263171,75.10138906263268,290.4324926430048,456393.40398670064,1534515.2105655898,960180.2918642983,79.89861093759737,10.0,16.70367601925318,0.05085220095077734
10.920349528229114,28.421397938780956,6.4241687938767225,1.0000302690641547,68.99996973093585,0.28768044068042975,83.56220916156212,78.56220916156303,287.72647833578174,476464.1339902124,1507942.039434108,1206393.4252333054,76.43779083866696,10.0,16.331600508945428,0.06005114243668165
7.238962754154677,29.912705363869826,1.8689618245341,-3.2964250281426644,73.29642502814266,0.1906997564318935,65.23304455495531,60.23304455495645,302.70177111088867,386458.0890852511,1637276.9604250242,239368.93877876856,94.76695544527377,10.0,18.693829388101165,0.018016144529317407
11.187168075671114,23.725082913037383,7.690582991281325,5.633130386554399,64.3668696134456,0.2947093802863834,84.7008743268907,79.7008743268915,286.8523348677951,483459.45933907264,1498943.623478317,1468317.9821181712,75.29912567333838,10.0,16.28049014148411,0.06961682916427318
11.326188943990548,21.897311267301212,8.190692069282575,7.409822860938107,62.59017713906189,0.2983716792410576,85.2862296527478,80.28622965274866,286.4063274999991,487136.1271860774,1494266.35747242,1575704.9243950353,74.71377034748127,10.0,16.271487274932213,0.07325630483611441
11.984567107402713,29.80291510390461,6.988925604734799,0.18129848808644056,69.81870151191356,0.3157156772234645,87.98849534128738,82.98849534128794,284.37903078577585,504860.8812109805,1472203.1627685542,1386580.5746296637,72.0115046589417,10.0,15.884787534632835,0.06570947010016179
13.323861457203336,27.862511375228245,8.379157248254113,2.564641632163955,67.43535836783605,0.35099740403591506,93.16389369473899,88.16389369473904,280.6621376527706,542679.3751710772,1427612.9646599884,1764504.675498546,66.83610630549009,10.0,15.460149666106076,0.07747163400744377
10.822119311995273,25.914385295020047,6.900171626298143,3.3795251525422145,66.62047484745779,0.2850927110641537,83.13783410165041,78.13783410165144,288.0544091837929,473908.52906547615,1511262.519276184,1292254.6473341577,76.86216589857867,10.0,16.3904001602981,0.06343706033804171
11.486441070714264,29.866344432327097,6.577289704571658,-0.11823512844489414,70.1182351284449,0.30259328426539156,85.95443751526415,80.9544375152646,285.90008611393125,491402.1731089805,1488883.4674137363,1271949.2021439143,74.04556248496493,10.0,16.08338539944981,0.06197088505139899
10.88587714022729,29.996200493623327,6.036072169961613,-0.5582320025685021,70.5582320025685,0.28677231665509195,83.41360327016412,78.41360327016497,287.841182001676,475566.0919285483,1509106.818959408,1129333.6486584235,76.58639673006496,10.0,16.343373204313366,0.057049899874655065
10.381493222194353,29.96893868873333,5.582041026586953,-0.8192711609311232,70.81927116093112,0.27348506907782805,81.19848506159133,76.19848506159235,289.56707089249994,462570.33684729354,1526214.1539100166,1013668.9963643947,78.80151493863775,10.0,16.58198433046317,0.0528569672277859
9.450776842435593,29.08498545292604,4.854737437409617,-0.5282297391507882,70.52822973915079,0.2489667239840778,76.89325236004981,71.89325236005084,292.9999003394693,439241.9349725413,1558170.3840076625,831820.7368558897,83.10674764017926,10.0,17.064368078659356,0.04587471238503915
12.596116627098823,29.919492311360813,7.420615673327214,0.34075398387614086,69.65924601612386,0.33182604391725035,90.40205410961852,85.40205410961909,282.6163666566812,521819.46323537605,1451808.3380141202,1516940.3101694882,69.59794589061056,10.0,15.654701370414386,0.06968942008247542
13.029985922021154,15.47168399749674,10.601493320301628,13.749281846019244,56.250718153980756,0.3432556881459735,92.06237369792177,87.062373697922,281.43300035483554,534162.8300551192,1437376.9271270344,2198762.7336403974,67.93762630230731,10.0,16.06831050784467,0.09093545094637936
12.039516339546648,29.316820724856882,7.140332123616698,0.6729164192432222,69.32708358075678,0.3171632333916398,88.20902990158584,83.20902990158663,284.2160045928751,506364.5322682016,1470367.3207807064,1420115.7497653305,71.79097009864324,10.0,15.87053967056238,0.06689984156585194
11.587311306281784,29.677545759447966,6.702264181003345,0.11427754303497295,69.88572245696503,0.3052505612824495,86.37151779174474,81.37151779174559,285.58570587664485,494103.0366931762,1485499.6830149735,1303018.1994554326,73.62848220848434,10.0,16.043562387285817,0.06304424939602922
10.897472592367503,29.619562417294162,6.132150441758824,-0.1824240487368911,70.18242404873689,0.28707778167459175,83.46362843681464,78.4636284368155,287.8025536385944,475868.02128882357,1508714.9641892905,1148608.9000120321,76.53637156341443,10.0,16.338352427298446,0.0578031655599349
10.132323717055591,29.976064594927024,5.341825272169516,-0.9778139486376745,70.97781394863767,0.2669210673618438,80.07477677364727,75.07477677364818,290.4535684529808,456245.6191644577,1534715.194654612,954929.9699963095,79.9252232265818,10.0,16.707499598477398,0.05063966745870485
11.26337936693344,29.962701147148714,6.369747629061317,-0.32482930785130293,70.3248293078513,0.296717053923431,85.02242683588321,80.02242683588406,286.6070411331617,485472.2581409476,1496378.645424693,1217132.4894808677,74.97757316434587,10.0,16.176807036404966,0.06010365135816547
9.771236975561166,29.9881358628966,4.979092822700962,-1.2214239929114115,71.22142399291141,0.25740877174818666,78.40957735803528,73.40957735803624,291.77986641048585,447184.9682623432,1547102.120391544,868873.1258532054,81.5904226421938,10.0,16.899412967176033,0.047283368442815304
9.22886991462662,29.541680914228984,4.508520218375697,-1.1452816423316676,71.14528164233167,0.24312091450544307,75.82086360279675,70.82086360279567,293.8694058747753,433792.6673095599,1565880.7044782492,758048.7866492935,84.17913639743233,10.0,17.202519315247685,0.04279129695952359
11.690141091577125,29.984410590695404,6.715968291679763,-0.1327792713418603,70.13277927134186,0.30795945973596217,86.79395084872556,81.7939508487263,285.26857669231873,496869.00500073814,1482053.4903443034,1312666.1420141722,73.20604915150352,10.0,15.999082006147717,0.0632840465428967
12.681704826378084,29.900749025194287,7.486410863725819,0.39488207588863133,69.60511792411137,0.3340807383134374,90.73288982952164,85.73288982952204,282.3785889875608,524233.2695860197,1448959.5152203224,1536574.4764336462,69.26711017070744,10.0,15.624344263675084,0.0702803876790258
8.496947861157178,29.97703760907749,3.557137347088922,-2.161038266349408,72.16103826634941,0.2238395116216327,72.1429603014036,67.14296030140457,296.88987261345915,416089.0033602754,1591620.264322143,558679.8579245026,87.85703969882547,10.0,17.68878141756545,0.03400880320356209
12.256636989622399,29.96267516127731,7.160676065439816,0.15138898651389354,69.8486110134861,0.3228829554695047,89.07322488804135,84.07322488804192,283.58089657539176,512344.16191780707,1463120.2913399537,1440074.7394333482,70.92677511218773,10.0,15.778860092215098,0.0673385356398377
10.465738513462911,29.992593380498448,5.655550632031215,-0.7929283542907228,70.79292835429072,0.27570438655065627,81.57391172606032,76.57391172606117,289.2724965001853,464722.6723448075,1523347.7946354859,1032271.7345447487,78.42608827416876,10.0,16.54087227644817,0.05354296615762513
15.647101993533626,29.944881441180264,9.305939082194264,1.4402857975353527,68.55971420246465,0.412199736394458,101.29354978663929,96.29354978663815,275.3928910045096,615057.8623397882,1350332.1691508088,2172711.364561756,58.70645021358979,10.0,14.668410329411813,0.08671998862263887
12.302492127408058,29.99109576575009,7.188682448776147,0.14459912139426478,69.85540087860574,0.32409094118567067,89.25429167408157,84.25429167408208,283.4485966262162,513614.9635186837,1461591.05688168,1448988.5589452686,70.74570832614751,10.0,15.761235830071485,0.06760516063661508
8.699038092539217,29.965257786830875,3.8036936864947126,-1.9823885776474413,71.98238857764744,0.22916327957163374,73.1811326642109,68.18113266420983,296.0315655946036,420938.1518025413,1584461.985442931,609450.4039370778,86.81886733601817,10.0,17.549782649333736,0.03631927144120857
12.868597340332908,29.45958614692274,7.716926354037048,0.8905215011063206,69.10947849889368,0.3390041448981272,91.44961696123056,86.44961696123079,281.86681117559846,529539.9698444557,1442742.3308435115,1596763.8774677531,68.55038303899852,10.0,15.568087969978535,0.07219115356366959
10.017846161514367,29.97128354506158,5.2306832189744075,-1.044841915037182,71.04484191503718,0.2639053256457947,79.5516575513061,74.55165755130707,290.868638276129,453359.9184387101,1538633.2497865392,928138.9161548731,80.44834244892297,10.0,16.76692023556808,0.04960983024991729
11.654603310145369,29.893736812324967,6.707865512470983,-0.06226352291383819,70.06226352291384,0.30702326949803393,86.64827007195152,81.64827007195237,285.37779453102684,495911.63719485607,1483244.1197501053,1308664.497978442,73.35172992827756,10.0,16.0142986201152,0.06317604208027908
11.738133668502934,29.926361430031704,6.767447350262007,-0.05353515597715841,70.05353515597716,0.30922375312178435,86.99016986679732,81.99016986679811,285.1217181135095,498164.353504303,1480446.1858422426,1326003.3123351051,73.00983013343176,10.0,15.98034026251986,0.06373324546910429
20.243697675887486,15.579240923252566,14.040397033896612,15.286158498042369,54.71384150195763,0.5332902443595228,115.03665500872972,110.03665500873092,269.05642410031476,794144.2937146415,1192560.6505223818,3721353.607680277,44.963344991499355,10.0,13.99209804079942,0.1192496529568002
10.842859783287718,29.966108725366368,6.004812619156262,-0.5523060261447199,70.55230602614472,0.28563908807396515,83.22767329024373,78.22767329024447,287.9848920808711,474447.25376224937,1510561.0663276664,1120765.24651962,76.77232670998535,10.0,16.362978638074765,0.05675205348745101
9.793707218881668,29.457830419741093,5.124817084140428,-0.6747837067731552,70.67478370677316,0.2580007170411398,78.51451515484393,73.51451515484274,291.69585790556107,447745.31307633175,1546328.7819912876,897607.0632683432,81.48548484538514,10.0,16.88000310771389,0.0484774473889684
10.93376241208507,29.98101844152346,6.081737262409175,-0.5172017145015388,70.51720171450154,0.28803378324776263,83.61993677635184,78.6199367763528,287.6819584143519,476813.90403966897,1507488.976049543,1141006.361201492,76.38006322387724,10.0,16.32169792102212,0.05746469899441876
11.989797210389032,29.301903681757764,7.1053590094435926,0.664808865408645,69.33519113459135,0.31585345654344127,88.00951807123141,83.00951807123226,284.3634736823996,505003.8333107233,1472028.3938381476,1409690.381848291,71.99048192899767,10.0,15.889644136808101,0.0665759811998339
11.623026518866089,26.61006669791223,7.416621816168635,3.0759097255223082,66.92409027447769,0.30619142568140384,86.51855128317857,81.51855128317953,285.4751767421797,495062.26725447044,1484302.3675829396,1444151.1327906186,73.48144871705051,10.0,16.069443029771264,0.06832881798423054
12.263272037080249,28.911283320850735,7.400548288184844,1.1586714955553816,68.84132850444462,0.32305774597155557,89.09945542168833,84.09945542168867,283.56171401383955,512527.8688734122,1462898.9906478028,1487464.832118236,70.90054457854075,10.0,15.794116936755017,0.06910078244807435
10.204276123593244,29.924864312036163,5.42331094527104,-0.8824428988570503,70.88244289885705,0.2688165469861234,80.40134369814604,75.40134369814706,290.1952107399937,458065.77553767565,1532256.659415817,974111.4734494864,79.59865630208304,10.0,16.67028355639428,0.051377110172660466
9.33301853503015,21.897311267301212,6.346671502282841,6.516101727261685,63.483898272738315,0.245864555717338,76.32651632557275,71.32651632557167,293.4587492692645,436345.1565282993,1562257.0616418044,1111879.9238556316,83.67348367465632,10.0,17.068560781906797,0.057107549634634644
10.550137925858667,29.945980851588686,5.744475092400805,-0.6976569267262676,70.69765692672627,0.27792776411640324,81.9477956259318,76.9477956259305,288.9799517958645,466886.1675630957,1520479.970780776,1053962.5302998943,78.05220437429728,10.0,16.49992113763875,0.05434787777570492
8.330048313665431,23.829633509975316,4.780537124903702,3.977238382277676,66.02276161772232,0.21944279013871,71.27172354255993,66.27172354255873,297.6134185423648,412104.99910210975,1597564.59706773,781935.0994994252,88.72827645766915,10.0,17.63776202194356,0.04376883642987237
11.486441070714264,29.706898907631945,6.613331107140822,0.036433751629374456,69.96356624837063,0.30259328426539156,85.95443751526415,80.9544375152646,285.90008611392966,491402.1731089805,1488883.4674137034,1278964.9157823925,74.04556248496493,10.0,16.084599153620616,0.06224207261909373
13.824867886951791,29.45548600656005,8.355032646784025,1.2621233512031722,68.73787664879683,0.36419567668471525,95.00105918244515,90.00105918244623,279.4036125846691,557504.5915066296,1410976.3922054076,1804271.3308472803,64.99894081778393,10.0,15.250909644387548,0.07795627368651512
10.381493222194353,29.522088725443005,5.684612508934687,-0.37657643252748585,70.37657643252749,0.27348506907782805,81.19848506159133,76.19848506159235,289.5670708925,462570.33684729354,1526214.1539100166,1033381.9625675735,78.80151493863775,10.0,16.57946542819434,0.053658611102343524
9.450776842435593,29.967114449280373,4.649514282863282,-1.4185433351696588,71.41854333516966,0.2489667239840778,76.89325236004981,71.89325236005084,292.9999003394695,439241.9349725413,1558170.3840076625,793010.365230487,83.10674764017926,10.0,17.079985638621906,0.044215985270995024
12.272368390272732,29.74650129761099,7.2208758905178065,0.3652936529222188,69.63470634707778,0.3232973759292079,89.13539928070867,84.1353992807093,283.53543721406066,512779.8177520396,1462595.612167312,1453036.8026911675,70.86460071952041,10.0,15.77641069120159,0.06780181734405182
9.181979557223684,15.47168399749674,7.412217949469748,12.62256926306685,57.37743073693315,0.24188565746110863,75.59182968271591,70.5918296827158,294.05579623578836,432646.3275406959,1567515.0908071788,1339164.384851469,84.40817031751317,10.0,17.178413069246858,0.06404508562386799
10.53473105597482,29.97069608568512,5.724591762769908,-0.73100835223687,70.73100835223687,0.27752189293927343,81.87970929474801,76.87970929474892,289.0331643152442,466490.6837861992,1521003.2072678858,1049290.9596919476,78.12029070548107,10.0,16.507415397174668,0.05417265359035777
10.982657218607242,29.679740868382837,6.193157435895908,-0.19565044280244592,70.19565044280245,0.28932184453654486,83.82993332447836,78.82993332447921,287.52018813590126,478090.6120560018,1505838.0577636834,1165509.9502850042,76.17006667575072,10.0,16.300219158766026,0.05838372118144585
7.495998311199545,29.983410399367266,2.2288769469030756,-3.0997166796616966,73.0997166796617,0.19747097763960866,66.71330540321327,61.71330540321219,301.4434440239212,392444.93467172276,1627773.657710944,303495.07182743435,93.28669459701581,10.0,18.468714536206733,0.021454911859288526
11.375093659125124,29.90377050748957,6.476745361242556,-0.21039923058913246,70.21039923058913,0.29966000155756384,85.49088483742827,80.49088483742906,286.2509467836599,488434.8170438901,1492622.6857185494,1245096.5367065854,74.50911516280081,10.0,16.12964077717936,0.061063544291094805
11.26337936693344,29.972583596364103,6.367505209964129,-0.3344641052701718,70.33446410527017,0.296717053923431,85.02242683588321,80.02242683588406,286.60704113316643,485472.2581409476,1496378.6454249416,1216696.6459301698,74.97757316434587,10.0,16.176761630608894,0.06008661140818576
12.754827639637641,29.9881358628966,7.519138999196227,0.34257006023534586,69.65742993976465,0.3360070505700116,91.01423712225301,86.01423712225346,282.1771421445945,526303.6500607164,1446526.452342794,1548802.038133425,68.98576287797607,10.0,15.596521271587562,0.07061377669478186
14.128385307828541,28.578413275254128,8.735838461760114,2.1841592370612375,67.81584076293876,0.37219139377841254,96.09019710026678,91.09019710026683,278.67461167559765,566682.4076713679,1400897.543240358,1906974.985049044,63.9098028999623,10.0,15.1856490467448,0.08098416261497447
11.690141091577125,29.980832026900117,6.716775741177849,-0.12931728059049874,70.1293172805905,0.30795945973596217,86.79395084872556,81.7939508487263,285.26857669232857,496869.00500073814,1482053.4903445218,1312823.6959757106,73.20604915150352,10.0,15.999115675191547,0.06329009827014795
11.165076354785782,27.23279058834939,6.901945827115797,2.272279758950731,67.72772024104927,0.29412740660658016,84.60736225724008,79.60736225724094,286.9238007189758,482877.23847556725,1499687.5641164142,1313925.008428135,75.392637742989,10.0,16.238013833179707,0.06394398577140227
8.496947861157178,23.335901816765393,5.093670044505263,4.588643027033299,65.4113569729667,0.2238395116216327,72.1429603014036,67.14296030140457,296.88987261345693,416089.0033602754,1591620.2643219805,844969.7715165579,87.85703969882547,10.0,17.52728374952727,0.04643986329720732
12.32767971683278,20.400201867225874,9.258792472786899,9.129152727224039,60.87084727277596,0.3247544709386928,89.3535371409136,84.35353714091417,283.3761959473684,514314.1884499429,1460751.2512394693,1857447.3630478862,70.64646285931548,10.0,16.013338789187117,0.0818610556444793
12.108754911280148,29.988974841794217,7.042709218234335,0.059435107777915164,69.94056489222208,0.31898722105585214,88.4858578967818,83.48585789678242,284.01190777437483,508264.7335628704,1468055.116483544,1406077.9006000573,71.51414210344728,10.0,15.834517785638695,0.06627239312289135
10.465738513462911,25.917262863479614,6.579565862613378,3.201325065332412,66.79867493466759,0.27570438655065627,81.57391172606032,76.57391172606117,289.2724965001913,464722.6723448075,1523347.7946357704,1209800.3971990857,78.42608827416876,10.0,16.540897904790995,0.060564337488559834
12.215564709482251,29.920972803923163,7.139085059927616,0.17296527429010666,69.8270347257099,0.3218009670569613,88.91061880003605,83.91061880003656,283.69993717956027,511208.2744810356,1464490.393639822,1432794.7137576223,71.08938120019303,10.0,15.794951764870234,0.06712522589889329
11.256879020616468,29.828373232147605,6.394732697501553,-0.19725276539026027,70.19725276539026,0.29654581192351076,84.99506316815302,79.9950631681541,286.6278879735827,485300.319387579,1496597.3359399876,1221575.1270402984,75.00493683207605,10.0,16.18022744581998,0.060284684696601476
8.699038092539217,29.991771828068423,3.7974333627171926,-2.0096820627043144,72.00968206270431,0.22916327957163374,73.1811326642109,68.18113266420983,296.031565594608,420938.1518025413,1584461.9854428149,608286.1155024415,86.81886733601817,10.0,17.550585676095693,0.03626662379255778
12.818868446273154,29.45958614692274,7.681977999965782,0.8702981117806416,69.12970188821936,0.3376941108080388,91.25966318739694,86.25966318739728,282.00199529109904,528123.0987304612,1444396.1746126623,1585885.5554912838,68.74033681283214,10.0,15.585344225689823,0.07187446651436287
10.017846161514367,29.983912518811664,5.227765273944093,-1.0574631173048488,71.05746311730485,0.2639053256457947,79.5516575513061,74.55165755130707,290.86863827612774,453359.9184387101,1538633.2497865288,927581.0012225686,80.44834244892297,10.0,16.767059636127613,0.049586631624589386
13.222816341512315,29.893736812324967,7.864488188807988,0.6223959496531393,69.37760405034686,0.3483355200609145,92.7871957525478,87.78719575254786,280.92443197747707,539736.4848549908,1430969.4548403122,1655095.0010267997,67.21280424768128,10.0,15.436376049490889,0.07371097515593018
8.539370110229337,29.926361430031704,3.620921448895675,-2.073175763182462,72.07317576318246,0.22495706296705312,72.3623916838813,67.36239168388016,296.7081015577002,417104.59840335627,1590114.1181157653,571483.144345219,87.63760831634778,10.0,17.657546971408465,0.03459670527612555
10.188487727953603,28.94706244272895,5.632836333604594,0.07885869666262124,69.92114130333738,0.2684006250778083,80.32983154203754,75.32983154203856,290.251735980306,457665.95359021967,1532795.8680848046,1013451.2527641564,79.67016845819154,10.0,16.671130926421483,0.05299808535979334
23.16920212011049,29.419235760316212,12.445043193688026,4.942815904206213,65.05718409579379,0.6103583277162932,122.59326959619568,117.5932695961946,268.0484472533973,945580.9533755195,1084773.8290144803,4035893.951957572,37.4067304040334,10.0,11.544444784721577,0.11318818085202498
11.885261497449527,29.039901847276454,7.082820326358761,0.8687654357977976,69.1312345642022,0.3130996179517789,87.5880387361874,82.58803873618803,284.67602898723953,502153.1991812748,1475522.8885435474,1397801.2724055182,72.41196126404168,10.0,15.933287602939743,0.06626931712103734
12.832742587443647,29.659545366392294,7.6473508902445015,0.6866139028362568,69.31338609716374,0.3380596045164291,91.31271414028623,86.3127141402864,281.9642074900832,528518.0435185548,1443934.7290539315,1580216.8880489655,68.68728585994285,10.0,15.57606382534982,0.07164331532362418
24.548208931378092,23.219647385306004,14.134657421453486,11.191324922028286,58.808675077971714,0.646686220531562,125.90271346093249,120.90271346093351,268.5629989804844,1031772.7599058719,1030890.1754584514,4772534.419868169,34.09728653929659,10.0,11.003219815623993,0.12327804662177454
9.886810503693427,29.991930400905062,5.095315315144268,-1.149497568539914,71.14949756853991,0.26045338523955286,78.94743078253981,73.94743078253862,291.3498832489348,450071.91509499867,1543128.1790204812,896192.2570446616,81.05256921768927,10.0,16.836733800693025,0.048362149855490186
9.776561300926202,29.425406059502876,5.114876245953549,-0.6534314546187829,70.65343145461878,0.257549033217234,78.43445846315302,73.4344584631541,291.7599426313473,447317.7009879337,1546918.8464383294,894949.4045025442,81.56554153707606,10.0,16.888838816441705,0.04837604540182443
14.340473994280867,29.861954214457356,8.584497659764372,1.070083212757197,68.9299167872428,0.3777785562244696,96.84101340919494,91.84101340919483,278.1799258930445,573187.3457690078,1393852.3381134858,1897433.5755420763,63.158986591034136,10.0,15.0741904151148,0.08020563220891354
7.238962754154677,29.992260686267585,1.8496530226279113,-3.3814430392563963,73.3814430392564,0.1906997564318935,65.23304455495531,60.23304455495645,302.70177111088424,386458.0890852511,1637276.9604248723,235942.2183975929,94.76695544527377,10.0,18.698254908675494,0.017841044598654442
11.187168075671114,29.45946086633063,6.419306571480255,0.12633648714165702,69.87366351285834,0.2947093802863834,84.7008743268907,79.7008743268915,286.8523348677934,483459.45933907264,1498943.623478068,1221938.5392228812,75.29912567333838,10.0,16.211864054985142,0.06037746998698365
22.75042474437119,29.689645513394723,12.254649041775727,4.463496708419655,65.53650329158035,0.5993262577547732,121.55811354421354,116.55811354421468,268.02748752444523,921505.5371512875,1100703.0662750239,3892480.258651095,38.44188645601554,10.0,11.791933336439627,0.11182388304776628
10.743630021918532,29.378631150098883,6.050180697351885,-0.029826058049422954,70.02982605804942,0.2830250269209308,82.79669617536439,77.79669617536524,288.3188390609013,471873.9784627723,1513918.8650227864,1123777.4049399872,77.20330382486469,10.0,16.40819008858921,0.05696870967658803
10.067854609056036,29.866344432327097,5.304146326821087,-0.9085709607606987,70.9085709607607,0.2652227241584836,79.78071707387284,74.78071707387392,290.6867084301055,454618.9813061611,1536920.688159403,944581.6526434114,80.21928292635624,10.0,16.739725729843997,0.050257598906971374
11.480253307646997,29.45548600656005,6.6650289849626825,0.2770337800381526,69.72296621996185,0.3024302768084035,85.92876435448613,80.92876435448693,285.91947830247386,491236.88750973577,1489091.1507889929,1288611.1896323925,74.07123564574295,10.0,16.08917673426498,0.06262171388445771
9.544863990174125,27.8905894179685,5.230032450438782,0.7317549008971014,69.2682450991029,0.2514453105946819,77.34233132791547,72.34233132791655,292.63739633620906,441564.7931738186,1554912.9036993878,906705.8131816534,82.6576686723136,10.0,16.99512429594796,0.04898133212886674
12.061882701941574,28.61058946101015,7.315279313067333,1.3583127738277199,68.64168722617228,0.317752442095405,88.29858279773441,83.2985827977351,284.14991348982664,506977.6837019234,1469620.2770356855,1455856.5444770346,71.70141720249467,10.0,15.873321976950365,0.06820874987013545
11.870328827863933,29.74650129761099,6.912528177688722,0.18256990614133883,69.81743009385866,0.31270623887945026,87.52760828890666,82.5276082889074,284.72095444068555,501747.12037413154,1476022.3031286027,1363535.2821952945,72.47239171132242,10.0,15.929950355047652,0.06499060018896305
11.12172954332016,29.98143175640638,6.244913010375684,-0.41698053199610285,70.4169805319961,0.29298549903372395,84.42348193732266,79.42348193732357,287.0645002980975,481736.4520640999,1501147.8307941165,1184026.7352272,75.57651806290642,10.0,16.23814008588596,0.05896439800097452
11.587311306281784,29.968484796644404,6.636576889324332,-0.16748011741407254,70.16748011741407,0.3052505612824495,86.37151779174474,81.37151779174559,285.5857058766468,494103.0366931762,1485499.683015219,1290218.9971443522,73.62848220848434,10.0,16.04104328578387,0.06255136990393027
11.76668410647802,29.94897897127838,6.785081690658173,-0.06171920188637614,70.06171920188638,0.30997587214114913,87.10661834270292,82.10661834270377,285.0346987646392,498936.292694645,1479490.3324295147,1331416.0581558,72.89338165752616,10.0,15.968688339038522,0.06390303273817644
8.630378491264919,29.90377050748957,3.7362318840117985,-1.9748270282920544,71.97482702829205,0.22735454402699998,72.83043405211527,67.8304340521164,296.32102336434093,419287.4961993487,1586889.3049174496,595118.1376287795,87.16956594811381,10.0,17.59432023102613,0.03567317508306005
12.559811126274099,29.717738699974518,7.4392967079769035,0.5173624550277509,69.48263754497225,0.33086962924852736,90.26121573762907,85.26121573762958,282.7178804630605,520798.6288194903,1453017.1187846304,1517771.504711399,69.7387842626,10.0,15.671653933487164,0.06977760125097285
9.771236975561166,29.97306250098555,4.982588992847593,-1.2062803641099435,71.20628036410994,0.25740877174818666,78.40957735803528,73.40957735803624,291.77986641048153,447184.9682623432,1547102.120391785,869538.7384866527,81.5904226421938,10.0,16.899195670673123,0.047311438329950106
9.22886991462662,29.916920791612014,4.4208168439179705,-1.5263027750918923,71.52630277509189,0.24312091450544307,75.82086360279675,70.82086360279567,293.86940587478483,433792.6673095599,1565880.7044786876,741535.8583687556,84.17913639743233,10.0,17.210583593113483,0.04207363348827968
11.690141091577125,22.83964781003842,8.28424490838615,6.661521765806128,63.33847823419387,0.30795945973596217,86.79395084872556,81.7939508487263,285.2685766923157,496869.00500073814,1482053.4903442175,1618002.3640315735,73.20604915150352,10.0,16.127273087527954,0.07446848595381743
11.165076354785782,26.59116127329166,7.044962175921255,2.889556017547193,67.11044398245281,0.29412740660658016,84.60736225724008,79.60736225724094,286.9238007189828,482877.23847556725,1499687.5641165152,1341569.441226793,75.392637742989,10.0,16.24507071013153,0.06498884044025569
8.496947861157178,29.97794182072542,3.556923085590036,-2.1619736059593038,72.1619736059593,0.2238395116216327,72.1429603014036,67.14296030140457,296.8898726134504,416089.0033602754,1591620.264321673,558640.2230694768,87.85703969882547,10.0,17.688811726654023,0.03400698408223541
12.216726252928293,29.96267516127731,7.1306168973092765,0.13352004691876118,69.86647995308124,0.3218315661993755,88.91522292043908,83.9152229204397,283.69656362716364,511240.3673250612,1464451.641560618,1431222.5569598617,71.08477707979,10.0,15.79388112855031,0.06706435826548933
10.465738513462911,29.99860726686419,5.654170342457264,-0.7988839036146373,70.79888390361464,0.27570438655065627,81.57391172606032,76.57391172606117,289.2724965001978,464722.6723448075,1523347.7946358637,1032005.9899987198,78.42608827416876,10.0,16.540903612173736,0.05353217460709976
11.794202917424615,29.96342372027508,6.803667632395332,-0.06254008045368664,70.06254008045369,0.31070081447377806,87.21866187796041,82.21866187796115,284.9510670893597,499681.2938409859,1478569.2391222862,1336952.5127776517,72.78133812226866,10.0,15.9575643750224,0.06407845178492438
11.314320929689863,29.828373232147605,6.44305658811841,-0.16787828359082368,70.16787828359082,0.29805903397497,85.23646638204156,80.23646638204235,286.44415315537793,486821.3855345526,1494665.3679108801,1234629.3541993278,74.76353361818752,10.0,16.15576379975255,0.06072756529872297
12.034233308689775,28.702182126974876,7.273674127873049,1.258727627454789,68.74127237254521,0.3170240597652733,88.187859190562,83.18785919056273,284.2316380806047,506219.7972466768,1470543.7934022732,1445727.418464012,71.81214080966708,10.0,15.882078048559322,0.06786832550163681
12.193609661897469,29.45958614692274,7.225790241635996,0.6049079973177527,69.39509200268225,0.3212225938329154,88.82353261528112,83.82353261528158,283.7637798428516,510602.00180661975,1465222.9254386176,1448126.573835977,71.17646738494795,10.0,15.810409829159312,0.06773306294211165
11.072600316451936,29.26723746582166,6.364825110931645,0.25459420267162614,69.74540579732837,0.29169126228798564,84.21443163369247,79.21443163369332,287.2247317844107,480446.0437886331,1502803.8068370328,1204237.207965337,75.78556836653661,10.0,16.262047727113213,0.059810636617322874
11.654603310145369,29.86650082072677,6.714010944820026,-0.03591149538692662,70.03591149538693,0.30702326949803393,86.64827007195152,81.64827007195237,285.3777945310181,495911.63719485607,1483244.1197499263,1309862.840317198,73.35172992827756,10.0,16.014551050699424,0.06322208968953005
12.15823444065713,29.97072069207293,7.084512332670193,0.09943763202267064,69.90056236797733,0.3202906860025588,88.68297048758893,83.68297048758973,283.86695524740446,509626.4716137261,1466403.4448199996,1417880.9545487917,71.31702951264015,10.0,15.815910274136854,0.06664684717091317
11.688799256519403,16.436098824370887,9.504867474752539,12.56899669511563,57.43100330488437,0.3079241110779611,86.78845617905853,81.7884561790591,285.2726932423458,496832.82868016785,1482098.4391769932,1875316.1062463806,73.21154382117055,10.0,16.339427631837225,0.08215520382932885
10.842859783287718,29.96609220565469,6.004816389601821,-0.5522897908786035,70.5522897908786,0.28563908807396515,83.22767329024373,78.22767329024447,287.9848920808773,474447.25376224937,1510561.0663276687,1120765.97596409,76.77232670998535,10.0,16.362978631118608,0.05675208255575379
9.793707218881668,29.976809262998863,5.00462915131663,-1.195204243507419,71.19520424350742,0.2580007170411398,78.51451515484393,73.51451515484274,291.69585790555766,447745.31307633175,1546328.7819911586,874725.8735807935,81.48548484538514,10.0,16.88695539272618,0.04751694861923512
10.93376241208507,25.16870816344195,7.162048307201971,4.148056294744379,65.85194370525562,0.28803378324776263,83.61993677635184,78.6199367763528,287.68195841435136,476813.90403966897,1507488.9760496018,1349675.2928055672,76.38006322387724,10.0,16.353696556968487,0.06549588187946591
9.886810503693427,26.622124157300853,5.868177153643748,2.1984858475026954,67.8015141524973,0.26045338523955286,78.94743078253981,73.94743078253862,291.3498832489345,450071.91509499867,1543128.1790206362,1043453.8611981476,81.05256921768927,10.0,16.80837838629992,0.054394531593512575
10.233313337991452,29.930596285232042,5.449925417815652,-0.8704086915832363,70.87040869158324,0.26958148940967996,80.53265232236362,75.53265232236464,290.09149468656216,458801.739828982,1531265.3562407247,980675.1793907844,79.46734767786546,10.0,16.655633753292136,0.051624801028297786
11.623026518866089,29.99079962510946,6.6604740782234915,-0.1716041418889631,70.17160414188896,0.30619142568140384,86.51855128317857,81.51855128317953,285.47517674217977,495062.26725447044,1484302.3675829396,1297283.2942070237,73.48144871705051,10.0,16.02626078497559,0.0627784467731882
7.238962754154677,29.980452905452317,1.8525192909740225,-3.3688219881352097,73.36882198813521,0.1906997564318935,65.23304455495531,60.23304455495645,302.7017711108793,386458.0890852511,1637276.960424863,236450.8787377148,94.76695544527377,10.0,18.69759681964001,0.017867050660635462
9.153194959063827,29.924864312036163,4.335243768845912,-1.5899643469257398,71.58996434692574,0.2411273698383516,75.45080446064367,70.45080446064486,294.1706819562463,431943.49050968897,1568519.3117084664,722778.8329252823,84.54919553958541,10.0,17.256906638546297,0.041278082297654346
10.048816711627053,29.689645513394723,5.326216538772473,-0.7442131329792119,70.74421313297921,0.2647211989364345,79.69361476701903,74.69361476702011,290.75585592094137,454139.3859579093,1537572.465425428,947884.9062850024,80.30638523321005,10.0,16.747833985650573,0.05040752019543326
10.743630021918532,29.98103508203394,5.912675270957028,-0.6221343380613007,70.6221343380613,0.2830250269209308,82.79669617536439,77.79669617536524,288.31883906091036,471873.9784627723,1513918.8650229045,1097226.9549467454,77.20330382486469,10.0,16.40873420675058,0.05590907815204846
10.850517376922099,25.914385295020047,6.925055558014116,3.3930457100859712,66.60695428991403,0.2858408160411512,83.26081078163998,78.26081078164088,287.95926327340374,474646.2736304369,1510302.132216097,1298772.9321444433,76.7391892185891,10.0,16.378784547852376,0.06365986813178626
11.486441070714264,22.917418757633754,8.106776738531371,6.512943819142549,63.48705618085745,0.30259328426539156,85.95443751526415,80.9544375152646,285.9000861139349,491402.1731089805,1488883.4674139384,1569361.7178390988,74.04556248496493,10.0,16.193010449845247,0.07294659345596469
10.88587714022729,29.98073645063902,6.039599866919464,-0.5430451813254535,70.54304518132545,0.28677231665509195,83.41360327016412,78.41360327016497,287.84118200167796,475566.0919285483,1509106.8189595267,1130016.5243926186,76.58639673006496,10.0,16.34337393088174,0.057077063963104836
10.381493222194353,29.311736440415352,5.732821800845968,-0.16853457469437672,70.16853457469438,0.27348506907782805,81.19848506159133,76.19848506159235,289.5670708925,462570.33684729354,1526214.1539100166,1042640.9978067046,78.80151493863775,10.0,16.578460019280897,0.05403366078040546
12.768611707911376,29.986525469450825,7.529290818592506,0.34987293457993474,69.65012706542007,0.33637017144129017,91.0671391133526,86.06713911335288,282.1393430136128,526694.7741615749,1446067.8884854293,1551895.2492832618,68.93286088687648,10.0,15.59165981378726,0.0707054583426173
12.41155162260301,29.74650129761099,7.324384653165206,0.4262562481334271,69.57374375186657,0.326963952123367,89.6829377481622,84.68293774816289,283.13648340042283,516648.6628434981,1457955.6828115273,1483824.3819945045,70.31706225206688,10.0,15.724984877419445,0.0687440638110554
11.44444776679553,15.47168399749674,9.46622368893127,13.382502391428034,56.617497608571966,0.30148703284498235,85.78000551694822,80.78000551694896,286.0319351240787,490281.3528279587,1490293.1663960752,1859372.2928437989,74.21999448328086,10.0,16.44149461286588,0.08139032266918338
22.090154005689715,29.98143175640638,11.977200746618127,3.853387190724675,66.14661280927533,0.581932402678865,119.89584930765301,114.89584930765415,268.1123467375619,885311.6517692405,1125449.897236373,3684743.164187499,40.10415069257607,10.0,12.158833148938072,0.1097526266896383
13.233980979081704,29.881890341373108,7.874650746518775,0.6379736605299513,69.36202633947005,0.34862963590836943,92.82892209107803,87.82892209107808,280.8953093060393,540060.891504054,1430598.5586150154,1658037.264017326,67.17107790915105,10.0,15.432894928316045,0.07379810143679526
11.76668410647802,29.99802651436103,6.774026320718216,-0.10910196592942611,70.10910196592943,0.30997587214114913,87.10661834270292,82.10661834270377,285.03469876464055,498936.292694645,1479490.332429489,1329257.632025928,72.89338165752616,10.0,15.968184302452698,0.06382038629931792
11.375093659125124,29.93631819698048,6.469372730236869,-0.24205783165871253,70.24205783165871,0.29966000155756384,85.49088483742827,80.49088483742906,286.25094678366685,488434.8170438901,1492622.6857188048,1243662.2335956765,74.50911516280081,10.0,16.12944525646833,0.06100776500813335
11.26337936693344,28.09009512559119,6.792618499689662,1.4922394116917417,68.50776058830826,0.296717053923431,85.02242683588321,80.02242683588406,286.60704113316876,485472.2581409476,1496378.6454249443,1299121.041089183,74.97757316434587,10.0,16.189817718679933,0.06327581558135102
9.771236975561166,29.97958129497482,4.981077028273123,-1.2128293976642226,71.21282939766422,0.25740877174818666,78.40957735803528,73.40957735803624,291.7798664104842,447184.9682623432,1547102.1203915633,869250.8877766836,81.5904226421938,10.0,16.89928956976354,0.047299299876167586
9.22886991462662,29.586023221484723,4.498164199849202,-1.1902670665398887,71.19026706653989,0.24312091450544307,75.82086360279675,70.82086360279567,293.8694058747869,433792.6673095599,1565880.70447858,756099.2497261411,84.17913639743233,10.0,17.203452014702293,0.04270675707666107
13.462210655108072,29.953462953787955,8.01104254252469,0.6597612555863748,69.34023874441363,0.354642008827926,93.67625060460483,88.67625060460585,280.30765251720305,546733.9918003797,1423018.2111583138,1704435.0708315093,66.32374939562425,10.0,15.354451135738657,0.0750647554334933
12.263272037080249,29.900749025194287,7.179528291997265,0.21364804738726662,69.78635195261273,0.32305774597155557,89.09945542168833,84.09945542168867,283.5617140138269,512527.8688734122,1462898.9906472852,1444261.8512674544,70.90054457854075,10.0,15.777341203707977,0.0674860291268753
8.496947861157178,29.701752356535494,3.6223293187583936,-1.876493793883526,71.87649379388353,0.2238395116216327,72.1429603014036,67.14296030140457,296.88987261344994,416089.0033602754,1591620.2643217158,570738.6322499393,87.85703969882547,10.0,17.67966343966509,0.034561171054396295
12.743279208770298,20.400201867225874,9.551030085221418,9.248827764506302,60.7511722354937,0.3357028242563303,90.96988277083187,85.96988277083238,282.2088532500883,525976.1694098089,1446910.661439996,1947066.9600085279,69.0301172293972,10.0,15.900666099493435,0.0843776152439211
14.062377736204661,29.96267516127731,8.39252928960544,0.8763382475251547,69.12366175247485,0.3704525220285738,95.85482101168543,90.85482101168549,278.83103218875647,564673.4538352386,1403089.7006805534,1833447.5170835734,64.14517898854365,10.0,15.158795285448889,0.07851921288246544
10.465738513462911,29.95324581936672,5.6645806725419146,-0.7539670756632404,70.75396707566324,0.27570438655065627,81.57391172606032,76.57391172606117,289.27249650019354,464722.6723448075,1523347.7946359245,1034010.173826663,78.42608827416876,10.0,16.540669588985963,0.05361354362923417
11.710643708311695,29.920972803923163,6.746703509395287,-0.061533659052713574,70.06153365905271,0.3084995708195915,86.87784900261073,81.87784900261164,285.20574880675144,497422.03680325835,1481366.7600413694,1320066.1811562937,73.12215099761835,10.0,15.991427922889727,0.06354149689214991
11.478170691258097,29.828373232147605,6.579079727207802,-0.08549453150919817,70.0854945315092,0.30237541336296353,85.92012123743302,80.92012123743388,285.92600792381427,491181.2675417771,1489161.0537090525,1271751.4334708788,74.07987876279606,10.0,16.087092405298336,0.06197333544877056
23.60067514566537,28.702182126974876,12.73010102841567,5.833060026627493,64.16693997337251,0.6217248457762216,123.64480779372462,118.64480779372576,268.133761861761,971362.0832589525,1068158.9240073871,4209279.539835427,36.355192206504455,10.0,11.30252062987688,0.11507872046358715
10.304814169905658,29.45958614692274,5.62647896106788,-0.35986644750016694,70.35986644750017,0.2714650729690637,80.85481677905472,75.85481677905551,289.8374374909398,460617.48261814186,1528826.4637713074,1018205.9983705102,79.14518322117436,10.0,16.61669037298128,0.053103556684455155
10.017846161514367,29.96747642005481,5.231562829885179,-1.0410372976450049,71.041037297645,0.2639053256457947,79.5516575513061,74.55165755130707,290.868638276131,453359.9184387101,1538633.2497867167,928307.0961263679,80.44834244892297,10.0,16.76687829551338,0.04961682263685252
23.124166860754897,29.86650082072677,12.337250457119508,4.527173998015371,65.47282600198463,0.6091719404835326,122.48264475889027,117.48264475889141,268.0433162533593,942948.131127378,1086495.9639694432,4003079.7131390534,37.517355241338805,10.0,11.54199404442221,0.11252835025818404
13.312836528053351,29.371730081531766,8.040339274657377,1.1485874232623132,68.85141257673769,0.3507069685999302,93.12289544708244,88.12289544708364,280.69061674726055,542357.5271861595,1427979.1577645845,1697294.1245110405,66.87710455314664,10.0,15.419902980192603,0.07508000149100735
10.842859783287718,29.994352696026723,5.998365837497618,-0.5800656690785218,70.58006566907852,0.28563908807396515,83.22767329024373,78.22767329024447,287.9848920808769,474447.25376224937,1510561.0663277258,1119517.9791839346,76.77232670998535,10.0,16.36299153326553,0.0567023422316912
9.793707218881668,29.980600676351095,5.003750075430038,-1.199011451384422,71.19901145138442,0.2580007170411398,78.51451515484393,73.51451515484274,291.6958579055593,447745.31307633175,1546328.781991355,874558.4446242863,81.48548484538514,10.0,16.88700885036951,0.0475098972981824
10.93376241208507,29.455136106686822,6.201473655684616,-0.0019375306703750539,70.00193753067038,0.28803378324776263,83.61993677635184,78.6199367763528,287.6819584143522,476813.90403966897,1507488.9760497084,1164180.0816333762,76.38006322387724,10.0,16.32239161867392,0.058381729563724505
21.94058176209304,23.219647385306004,13.30641344270145,9.589372341804676,60.410627658195324,0.577992143363884,119.51401214818986,114.51401214818867,268.15089097275535,877395.9448344439,1130996.6326777628,3901665.6688362644,40.485987852039216,10.0,12.759547121765024,0.11728841799563558
11.066032653809865,29.296085628668408,6.3526221963278005,0.2230565809396694,69.77694341906033,0.2915182469391429,84.18643366096688,79.18643366096774,287.24621337190945,480273.7451381986,1503025.2545047419,1201469.3547901746,75.8135663392622,10.0,16.264777321607085,0.059709307319521274
11.974731656064055,29.301903681757764,7.093706362337706,0.6579897042284415,69.34201029577156,0.31545657681939027,87.94894276807588,82.94894276807662,284.4083095706963,504592.1476727447,1472531.8425230726,1406331.159566066,72.0510572321532,10.0,15.895389588185083,0.06646999996401735
11.668409462496522,29.861954214457356,6.7261441781649625,-0.024833495897837565,70.02483349589784,0.3073869721416365,86.70490482256349,81.70490482256417,285.33531651458185,496283.38399026694,1482781.5239403418,1313168.6113481645,73.29509517766559,10.0,16.009013673248432,0.06333136020584307
12.305442799024679,28.911283320850735,7.43201663341696,1.1767176059267968,68.8232823940732,0.3241686722609241,89.26592582175294,84.26592582175346,283.4401051614592,513696.83242850873,1461492.6688908872,1496794.261703648,70.73407417847613,10.0,15.77879275552516,0.06938579611807975
12.444651431770678,29.924864312036163,7.308926048645126,0.27039818171533625,69.72960181828466,0.3278359175914299,89.81248235952268,84.81248235952319,283.04246085649714,517572.5687325927,1456852.7833677214,1483324.6842258763,70.1875176407064,10.0,15.709705373243253,0.0686747188959344
7.702540912487663,29.689645513394723,2.5909462616093983,-2.5815904009883752,72.58159040098838,0.2029120366830259,67.87578708373104,62.875787083732064,300.46004209413246,397278.199259362,1620207.7305069629,369692.8516626913,92.12421291649804,10.0,18.28016652411526,0.02484667248551224
10.743630021918532,29.831674244036655,5.946804488510938,-0.4751057475044149,70.47510574750441,0.2830250269209308,82.79669617536439,77.79669617536524,288.3188390609091,471873.9784627723,1513918.865023144,1103820.5937606764,77.20330382486469,10.0,16.408512232903206,0.05617290742927598
11.76082212834888,25.914385295020047,7.678684971225525,3.7948006966041703,66.20519930339583,0.3098214470060295,87.08272616298223,82.08272616298302,285.05254458597386,498777.7159072787,1479686.5690856345,1504671.6576369614,72.91727383724685,10.0,16.032182386923864,0.07039181952752996
11.486441070714264,29.987727695537274,6.5498344222213705,-0.23606536739140438,70.2360653673914,0.30259328426539156,85.95443751526415,80.9544375152646,285.90008611394745,491402.1731089805,1488883.4674141041,1266602.330489895,74.04556248496493,10.0,16.082503982443257,0.06176390659074988
11.54803678551109,29.45548600656005,6.720438005897041,0.310066680894181,69.68993331910582,0.3042159321789012,86.20944452440864,81.20944452440949,285.70772240120755,493049.9873841499,1486816.7887338728,1303913.6167401553,73.79055547582044,10.0,16.061527047105358,0.06312754058449839
11.920565029833195,29.311736440415352,7.04943808923212,0.6239098154406406,69.37609018455936,0.31402963724534233,87.73068465194393,82.73068465194473,284.57009370946093,503114.3599952579,1474342.4186717388,1393813.0043113707,72.26931534828515,10.0,15.916005375987027,0.06607110147414133
23.865932548505214,28.61058946101015,12.83148042412635,6.086883655754832,63.91311634424517,0.628712659338915,124.2838960638673,119.28389606386622,268.21956352746827,987730.2374580003,1057837.2832245482,4306330.252196889,35.716103936361776,10.0,11.118143413278574,0.11579499542753655
11.443140323176701,29.96462091533381,6.519391161310324,-0.2352800267393036,70.2352800267393,0.30145259017852216,85.77456707311995,80.77456707312086,286.03604937603257,490246.4900826597,1490337.066401418,1257827.6256926646,74.22543292710913,10.0,16.100706032021833,0.06147648814377585
13.081400814668825,15.47168399749674,10.635060525728338,13.759844884523602,56.2401551154764,0.34461013737272983,92.25640606468261,87.25640606468278,281.2963655410295,535643.5596876766,1435668.17825251,2209521.578473707,67.74359393554647,10.0,16.057263358405464,0.09121715544074312
8.308975829393663,29.98143175640638,3.3225775438775966,-2.326540783891062,72.32654078389106,0.21888766673850535,71.160807801408,66.16080780140902,297.70573912223176,411603.27107773954,1598317.3028196546,511391.7490304045,88.83919219882108,10.0,17.82311169929511,0.03180419971809839
11.587311306281784,29.70593698424591,6.695857998320068,0.08680039755734015,69.91319960244266,0.3052505612824495,86.37151779174474,81.37151779174559,285.5857058766408,494103.0366931762,1485499.6830149519,1301770.5039740913,73.62848220848434,10.0,16.043307296325906,0.06299626696616417
11.76668410647802,29.954980400954142,6.78372909134206,-0.06751630474252579,70.06751630474253,0.30997587214114913,87.10661834270292,82.10661834270377,285.0346987646368,498936.292694645,1479490.3324296216,1331152.000723648,72.89338165752616,10.0,15.968626345615064,0.06389292408141418
11.375093659125124,27.283292216303252,7.066027344300323,2.3217148841382595,67.67828511586174,0.29966000155756384,85.49088483742827,80.49088483742906,286.2509467836599,488434.8170438901,1492622.6857186996,1359375.118021732,74.50911516280081,10.0,16.15399015956399,0.06544154827022003
11.26337936693344,29.99878070760053,6.361560369700531,-0.3600070648679434,70.36000706486794,0.296717053923431,85.02242683588321,80.02242683588406,286.60704113316626,485472.2581409476,1496378.645424779,1215541.120736725,74.97757316434587,10.0,16.176642460191374,0.06004142592694639
9.771236975561166,29.987871430646436,4.979154158047579,-1.221158317512561,71.22115831751256,0.25740877174818666,78.40957735803528,73.40957735803624,291.7798664104931,447184.9682623432,1547102.1203919183,868884.8032371089,81.5904226421938,10.0,16.89940914984362,0.047283860940900126
11.507067077134586,28.578413275254128,6.8844257406941365,1.137356048589595,68.8626439514104,0.3031366458676129,86.03994159661704,81.03994159661784,285.8355345641154,491953.457580841,1488191.2775994632,1333019.9076253143,73.96005840361204,10.0,16.08676038748814,0.064291262924176
11.690141091577125,22.72402767438649,8.308495530179249,6.769633676466071,63.23036632353393,0.30795945973596217,86.79395084872556,81.7939508487263,285.2685766923167,496869.00500073814,1482053.4903444,1622789.4785114774,73.20604915150352,10.0,16.130313391821005,0.07463183746006569
11.165076354785782,29.699527336417532,6.34605028518691,-0.11902615441607622,70.11902615441608,0.29412740660658016,84.60736225724008,79.60736225724094,286.92380071897793,482877.23847556725,1499687.564116385,1206343.61728781,75.392637742989,10.0,16.220268516895317,0.05979249516397892
12.039325861105976,27.99420818694449,7.435216035608402,1.936232156133599,68.0637678438664,0.31715821551912476,88.20826671576788,83.20826671576856,284.2165681052011,506359.3132574387,1470373.6833417944,1477540.5179091068,71.7917332844612,10.0,15.892327051199743,0.06904657910454264
13.370313014175432,20.400201867225874,9.967637155977204,9.418062656377458,60.58193734362254,0.3522211015325456,93.3363574352253,88.33635743522535,280.542520447025,544037.4601031565,1426070.1479942447,2080627.9215229629,66.66364256500378,10.0,15.739091933033137,0.08795904521775394
11.850765226193573,29.026607038586008,7.058789794424713,0.8658123829854958,69.1341876170145,0.3121908647574703,87.44835210983877,82.44835210983956,284.7799176907445,501215.5317518024,1476676.6878846698,1390670.0290877451,72.55164789039031,10.0,15.94672150274505,0.06604585493499066
11.775354045082999,29.924738058187593,6.797432603194511,-0.0341680835717284,70.03416808357173,0.3102042688378029,87.14193907035423,82.14193907035491,285.0083244421679,499170.90771642607,1479200.1140691508,1334427.4265202798,72.85806092987485,10.0,15.965481284715395,0.06400683252647588
11.744656402615243,29.920972803923163,6.77386204656575,-0.04520245243224963,70.04520245243225,0.3093955848950275,87.01679251047238,82.01679251047312,285.1018146695165,498340.6247588402,1480227.7873380731,1327704.739423054,72.9832074897567,10.0,15.977782656892202,0.06378988212352209
12.285364513121875,29.828373232147605,7.212291935197249,0.2927221232891952,69.7072778767108,0.3236397395448334,89.18671879496532,84.18671879496588,283.4979384526372,513139.97221177554,1462162.1995130635,1452329.5932242803,70.81328120526376,10.0,15.770241545665044,0.06775602831336328
8.699038092539217,29.97438313630692,3.801539148604456,-1.991781738907605,71.9917817389076,0.22916327957163374,73.1811326642109,68.18113266420983,296.03156559460905,420938.1518025413,1584461.9854430943,609049.7076529242,86.81886733601817,10.0,17.550058800864235,0.03630115466069904
10.92500434356801,29.964416818553516,6.077822239929236,-0.5056736948606044,70.5056736948606,0.2878030648990519,83.5822489134078,78.5822489134087,287.71102113024784,476585.49612163083,1507784.7991164105,1139728.203065898,76.41775108682128,10.0,16.325659666490253,0.057422990447030905
23.865932548505214,29.26723746582166,12.694641304260672,5.517916083946204,64.4820839160538,0.628712659338915,124.2838960638673,119.28389606386622,268.21956352747304,987730.2374580003,1057837.2832246446,4279708.183900239,35.716103936361776,10.0,11.07054471197904,0.11500502654806716
11.654603310145369,29.98773400908101,6.686650536915385,-0.15323766561539287,70.15323766561539,0.30702326949803393,86.64827007195152,81.64827007195237,285.3777945310195,495911.63719485607,1483244.1197499183,1304526.7441806833,73.35172992827756,10.0,16.013441586170586,0.06301694777194854
14.319360411283167,29.926361430031704,8.5576712019471,1.0028228195666316,68.99717718043337,0.3772223501391772,96.7666391871698,91.76663918717088,278.22863366248157,572536.3216925514,1394553.823475707,1890137.3711236252,63.23336081305928,10.0,15.07858067547329,0.07999288864683761
27.743665116957427,29.813640990367446,13.7332968223781,8.698769143395225,61.301230856604775,0.7308657828492473,133.0441261145656,128.04412611456945,273.00077448675245,1284550.1355111676,895491.4293193218,6399913.99657719,26.955873885663493,10.0,7.035952007162223,0.1217711121402158
14.076354394904797,29.419235760316212,8.520284270636889,1.3867981292053173,68.61320187079468,0.37082071640950465,95.90472847438673,90.90472847438781,278.79781329348697,565098.226765576,1402625.54178202,1859866.1799238096,64.09527152584235,10.0,15.172383696678594,0.07942849098835099
15.012159306093,29.039901847276454,9.154394864783436,2.057393300784213,67.94260669921579,0.39547311133016333,99.16582353785839,94.16582353785839,276.69179595363795,594311.5339764786,1371512.748430159,2075896.798439456,60.83417646237069,10.0,14.899922636301653,0.08493956357067793
9.389365029652122,29.9920048009932,4.5779095618079015,-1.4870545907169799,71.48705459071698,0.247348920696842,76.59835001622787,71.59835001622889,293.2384746232303,437729.8055328277,1560300.2526959137,777097.8698255464,83.40164998400121,10.0,17.116380231261758,0.04355644023035244
11.347701718765599,23.219647385306004,7.930747246094953,6.175198964108176,63.824801035891824,0.2989384014427186,85.37633594146024,80.37633594146115,286.3378801610074,487707.06662070024,1493543.2141629818,1525667.7975017335,74.62366405876884,10.0,16.23369181724013,0.07152641121991027
9.886810503693427,28.614573078282262,5.413163612382829,0.2259607098406491,69.77403929015935,0.26045338523955286,78.94743078253981,73.94743078253862,291.3498832489408,450071.91509499867,1543128.1790209261,956769.8877053709,81.05256921768927,10.0,16.821557446934435,0.050878139400363974
11.138118145362405,29.301903681757764,6.413193037532617,0.2546149825321322,69.74538501746787,0.29341723249110657,84.49306565511091,79.49306565511182,287.01123046749484,482167.5120808717,1500595.6441000549,1217676.2186643917,75.50693434511817,10.0,16.23365147816952,0.06026514400081136
12.000401723715148,29.933415221422777,6.971868441784778,0.06310061651021215,69.93689938348979,0.3161328167469744,88.05212280984381,83.05212280984466,284.3319561952288,505293.7890376113,1471674.054853881,1384382.1198947502,71.94787719038527,10.0,15.876966308069768,0.06560407017911458
7.238962754154677,29.97466967777396,1.853923082801803,-3.362640752324296,73.3626407523243,0.1906997564318935,65.23304455495531,60.23304455495645,302.7017711108886,386458.0890852511,1637276.9604251422,236700.00348267195,94.76695544527377,10.0,18.697274658253946,0.01787978573438271
11.187168075671114,29.63228942151754,6.38012614488847,-0.042041384087667666,70.04204138408767,0.2947093802863834,84.7008743268907,79.7008743268915,286.85233486780083,483459.45933907264,1498943.6234783644,1214338.7158257915,75.29912567333838,10.0,16.21103995492365,0.06008069798904892
10.550137925858667,29.998402827277502,5.732459472086997,-0.7494761715828417,70.74947617158284,0.27792776411640324,81.9477956259318,76.9477956259305,288.9799517958588,466886.1675630957,1520479.9707804355,1051646.6170096942,78.05220437429728,10.0,16.50013483207232,0.05425425694508977
10.743630021918532,29.96462091533381,5.916427045965437,-0.605970940831071,70.60597094083107,0.2830250269209308,82.79669617536439,77.79669617536524,288.3188390609113,471873.9784627723,1513918.865023174,1097951.9136778822,77.20330382486469,10.0,16.408706995235264,0.0559381072156682
11.486441070714264,29.988022370946624,6.549767752481873,-0.2363515051826539,70.23635150518265,0.30259328426539156,85.95443751526415,80.9544375152646,285.9000861139337,491402.1731089805,1488883.4674138704,1266589.343960159,74.04556248496493,10.0,16.082501887549768,0.06176340356782296
11.115929152167688,29.45548600656005,6.359377651108332,0.09349803925010747,69.90650196074989,0.29283269631632475,84.39883615515794,79.39883615515862,287.08337559743126,481583.960213919,1501343.291083584,1205865.8469506733,75.60116384507114,10.0,16.242520717904995,0.05982773515946705
10.381493222194353,29.994207553168366,5.5762345167941145,-0.8443357922865289,70.84433579228653,0.27348506907782805,81.19848506159133,76.19848506159235,289.56707089249426,462570.33684729354,1526214.1539098439,1012552.4652795894,78.80151493863775,10.0,16.58214239858262,0.052811436859419456
9.450776842435593,29.97811849384948,4.646948924538298,-1.429675978715352,71.42967597871535,0.2489667239840778,76.89325236004981,71.89325236005084,292.9999003394656,439241.9349725413,1558170.3840074784,792524.967350832,83.10674764017926,10.0,17.08019387797532,0.044195117886415725
11.196441291502186,29.74650129761099,6.36210427308105,-0.14859524480465325,70.14859524480465,0.29495366942840323,84.74008632548691,79.74008632548782,286.82238489239046,483704.01755166776,1498631.4037721914,1211423.8686445002,75.25991367474217,10.0,16.206541093814565,0.05995635102666475
8.627155460255343,29.98143175640638,3.714005852643365,-2.0575272367761954,72.0575272367762,0.22726963804676878,72.81392092285517,67.81392092285404,296.3346651105543,419210.09194207576,1587003.3654055314,590909.9302784285,87.1860790773739,10.0,17.598946506076686,0.03548209457166041
11.587311306281784,29.99305099659407,6.631026444239701,-0.19128994169636826,70.19128994169637,0.3052505612824495,86.37151779174474,81.37151779174559,285.5857058766512,494103.0366931762,1485499.6830152143,1289136.8998224393,73.62848220848434,10.0,16.04084022841971,0.06250963316967624
11.76668410647802,29.97596707684572,6.778998840070974,-0.08778983167252363,70.08778983167252,0.30997587214114913,87.10661834270292,82.10661834270377,285.03469876464146,498936.292694645,1479490.3324295762,1330228.504456198,72.89338165752616,10.0,15.968410258976974,0.0638575660679617
9.636041872022652,29.90377050748957,4.859376092901532,-1.2270252942892625,71.22702529428926,0.25384725690259885,77.77441742089786,72.77441742089889,292.28953445272225,443823.07143536495,1551762.4606830678,840304.6827077433,82.22558257933122,10.0,16.973100488808427,0.046148343842986314
11.26337936693344,29.98819493259043,6.363962653890818,-0.34968521111005657,70.34968521111006,0.296717053923431,85.02242683588321,80.02242683588406,286.60704113316683,485472.2581409476,1496378.6454249409,1216008.075298911,74.97757316434587,10.0,16.17669040589709,0.06005968713390071
13.064793467398989,29.97306250098555,7.739199360111625,0.48436468012317846,69.51563531987682,0.34417264139617987,92.19379407024684,87.19379407024701,281.34041700467014,535164.848769142,1436220.0888038184,1617237.811130913,67.80620592998224,10.0,15.48842772172793,0.07260751046624256
11.327289271997753,28.578413275254128,6.736234728294409,1.0512345118585245,68.94876548814148,0.29840066575336543,85.2908414419818,80.2908414419827,286.4028228889343,487165.31634346466,1494229.3663200922,1292360.6427975518,74.70915855824728,10.0,16.159327837273906,0.06294552429149244
11.690141091577125,29.715753728981532,6.7765503861424765,0.12695328482141122,69.87304671517859,0.30795945973596217,86.79395084872556,81.7939508487263,285.26857669232277,496869.00500073814,1482053.4903443842,1324481.6610304194,73.20604915150352,10.0,16.0016979903869,0.0637372858404331
7.933534082284275,29.699527336417532,2.9028022593399885,-2.371185391738436,72.37118539173844,0.20899720975459102,69.14887892620311,64.14887892620209,299.38816135865096,402709.8259218725,1611815.2310127362,428545.6757004315,90.85112107402597,10.0,18.09531523013709,0.02779500836873021
8.496947861157178,29.849258114470224,3.587407465513306,-2.02890701585477,72.02890701585477,0.2238395116216327,72.1429603014036,67.14296030140457,296.88987261346574,416089.0033602754,1591620.2643223507,564279.1716288929,87.85703969882547,10.0,17.684521977560507,0.03426555879573233
11.850765226193573,29.935916606664563,6.854534417201058,-0.009179943723950146,70.00917994372395,0.3121908647574703,87.44835210983877,82.44835210983956,284.77991769074316,501215.5317518024,1476676.687884654,1350834.6775261653,72.55164789039031,10.0,15.935441655939997,0.0645330724628377
13.063631923952947,29.924738058187593,7.74912133730988,0.5295724985480774,69.47042750145192,0.3441420422537657,92.18941269008991,87.18941269009014,281.3435009745084,535131.3822059375,1436258.6912093938,1619091.88899769,67.81058731013917,10.0,15.489967571690045,0.07267735575793703
13.202803653291046,29.920972803923163,7.844918270100076,0.5887886971025296,69.41121130289747,0.34780831541862606,92.71233576956513,87.71233576956519,280.9767226708311,539155.4526565279,1431634.3105672954,1649558.0969326869,67.28766423066395,10.0,15.442482477974806,0.07354501934487365
11.556264940714616,29.9980026569744,6.604651604513108,-0.2113844166701142,70.21138441667011,0.3044326907459066,86.24343311762095,81.24343311762186,285.68211844604264,493270.45147571404,1486540.8091909091,1281917.2651094145,73.75656688260813,10.0,16.05355054746792,0.062269896062625896
8.699038092539217,29.975209661882516,3.8013439978515238,-1.9926325447584645,71.99263254475846,0.22916327957163374,73.1811326642109,68.18113266420983,296.0315655945993,420938.1518025413,1584461.985442497,609013.413815081,86.81886733601817,10.0,17.550083824941964,0.036299513584442236
12.106752565268351,29.45958614692274,7.159849608614178,0.5662773342469336,69.43372266575307,0.31893447221465626,88.4778685987593,83.47786859875993,284.01778950088345,508209.69356585137,1468121.9684435204,1428835.0399386676,71.52213140146978,10.0,15.842987007551471,0.06713327768948214
13.792204941114273,25.74068098591168,9.139819093220492,4.685192459387565,65.31480754061243,0.36333521973430644,94.8828004720931,89.88280047209315,279.4835548245005,556525.9306916805,1412060.90792589,1954349.53100422,65.11719952813598,10.0,15.393193086928477,0.08327406066359518
11.654603310145369,29.3160846380376,6.838035186143398,0.49587167058416526,69.50412832941583,0.30702326949803393,86.64827007195152,81.64827007195237,285.37779453102246,495911.63719485607,1483244.1197500352,1334023.8668115118,73.35172992827756,10.0,16.020045967037618,0.06414775994069709
12.585062680793522,29.926361430031704,7.4110825824961335,0.329494247755747,69.67050575224425,0.33153484406726874,90.35920479868179,85.35920479868213,282.6472334143998,521508.4564428051,1452176.3534943052,1514207.2818966263,69.64079520154729,10.0,15.658560824654785,0.06960544126413017
10.842859783287718,29.97205345884184,6.003455780199304,-0.5581484842712712,70.55814848427127,0.28563908807396515,83.22767329024373,78.22767329024447,287.98489208087966,474447.25376224937,1510561.0663279397,1120502.7453959875,76.77232670998535,10.0,16.362981181657744,0.056741592487490465
6.40118508881206,29.039901847276454,0.730016284141017,-3.3431776148377708,73.34317761483777,0.16862974417313117,60.12044178886646,55.120441788867595,307.0954286550955,367115.25030797714,1669031.5395955483,51901.614460814955,99.87955821136262,10.0,19.47830998092718,0.007039497394076757
10.93376241208507,23.524856353255075,7.519400569688524,5.717112952673517,64.28288704732648,0.28803378324776263,83.61993677635184,78.6199367763528,287.6819584143492,476813.90403966897,1507488.9760493492,1419180.5368225123,76.38006322387724,10.0,16.377405338618132,0.0680282821084918
9.886810503693427,29.318631388540993,5.2509680391327604,-0.4758888400945125,70.47588884009451,0.26045338523955286,78.94743078253981,73.94743078253862,291.34988324893726,450071.91509499867,1543128.1790204395,925870.6710509228,81.05256921768927,10.0,16.828685626413176,0.04960038410588142
22.830073876048953,29.301903681757764,12.361298890491303,4.8455668027464185,65.15443319725358,0.6014244962078228,121.75611855395368,116.75611855395368,268.02690074087775,926015.3006634464,1097687.8389704595,3932855.2540526693,38.243881446275395,10.0,11.77033276720232,0.11250150344966336
6.448094026109468,29.861954214457356,0.6087695156045967,-4.179585829028838,74.17958582902884,0.16986549067727785,60.419430592824426,55.419430592823346,306.8366106985977,368192.9617878298,1667218.1910136105,29982.68965386139,99.58056940740465,10.0,19.484814370530444,0.0059062615743635544
12.752430520135423,28.911283320850735,7.756607983118864,1.3619991618843983,68.6380008381156,0.335943902005675,91.00503288573105,86.0050328857314,282.18372125430625,526235.6590554537,1446606.201529678,1595137.8153951538,68.99496711449802,10.0,15.620813061835577,0.07232188984516777
12.691992791021141,29.63228942151754,7.553541961415512,0.6542518164130229,69.34574818358698,0.33435175951056745,90.77254613109955,85.77254613109994,282.35015208676026,524524.1056056892,1448617.1514276979,1550555.8372839885,69.22745386912953,10.0,15.626153887563646,0.0707806564182384
14.179760804003921,29.980701150833262,8.460881965923829,0.9022051137043832,69.09779488629562,0.37354480516343314,96.2728338574662,91.27283385746722,278.55367590555716,568251.1074258501,1399191.184348354,1857867.0963888934,63.72716614276288,10.0,15.120840243052783,0.07914426984247114
11.955974809075276,29.378631150098883,7.061970171021475,0.5758351360020129,69.42416486399799,0.31496245545509155,87.87344689404785,82.87344689404841,284.4642291952135,504079.99685268506,1473158.7243139436,1398791.9240442805,72.12655310618123,10.0,15.90149305897495,0.06621105182256858
26.74474296345315,25.914385295020047,14.254709496298052,10.916760929193174,59.083239070806826,0.7045506576252146,130.88529774414263,125.88529774414462,271.040719242302,1195953.45495228,939657.9687971873,5798809.642661058,29.114702256086446,10.0,8.585959023269709,0.12454969107392924
11.689656940444541,29.866344432327097,6.742213121293863,-0.018825271123944276,70.01882527112394,0.3079467054911628,86.79196835580728,81.79196835580797,285.27006192990336,496855.9518705909,1482069.7083917607,1317753.0218484304,73.2080316444218,10.0,16.00040454801217,0.06347995276733419
11.99826189885669,29.45548600656005,7.077480152203195,0.5213033190965461,69.47869668090345,0.3160764462291014,88.04352807958281,83.0435280795835,284.3383131311602,505235.2689340852,1471745.5526531313,1404860.924362339,71.95647192064627,10.0,15.884233643262519,0.06638205794567871
10.381493222194353,26.883183278880878,6.285014508824756,2.217296231619457,67.78270376838054,0.27348506907782805,81.19848506159133,76.19848506159235,289.567070892491,462570.33684729354,1526214.1539096455,1148565.2314528145,78.80151493863775,10.0,16.575064047683213,0.05825071138854454
9.067606759784564,28.61058946101015,4.546775390783719,-0.3176620411591671,70.31766204115917,0.23887267544216448,75.02953602742525,70.0295360274265,294.5143956738593,429857.5226467223,1571509.4732189446,759540.2687881709,84.97046397280383,10.0,17.28018641430907,0.04290026600697633
11.443140323176701,29.637803328218176,6.593313208423737,0.08202164483179786,69.9179783551682,0.30145259017852216,85.77456707311995,80.77456707312086,286.0360493760293,490246.4900826597,1490337.0664012774,1272212.246443846,74.22543292710913,10.0,16.103021100475132,0.06203360347243541
12.187001913245801,15.47168399749674,10.023371281932318,13.56559200582251,56.43440799417749,0.3210485224774974,88.79729986403538,83.79729986403612,283.7830230735735,510419.65764251637,1465443.4140291016,2020327.7940816327,71.2027001361937,10.0,16.257511316953185,0.0860786495210888
12.356303610967615,29.98143175640638,7.23095579996838,0.17766118601093694,69.82233881398906,0.32550852505183386,89.46614087728898,84.46614087728955,283.2941494199229,515109.8376365653,1459797.0245672164,1461322.8536860987,70.5338591229401,10.0,15.741348752136958,0.06798677688327778
11.587311306281784,29.93652505421354,6.6437969122537375,-0.13650880106450813,70.13650880106451,0.3052505612824495,86.37151779174474,81.37151779174559,285.58570587664667,494103.0366931762,1485499.683015219,1291626.4493402909,73.62848220848434,10.0,16.04130970856818,0.06260564022966993
12.291708298563117,29.94897897127838,7.190045115382292,0.18012236057154496,69.81987763942846,0.3238068571802718,89.21175478101833,84.21175478101901,283.4796527367646,513315.85561747215,1461950.6507614113,1448447.5751539203,70.78824521921075,10.0,15.765937625251354,0.06760094761447946
10.654238308274344,29.90377050748957,5.849471978224755,-0.5963894849632538,70.59638948496325,0.28067013456992473,82.40592559498225,77.4059255949831,288.6226235132124,469564.785488252,1516947.7470432124,1079969.2136998598,77.59407440524683,10.0,16.450364430855302,0.05530128867410458
12.710908979687858,27.615200705712354,8.013162307876874,2.5672497363729008,67.4327502636271,0.33485007849546516,90.84539910944181,85.8453991094421,282.29794678374145,525059.2454180223,1447987.6964425321,1641849.523606781,69.15460089078726,10.0,15.666456536266764,0.07408638791675409
9.771236975561166,29.612378961904255,5.066176980215453,-0.8442761371535425,70.84427613715354,0.25740877174818666,78.40957735803528,73.40957735803624,291.77986641048693,447184.9682623432,1547102.120391688,885447.5109965542,81.5904226421938,10.0,16.8941788609813,0.047980760298280856
11.690141091577125,29.998783298694832,6.712725175919058,-0.14668441005687782,70.14668441005688,0.30795945973596217,86.79395084872556,81.7939508487263,285.26857669232044,496869.00500073814,1482053.4903444003,1312033.3067668574,73.20604915150352,10.0,15.998947100489602,0.06325973686067177
22.87268035280189,29.699527336417532,12.291919841727585,4.524693427141301,65.4753065728587,0.6025469007587432,121.86181853197121,116.86181853197229,268.027460380126,928440.8621455061,1096072.1671616547,3930017.6250378187,38.13818146825787,10.0,11.715096811745923,0.1121168002024295
8.496947861157178,29.65298231377008,3.6338704400448667,-1.8261284877564776,71.82612848775648,0.2238395116216327,72.1429603014036,67.14296030140457,296.8898726134547,416089.0033602754,1591620.2643216886,572873.3265449598,87.85703969882547,10.0,17.67807080727289,0.03465872512729342
12.304928114792236,29.935916606664563,7.20285606556883,0.19848926565532565,69.80151073434467,0.3241551136668134,89.26389663132375,84.26389663132437,283.4415861346437,513682.5512382319,1461509.8305347506,1451948.360777692,70.73610336890533,10.0,15.761210669996728,0.06771257996137041
11.518966650932343,29.924738058187593,6.590753497215126,-0.1587629663476946,70.1587629663477,0.3034501225219268,86.0892192392152,81.08921923921588,285.7983559727715,492271.73578547523,1487792.0031053678,1276725.8475873964,73.91078076101388,10.0,16.069495312822994,0.062115624961472875
11.794202917424615,29.978264287136355,6.8003237842323125,-0.07686972133069503,70.0768697213307,0.31070081447377806,87.21866187796041,82.21866187796115,284.95106708936606,499681.2938409859,1478569.2391225104,1336299.534801647,72.78133812226866,10.0,15.957407285110605,0.06405347692385412
12.547684915805881,29.828373232147605,7.405817973365539,0.40684740581269807,69.5931525941873,0.33055018218666704,90.21410805085083,85.21410805085117,282.7518732829624,520458.070752052,1453420.9048923983,1510265.4743443634,69.78589194937825,10.0,15.67392514241999,0.06951791597675093
23.60067514566537,28.702182126974876,12.73010102841554,5.833060026625446,64.16693997337455,0.6217248457762216,123.64480779372462,118.64480779372576,268.13376186175975,971362.0832589525,1068158.9240073804,4209279.539835074,36.355192206504455,10.0,11.302520629878302,0.11507872046358703
10.92500434356801,29.948542960366062,6.08144091588349,-0.49009875239778466,70.49009875239778,0.2878030648990519,83.5822489134078,78.5822489134087,287.71102113024705,476585.49612163083,1507784.7991165107,1140428.9474154052,76.41775108682128,10.0,16.325669254891352,0.057450804679426024
10.017846161514367,29.928221846341387,5.240631482249681,-1.0018130302140094,71.00181303021401,0.2639053256457947,79.5516575513061,74.55165755130707,290.86863827612933,453359.9184387101,1538633.2497864123,930040.9307901823,80.44834244892297,10.0,16.766448116274717,0.049688891193249575
7.635436432125919,29.86650082072677,2.454879166391997,-2.8345212554464183,72.83452125544642,0.20114426849646783,67.50066063934423,62.5006606393452,300.7769060523356,395705.5702736789,1622659.2546217386,344700.1525209874,92.49933936088485,10.0,18.34418635795896,0.023584967054663897
11.738133668502934,25.784926476790062,7.689227736479523,3.908123893576999,66.091876106423,0.30922375312178435,86.99016986679732,81.99016986679811,285.12171811351277,498164.353504303,1480446.1858422253,1505111.407628212,73.00983013343176,10.0,16.04284308609124,0.07043332410303013
11.326188943990548,29.746249650144676,6.471602615400854,-0.08194262565280042,70.0819426256528,0.2983716792410576,85.2862296527478,80.28622965274866,286.40632749999673,487136.1271860774,1494266.3574723594,1240939.8407526545,74.71377034748127,10.0,16.151209438045385,0.060959389227827045
11.331668306256281,29.419235760316212,6.550188094337935,0.2386276774208227,69.76137232257918,0.2985160249277208,85.30919195073824,80.30919195073926,286.3888793449207,487281.4959324561,1494082.155007486,1256559.081571448,74.69080804949084,10.0,16.15097346565841,0.061559467540280986
12.626749201705351,29.039901847276454,7.63842176576061,1.1891205988052889,68.81087940119471,0.3326330137435551,90.52065266542888,85.52065266542928,282.5310171172038,522682.2075944706,1450788.5977063915,1562004.403171038,69.4793473348002,10.0,15.66166529397799,0.07130658316727721
7.3311322971652295,29.455136106686822,2.1167550653415006,-2.710273245515168,72.71027324551517,0.19312782658496389,65.76825639161882,60.7682563916199,302.24603594181104,388601.5248654326,1633857.5591256258,283268.9978852304,94.23174360861026,10.0,18.586030598073137,0.020318183874329692
11.756743856792966,23.219647385306004,8.256085373927013,6.330395165398102,63.6696048346019,0.3097140109797936,87.06609880676939,82.06609880677007,285.0649666049013,498667.41657936294,1479823.099896715,1617033.039900669,72.93390119345969,10.0,16.095546620803304,0.07438215608192263
11.630099602673546,29.296085628668408,6.822817870314284,0.5035187571021424,69.49648124289786,0.3063777556025697,86.5476303976929,81.5476303976937,285.4533358255728,495252.4176821133,1484065.2971901535,1329387.8891953074,73.45236960253618,10.0,16.030034696156633,0.06400154429261615
11.58432834278097,29.322698425810046,6.7798405746850285,0.4559400783032288,69.54405992169677,0.30517197952531533,86.35922230601534,81.35922230601602,285.5949558490985,494022.99072149163,1485599.7020005449,1317916.5061064537,73.64077769421374,10.0,16.048119244956865,0.0636198034075988
11.668409462496522,29.664745779752415,6.770609586826497,0.16581545951743237,69.83418454048257,0.3073869721416365,86.70490482256349,81.70490482256417,285.33531651457974,496283.38399026694,1482781.523940261,1321836.7057143098,73.29509517766559,10.0,16.01092881036857,0.06366386337438525
7.238962754154677,29.940819250384862,1.8621390756857064,-3.3264648702660224,73.32646487026602,0.1906997564318935,65.23304455495531,60.23304455495645,302.7017711108775,386458.0890852511,1637276.9604245806,238158.08359769065,94.76695544527377,10.0,18.69539106635108,0.017954297684550466
11.187168075671114,29.746962070174874,6.354111789745802,-0.15384228003063072,70.15384228003063,0.2947093802863834,84.7008743268907,79.7008743268915,286.852334867787,483459.45933907264,1498943.6234779048,1209290.6622090035,75.29912567333838,10.0,16.21053469582074,0.0598832627760928
11.689656940444541,29.689645513394723,6.782045804862425,0.15194379794661472,69.84805620205339,0.3079467054911628,86.79196835580728,81.79196835580797,285.27006192990626,496855.9518705909,1482069.7083917921,1325519.7164854736,73.2080316444218,10.0,16.002155728604293,0.06377767020639069
13.222816341512315,29.378631150098883,7.978387996600378,1.1073459240857915,68.89265407591421,0.3483355200609145,92.7871957525478,87.78719575254786,280.9244319774822,539736.4848549908,1430969.4548403965,1677460.1832866753,67.21280424768128,10.0,15.449670220047494,0.07452314225088141
11.689656940444541,29.947225377287893,6.72396961627503,-0.09704238627205086,70.09704238627205,0.3079467054911628,86.79196835580728,81.79196835580797,285.27006192990643,496855.9518705909,1482069.7083917921,1314194.2386238417,73.2080316444218,10.0,15.999628785201253,0.06334335856105662
11.963399795853483,29.45548600656005,7.050495856531023,0.5054311558182008,69.4945688441818,0.3151580557390275,87.9033427432127,82.90334274321333,284.4420801058606,504282.68064826215,1472910.559459042,1397085.820601396,72.09665725701637,10.0,15.897588381652383,0.06613638649247373
10.687067713149574,29.311736440415352,6.014476544416442,0.004723057299372613,69.99527694270063,0.28153497663723853,82.54971751371266,77.54971751371374,288.5107312953156,470411.8660409791,1515834.9310101275,1113649.653509868,77.45028248651641,10.0,16.43412173798771,0.05661862999199701
21.817323453459117,28.61058946101015,12.17193595206279,4.907362816618786,65.09263718338121,0.5747450857075637,119.19785104775491,114.19785104775389,268.1878785196815,870948.1796711261,1135551.7993782517,3662923.7917953976,40.80214895247417,10.0,12.406059117568816,0.11073116383613912
11.443140323176701,23.16325014064681,8.020035882470415,6.265385273350546,63.734614726649454,0.30145259017852216,85.77456707311995,80.77456707312086,286.03604937602927,490246.4900826597,1490337.0664012774,1549439.257627264,74.22543292710913,10.0,16.201998934057826,0.0722873960260238
9.33301853503015,15.47168399749674,7.569624284943989,12.686106589199824,57.313893410800176,0.245864555717338,76.32651632557275,71.32651632557167,293.4587492692733,436345.1565282993,1562257.0616420088,1375568.0988761275,83.67348367465632,10.0,17.117740477912946,0.06537812837569047
11.12172954332016,29.95555624836365,6.250795850417194,-0.39168603127774304,70.39168603127774,0.29298549903372395,84.42348193732266,79.42348193732357,287.06450029809895,481736.4520640999,1501147.8307942534,1185168.4711897909,75.57651806290642,10.0,16.238215874426942,0.05900931662101236
10.902548289845845,29.881890341373108,6.076858725547412,-0.43691436652721904,70.43691436652722,0.28721149341005914,83.48551368023413,78.48551368023499,287.78565932487356,476000.23137218005,1508543.4556996808,1138211.6742429226,76.51448631999494,10.0,16.335848350725428,0.05738577583899592
11.972425267013966,29.94897897127838,6.946691283361757,0.03517123464808947,69.96482876535191,0.31539581841448805,87.93966431569879,82.93966431569959,284.4151797091815,504529.14817028155,1472608.9206557188,1377456.0318609113,72.06033568453029,10.0,15.887622715840791,0.06538011331631993
11.375093659125124,29.979062220163968,6.459688822388303,-0.28364216366918527,70.28364216366919,0.29966000155756384,85.49088483742827,80.49088483742906,286.25094678365605,488434.8170438901,1492622.6857183701,1241778.0498500562,74.50911516280081,10.0,16.129192530058447,0.06093446157900697
11.26337936693344,29.854703167644644,6.3942469209020665,-0.21956923781971227,70.21956923781971,0.296717053923431,85.02242683588321,80.02242683588406,286.6070411331641,485472.2581409476,1496378.6454247641,1221893.3509469673,74.97757316434587,10.0,16.177319318807463,0.06028966928662304
9.771236975561166,29.809087470955234,5.020606961791746,-1.0416191946816866,71.04161919468169,0.25740877174818666,78.40957735803528,73.40957735803624,291.7798664104848,447184.9682623432,1547102.1203915742,876775.6069886126,81.5904226421938,10.0,16.896871461114074,0.047616287905459694
22.879444104707034,28.578413275254128,12.527811536252386,5.500766224917072,64.49923377508293,0.6027250817889103,121.87858438812708,116.87858438812589,268.02760545129803,928826.7677716906,1095815.5032620847,3977303.7183547113,38.121415612102,10.0,11.792103617297585,0.11350694715053306
11.690141091577125,26.700917542620203,7.449942587140076,3.0182057582110815,66.98179424178892,0.30795945973596217,86.79395084872556,81.7939508487263,285.26857669232066,496869.00500073814,1482053.4903444087,1455297.4814754406,73.20604915150352,10.0,16.043108830561096,0.06866331235264553
23.865932548505214,29.699527336417532,12.604276682330024,5.142493557656167,64.85750644234383,0.628712659338915,124.2838960638673,119.28389606386622,268.2195635274693,987730.2374580003,1057837.2832246062,4261989.2662970405,35.716103936361776,10.0,11.039658283284666,0.11447975726735576
8.496947861157178,29.972212092008974,3.5582807849176357,-2.156046707615758,72.15604670761576,0.2238395116216327,72.1429603014036,67.14296030140457,296.88987261346557,416089.0033602754,1591620.2643223093,558891.3748340338,87.85703969882547,10.0,17.6886197065877,0.034018510800637766
11.05078496221889,20.400201867225874,8.268436074256595,8.710554395850352,61.28944560414965,0.29111656907847444,84.12138537401364,79.12138537401472,287.2961418724937,479873.9168414206,1503539.4428502633,1575214.8080103595,75.87861462621544,10.0,16.400185719417664,0.07330923001125025
11.850765226193573,26.025702890327906,7.724436397603978,3.7261602423529894,66.27383975764701,0.3121908647574703,87.44835210983877,82.44835210983956,284.77991769073446,501215.5317518024,1476676.6878845287,1519983.740473732,72.55164789039031,10.0,15.998038212082747,0.07084482646850064
12.274405880338277,29.924738058187593,7.182510453686758,0.19563586756862605,69.80436413243137,0.3233510505884688,89.1434476401293,84.14344764012992,283.5295549076397,512836.2667739479,1462527.6608375523,1445677.3225037267,70.85655236009978,10.0,15.772793920646734,0.06752268068062812
11.794202917424615,29.952904190022878,6.806037739048093,-0.052383358018744275,70.05238335801874,0.31070081447377806,87.21866187796041,82.21866187796115,284.95106708936584,499681.2938409859,1478569.2391223665,1337415.3191325215,72.78133812226866,10.0,15.957676055901402,0.06409615083245532
11.184412942793434,29.828373232147605,6.3332886329408336,-0.2346850276155692,70.23468502761557,0.29463680038971113,84.68921956437538,79.6892195643764,286.86123872480215,483386.81835370365,1499036.3924234381,1205076.247938681,75.3107804358537,10.0,16.21138696561991,0.05972132776082342
11.448875326084949,28.702182126974876,6.8089837931680695,0.9902807633239945,69.009719236676,0.30160367033943486,85.79841899187966,80.79841899188051,286.01800664641297,490399.42789299786,1490144.5066838798,1314484.1308119472,74.20158100834942,10.0,16.108803520680908,0.06365264743648306
10.92500434356801,29.985669675687177,6.072976946345195,-0.5265283318111074,70.52652833181111,0.2878030648990519,83.5822489134078,78.5822489134087,287.7110211302494,476585.49612163083,1507784.799116466,1138789.877786977,76.41775108682128,10.0,16.325647840424097,0.05738573853079841
10.017846161514367,29.978370125928365,5.229045872664295,-1.0519240315746856,71.05192403157469,0.2639053256457947,79.5516575513061,74.55165755130707,290.86863827612615,453359.9184387101,1538633.2497864407,927825.8551400797,80.44834244892297,10.0,16.766998405878553,0.04959681331515263
11.654603310145369,29.997635855077654,6.684415193635669,-0.16282355989790176,70.1628235598979,0.30702326949803393,86.64827007195152,81.64827007195237,285.3777945310262,495911.63719485607,1483244.1197500594,1304090.6829465132,73.35172992827756,10.0,16.013352583669302,0.06300017277374668
11.738133668502934,29.917203569083327,6.769511831231034,-0.04468592275145511,70.04468592275146,0.30922375312178435,86.99016986679732,81.99016986679811,285.12171811350896,498164.353504303,1480446.1858421345,1326406.2103077325,73.00983013343176,10.0,15.980432667297066,0.06374868206339143
11.719038266237678,29.746249650144676,6.792798758408198,0.11132238184961807,69.88867761815038,0.3087207130199599,86.91216884038158,81.91216884038232,285.1800631277303,497648.61808859144,1481085.6223868364,1329634.2062508443,73.0878311598475,10.0,15.989818666344547,0.06389719405517366
21.765050464969082,29.419235760316212,11.985666948323765,4.179452081251441,65.82054791874856,0.5733680312162561,119.06335683975664,114.06335683975561,268.20497772048645,868233.9839370638,1137479.3828648303,3616034.1838815073,40.93664316047244,10.0,12.375787251130589,0.10958345722143832
11.684658365240423,29.039901847276454,6.924221223911883,0.7762524846281735,69.22374751537183,0.3078150254278299,86.77149674023116,81.77149674023184,285.2854004862613,496721.2027642923,1482237.1542950901,1352860.248228688,73.22850325999792,10.0,16.011224606280678,0.06482771479086018
12.685492444704167,29.455136106686822,7.58829079716439,0.8196698977614574,69.18033010223854,0.33418051751064715,90.74749246202401,85.74749246202447,282.36811605048723,524340.3265430968,1448833.4687440915,1556849.0025713989,69.25250753820507,10.0,15.63215761821158,0.07102327043411442
10.138173140553567,29.827919471542884,5.38167022978174,-0.8265599570354425,70.82655995703544,0.2670751617637926,80.10138906263171,75.10138906263268,290.4324926430005,456393.40398670064,1534515.2105654022,962849.1807158873,79.89861093759737,10.0,16.703125147256856,0.050962286301202794
11.668409462496522,29.25049545896644,6.863874119133129,0.5656763438599341,69.43432365614007,0.3073869721416365,86.70490482256349,81.70490482256417,285.3353165145779,496283.38399026694,1482781.5239402838,1339999.5729510863,73.29509517766559,10.0,16.01526448099918,0.06435838044050408
7.238962754154677,29.982424437239338,1.852040723337295,-3.370929250450615,73.37092925045062,0.1906997564318935,65.23304455495531,60.23304455495645,302.7017711108718,386458.0890852511,1637276.9604248279,236365.94972024442,94.76695544527377,10.0,18.697706669867614,0.017862708877928735
11.187168075671114,29.956018019931165,6.306650383667013,-0.35783034357154975,70.35783034357155,0.2947093802863834,84.7008743268907,79.7008743268915,286.8523348677916,483459.45933907264,1498943.6234781512,1200076.384334167,75.29912567333838,10.0,16.209699083097007,0.059522254597003464
10.550137925858667,28.019858605369087,6.1837374769776225,1.1966932779536705,68.80330672204633,0.27792776411640324,81.9477956259318,76.9477956259305,288.97995179586013,466886.1675630957,1520479.9707805915,1138467.3138282637,78.05220437429728,10.0,16.496979647902776,0.057723664085512855
13.43299513521244,29.993382074504368,7.982938042225748,0.6109343996132566,69.38906560038674,0.35387236921002213,93.5683804583914,88.56838045839146,280.38206480809924,545875.3153351923,1423988.424762492,1696371.4611971152,66.43161954183768,10.0,15.363104832541126,0.07482722284212306
10.483145114322404,25.914385295020047,6.596174555132395,3.2129395631062607,66.78706043689374,0.27616293767972616,81.65120347148269,76.65120347148377,289.2119522516863,465168.27825078747,1522756.0269555966,1213968.4595091767,78.34879652874639,10.0,16.533349080313826,0.06071232704588802
11.689656940444541,29.936077500246327,6.726484525634588,-0.08625978048974048,70.08625978048974,0.3079467054911628,86.79196835580728,81.79196835580797,285.27006192990325,496855.9518705909,1482069.7083917574,1314684.8865408571,73.2080316444218,10.0,15.999734744683394,0.06336219729619895
10.88587714022729,29.653388937241168,6.114217595320991,-0.22184836239148353,70.22184836239148,0.28677231665509195,83.41360327016412,78.41360327016497,287.8411820016781,475566.0919285483,1509106.8189595272,1144453.799422522,76.58639673006496,10.0,16.343533176638402,0.05765028071382552
11.954211031764988,29.311736440415352,7.075597957887343,0.6392416545078845,69.36075834549212,0.31491599135313453,87.86634323421214,82.86634323421299,284.4694931404137,504031.86039150105,1473217.677004619,1401323.709468526,72.13365676601694,10.0,15.903096159678455,0.06630910175668772
12.211185675223723,28.61058946101015,7.4284503160732065,1.4227767508651823,68.57722324913482,0.321685607882606,88.89325829725755,83.89325829725789,283.7126591997313,511087.3000076989,1464636.4921064915,1488989.381893134,71.10674170297153,10.0,15.818552646309968,0.06923260176005912
11.443140323176701,29.995007450175848,6.512512532314686,-0.2648084018490522,70.26480840184905,0.30145259017852216,85.77456707311995,80.77456707312086,286.0360493760352,490246.4900826597,1490337.066401679,1256488.3099771752,74.22543292710913,10.0,16.100504373421188,0.06142452080053503
