p_evap,dT_cd,net_power,T_injection>=70,T_injection,p_ratio_crit,T_turbine_in,T_preheater_out,m_workingfluid,evap_steam_UA,evap_brine_UA,preheater_UA,evap_steam_pinch,evap_brine_pinch,preheater_ttd_min,thermal_efficiency
21.697552758448296,19.89172273093746,14.454491115480279,18.956437224366653,51.04356277563335,0.5715899040687117,118.88932503085334,118.88932503085334,279.9033875999485,916733.1397895132,1138023.9261986972,6913027.371763214,40.71592584826681,8.0,6.494833853577177,0.1199525354954617
7.335968514471088,19.53044453578722,4.497723373470144,10.765783057025033,59.23421694297497,0.19325522956983898,65.7962015420876,65.7962015420876,308.7312566736866,398976.37772562756,1696281.3081397128,1107619.3894357379,93.80904933703255,8.0,15.004021978974208,0.03933767156792724
21.871164066693307,16.09726856215005,15.170141281388382,22.415892794668935,47.584107205331065,0.5761634369518784,119.33612134785449,119.33612134785449,279.9774741942123,926855.0779326312,1130558.66788197,7245566.255932636,40.26912953126566,8.0,6.532126615924824,0.12322964098101186
9.166089164941086,27.801247504168032,4.956890371115794,3.8616443323496696,66.13835566765033,0.24146704860224147,75.51401784840567,75.51401784840567,300.96361033574675,444975.38875246746,1623881.9501204994,1280422.1806279721,84.09123303071448,8.0,13.913813857078537,0.0454196877676134
20.78315522510453,10.58159435790904,15.228113493358064,26.189615786654656,43.810384213345344,0.5475014548236178,116.49001811970584,116.49001811970584,279.71247224088194,865949.8774141773,1176731.5295301108,6643317.542868573,43.11523275941431,8.0,7.887092949898943,0.12091237316989122
21.262054609258755,24.842158812609014,13.293909407916269,14.1957228272326,55.8042771727674,0.5601173500858471,117.75641848162581,117.75641848162581,279.7715542697345,892032.0187651153,1156583.754228933,6297696.175209875,41.848832397494334,8.0,6.670962597945504,0.11370216437530734
21.23238433721176,10.278851308522974,15.401107074845141,26.815100183208642,43.18489981679136,0.5593357306957787,117.67859263619272,117.67859263619272,279.76532032701715,890383.9295758569,1157839.8086302332,6971738.936760303,41.92665824292743,8.0,7.5136411875192834,0.12183085401243007
13.647226248239827,15.515199984576519,11.296808495090344,18.21300546202326,51.78699453797674,0.3595159707123242,94.35537849302307,94.35537849302307,287.74886453239145,573078.3620874342,1455103.7267523382,3369259.9194487697,65.24987238609708,8.0,11.556781736749429,0.09418534516777465
23.486187843750322,24.732826595869504,14.171536083028117,16.56746942261077,53.43253057738923,0.6187088473063836,123.36725111720136,123.36725111720136,281.3077973266445,1029402.1937843233,1059109.2420074162,8670623.261578094,36.237999761918786,8.0,4.287800891027132,0.11938557536612748
14.015714054010086,7.899594367837626,11.69146126196875,25.138423617631304,44.861576382368696,0.36922323640700966,95.68792919719203,95.68792919719203,286.95762379502673,584989.215532241,1441320.0638482994,3843840.4222264923,63.917321681928115,8.0,11.738483638541652,0.09341757740700166
21.85594665861656,12.1034444198302,15.608334669840383,25.825850084854665,44.174149915145335,0.5757625568655574,119.29706730261046,119.29706730261046,279.970479026835,925961.4224670181,1131214.5677313944,7402232.724197258,40.30818357650969,8.0,6.794619974823831,0.12420118854868285
7.8479189152560505,15.555892647333554,5.972138900785383,15.232549238278636,54.76745076172136,0.20674180493298341,68.68025889611829,68.68025889611829,306.3807385177326,411604.1698232445,1675627.9378202225,1483888.5261850697,90.92499198300186,8.0,14.451800641900775,0.05074070579799057
24.388904892132985,9.201246056704989,16.557017622120327,31.301660269087904,38.698339730912096,0.642489591468203,125.52790442010956,125.52790442010956,282.6180129024369,1094296.3460550285,1017398.6807388811,11106258.037172815,34.077346459010585,8.0,3.8152621085880014,0.12756955267674777
18.04411301911709,27.400615001732533,11.378684610694314,9.587017972877618,60.41298202712238,0.47534544307473897,108.78911229808546,108.78911229808546,280.9316367542954,735226.2610621599,1287524.20457572,4357221.925580761,50.81613858103469,8.0,8.959399376038277,0.1002981593325045
11.566468865302632,5.722751343470726,9.01461087709934,26.326116237087717,43.67388376291228,0.3047014980322084,86.28555835100713,86.28555835100713,293.01199977724986,510172.3854869442,1532838.2521580616,3169282.675665907,73.31969252811302,8.0,12.688089748097127,0.07151838937960141
20.211247302163986,15.293001057040641,14.625180030013478,21.727038488114147,48.27296151188585,0.5324353873067436,114.94829818961324,114.94829818961324,279.7543014553942,836185.3082605198,1200456.9609693745,6081544.305672283,44.65695268950691,8.0,8.046822831850761,0.11930507891154757
12.934042768905169,17.471368602249143,10.499523039723494,16.131538947980232,53.86846105201977,0.3407282078215271,91.6987795759756,91.6987795759756,289.3979488703056,550723.5591427356,1481738.2400738506,3040328.1779623614,67.90647130314454,8.0,11.798204981430956,0.08869651541918144
17.326408595277748,15.361186938744737,13.349259409550564,19.934888454928057,50.06511154507194,0.45643858259425046,106.62700432576497,106.62700432576497,281.6517360777265,705331.8576273628,1315537.9773335939,4682781.385614732,52.97824655335518,8.0,9.892385837083339,0.11010787972205802
19.698604956079823,28.46588225337031,11.882185497225478,9.707355901357516,60.292644098642484,0.5189305836691207,113.53801478015413,113.53801478015413,279.89112191998487,810695.5703246265,1221435.851195109,5092981.751209774,46.06723609896602,8.0,7.809892952727353,0.10465269874057664
20.899772389079946,20.492099845638307,14.025896885853241,17.738495653260998,52.261504346739,0.550573561356163,116.80042767856173,116.80042767856173,279.71878956681127,872200.7877200361,1171849.6647052863,6274590.556365044,42.80482320055842,8.0,7.193665989049293,0.11728787230929871
23.32513124795098,21.461061076709164,14.778699113288067,19.281167493607597,50.7188325063924,0.6144660497352735,122.97501648857963,122.97501648857963,281.11956169137125,1018438.2737201472,1066408.811593729,8618871.185933167,36.63023439054052,8.0,4.626009901973305,0.1223948275641672
15.207457878088743,26.491869931424986,10.10708315144758,8.854517612370955,61.145482387629045,0.40061796306872344,99.82727904716313,99.82727904716313,284.67578373063196,625364.004280632,1396535.3992148417,3319088.1071789428,59.77797183195702,8.0,10.540124022452403,0.0895248921637587
24.051124034223395,17.377105966069095,15.807506021642524,23.783625221032878,46.21637477896712,0.6335912548530926,124.72681954591405,124.72681954591405,282.0752500678838,1069303.5354792844,1033169.3592350256,10084957.35685744,34.878431333206095,8.0,3.8540276198211245,0.1273427155128468
17.08990690707679,8.471182462375797,13.463993741707514,25.78259512500091,44.21740487499909,0.4502082957607163,105.89987876549685,105.89987876549685,281.9232694850173,695817.1395566767,1324695.6487604114,4891668.626741494,53.7053721136233,8.0,10.424773765939733,0.10716563378782695
12.24828478217469,22.326711660154857,9.046828624902943,11.270594910608963,58.72940508939104,0.3226629289297863,89.04019094079382,89.04019094079382,291.1339334031888,530032.4233995132,1507339.314231,2566093.0385497133,70.56505993832633,8.0,12.029079177469384,0.0788625448418574
21.134566484665328,11.795359986473695,15.341772446326123,25.44503387055113,44.55496612944887,0.5567588641903406,117.42142607317334,117.42142607317334,279.7472036206254,884981.0552033794,1161973.3943025651,6840207.97235098,42.18382480594681,8.0,7.498917650276439,0.1223589548114955
16.268152040971746,11.084712855191945,13.218563864888434,23.17827821263029,46.82172178736971,0.4285603804260207,103.31352933300877,103.31352933300877,282.9964048680891,663958.9335232195,1356265.6377536852,4471553.71545747,56.291721546111376,8.0,10.651939625519105,0.10687870014910662
5.936065657220942,13.454419070560501,3.291928461082933,15.648347292907943,54.35165270709206,0.15637686135987727,57.06404064056528,57.06404064056528,316.0305332559912,365065.7013873035,1755073.128245302,910632.3896696523,102.54121023855487,8.0,16.02188588914163,0.02789482907598958
8.727743555361597,16.990993136221554,6.813874103313611,14.428898949530605,55.571101050469395,0.22991948249108526,73.32714805777715,73.32714805777715,302.67132295424193,433722.410588653,1640896.3874404016,1707034.8036001706,86.278102821343,8.0,13.892673899944782,0.058191373659911914
20.423038115793098,6.284739761092169,14.179931241739688,29.534549953545593,40.46545004645441,0.5380147027342754,115.52304324696331,115.52304324696331,279.724907718718,847039.0623928958,1191711.7724908248,6571686.822030262,44.08220763215684,8.0,8.494840840201448,0.11038472475382274
25.23404787850724,24.52298742214157,14.878985101939104,19.196886816624215,50.803113183375785,0.6647536322051433,127.49494375889952,127.49494375889952,284.2769520997433,1160923.719860382,977016.9280850295,13641775.622367615,32.110307120220625,8.0,1.7339229391186564,0.1232901352102468
8.592739416491185,14.757609300995043,7.028520926566597,16.539325041374923,53.46067495862508,0.22636299832695428,72.63730626438644,72.63730626438644,303.2153375412542,430289.8427370253,1646171.873189423,1775408.8711909049,86.96794461473371,8.0,13.938349719558687,0.059221087360146765
8.103335945316148,26.083036281535215,4.067843140729014,4.689203972328983,65.31079602767102,0.2134703884435234,70.06734715619672,70.06734715619672,305.2628425914535,417966.58547600085,1665454.6648116512,1026440.8770674936,89.53790372292343,8.0,14.671832721557053,0.03706161835701204
14.453094718319715,18.72273297863218,11.258328051689796,15.638201786598927,54.36179821340107,0.3807453824636384,97.23636400559161,97.23636400559161,286.0712974849244,599467.0440018962,1424926.591380976,3475553.8642998044,62.36888687352854,8.0,11.106235563073426,0.09540591884902694
5.954537820175773,19.89172273093746,2.130747757737588,8.87671636973522,61.12328363026478,0.156863483144778,57.188758744423126,57.188758744423126,315.9246135689017,365509.4076402612,1754269.9052445567,604793.771772036,102.41649213469702,8.0,16.417976681217056,0.01887059939271294
10.1976274842872,19.53044453578722,7.875927729380591,12.851719018115773,57.14828098188423,0.26864139842695467,80.37123922781456,80.37123922781456,297.2733247775721,472185.69836777257,1584407.2789633726,2056143.5349135436,79.2340116513056,8.0,13.067538151825374,0.06795046601588382
21.871164066693307,23.91667902777163,13.724798402353466,15.56973328752133,54.43026671247867,0.5761634369518784,119.33612134785449,119.33612134785449,279.9774741942116,926855.0779326312,1130558.667882033,6844284.866212933,40.26912953126566,8.0,6.133295499833309,0.11635822876510585
12.293571436295773,27.801247504168032,7.873555434933441,6.034515812769996,63.965484187230004,0.3238559387854524,89.21910591069127,89.21910591069127,291.0146349051057,531375.9555644843,1505647.8597209104,2279839.516268363,70.38614496842888,8.0,11.996425774718205,0.07107855229752107
20.78315522510453,25.603831862423903,12.942870013305212,13.11400132420357,56.88599867579643,0.5475014548236178,116.49001811970584,116.49001811970584,279.71247224087455,865949.8774141773,1176731.5295300193,5914722.651656483,43.11523275941431,8.0,7.059226778043808,0.11147617424621929
21.262054609258755,17.815465363639774,14.65554108737557,20.37866274508997,49.62133725491003,0.5601173500858471,117.75641848162581,117.75641848162581,279.77155426973303,892032.0187651153,1156583.754229004,6669224.489656615,41.848832397494334,8.0,7.015448660756874,0.1205503902511304
7.518473777875893,26.829136798718864,3.081444893699396,3.303397127016183,66.69660287298382,0.19806306053413839,66.84094465036253,66.84094465036253,307.8758780595405,403460.2582146376,1688875.6569848964,793736.0025858618,92.76430622875762,8.0,15.241237716819853,0.028344363407486833
18.434457057691215,10.092023221376806,14.236797535715054,25.058634098960283,44.94136590103972,0.4856284788643629,109.93811250321954,109.93811250321954,280.60678946180286,752167.8453561839,1272134.179385703,5385478.186316041,49.667138375900606,8.0,9.590715785820919,0.11381000293291582
18.815080275584236,19.286496376135347,13.381431437633356,17.318790587404465,52.681209412595535,0.4956554340248745,111.04105126991635,111.04105126991635,280.3364234035976,769181.3247460136,1257013.1470970653,5145462.552309837,48.5641996092038,8.0,8.813163860654413,0.11219503728551179
13.647226248239827,29.921610879283627,8.36879169573435,4.763906444959616,65.23609355504038,0.3595159707123242,94.35537849302307,94.35537849302307,287.748864532395,573078.3620874342,1455103.7267525396,2597147.350771303,65.24987238609708,8.0,11.290769091560719,0.07620794700856104
12.888209027230285,24.732826595869504,9.00054502140173,9.314641387266363,60.68535861273364,0.33952078575422245,91.52438028489348,91.52438028489348,289.50932138942835,549316.8690054844,1483449.015322111,2642053.003869389,68.08087059422667,8.0,11.700034140196863,0.07947960631961078
14.015714054010086,28.248243219435025,8.989427173788888,6.571515008452195,63.428484991547805,0.36922323640700966,95.68792919719203,95.68792919719203,286.95762379503384,584989.215532241,1441320.0638484845,2814922.197387248,63.917321681928115,8.0,11.111103615600825,0.08085677495491736
11.622247298792887,12.1034444198302,10.244798909394971,20.539673569253523,49.46032643074648,0.30617089828221516,86.5153469270877,86.5153469270877,292.8524915434548,511772.0130673172,1530749.173956067,2887635.102730933,73.08990395203244,8.0,12.472813038805839,0.08418556756925508
7.8479189152560505,27.268613878349143,3.440222946629814,3.186511597863955,66.81348840213604,0.20674180493298341,68.68025889611829,68.68025889611829,306.3807385177419,411604.1698232445,1675627.9378206057,879726.5659824888,90.92499198300186,8.0,14.961960460507782,0.03167021090551414
8.133660953343217,9.201246056704989,6.8023534887605495,21.676776712513345,48.323223287486655,0.21426925588364637,70.22987590819997,70.22987590819997,305.132423504196,418724.9836223871,1664252.0856728493,1895987.4382988752,89.37537497092018,8.0,14.146647591550789,0.055507401386763376
18.04411301911709,20.977190633829252,12.714022659932187,15.368683352604933,54.63131664739507,0.47534544307473897,108.78911229808546,108.78911229808546,280.931636754294,735226.2610621599,1287524.2045758269,4707833.892447417,50.81613858103469,8.0,9.209582932360433,0.10792738426166541
10.799103363287337,5.371603268684005,8.092270099414801,26.406823139749974,43.593176860250026,0.28448638997068854,83.03798962656907,83.03798962656907,295.31669978043595,488589.17429872375,1561662.9343678318,2945198.715988907,76.56726125255108,8.0,12.971159545595128,0.06416999439455816
12.389428000321201,28.685930937671102,7.745864026111223,5.229425163346548,64.77057483665345,0.3263811380485037,89.59620891787694,89.59620891787694,290.7643159127184,534230.1750752827,1502068.1974635539,2260571.6151275374,70.00904196124321,8.0,11.950010136387732,0.07031084848032929
12.934042768905169,26.89064084480026,8.555478886054088,7.278301238784422,62.72169876121558,0.3407282078215271,91.6987795759756,91.6987795759756,289.3979488703087,550723.5591427356,1481738.2400739703,2537308.9492130536,67.90647130314454,8.0,11.66482139487357,0.0765867681367431
17.984180633509443,15.361186938744737,13.65637417542785,20.274594828151464,49.725405171848536,0.4737666131061497,108.6110523666523,108.6110523666523,280.98572042590234,732668.8941074584,1289877.1469301498,4956433.377630699,50.99419851246785,8.0,9.529690304073654,0.11240405593526566
12.909759283153836,28.46588225337031,8.183165685922011,5.747350416957374,64.25264958304263,0.34008849534124963,91.6064368975118,91.6064368975118,289.45687384388685,549977.8345821889,1482644.6413630922,2440576.0065370677,67.99881398160835,8.0,11.675045965208653,0.07401813236066782
6.676863388287787,20.492099845638307,3.2682132240864123,9.094992789542744,60.905007210457256,0.17589208082949911,61.85486609952051,61.85486609952051,311.99478385622547,382921.85953127313,1723480.2011461044,830903.9749429154,97.75038477959964,8.0,15.670790398259271,0.028902284717481207
6.442295014366638,20.828149538582018,2.7988334266838866,8.473541925124948,61.52645807487505,0.16971272429838352,60.3825564030368,60.3825564030368,313.2275488005027,377251.162812622,1733354.2918264982,731933.3828054053,99.22269447608335,8.0,15.935946746951856,0.024854227658603494
8.861144209505069,26.491869931424986,4.914154579091971,4.9515428660779435,65.04845713392206,0.23343372522405345,74.00109684917953,74.00109684917953,302.142253587402,437129.1997962713,1635700.4983852354,1252525.3317158548,85.60415402994062,8.0,14.086571288312939,0.04469176550870853
9.04502361813671,17.377105966069095,7.103793271117186,14.255839414849277,55.74416058515072,0.23827775600992387,74.91789162140566,74.91789162140566,301.42649542766173,441850.416249578,1628564.5838286357,1792213.892985841,84.68735925771449,8.0,13.70275788076998,0.06073489233268024
17.08990690707679,28.12963096602097,10.759686303931371,8.358045370307707,61.64195462969229,0.4502082957607163,105.89987876549685,105.89987876549685,281.92326948501864,695817.1395566767,1324695.6487603982,3920775.3072225563,53.7053721136233,8.0,9.500592962499809,0.09562214099735562
12.24828478217469,26.823163195331716,8.059880736532804,6.957864204217685,63.042135795782315,0.3226629289297863,89.04019094079382,89.04019094079382,291.13393340319755,530032.4233995132,1507339.3142313217,2320139.552093414,70.56505993832633,8.0,12.016723869120824,0.07230653031621258
12.52844688441391,11.795359986473695,10.945108029459362,21.15956026757948,48.84043973242052,0.3300433847316625,90.13930344043592,90.13930344043592,290.4065515036041,538395.050080429,1496877.813070094,3189793.4443341955,69.46594743868422,8.0,12.12576455100384,0.08959689921802659
16.268152040971746,25.234190789196823,10.964755189621764,10.567752440819334,59.43224755918067,0.4285603804260207,103.31352933300877,103.31352933300877,282.99640486808903,663958.9335232195,1356265.6377536852,3769993.332032386,56.291721546111376,8.0,10.030525112560781,0.0960244110883054
5.936065657220942,28.58780836431646,-0.004450355254742071,-0.6902506357346851,70.69025063573469,0.15637686135987727,57.06404064056528,57.06404064056528,316.0305332559993,365065.7013873035,1755073.128245481,171185.86388154558,102.54121023855487,8.0,17.198814703430514,4.2102120765478615e-05
8.727743555361597,27.669801709021577,4.476195809861761,3.6153516766597704,66.38464832334023,0.22991948249108526,73.32714805777715,73.32714805777715,302.67132295426046,433722.410588653,1640896.3874413648,1145850.498023531,86.278102821343,8.0,14.241442688827078,0.0410849890801991
8.368464226678725,6.284739761092169,6.273018661153315,24.60552192103188,45.39447807896812,0.22045480049206334,71.47339455154975,71.47339455154975,304.13867235575503,424619.9069628199,1654976.2412695307,2115879.172372679,88.1318563275704,8.0,14.002797969077164,0.05028397902465917
25.23404787850724,22.758622344452853,15.247336977648997,20.784254360863088,49.21574563913691,0.6647536322051433,127.49494375889952,127.49494375889952,284.27695209974587,1160923.719860382,977016.928085048,13733764.890177691,32.110307120220625,8.0,1.7887983819665578,0.12510422237137972
8.592739416491185,29.84890889612676,3.7880433752514424,1.20656853770231,68.79343146229769,0.22636299832695428,72.63730626438644,72.63730626438644,303.21533754124806,430289.8427370253,1646171.8731893017,984515.3627126636,86.96794461473371,8.0,14.462616362031156,0.03535799332832975
7.624991356324284,26.083036281535215,3.4139496818980484,4.209309883276944,65.79069011672306,0.20086910843846903,67.44205156981081,67.44205156981081,307.38570379797864,406086.09171428764,1684575.9577117986,868076.3654068767,92.16319930930933,8.0,15.094798980679172,0.031206896011310627
14.453094718319715,29.90317253016432,8.896380537073144,5.235770545656749,64.76422945434325,0.3807453824636384,97.23636400559161,97.23636400559161,286.0712974849359,599467.0440018962,1424926.5913813466,2865840.947911747,62.36888687352854,8.0,10.87346721322109,0.08075082594691736
7.807900716327317,6.932225017504564,5.880317260653039,23.68638058743926,46.31361941256074,0.20568758472938137,68.45991913791005,68.45991913791005,306.5590963310093,410611.2821634234,1677229.330223889,1894375.772132284,91.1453317412101,8.0,14.319364396466085,0.047398818741538014
5.923455588191893,19.89172273093746,2.0719808393256383,8.83686080019612,61.16313919980388,0.15604466776058729,56.97873570271565,56.97873570271565,316.10300527087617,364762.8341880827,1755621.945961179,593617.9506865605,102.6265151764045,8.0,16.454746199959857,0.018355020083844723
7.335968514471088,27.300212912489783,2.6984512631417292,2.596396913455635,67.40360308654436,0.19325522956983898,65.7962015420876,65.7962015420876,308.7312566736914,398976.37772562756,1696281.308139779,708515.8013181378,93.80904933703255,8.0,15.450811145440355,0.024943698837579957
21.871164066693307,25.301575632741205,13.435683711184085,14.335936785979015,55.664063214020985,0.5761634369518784,119.33612134785449,119.33612134785449,279.9774741942083,926855.0779326312,1130558.6678818557,6763174.569727346,40.26912953126566,8.0,6.074946862576098,0.1148111060143696
12.755952143587091,27.801247504168032,8.221391952446668,6.301883695121376,63.698116304878624,0.33603667396172526,91.01855444750146,91.01855444750146,289.83439870729774,545277.2680898227,1488385.5168749967,2428542.386642127,68.58669643161869,8.0,11.754489728789281,0.07408392726555524
20.78315522510453,29.13760078251135,12.183524832099891,9.927700508555972,60.07229949144403,0.5475014548236178,116.49001811970584,116.49001811970584,279.7124722408811,865949.8774141773,1176731.5295299876,5700346.424208694,43.11523275941431,8.0,6.928119978294319,0.10715014916405295
5.815152964634882,24.842158812609014,0.6957544482684188,3.299824536953622,66.70017546304638,0.15319159548563965,56.240469865176465,56.240469865176465,316.7310432270171,362162.53495491616,1760352.3515750724,313153.65642106766,103.36478101394368,8.0,17.000725593765537,0.006399986386021007
18.434457057691215,25.13528452264317,12.042985085961336,11.879329257588722,58.12067074241128,0.4856284788643629,109.93811250321954,109.93811250321954,280.60678946180286,752167.8453561839,1272134.1793857028,4659081.06127151,49.667138375900606,8.0,8.795934516321495,0.10456269636964233
5.718437525907969,19.286496376135347,1.8086262743070096,9.218409910392495,60.781590089607505,0.1506437704401467,55.57249594692519,55.57249594692519,317.30054915159195,359841.5582001055,1764602.8445163388,548866.44177014,104.03275493219496,8.0,16.657363534313447,0.015981361481979203
13.647226248239827,18.41961393389417,10.809020195329385,15.566098896267931,54.43390110373207,0.3595159707123242,94.35537849302307,94.35537849302307,287.7488645323998,573078.3620874342,1455103.7267527618,3223821.155331089,65.24987238609708,8.0,11.466992163720874,0.09164051649380485
5.912649359991795,24.732826595869504,0.9125196142544033,3.563051968389516,66.43694803161048,0.15575999367733917,56.90552594591372,56.90552594591372,316.16521769786044,364503.3102166623,1756092.5781128032,352732.09894148965,102.69972493320643,8.0,16.86305360601648,0.00837863853897286
14.015714054010086,27.80277108945735,9.08895442283774,6.9949585308342535,63.00504146916575,0.36922323640700966,95.68792919719203,95.68792919719203,286.95762379502725,584989.215532241,1441320.0638482254,2840259.7432474126,63.917321681928115,8.0,11.11530022594934,0.0815180851770607
5.8983711522464715,13.387629808131443,3.230211116292673,15.676539484987472,54.32346051501253,0.15538385543325794,56.808641595793176,56.808641595793176,316.24757111031056,364160.428511234,1756714.8788776612,899907.947826945,102.79660928332697,8.0,16.057953195517086,0.02736693367040942
5.80897834811577,27.268613878349143,0.07917785564596001,0.5913142430957237,69.40868575690428,0.1530289343549992,56.19807229510815,56.19807229510815,316.76715547386067,362014.3286440448,1760622.9675858568,192274.64985445296,103.407178584012,8.0,17.24130667939994,0.0007422681508494329
7.926746826906692,9.201246056704989,6.540016877946035,21.554720939200422,48.44527906079958,0.2088184095602395,69.11186533009982,69.11186533009982,306.03197846591377,413563.0415690547,1672479.5498306958,1825476.9585469514,90.49338554902033,8.0,14.271292405446843,0.05340674614435202
5.786002619551778,27.400615001732533,0.00020601260398187162,0.4071848443569479,69.59281515564305,0.15242367280168012,56.04001603610595,56.04001603610595,316.9018228235861,361462.8894604427,1761630.8184719475,177863.2038604399,103.5652348430142,8.0,17.286463851539963,1.9338218603803734e-06
6.891992286238496,5.722751343470726,3.900135968111911,24.29633397897379,45.70366602102621,0.18155933314643036,63.17180681775682,63.17180681775682,310.89819061134926,388140.55465457245,1714518.6651694018,1630884.8452241167,96.43344406136333,8.0,14.897345297797926,0.031321549297149476
12.389428000321201,29.36471179295073,7.590743929073107,4.566129383747921,65.43387061625208,0.3263811380485037,89.59620891787694,89.59620891787694,290.7643159127205,534230.1750752827,1502068.197463617,2221935.9326539985,70.00904196124321,8.0,11.95458028541725,0.0692168202915853
12.934042768905169,19.12361590965847,10.195583457871795,14.603866414640265,55.396133585359735,0.3407282078215271,91.6987795759756,91.6987795759756,289.3979488703087,550723.5591427356,1481738.2400739703,2955718.8743448975,67.90647130314454,8.0,11.760683031189615,0.08697378392023847
6.621366193825091,15.361186938744737,4.200103519857226,14.380880652559597,55.6191193474404,0.17443008940529744,61.51003647580728,61.51003647580728,312.2828795362304,381578.49114816496,1725806.3507894725,1066265.8758977724,98.09521440331287,8.0,15.444879999237514,0.035880508123196174
12.909759283153836,19.113082850264135,10.180568489589312,14.602750263082726,55.397249736917274,0.34008849534124963,91.6064368975118,91.6064368975118,289.45687384388515,549977.8345821889,1482644.6413630461,2948415.453210839,67.99881398160835,8.0,11.771609129566059,0.08684632065333822
6.676863388287787,25.39746182613672,2.1206276852069004,3.861564457676934,66.13843554232307,0.17589208082949911,61.85486609952051,61.85486609952051,311.9947838562174,382921.85953127313,1723480.2011456348,583903.8666723181,97.75038477959964,8.0,16.004849960673937,0.019431194407860442
7.670777438526202,29.591478814922567,2.626552788466205,0.5131710832548038,69.4868289167452,0.20207527498751848,67.69852606478395,67.69852606478395,307.1770122037304,407216.8887625143,1682732.6642588398,699089.4777892205,91.9067248143362,8.0,15.27934457078328,0.024636735551787577
8.861144209505069,26.665922301785415,4.873129116712167,4.77215014834195,65.22784985165805,0.23343372522405345,74.00109684917953,74.00109684917953,302.14225358739833,437129.1997962713,1635700.4983848652,1243168.8644121536,85.60415402994062,8.0,14.093881010584596,0.04437321093391707
9.722775177042665,17.377105966069095,7.823664152082022,14.66722081298326,55.33277918701674,0.25613211741419034,78.18264921446985,78.18264921446985,298.91732390221557,459524.27605417377,1602493.1355857565,2014010.5503399146,81.4226016646503,8.0,13.311713408820026,0.06671290241280399
5.709871659925384,28.12963096602097,-0.3374662747978721,-0.5357548735997284,70.53575487359973,0.15041811538264974,55.51293092919377,55.51293092919377,317.35139082976974,359636.03434569837,1764980.5237266393,115954.39847129051,104.09231994992638,8.0,17.469260162327714,0.0031890495941168154
12.591634381245814,26.823163195331716,8.32022035252983,7.1529087137597,62.8470912862403,0.3317079657862438,90.38468256526903,90.38468256526903,290.24598793046135,540298.1836435176,1494518.9901536033,2430504.088178453,69.22056831385112,8.0,11.839201615608772,0.07454381907876753
7.623029778915194,29.740883052605106,2.521502711279976,0.29758440112493645,69.70241559887506,0.20081743358575327,67.43103820554938,67.43103820554938,307.39467139047844,406037.674362187,1684654.9936762548,675594.9140636069,92.17421267357076,8.0,15.33680082640683,0.02368749444590971
6.4314312208572195,26.065295663324157,1.5381769367398068,2.8206954280266245,67.17930457197338,0.16942653374228714,60.31341041898651,60.31341041898651,313.28561491874643,376988.9688517014,1733814.3407787976,466296.2402236565,99.29184046013364,8.0,16.337207014142052,0.014196274952757125
5.865950288912641,28.58780836431646,-0.1415625373775745,-0.8010224934772623,70.80102249347726,0.15452977578800425,56.58800152293725,56.58800152293725,316.43521517094507,363381.9673153471,1758129.8545740957,147193.9372605742,103.0172493561829,8.0,17.29587978210435,0.0013402967579722138
8.727743555361597,29.207264644003075,4.108042673153263,2.0103782915527972,67.9896217084472,0.22991948249108526,73.32714805777715,73.32714805777715,302.6713229542466,433722.410588653,1640896.3874406742,1062785.896511722,86.278102821343,8.0,14.317198573052849,0.03812924132878958
9.958507301690982,11.750080154405449,8.814688833512154,20.173014254879888,49.82698574512011,0.2623421312352735,79.27876351755748,79.27876351755748,298.0898899773072,465779.4794622735,1593498.4708075856,2373784.121381438,80.32648736156267,8.0,13.195090788671905,0.07259836838158291
8.692848304669248,6.284739761092169,6.653534574459872,24.760177488615284,45.239822511384716,0.22900021877421622,73.14960058207197,73.14960058207197,302.8111024454503,432833.73317771935,1642258.2839798045,2224257.497173944,86.45565029704818,8.0,13.837370126373798,0.05328447235075272
5.7029686350270365,24.52298742214157,0.5509916562133972,3.484860292701967,66.51513970729803,0.15023626541167115,55.46488051751112,55.46488051751112,317.39241099850096,359470.4116292514,1765285.0330953805,289178.5888372589,104.14037036160903,8.0,17.12173566613751,0.005061873914571693
8.592739416491185,29.254407777578066,3.931592015530858,1.8328551051941986,68.1671448948058,0.22636299832695428,72.63730626438644,72.63730626438644,303.21533754125386,430289.8427370253,1646171.873189278,1016669.241467941,86.96794461473371,8.0,14.430147571590282,0.03653687658975892
8.833979775692143,26.083036281535215,4.978270352951622,5.349253691685476,64.65074630831452,0.2327181184323536,73.86447101466712,73.86447101466712,302.24931284225136,436434.242448161,1636757.2145628773,1265636.8660366524,85.74077986445303,8.0,14.090050758384336,0.0451518089592972
14.453094718319715,29.254083813563668,9.042172944328403,5.853859240361544,64.14614075963846,0.3807453824636384,97.23636400559161,97.23636400559161,286.07129748492855,599467.0440018962,1424926.591381175,2903466.11552634,62.36888687352854,8.0,10.879264410028782,0.08172867607045159
5.835003950004388,19.89172273093746,1.9026973008338794,8.721807786234308,61.27819221376569,0.15371454030570042,56.37654880239148,56.37654880239148,316.6151703289155,362639.03772900574,1759483.0210017045,561740.9124110009,103.22870207672867,8.0,16.560911862322484,0.016868340200032295
19.983743972217287,27.300212912489783,12.253917123122744,10.970770621920053,59.02922937807995,0.5264421488992963,114.32581210645537,114.32581210645537,279.8036842727164,824739.468916997,1209799.3883350387,5321380.582900029,45.279438772664776,8.0,7.636721356473572,0.10702985122490136
21.871164066693307,28.826333222895492,12.67987513972351,11.164439504772247,58.83556049522775,0.5761634369518784,119.33612134785449,119.33612134785449,279.9774741942142,926855.0779326312,1130558.6678819135,6542481.960192684,40.26912953126566,8.0,5.943951869313821,0.11060942212857292
9.09848025421234,27.801247504168032,4.879977516059173,3.804258835896974,66.19574116410303,0.23968599194447682,75.18183376270929,75.18183376270929,301.22129815794403,443228.60434042255,1626495.4774336366,1258625.7376160624,84.42341711641086,8.0,13.96385827015041,0.04473266624505199
5.82065151620818,29.13760078251135,-0.37096324260628577,-1.4950868323391546,71.49508683233915,0.15333644668620072,56.27819710736725,56.27819710736725,316.69891301124756,362294.51758929325,1760111.4504715323,104716.05479080479,103.3270537717529,8.0,17.41716681624456,0.003529726704576084
5.868563587785736,24.842158812609014,0.8002816792009682,3.378477708746402,66.6215222912536,0.1545986192778118,56.605819871982874,56.605819871982874,316.4200565598623,363444.71036716894,1758015.6991226233,331908.40287244134,102.99943100713728,8.0,16.930290244036712,0.007357481578151135
18.434457057691215,28.981088794390672,11.21489301334306,8.38488248492638,61.61511751507362,0.4856284788643629,109.93811250321954,109.93811250321954,280.6067894618029,752167.8453561839,1272134.179385703,4437655.498808716,49.667138375900606,8.0,8.66451243302464,0.0996496955559829
5.897158458256402,29.921610879283627,-0.4194397467008112,-2.259427125519096,72.2594271255191,0.15535190880549005,56.80040486610221,56.80040486610221,316.25457366704757,364131.3077957742,1756767.7569350644,92238.93338148584,102.80484601301794,8.0,17.392007866797996,0.0040129942739634975
5.775755996672667,24.732826595869504,0.6448158975823435,3.362058554836949,66.63794144516305,0.15215374069211451,55.96937618254401,55.96937618254401,316.96203110319004,361216.9783742359,1762080.750091743,304634.6075263722,103.63587469657614,8.0,17.043159507768905,0.005928863564783334
16.779346853394774,28.248243219435025,10.576784911983411,8.072513466940848,61.92748653305915,0.4420270509324229,104.93356587241828,104.93356587241828,282.30526503901706,683562.8211699765,1336670.3123147844,3792892.333294372,54.671685006701864,8.0,9.671874140932289,0.0941766888903363
12.515147591611065,13.387629808131443,10.802414837545756,19.70613313260577,50.29386686739423,0.32969303455245164,90.08754123107514,90.08754123107514,290.4405086124916,537995.2992002183,1497374.3057778021,3108849.703513352,69.51770964804501,8.0,12.081408398849362,0.08922757636762764
5.80897834811577,29.00251739108205,-0.3598434012998632,-1.3611504212091745,71.36115042120917,0.1530289343549992,56.19807229510815,56.19807229510815,316.76715547386533,362014.3286440448,1760622.9675862843,107346.4678121653,103.407178584012,8.0,17.419485170233713,0.003420633437171885
9.173844282412759,9.201246056704989,8.003423752860217,22.21977847226026,47.78022152773974,0.2416713456905363,75.55200542342652,75.55200542342652,300.9341822715895,445176.0234515696,1623582.400045743,2242953.8755037817,84.05324545569363,8.0,13.587043589012808,0.06509118571527649
9.108533964962884,29.882592407765635,4.3950356873195835,1.6537038134945306,68.34629618650547,0.23995084206962286,75.23134595209848,75.23134595209848,301.1828497029384,443488.09312192234,1626106.6000027114,1148336.146883989,84.37390492702167,8.0,14.049688841565228,0.04089505343654442
6.891992286238496,29.212099504275514,1.5355666448843983,-0.019428129806669858,70.01942812980667,0.18155933314643036,63.17180681775682,63.17180681775682,310.89819061135677,388140.55465457245,1714518.6651693967,461991.7310607668,96.43344406136333,8.0,16.06734842541391,0.014457881044098328
5.881563645964851,29.36471179295073,-0.30820795960988207,-1.653466681384316,71.65346668138432,0.15494108656387912,56.6943710574908,56.6943710574908,316.34473622897303,363756.8438500806,1757448.0868226276,114340.15221814839,102.91087982162935,8.0,17.35491903349589,0.0029359450898420797
12.934042768905169,21.31681556860667,9.759822803135414,12.560060798062352,57.43993920193765,0.3407282078215271,91.6987795759756,91.6987795759756,289.3979488702962,550723.5591427356,1481738.240073419,2840991.337786035,67.90647130314454,8.0,11.719928894355462,0.08436381293526068
6.621366193825091,27.060526113828395,1.6200658118852915,1.9838243316781927,68.01617566832181,0.17443008940529744,61.51003647580728,61.51003647580728,312.2828795362274,381578.49114816496,1725806.3507889735,480821.8632720178,98.09521440331287,8.0,16.19797446879528,0.015039609788713073
16.856232688274694,28.46588225337031,10.568259222108445,7.91478320986414,62.08521679013586,0.4440524944224103,105.174031977389,105.174031977389,282.2080153873385,686571.778678464,1333710.896787094,3809958.587864551,54.43121890173114,8.0,9.623469634995672,0.09420043037147359
5.801658397046752,25.39746182613672,0.5320893827191339,2.665191849726682,67.33480815027332,0.1528361010813159,56.14776692119739,56.14776692119739,316.81000947774663,361838.63682934985,1760943.9113237427,281269.95271286764,103.45748395792276,8.0,17.07023307530295,0.004916123131487727
7.670777438526202,29.554356217274417,2.6356649882992254,0.5531685633138181,69.44683143668618,0.20207527498751848,67.69852606478395,67.69852606478395,307.1770122037207,407216.8887625143,1682732.6642587448,701047.4861046843,91.9067248143362,8.0,15.276748245551005,0.024715215813181136
7.350751858778505,26.665922301785415,2.8746720984371272,3.2923957168733864,66.70760428312661,0.19364467488879095,65.881539763727,65.881539763727,308.6612259430573,399338.8951997851,1695679.559715968,746357.4653023117,93.72371111539314,8.0,15.393182432955314,0.026444401366058655
9.04502361813671,26.3265318741456,5.166573175286908,5.2761583365564775,64.72384166344352,0.23827775600992387,74.91789162140566,74.91789162140566,301.42649542765815,441850.416249578,1628564.5838288204,1321094.2697739075,84.68735925771449,8.0,13.943763031669846,0.04688309346967511
5.753520311939766,28.12963096602097,-0.24921801004123806,-0.46482185416221,70.46482185416221,0.15156797449788637,55.81576290949005,55.81576290949005,317.0930057360338,360683.37389431614,1763058.0948301891,131009.1005338579,103.7894879696301,8.0,17.406856144893936,0.0023539154276761075
15.75553169006828,26.823163195331716,10.34451480276946,8.833733018270436,61.166266981729564,0.4150561562188693,101.65046332609688,101.65046332609688,283.7668042145359,644970.5400157138,1375786.7367167664,3494261.439721876,57.954787553023266,8.0,10.254089103520698,0.0916406831393991
7.623029778915194,29.5204922944731,2.5756630278270447,0.5354112175796217,69.46458878242038,0.20081743358575327,67.43103820554938,67.43103820554938,307.3946713904762,406037.674362187,1684654.9936762047,687203.6875869116,92.17421267357076,8.0,15.321160468370351,0.02415559671614841
6.755574491315071,27.13193523737334,1.827100290683593,2.0790587653978605,67.92094123460214,0.1779656083065087,62.34030758846268,62.34030758846268,311.589880417629,384829.12655215623,1720191.2825979784,522598.3433547014,97.26494329065747,8.0,16.051541778781257,0.016950283485623923
5.936065657220942,27.403981652987113,0.29416465638303924,0.6364536234071352,69.36354637659286,0.15637686135987727,57.06404064056528,57.06404064056528,316.0305332559873,365065.7013873035,1755073.1282452205,229514.18074769538,102.54121023855487,8.0,17.08116980882403,0.002756824017610844
5.717501786508316,29.207264644003075,-0.5963153200846271,-1.7441598901960447,71.74415989019604,0.15061911977103043,55.565992266512694,55.565992266512694,317.30609991069895,359819.10639965255,1764644.0925811252,66028.14078848818,104.03925861260745,8.0,17.573331743458482,0.005684118364437623
8.237166972272501,29.9378644262289,3.314497248422325,0.7553575237767518,69.24464247622325,0.21699596871107746,70.7812710205776,70.7812710205776,304.69087667849,421318.5597955342,1660155.4579651377,864907.7568639674,88.82397985854254,8.0,14.77447681934001,0.031036411391918213
5.7029686350270365,23.211545864340522,0.8703058211797967,4.9306414157190375,65.06935858428096,0.15023626541167115,55.46488051751112,55.46488051751112,317.39241099852,359470.4116292514,1765285.033096229,352930.3715964058,104.14037036160903,8.0,17.002294218353825,0.007916127808083252
6.489060490564301,29.84890889612676,0.6966900738294688,-1.2738390195302145,71.27383901953021,0.1709446915322524,60.67922556637785,60.67922556637785,312.9785882617373,378380.25122538884,1731376.7460180349,295142.8604249481,98.9260253127423,8.0,16.600276744447285,0.006618519671880968
6.109487326141787,26.083036281535215,0.9527929452460072,2.358134849839246,67.64186515016075,0.16094539847581105,58.22376585677739,58.22376585677739,315.0473012632921,369233.6646902999,1747565.4689704855,354639.9723571124,101.38148502234276,8.0,16.731585868832667,0.008821986320116625
5.76342383843892,29.90317253016432,-0.6811073577309433,-2.459429530825332,72.45942953082533,0.15182886824127817,55.884234999329294,55.884234999329294,317.0346169262262,360921.02965140884,1762622.6317814498,47716.80769228454,103.72101587979085,8.0,17.58235552277256,0.006525920924282178
8.56522122487001,14.61041437204225,7.0176929231807765,16.666196461490017,53.33380353850998,0.2256380723095366,72.49571330950158,72.49571330950158,303.32730128918166,429592.0031667354,1647249.3805899587,1773629.992459283,87.10953756961857,8.0,13.953038910897988,0.059082317600684116
17.885297250273823,29.096404846720752,10.934583530595736,7.93729495810112,62.06270504189888,0.47116167677222925,108.31629458710267,108.31629458710267,281.07738190907617,728474.3443164368,1293753.6768806968,4189899.545525254,51.288956292017474,8.0,9.005515394532324,0.09745094127067284
7.335968514471088,28.98301080512777,2.2860476379546766,0.782221141598086,69.21777885840191,0.19325522956983898,65.7962015420876,65.7962015420876,308.7312566736855,398976.37772562756,1696281.3081396807,620979.8227992299,93.80904933703255,8.0,15.571076290894268,0.021402118159421647
21.871164066693307,29.512502061566636,12.530394271292595,10.541622458042582,59.45837754195742,0.5761634369518784,119.33612134785449,119.33612134785449,279.977474194207,926855.0779326312,1130558.6678818357,6497105.401158018,40.26912953126566,8.0,5.92144356481657,0.10975448962440254
9.09848025421234,29.924639516327176,4.37338722286072,1.6007825809842302,68.39921741901577,0.23968599194447682,75.18183376270929,75.18183376270929,301.2212981579381,443228.60434042255,1626495.477433952,1142813.146315883,84.42341711641086,8.0,14.059484517548185,0.04070872970500847
5.82065151620818,27.24065208866115,0.10935391665597867,0.6408885925629875,69.35911140743701,0.15333644668620072,56.27819710736725,56.27819710736725,316.69891301124187,362294.51758929325,1760111.45047131,197684.15717537378,103.3270537717529,8.0,17.222391651817645,0.0010248003987751663
6.026194036872417,24.842158812609014,1.1022500062552636,3.6050600390893806,66.39493996091062,0.158751160086207,57.66985395472324,57.66985395472324,315.51644031668644,367231.1396521187,1751162.1492579102,387071.13574242656,101.93539692439691,8.0,16.727520849160157,0.010117777594269389
6.126942114953334,26.829136798718864,0.8000065273410574,1.5590162056931263,68.44098379430687,0.16140521904513525,58.3391306223038,58.3391306223038,314.9497035249996,369653.4872346243,1746813.860998097,323645.98225906637,101.26612025681635,8.0,16.77672988425536,0.0074488709382642395
18.434457057691215,20.398154133268577,13.003641377456805,16.108901418309813,53.89109858169019,0.4856284788643629,109.93811250321954,109.93811250321954,280.6067894618049,752167.8453561839,1272134.17938568,4911479.0870735245,49.667138375900606,8.0,8.999550809558684,0.10986629652224379
5.897158458256402,27.907625596659635,0.09171345369694754,0.012821572698896944,69.9871784273011,0.15535190880549005,56.80040486610221,56.80040486610221,316.2545736670544,364131.3077957742,1756767.7569350817,191336.0529620061,102.80484601301794,8.0,17.183704127934732,0.0008633156324095053
5.775755996672667,29.325655009495208,-0.5087153960557625,-1.7819345884476547,71.78193458844765,0.15215374069211451,55.96937618254401,55.96937618254401,316.9620311031921,361216.9783742359,1762080.750091919,80168.7590855517,103.63587469657614,8.0,17.501590417087243,0.004850427122291672
7.666539017104373,28.248243219435025,2.9491410428397655,1.9504688200970577,68.04953117990294,0.20196362005016788,67.67483184825329,67.67483184825329,307.1962805892694,407112.156908114,1682903.1761511103,768426.2998391582,91.93041903086686,8.0,15.19217592681349,0.027384249198248504
5.8983711522464715,29.096594149333093,-0.20702089112812702,-1.3233297184339108,71.32332971843391,0.15538385543325794,56.808641595793176,56.808641595793176,316.24757111032307,364160.428511234,1756714.8788784677,133257.77624849277,102.79660928332697,8.0,17.303276088748532,0.001967385339802298
10.134422758106382,29.00251739108205,5.702867255437786,3.4073450803111314,66.59265491968887,0.26697636349068443,80.08432778571006,80.08432778571006,297.4869677888428,470486.26375489443,1586807.2696010089,1524433.1455250024,79.52092309341009,8.0,13.28269838592746,0.05241948044575185
6.8509895394277365,9.201246056704989,5.022317101724848,20.82200679739475,49.17799320260525,0.18047917648650516,62.9231775586303,62.9231775586303,311.104765752213,387144.436612701,1716220.0694209794,1449299.8751216372,96.68207332048985,8.0,15.013226132430077,0.04119845165261637
10.102341682533265,28.52058618289729,5.783966734801498,3.8724447078677144,66.12755529213229,0.266131235050929,79.93819350711931,79.93819350711931,297.5960070737089,469625.37425393204,1588026.2519883676,1540945.7217384262,79.66705737200084,8.0,13.288919887241832,0.052994186281926224
20.992675457779207,29.212099504275514,12.251229487403885,10.033536682718136,59.966463317281864,0.5530209551575134,117.0467748519668,117.0467748519668,279.7275081391048,877226.2342873337,1167949.4545382692,5837768.737204235,42.55847602715335,8.0,6.745363247876753,0.10767011571196065
5.881563645964851,29.736316182265746,-0.4028698154308758,-2.0745410447313475,72.07454104473135,0.15494108656387912,56.6943710574908,56.6943710574908,316.3447362289679,363756.8438500806,1757448.0868223144,96064.1780221177,102.91087982162935,8.0,17.3943101828649,0.0038493255381640214
12.934042768905169,27.884821044152986,8.332054761620588,6.322160826438562,63.67783917356144,0.3407282078215271,91.6987795759756,91.6987795759756,289.3979488702922,550723.5591427356,1481738.2400733517,2481366.579132561,67.90647130314454,8.0,11.66261283988706,0.07507078850561445
6.519136045384644,25.928481633889945,1.723909498857317,3.0851498387249308,66.91485016127507,0.17173698749696112,60.86918051485293,60.86918051485293,312.8193272079185,379106.7536908868,1730107.3606630794,503193.63781427057,98.73607036426722,8.0,16.223964481220435,0.01588123865892477
6.67063540948835,29.016314413405517,1.2176981360421517,-0.09773545566099529,70.097735455661,0.17572801394858667,61.81627493652536,61.81627493652536,312.02700620942426,382771.0483233888,1723740.9448974058,398127.482894105,97.78897594259479,8.0,16.305688128798295,0.011471418490412055
5.801658397046752,29.460387242546688,-0.49113482310892526,-1.8921888255497947,71.8921888255498,0.1528361010813159,56.14776692119739,56.14776692119739,316.8100094777342,361838.63682934985,1760943.9113226274,82413.83237195203,103.45748395792276,8.0,17.47879022494658,0.004686518114075183
7.670777438526202,20.854198454793092,4.687612260356744,9.710030025957224,60.289969974042776,0.20207527498751848,67.69852606478395,67.69852606478395,307.17701220372606,407216.8887625143,1682732.664258884,1154201.11051496,91.9067248143362,8.0,14.781404520063347,0.04128555074176324
7.350751858778505,29.59403589374638,2.157557410902396,0.13700002148044632,69.86299997851955,0.19364467488879095,65.881539763727,65.881539763727,308.66122594304505,399338.8951997851,1695679.5597153755,593980.0222642294,93.72371111539314,8.0,15.601596021291641,0.020291600930341557
9.04502361813671,20.311798715093047,6.518320696774221,11.352409129804414,58.647590870195586,0.23827775600992387,74.91789162140566,74.91789162140566,301.426495427664,441850.416249578,1628564.5838286479,1640281.405967497,84.68735925771449,8.0,13.759398762543128,0.056790668985517635
5.848787054561094,28.12963096602097,-0.05934829939683443,-0.3124339993888725,70.31243399938887,0.15407763578928066,56.47082989638517,56.47082989638517,316.5349181607263,362969.91447557387,1758880.0290741601,163801.16988417815,103.13442098273498,8.0,17.272871261586488,0.0005599491756618504
6.4317070155831555,26.823163195331716,1.3518070030022085,1.9915477191380546,68.00845228086195,0.16943379914602621,60.315166872064765,60.315166872064765,313.28413973213475,376995.62461697834,1733802.6586131335,428316.8149967343,99.29008400705538,8.0,16.400241031401606,0.012548595822990042
7.623029778915194,28.988601646642017,2.7061361148132925,1.1081579492104083,68.89184205078959,0.20081743358575327,67.43103820554938,67.43103820554938,307.3946713904807,406037.674362187,1684654.9936761248,715194.9263078924,92.17421267357076,8.0,15.284043149932643,0.02527686213578994
7.347904316610172,29.04205506032345,2.289433279342993,0.7324333300561534,69.26756666994385,0.1935696606061689,65.86511195039736,65.86511195039736,308.6747048372653,399269.0585190841,1695795.4412641732,621841.2728871518,93.74013892872279,8.0,15.56317846477208,0.021441349689876463
5.936065657220942,29.76786510594222,-0.3041240056818195,-2.0221207060453708,72.02212070604537,0.15637686135987727,57.06404064056528,57.06404064056528,316.03053325598734,365065.7013873035,1755073.1282449164,113006.43710773367,102.54121023855487,8.0,17.32088610103733,0.0029047354238157237
5.717501786508316,29.35524905271822,-0.6341102517701498,-1.9124379600746124,71.91243796007461,0.15061911977103043,55.565992266512694,55.565992266512694,317.30609991070247,359819.10639965255,1764644.0925809867,58809.39536113564,104.03925861260745,8.0,17.589446865546677,0.006051703495175448
7.868630112247439,11.750080154405449,6.468147798625773,19.02355428762945,50.97644571237055,0.20728741075467438,68.79396832135592,68.79396832135592,306.28877661936434,412118.44419807,1674799.9620859763,1680666.0209556292,90.81128255776423,8.0,14.34789971385618,0.05365430548120017
8.237166972272501,29.753333773402794,3.3593874195722346,0.9517106863283402,69.04828931367166,0.21699596871107746,70.7812710205776,70.7812710205776,304.69087667847396,421318.5597955342,1660155.457964567,874808.0725143934,88.82397985854254,8.0,14.763189152223902,0.03141321126451677
7.655487369416155,24.52298742214157,3.8280091834837826,5.8839490659307785,64.11605093406922,0.20167248075385025,67.61300376416898,67.61300376416898,307.2465708296278,406839.12138464005,1683347.9010526387,959503.7510996105,91.99224711495117,8.0,14.977290703837355,0.03459279410908836
5.802804562538158,29.84890889612676,-0.5880423466883368,-2.3319200712769543,72.33192007127695,0.15286629511428235,56.15564690465675,56.15564690465675,316.80329625051917,361866.1464529434,1760893.6482268132,63769.84389402248,103.4496039744634,8.0,17.519184953276806,0.005629046238852481
6.109487326141787,27.115091009882597,0.6961675525403196,1.2168627528662341,68.78313724713377,0.16094539847581105,58.22376585677739,58.22376585677739,315.0473012633037,369233.6646902999,1747565.4689712091,303454.30476046447,101.38148502234276,8.0,16.82539107964203,0.006497630115688282
17.051751542374145,29.90317253016432,10.350597798530627,6.695450444445953,63.30454955555405,0.44920314916686366,105.78186726568589,105.78186726568589,281.9686493457261,694297.0728526589,1326169.8901010912,3801835.1082987674,53.82338361343426,8.0,9.477862171980519,0.09302190975246258
17.885297250273823,29.355076609857385,10.877854960457965,7.699241564805277,62.30075843519472,0.47116167677222925,108.31629458710267,108.31629458710267,281.07738190906935,728474.3443164368,1293753.6768806244,4174559.9100762852,51.288956292017474,8.0,8.99832314987151,0.09710054415744442
7.335968514471088,21.913674368295105,3.973020129835611,8.294137672489342,61.70586232751066,0.19325522956983898,65.7962015420876,65.7962015420876,308.731256673688,398976.37772562756,1696281.3081400802,986196.0122195446,93.80904933703255,8.0,15.122903733646012,0.03532363988795428
21.871164066693307,29.41945401765831,12.550698234907678,10.626185895656704,59.373814104343296,0.5761634369518784,119.33612134785449,119.33612134785449,279.9774741942124,926855.0779326312,1130558.66788197,6503305.199015639,40.26912953126566,8.0,5.9244376251054405,0.10987104971503651
6.383760328881738,29.924639516327176,0.4913523003645627,-1.5109962674597455,71.51099626745975,0.16817071467022493,60.00896536257477,60.00896536257477,313.54145351550846,375838.8684588531,1735836.0276238543,256076.6113299264,99.59628551654538,8.0,16.739646895281282,0.004675766120155241
5.920727443899486,29.13760078251135,-0.17372650623698901,-1.3339671259382726,71.33396712593827,0.15597279883823725,56.960262516884484,56.960262516884484,316.1187020790806,364697.3130548018,1755740.7338702288,138859.04240470863,102.64498836223567,8.0,17.276375775310044,0.001651104093248676
7.655618686439492,24.842158812609014,3.7528594456765845,5.549073959502209,64.45092604049779,0.20167594010641443,67.61373880055817,67.61373880055817,307.24597286636754,406842.36518639646,1683342.615785638,942949.4621626411,91.99151207856198,8.0,14.994894608034429,0.033991187023955975
5.980997094255942,28.981088794390672,-0.017170130514518475,-1.0623772123615254,71.06237721236153,0.15756051354731143,57.36690318430425,57.36690318430425,315.773395560187,366145.06118263083,1753120.8720244877,167109.45390654926,102.2383476948159,8.0,17.177178798181274,0.00016286861039687108
5.724272648757095,29.921610879283627,-0.7652047701025557,-2.5464172687442783,72.54641726874428,0.15079748811267374,55.61303401465085,55.61303401465085,317.26595323879235,359981.5656245522,1764345.6822330425,33486.668463928625,103.9922168644693,8.0,17.641851464019624,0.007336298890582976
7.1725663279117775,29.325655009495208,1.9522044745644342,0.21200082519601438,69.78799917480399,0.18895064088281815,64.84435708392505,64.84435708392505,309.51424941305237,394977.0993057995,1702955.4067946868,549183.3860989254,94.7608937951951,8.0,15.76850428416185,0.01835051841297376
6.8737520382433654,28.248243219435025,1.7451544124506244,1.012408584722266,68.98759141527773,0.1810788208177915,63.06133878817394,63.06133878817394,310.9899471568326,387697.3391174231,1715275.1653385744,505326.8386139657,96.54391209094621,8.0,16.008849953859283,0.016311740613479928
5.8983711522464715,24.172991795867823,1.0217180794968033,4.157907604614593,65.84209239538541,0.15538385543325794,56.808641595793176,56.808641595793176,316.24757111030607,364160.428511234,1756714.8788773725,375185.6945287293,102.79660928332697,8.0,16.83197243316107,0.009342827771365192
6.534691125915497,29.00251739108205,0.9886264248893453,-0.26908517759483175,70.26908517759483,0.17214676306415957,60.96717022195935,60.96717022195935,312.7372162071377,379482.61737656087,1729451.5644607048,353249.7213174074,98.6380806571608,8.0,16.466734297684923,0.009324780752050829
6.504718920805558,9.201246056704989,4.469630708738136,20.543869188717508,49.45613081128249,0.17135718969456157,60.778204364687724,60.778204364687724,312.89558862939714,378758.4581495673,1730715.6247135496,1324366.7926809473,98.82704651443242,8.0,15.292690602844004,0.03672777188658981
5.786002619551778,29.742352788028242,-0.5945132986498439,-2.2385784616251385,72.23857846162514,0.15242367280168012,56.04001603610595,56.04001603610595,316.9018228235941,361462.8894604427,1761630.8184723507,63270.90569962573,103.5652348430142,8.0,17.531901276049553,0.00568715671576739
6.891992286238496,29.307742147526504,1.5117662332193644,-0.12444393006592236,70.12444393006592,0.18155933314643036,63.17180681775682,63.17180681775682,310.8981906113497,388140.55465457245,1714518.6651695152,457081.8239721815,96.43344406136333,8.0,16.075329192300785,0.014244411954476784
5.881563645964851,29.69558109593158,-0.39248522317789064,-2.0283362969580594,72.02833629695806,0.15494108656387912,56.6943710574908,56.6943710574908,316.3447362289661,363756.8438500806,1757448.0868228155,98067.69900907353,102.91087982162935,8.0,17.389968338342953,0.0037488549392966303
15.081353290951819,29.812812326732264,9.298264691050766,5.67015106020591,64.32984893979409,0.39729592441917333,99.40090265280207,99.40090265280207,284.89740149172366,620949.5216819906,1401293.726509052,3085306.0459520556,60.204348226318075,8.0,10.548638297441812,0.0841486659991955
6.152132741512743,27.060526113828395,0.7890849292676707,1.3392477730215546,68.66075222697845,0.16206882880697426,58.505194532973746,58.505194532973746,314.80928266054707,370259.48739056365,1745730.4127541617,320805.5562421153,101.1000563461464,8.0,16.765749980235967,0.007358531110638931
6.67063540948835,29.37183262838512,1.1288512243868252,-0.49037623278678666,70.49037623278679,0.17572801394858667,61.81627493652536,61.81627493652536,312.0270062094248,382771.0483233888,1723740.9448971068,380032.5597898441,97.78897594259479,8.0,16.336851663093,0.010664173227139922
5.801658397046752,28.843176181686147,-0.33391681657141775,-1.1927581128648512,71.19275811286485,0.1528361010813159,56.14776692119739,56.14776692119739,316.8100094777299,361838.63682934985,1760943.9113225176,112646.74250140382,103.45748395792276,8.0,17.413082997986805,0.00317035085641998
7.670777438526202,29.748975172390992,2.5878760374418794,0.34338376472817345,69.65661623527183,0.20207527498751848,67.69852606478395,67.69852606478395,307.177012203719,407216.8887625143,1682732.6642587034,690780.4643626227,91.9067248143362,8.0,15.290408008874579,0.02430313467616599
7.350751858778505,29.655188632267226,2.142451617797007,0.07054225814482606,69.92945774185517,0.19364467488879095,65.881539763727,65.881539763727,308.6612259430529,399338.8951997851,1695679.5597161239,590787.2124636465,93.72371111539314,8.0,15.606236218472816,0.020159032943452344
6.835900121434573,26.3265318741456,2.156329018407837,3.0535476976050404,66.94645230239496,0.18008166810944606,62.831401861498875,62.831401861498875,311.18107222099997,386778.0335971753,1716846.9746288199,590780.6404066265,96.77384901762127,8.0,15.900861810386573,0.019869193647657536
5.848787054561094,28.391379474980056,-0.12562157191082035,-0.6070251361241503,70.60702513612415,0.15407763578928066,56.47082989638517,56.47082989638517,316.5349181607099,362969.91447557387,1758880.029072927,150955.21763926506,103.13442098273498,8.0,17.299639009798966,0.0011877245707641979
7.872424109758425,29.25158788095348,2.9924543351032638,1.1015896535657816,68.89841034643422,0.20738735800206598,68.81477427909005,68.81477427909005,306.27195599288416,412212.68255756656,1674648.3485437306,782961.5523043872,90.7904766000301,8.0,15.063568527718758,0.027952531281806955
8.536743239286782,29.673160566898076,3.760975938427993,1.3373951794100094,68.66260482058999,0.22488786194116916,72.34882747306244,72.34882747306244,303.4435577278454,428870.46566195326,1648365.270287482,975967.1199424363,87.2564234060577,8.0,14.49982339733242,0.03507305471434826
7.347904316610172,29.584422104260796,2.1556519323462537,0.14402355001959677,69.8559764499804,0.1935696606061689,65.86511195039736,65.86511195039736,308.6747048372768,399269.0585190841,1695795.441264155,593545.0664433024,93.74013892872279,8.0,15.603821281433682,0.020272670407562643
5.936065657220942,28.742799467197585,-0.043706080778290565,-0.864640106640195,70.8646401066402,0.15637686135987727,57.06404064056528,57.06404064056528,316.0305332559894,365065.7013873035,1755073.1282452673,163546.35009240118,102.54121023855487,8.0,17.214571727047485,0.00041399185840101325
7.585081002660878,29.207264644003075,2.5979218031103564,0.8297931876992948,69.1702068123007,0.1998177292587165,67.21755921126834,67.21755921126834,307.5685943562028,405101.44586637267,1686185.0919487444,691240.9488706387,92.38769166785181,8.0,15.336456939194136,0.02431373916419789
8.237166972272501,29.096404846720752,3.518882528398669,1.649092702692144,68.35090729730786,0.21699596871107746,70.7812710205776,70.7812710205776,304.69087667847504,421318.5597955342,1660155.4579643563,910006.9431346075,88.82397985854254,8.0,14.72384762701006,0.03274365759352973
7.416657857428989,24.52298742214157,3.485561220741743,5.639338853268157,64.36066114673184,0.195380870849025,66.2604496675466,66.2604496675466,308.35062487682353,400956.4961303726,1693000.9557000026,879376.5495833346,93.34480121157355,8.0,15.195248257456967,0.031550721920468955
6.489060490564301,29.82045464642225,0.7038499341428494,-1.2421287032065607,71.24212870320656,0.1709446915322524,60.67922556637785,60.67922556637785,312.97858826172853,378380.25122538884,1731376.7460176488,296581.5137028167,98.9260253127423,8.0,16.597614323074822,0.006685019240228233
5.6993045897881816,26.94901562682233,-0.06039813362881675,0.7762417589852362,69.22375824101476,0.15013974156449372,55.43935833447398,55.43935833447398,317.4142014936915,359382.50242733257,1765446.7164775587,169815.85972494716,104.16589254464617,8.0,17.362555792297485,0.0005654748961085918
7.389944090046508,29.90317253016432,2.1399112904267876,-0.15192074476385642,70.15192074476386,0.19467713619722096,66.10716721575352,66.10716721575352,308.4762064535585,400300.5435588733,1694085.882396836,590703.3265214968,93.49808366336663,8.0,15.58445630497016,0.020166960321804754
5.8214991989705585,10.533369870111986,3.30779564719956,18.549427597670842,51.45057240232916,0.15335877763357636,56.28401095928734,56.28401095928734,316.6939620144328,362314.864961513,1760074.319120469,1008065.0908810769,103.3212399198328,8.0,15.984424807532548,0.027520133173984385
7.226133874810614,14.61041437204225,5.2557161282232405,15.69147502838132,54.30852497161868,0.19036179859880437,65.158150157828,65.158150157828,309.2557427726506,396286.64681503293,1700762.7676192059,1316724.0100132546,94.44710072129214,8.0,14.892765998270875,0.04452313854303401
14.49013740413006,29.784935974752145,8.94607850022224,5.369093911717869,64.63090608828213,0.38172121717940094,97.365901984618,97.365901984618,285.99884770551375,600710.7714411581,1423536.2033871964,2885193.9773590015,62.23934889450214,8.0,10.855322579590108,0.08112794972438306
11.493744716400734,29.355076609857385,6.8708405415118525,4.010952103609156,65.98904789639084,0.30278568799791183,85.9847273645729,85.9847273645729,293.2215673125464,508093.26377028343,1535563.0356002264,1936745.5810871471,73.62052351454724,8.0,12.454405774051963,0.0628922544273236
6.706542673092363,28.98301080512777,1.2864647420342927,-0.01259696433874069,70.01259696433874,0.17667393764732253,62.03840550198203,62.03840550198203,311.84160221907257,383640.746667353,1722238.665536501,411838.9568396033,97.56684537713812,8.0,16.260719347455733,0.012111914711534402
21.871164066693307,29.917222677993436,12.441966967442001,10.173415913516124,59.82658408648388,0.5761634369518784,119.33612134785449,119.33612134785449,279.9774741942155,926855.0779326312,1130558.6678820762,6469968.784690875,40.26912953126566,8.0,5.908634053733749,0.10924527710228825
7.348024772046738,29.924639516327176,2.071739891253008,-0.22586712976510626,70.2258671297651,0.19357283382631027,65.86580696776895,65.86580696776895,308.67413455969984,399272.01262964995,1695790.5390425134,575818.7393496358,93.7394439113512,8.0,15.629670899657754,0.01953476419743421
5.696606764758992,29.13760078251135,-0.621122894274682,-1.6999013729170542,71.69990137291705,0.1500686713582453,55.42055862565752,55.42055862565752,317.43025351977093,359317.775767745,1765565.787134459,62265.285586766564,104.18469225346263,8.0,17.596318984077868,0.005918702652584152
5.815152964634882,20.826626342284882,1.6531230284420064,7.687375185870394,62.312624814129606,0.15319159548563965,56.240469865176465,56.240469865176465,316.73104322700914,362162.53495491616,1760352.35157521,509088.9647396425,103.36478101394368,8.0,16.657859633159717,0.014757684780573023
7.221480215520729,26.829136798718864,2.6404142418174903,2.9707504795658792,67.02924952043412,0.1902392048345819,65.1309579741515,65.1309579741515,309.2781294209303,396172.8225758869,1700953.0682844417,694709.48200746,94.47429290496865,8.0,15.533294405747313,0.0243437277264344
11.262636478286874,28.981088794390672,6.758991749540501,4.2300303288108125,65.76996967118919,0.29669748362188814,85.01930018354932,85.01930018354932,293.89968693544074,501533.9226535214,1544230.6488920492,1884386.854831196,74.58595069557083,8.0,12.582241065985897,0.06177509045620158
6.689310664627544,19.286496376135347,3.5514687403380707,10.374644169859437,59.62535583014056,0.17621998589640525,61.931914707497754,61.931914707497754,311.9304655826598,383223.3151555646,1722959.3027706177,895546.2092659074,97.6733361716224,8.0,15.587007794657666,0.03114183137161197
5.897158458256402,22.908363754149534,1.324373576042791,5.539734777645492,64.46026522235451,0.15535190880549005,56.80040486610221,56.80040486610221,316.2545736670528,364131.3077957742,1756767.7569352293,436727.1584918198,102.80484601301794,8.0,16.725090108620805,0.011996159171124624
5.775755996672667,29.936067015603285,-0.664651703975347,-2.476261739558481,72.47626173955848,0.15215374069211451,55.96937618254401,55.96937618254401,316.9620311031818,361216.9783742359,1762080.750091275,50303.26505197491,103.63587469657614,8.0,17.567980471085832,0.006369028491110844
6.8737520382433654,29.96143502304833,1.319062489569014,-0.8679670771418841,70.86796707714188,0.1810788208177915,63.06133878817394,63.06133878817394,310.98994715684415,387697.3391174231,1715275.165338906,417461.0022957426,96.54391209094621,8.0,16.15156503116401,0.01249469408883563
6.3477924753310475,29.096594149333093,0.6355595750923809,-0.639094980941536,70.63909498094154,0.1672231948190476,59.77814162105926,59.77814162105926,313.7356161740731,374971.55321792787,1737364.6331439638,285623.0568006831,99.82710925806089,8.0,16.706466904724834,0.0060104514727872095
13.473841821929263,29.00251739108205,8.458890931928641,5.5503209662221025,64.4496790337779,0.3549484146978204,93.71914725494088,93.71914725494088,288.13539932362784,567560.9083338528,1461582.8517496544,2593292.231939198,65.88610362417927,8.0,11.382780442263368,0.07661499210335891
7.439660814192053,9.201246056704989,5.886867631636486,21.24500103257344,48.75499896742656,0.19598684968893712,66.39211250100112,66.39211250100112,308.24282962134913,401521.64906372665,1692067.5962868421,1657245.25503782,93.21313837811903,8.0,14.586097661283134,0.04816468473674689
17.771691460298452,29.742352788028242,10.738752648749786,7.272919724086137,62.72708027591386,0.4681689004293586,107.97614150646848,107.97614150646848,281.1864082471508,723693.0977902751,1298198.8679283913,4103482.992109231,51.62910937265167,8.0,9.057164035858534,0.09613444414623767
6.891992286238496,29.939628623716622,1.3542528378597614,-0.8197351901349066,70.8197351901349,0.18155933314643036,63.17180681775682,63.17180681775682,310.89819061134784,388140.55465457245,1714518.6651697005,424625.2757055416,96.43344406136333,8.0,16.12881274752158,0.012823613211240927
8.108742771158816,29.36471179295073,3.2847821331040508,1.2320935533353463,68.76790644666465,0.21361282326551148,70.09635827354651,70.09635827354651,305.2395540968712,418101.75682099373,1665240.1704163712,853931.9090677602,89.50889260557364,8.0,14.853987538957938,0.030654994096440825
7.329242859254641,29.812812326732264,2.0710942102764407,-0.12689931591592085,70.12689931591592,0.1930780521405332,65.75733493047153,65.75733493047153,308.76316093733897,398811.4900914079,1696555.1841919601,575486.5837248357,93.84791594864862,8.0,15.640693369121664,0.019514944266722675
6.401394777330918,27.060526113828395,1.2396887133999261,1.6896657185465642,68.31033428145344,0.16863526810671542,60.121781917172484,60.121781917172484,313.4466151769805,376264.2356155574,1735087.5977409265,406055.82170123665,99.48346896194766,8.0,16.456876669110386,0.011532181914269465
6.67063540948835,18.406965280753013,3.7056246599943377,11.274092632553788,58.72590736744621,0.17572801394858667,61.81627493652536,61.81627493652536,312.0270062094222,382771.0483233888,1723740.9448970228,932836.6153693047,97.78897594259479,8.0,15.555680459536575,0.03230173730612726
5.801658397046752,29.92270092189208,-0.6091987438005161,-2.4178224788149123,72.41782247881491,0.1528361010813159,56.14776692119739,56.14776692119739,316.8100094777471,361838.63682934985,1760943.9113234417,59764.75126026916,103.45748395792276,8.0,17.52889025908121,0.0058351854609683396
7.670777438526202,29.934636110324632,2.542247836395535,0.14303794801088543,69.85696205198911,0.20207527498751848,67.69852606478395,67.69852606478395,307.1770122037156,407216.8887625143,1682732.6642584405,680981.5207387988,91.9067248143362,8.0,15.303550470512334,0.02390855031008562
8.401762617645174,29.655188632267226,3.5952955928172172,1.2229030609494203,68.77709693905058,0.22133199730361364,71.64764745085773,71.64764745085773,304.0000103201697,425459.24126488256,1653665.7241819329,933343.0295814635,87.95760342826242,8.0,14.613656938996883,0.03355500841329961
7.08616385877193,26.3265318741456,2.5543593733890013,3.353465125090679,66.64653487490932,0.1866744957526852,64.33454251527655,64.33454251527655,309.9350201332214,392867.85348582536,1706501.9818248083,675220.8326046484,95.2707083638436,8.0,15.636307851914182,0.023487867142911702
8.15774353711832,28.12963096602097,3.6488697864796236,2.5917231990555365,67.40827680094446,0.2149036758987966,70.35862915801988,70.35862915801988,305.0291936109859,419327.7337180185,1663297.8262128439,935753.1149975874,89.24662172110027,8.0,14.737067658650233,0.03373018969326364
7.872424109758425,29.950671601946816,2.821473108510764,0.35206682528530564,69.6479331747147,0.20738735800206598,68.81477427909005,68.81477427909005,306.27195599289,412212.68255756656,1674648.3485438884,745862.3767791698,90.7904766000301,8.0,15.110073285050362,0.02649525105905193
7.623029778915194,21.4954407167194,4.478988222463134,9.004724867434106,60.995275132565894,0.20081743358575327,67.43103820554938,67.43103820554938,307.39467139047844,406037.674362187,1684654.9936762548,1105094.9457569697,92.17421267357076,8.0,14.850851319421906,0.03963354372004272
7.347904316610172,29.928643618657688,2.070568143954384,-0.23037249473185284,70.23037249473185,0.1935696606061689,65.86511195039736,65.86511195039736,308.6747048372667,399269.0585190841,1695795.441264057,575570.0161093627,93.74013892872279,8.0,15.630104565441968,0.019524341027444114
17.757720096115168,28.69194698904701,10.962547772066971,8.231916997305575,61.768083002694425,0.46780084552463563,107.93419683448121,107.93419683448121,281.2000900667497,723107.860034327,1298744.923603869,4159803.801559131,51.671054044638936,8.0,9.094394502908244,0.09750731188424307
7.34059920903665,29.207264644003075,2.2377447233209824,0.5446834844801174,69.45531651551988,0.19337721836239857,65.82294633890615,65.82294633890615,308.7093061781555,399089.91901064,1696092.7818401577,610816.9732056921,93.782304540214,8.0,15.582993214696785,0.02098508802277618
6.909471310640181,11.750080154405449,5.108850809043635,18.314807952424474,51.685192047575526,0.1820197921664958,63.27746152800495,63.27746152800495,310.8104719034179,388565.40751598595,1713794.2989669095,1346218.7766347816,96.3277893511152,8.0,15.04722460945419,0.04256704329149466
8.237166972272501,29.822027791384713,3.342680726887984,0.8786392553774363,69.12136074462256,0.21699596871107746,70.7812710205776,70.7812710205776,304.69087667847276,421318.5597955342,1660155.4579645423,871123.2046537437,88.82397985854254,8.0,14.767378951413718,0.03127309905203638
5.7029686350270365,28.585469291445087,-0.46737731372377855,-1.0627249286324627,71.06272492863246,0.15023626541167115,55.46488051751112,55.46488051751112,317.39241099850204,359470.4116292514,1765285.0330952168,91357.05858525315,104.14037036160903,8.0,17.527505163861804,0.004433354941116984
6.489060490564301,29.973083751026564,0.6654340789420237,-1.4122867637064473,71.41228676370645,0.1709446915322524,60.67922556637785,60.67922556637785,312.978588261722,378380.25122538884,1731376.7460174314,288864.0683108113,98.9260253127423,8.0,16.611927893645372,0.006327865975188285
8.191914825293873,26.94901562682233,3.9772814535488763,3.86772054535561,66.13227945464439,0.21580386789499137,70.54083853947662,70.54083853947662,304.8832359485296,420183.7069002456,1661944.961796621,1009705.7816666529,89.06441233964352,8.0,14.642451063959186,0.036442061221545134
7.389944090046508,29.98580553724183,2.1194859869451785,-0.24179517322198762,70.24179517322199,0.19467713619722096,66.10716721575352,66.10716721575352,308.47620645355335,400300.5435588733,1694085.8823968645,586380.5094722493,93.49808366336663,8.0,15.590751659313582,0.019987233216877218
7.757228966180212,10.533369870111986,6.367864770587795,20.146128169084193,49.85387183091581,0.20435271249157566,68.17971928643783,68.17971928643783,306.7862097760376,409355.55276564514,1679260.0618282834,1702261.6105928812,91.42553159268232,8.0,14.398878653750558,0.052454900998161816
11.493744716400734,26.38315478115919,7.551911405731681,6.941059501025052,63.05894049897495,0.30278568799791183,85.9847273645729,85.9847273645729,293.22156731254415,508093.26377028343,1535563.0356000264,2103199.050815808,73.62052351454724,8.0,12.416500647276791,0.0677571483270559
6.706542673092363,29.95946834313834,1.0423028788068984,-1.0916795544895308,71.09167955448953,0.17667393764732253,62.03840550198203,62.03840550198203,311.84160221907257,383640.746667353,1722238.665536532,362051.69221393927,97.56684537713812,8.0,16.346502003450098,0.009888917959668883
7.35855187254185,29.917222677993436,2.0894029879807396,-0.20504984019055428,70.20504984019055,0.1938501547034207,65.92651486522874,65.92651486522874,308.6243295710085,399530.2150164234,1695362.1997449256,579663.2364224367,93.67873601389141,8.0,15.618124808739879,0.019698396789065552
7.348024772046738,29.13953140492029,2.2655970890225454,0.626959771333361,69.37304022866664,0.19357283382631027,65.86580696776895,65.86580696776895,308.67413455969603,399272.01262964995,1695790.539042294,616797.8688329424,93.7394439113512,8.0,15.570289892608116,0.021233929169914578
5.920727443899486,29.962199559145823,-0.3835873993019971,-2.2671989505466286,72.26719895054663,0.15597279883823725,56.960262516884484,56.960262516884484,316.11870207907515,364697.3130548018,1755740.7338700623,98227.53755955289,102.64498836223567,8.0,17.36303961372539,0.003670182396435094
8.124552413120018,24.842158812609014,4.388690072370773,6.002622675366695,63.997377324633305,0.2140293048767128,70.18110526289047,70.18110526289047,305.17154611299577,418497.1192247708,1664613.1834327055,1098849.2315725451,89.42414561622968,8.0,14.5917682281991,0.039627512807461296
8.33233149953372,28.981088794390672,3.669798007476329,1.8666513624843333,68.13334863751567,0.21950293729014012,71.28372871346886,71.28372871346886,304.28976684807185,423710.08814760396,1656399.6607847959,947082.5162538863,88.32152216565129,8.0,14.634619784891015,0.03409591304475926
7.35359780788965,19.286496376135347,4.5749818745405415,11.033513975960545,58.966486024039455,0.19371964720467993,65.89795367954775,65.89795367954775,308.6477594959505,399408.697204207,1695563.7554587866,1126047.2878652161,93.7072971995724,8.0,14.977610897509635,0.03994295387069186
5.897158458256402,29.928693221296257,-0.4212462278003491,-2.267466854670886,72.26746685467089,0.15535190880549005,56.80040486610221,56.80040486610221,316.2545736670549,364131.3077957742,1756767.756934664,91890.30466755798,102.80484601301794,8.0,17.39276544890896,0.004030511643003713
5.775755996672667,28.09750625412267,-0.1964276083315621,-0.39275187746625306,70.39275187746625,0.15215374069211451,55.96937618254401,55.96937618254401,316.96203110320084,361216.9783742359,1762080.7500917346,140241.97095201508,103.63587469657614,8.0,17.371990479752867,0.0018543473751523676
17.687336128084482,29.96143502304833,10.6501193136554,7.019280132036272,62.98071986796373,0.46594668409073975,107.72251455683454,107.72251455683454,281.2699244640292,720168.7229073868,1301493.769956544,4055119.962885597,51.88273632228561,8.0,9.102568418529415,0.09550435033283323
7.196469692028606,29.096594149333093,2.0457580228431533,0.4908176779295559,69.50918232207044,0.1895803396214069,64.98459418940854,64.98459418940854,309.39867479520126,395561.27727595886,1701976.4139973393,568970.8706403513,94.62065668971161,8.0,15.725286782922979,0.019191987492114017
7.5907889710707686,29.843795812919495,2.449717561414522,0.1492487855825857,69.85075121441741,0.19996809723579473,67.24971953308454,67.24971953308454,307.54238114726337,405242.21111012687,1685954.8162635074,659628.1433008965,92.3555313460356,8.0,15.376162279091375,0.023037335463036365
8.027562741838581,9.201246056704989,6.668904528853187,21.614852583840843,48.38514741615916,0.21147425558057378,69.65926122110875,69.65926122110875,305.59083771493755,416074.4125718591,1668464.3378575654,1859900.087615915,89.9459896580114,8.0,14.20993036536737,0.05443914985985171
5.786002619551778,29.642404724532028,-0.5689792351140314,-2.124884386591475,72.12488438659148,0.15242367280168012,56.04001603610595,56.04001603610595,316.9018228235854,361462.8894604427,1761630.818472006,68163.62398758689,103.5652348430142,8.0,17.521033024699477,0.005438434736834688
17.406172713960103,29.212099504275514,10.678699972253726,7.543400079362016,62.456599920637984,0.4585398502096971,106.87056749340007,106.87056749340007,281.5639564375944,708577.4229225593,1312441.5321050165,3984113.1435552198,52.734683385720075,8.0,9.289217670669927,0.09542279252863545
7.734727068131846,29.36471179295073,2.772815689037873,0.8290073350944454,69.17099266490555,0.20375993330168193,68.05485615240605,68.05485615240605,306.8875240400488,408798.44303471304,1680162.9490327395,731976.3921379732,91.5503947267141,8.0,15.201717202247323,0.025950700733357084
15.207809332841862,29.812812326732264,9.372506723348508,5.740101025004094,64.2598989749959,0.4006272216238636,99.82846368951289,99.82846368951289,284.6751726060567,625376.356900679,1396522.1300664875,3129147.3659718563,59.77678718960726,8.0,10.48265886991436,0.08478011391981735
6.622144642974696,27.060526113828395,1.6213845693250426,1.9848414800423484,68.01515851995765,0.17445059649564532,61.51488813570802,61.51488813570802,312.27882339585426,381597.32660101686,1725773.6803883512,481085.70200878434,98.09036274341213,8.0,16.19707980875762,0.015051745116391443
6.67063540948835,20.2090520255785,3.320606532841702,9.386177470166103,60.6138225298339,0.17572801394858667,61.81627493652536,61.81627493652536,312.02700620942534,382771.0483233888,1723740.9448968917,842893.7572688285,97.78897594259479,8.0,15.659893210463622,0.02930878029393719
5.801658397046752,29.984247675776047,-0.6249342426222502,-2.4879120623050994,72.4879120623051,0.1528361010813159,56.14776692119739,56.14776692119739,316.81000947773776,361838.63682934985,1760943.9113227136,56749.33796726856,103.45748395792276,8.0,17.535617484477086,0.005988940022183219
6.55091557828767,29.934636110324632,0.7828435610982775,-1.2812081881760946,71.2812081881761,0.1725741722415087,61.069192438140874,61.069192438140874,312.6517588673498,379874.74149847386,1728768.07429296,311466.65323943994,98.53605844097928,8.0,16.531982210162198,0.0074373660062096465
6.995408208284759,29.655188632267226,1.5919072948531379,-0.37186908748117276,70.37186908748117,0.18428367250486719,63.79405865321337,63.79405865321337,310.3821383996568,390656.18277966505,1710240.799315649,473523.2682035625,95.81119222590678,8.0,15.988242514550222,0.015025944578942671
6.807003371713477,26.3265318741456,2.1092237350527765,3.0179329828296773,66.98206701717032,0.17932042601984924,62.65522825696917,62.65522825696917,311.3276320932609,386076.62244266336,1718048.6895867423,580997.1987630583,96.95002262215098,8.0,15.932296139805658,0.019439956868806414
6.99703647545007,28.12963096602097,1.9725687007735795,1.2969317565078313,68.70306824349217,0.18432656679267834,63.80380123425181,63.80380123425181,310.3740694945459,390695.82920528925,1710173.595502618,552631.3087938639,95.80144964486834,8.0,15.8640702297688,0.01840046239594022
7.872424109758425,29.003666203845953,3.0529513059950615,1.3666921752983399,68.63330782470166,0.20738735800206598,68.81477427909005,68.81477427909005,306.27195599288564,412212.68255756656,1674648.3485438076,796101.4587659619,90.7904766000301,8.0,15.047439952404261,0.02846449444500598
7.623029778915194,29.705362778691523,2.5302353972093043,0.33593504417467557,69.66406495582532,0.20081743358575327,67.43103820554938,67.43103820554938,307.39467139047963,406037.674362187,1684654.9936762922,677466.3046590525,92.17421267357076,8.0,15.334269703060727,0.023763076038937733
6.522588199393878,29.928643618657688,0.7351680211138099,-1.3147861009281314,71.31478610092813,0.17182792938340036,60.890942430895336,60.890942430895336,312.8010890393272,379190.1625561671,1729961.7763750514,302312.83137256396,98.71430844822481,8.0,16.566256643648785,0.006986107639531501
5.936065657220942,29.948907082067066,-0.350247410354819,-2.227301792942228,72.22730179294223,0.15637686135987727,57.06404064056528,57.06404064056528,316.0305332559843,365065.7013873035,1755073.1282449672,104078.0154996112,102.54121023855487,8.0,17.340046061169005,0.003350219177840594
18.247936007875133,29.207264644003075,11.079803385813216,8.05962991107566,61.94037008892434,0.48071485795245344,109.39137643257709,109.39137643257709,280.7560615452561,744010.1121888274,1279502.4267624123,4340674.4477367,50.21387444654306,8.0,8.77687202308124,0.09866413831038827
8.237166972272501,29.555218587083694,3.407540676424657,1.162293653198276,68.83770634680172,0.21699596871107746,70.7812710205776,70.7812710205776,304.69087667849,421318.5597955342,1660155.4579651377,885430.9219888609,88.82397985854254,8.0,14.751186421553427,0.03181625390895729
6.106224204704127,28.585469291445087,0.3209852463292046,-0.4258597299307212,70.42585972993072,0.16085943637260608,58.20217159237535,58.20217159237535,315.0655741368653,369155.1871920029,1747706.0600465378,229337.19350245877,101.4030792867448,8.0,16.96942965892299,0.0030309306749367053
6.489060490564301,29.9380026853906,0.6742659907479048,-1.3731629562230978,71.3731629562231,0.1709446915322524,60.67922556637785,60.67922556637785,312.978588261725,378380.25122538884,1731376.746017409,290637.99081235344,98.9260253127423,8.0,16.60863095711653,0.006410053443634983
7.984455915652237,26.94901562682233,3.702802852331885,3.6633485508972967,66.3366514491027,0.21033867006460055,69.42583162749742,69.42583162749742,305.7787928010286,414999.75185242324,1670179.6225274897,941552.7992354187,90.17941925162273,8.0,14.821497013530802,0.0339750826352797
7.5216917439203215,29.790084605358118,2.3625185308689334,0.12700374863015895,69.87299625136984,0.19814783308536146,66.8591965132257,66.8591965132257,307.86097294633635,403539.48838212306,1688745.5220288734,639832.0893383054,92.74605436589445,8.0,15.441463949593299,0.022220813900182972
7.755462836384857,29.355076609857385,2.8043602382114816,0.8624066477326551,69.13759335226734,0.20430618641688242,68.16992872123251,68.16992872123251,306.7941514783471,409311.81472483545,1679330.903137179,739266.9080409451,91.43532215788764,8.0,15.181168706201333,0.026239741471410127
6.706542673092363,29.989939871977136,1.034666062413833,-1.1254540013570704,71.12545400135707,0.17667393764732253,62.03840550198203,62.03840550198203,311.8416022190726,383640.746667353,1722238.665536532,360497.01073479373,97.56684537713812,8.0,16.349230232125024,0.009818835900472897
7.35855187254185,29.355828407892943,2.2280620029963254,0.40496296613798677,69.59503703386201,0.1938501547034207,65.92651486522874,65.92651486522874,308.62432957100856,399530.2150164234,1695362.1997449256,608982.1907327502,93.67873601389141,8.0,15.575585770489226,0.020914947340447188
7.348024772046738,28.38890016230843,2.450214825416876,1.4387698677973049,68.5612301322027,0.19357283382631027,65.86580696776895,65.86580696776895,308.67413455969603,399272.01262964995,1695790.539042294,655913.8196962833,93.7394439113512,8.0,15.515348711683373,0.02283325334227871
5.920727443899486,29.958058838816058,-0.3825316531612735,-2.2625009441972566,72.26250094419726,0.15597279883823725,56.960262516884484,56.960262516884484,316.11870207907515,364697.3130548018,1755740.7338700623,98431.60112931626,102.64498836223567,8.0,17.362598435956897,0.003659956878039998
6.844579706314224,29.919575108211546,1.2817463668435887,-0.8606313452208951,70.8606313452209,0.18031031892292476,62.88421048990318,62.88421048990318,311.137161188563,386988.7806870837,1716486.3214593288,409937.6627877918,96.72104038921697,8.0,16.18149908072354,0.012140584488196729
5.980997094255942,29.97674276154188,-0.270126566638824,-2.18660991823333,72.18660991823333,0.15756051354731143,57.36690318430425,57.36690318430425,315.7733955601801,366145.06118263083,1753120.8720247836,117909.77910121999,102.2383476948159,8.0,17.280199521197915,0.002583081478595755
21.381747857150994,29.921610879283627,12.250404132402721,9.72312400467797,60.27687599532203,0.563270491495021,118.06953919456754,118.06953919456754,279.8002233943359,898724.9781519055,1151505.9408237638,6074062.560005995,41.53571168455261,8.0,6.373882462815061,0.10788451148522918
5.775755996672667,29.98418706194964,-0.6769622694097838,-2.5311083400866323,72.53110834008663,0.15215374069211451,55.96937618254401,55.96937618254401,316.96203110320147,361216.9783742359,1762080.7500920272,47948.73499939584,103.63587469657614,8.0,17.573270728941168,0.006489567205137916
6.8737520382433654,29.915355266735048,1.3305694545858604,-0.8171438488105878,70.81714384881059,0.1810788208177915,63.06133878817394,63.06133878817394,310.9899471568467,387697.3391174231,1715275.1653388625,419827.3329419176,96.54391209094621,8.0,16.147600120073662,0.01259911874443549
7.06250877494614,29.096594149333093,1.8370644182267843,0.32488503929261014,69.67511496070739,0.18605133759078346,64.19416411213223,64.19416411213223,310.05104740539036,392291.01836098335,1707475.1337114589,524590.2542277419,95.41108676698792,8.0,15.869073606681013,0.01725440943530882
18.358614446250208,29.00251739108205,11.175527185220151,8.317154280646946,61.682845719353054,0.4836305175513753,109.71630322167357,109.71630322167357,280.6661650049921,748836.8054020493,1275133.4536340474,4402192.925826704,49.88894765744658,8.0,8.712519256379665,0.09934494323725566
6.582850043359588,9.201246056704989,4.597448980312926,20.608721296134433,49.39127870386557,0.17341543844466775,61.26945563019825,61.26945563019825,312.4841090552203,380646.8178637955,1727424.324566803,1352735.5903138577,98.3357952489219,8.0,15.227613885980304,0.037762936668658764
7.986818995665511,29.642404724532028,3.0534367088379133,0.8068644991828933,69.1931355008171,0.21040092190899662,69.43865215241982,69.43865215241982,305.7684635121989,415058.6307550308,1670085.5329542216,799476.7272848915,90.16659872670033,8.0,14.98266461067152,0.02858149019258725
7.341118824196857,29.212099504275514,2.2373337471312458,0.5400602036132796,69.45993979638672,0.19339090685450097,65.82594662143345,65.82594662143345,308.70684390198824,399102.6603210036,1696071.6291707025,610736.1663617321,93.7793042576867,8.0,15.58281828639366,0.02098191984732634
5.77922909830138,29.36471179295073,-0.5116983945040713,-1.8205445144430996,71.8205445144431,0.15224523441257587,55.993330057823925,55.993330057823925,316.9416130687169,361300.32897658943,1761928.2138692767,79444.00198018666,103.61192082129622,8.0,17.50078660387851,0.004880223979704338
8.572143619417513,29.812812326732264,3.7712463574003405,1.2245837753504816,68.77541622464952,0.22582043254524534,72.53136361544011,72.53136361544011,303.29910143627575,429767.49207607657,1646978.2547724382,979832.0576271995,87.07388726368004,8.0,14.47786593686834,0.035196746287738355
7.794636197464488,27.060526113828395,3.4168501616589384,3.351575287365563,66.64842471263444,0.2053381506181372,68.38670053401887,68.38670053401887,306.61841062539315,410282.40644155716,1677760.5937129438,873101.741173547,91.21855034510128,8.0,14.997904041697382,0.031419061304704614
6.67063540948835,29.972102167771595,0.9784985587562143,-1.1551973445656927,71.15519734456569,0.17572801394858667,61.81627493652536,61.81627493652536,312.02700620943256,382771.0483233888,1723740.9448977404,349461.8310401981,97.78897594259479,8.0,16.390426461957475,0.009287791188003321
5.801658397046752,29.969762486793392,-0.6212304873810033,-2.471413892114583,72.47141389211458,0.1528361010813159,56.14776692119739,56.14776692119739,316.81000947774237,361838.63682934985,1760943.9113231397,57459.02711202846,103.45748395792276,8.0,17.534032993582855,0.005952735868568711
7.152867950863104,29.934636110324632,1.7706566832689867,-0.47771445675670066,70.4777144567567,0.18843171630303224,64.72852954059528,64.72852954059528,309.60976239372803,394495.90242267685,1703762.881103973,511090.3158795858,94.87672133852487,8.0,15.838072051002882,0.01672575285457277
17.96418314391426,29.655188632267226,10.849200685302476,7.471196386727456,62.528803613272544,0.47323980884916383,108.55154067139279,108.55154067139279,281.0040137975224,731818.1257867082,1290661.671839114,4190352.972155899,51.05371020772736,8.0,8.941626914210644,0.09699349510094198
6.807003371713477,29.599993323568846,1.2997011337185884,-0.5582169427748909,70.55821694277489,0.17932042601984924,62.65522825696917,62.65522825696917,311.327632093264,386076.62244266336,1718048.6895868534,413834.6360067803,96.95002262215098,8.0,16.197257661247534,0.012284116143625949
8.620649577846425,28.12963096602097,4.236228992688091,3.038194982257721,66.96180501774228,0.22709825020670246,72.78057428592518,72.78057428592518,303.1021532902128,430998.24922579003,1645079.7863998744,1086364.1664232442,86.82467659319497,8.0,14.349018846222236,0.03903830489004473
7.872424109758425,29.96707323634164,2.8174551203656173,0.3344462003756803,69.66555379962432,0.20738735800206598,68.81477427909005,68.81477427909005,306.2719559928886,412212.68255756656,1674648.348544168,744991.141646452,90.7904766000301,8.0,15.111182662101044,0.026460821071490167
17.405433667462933,29.740883052605106,10.561960019082372,7.054110798786667,62.94588920121333,0.4585203811238918,106.86831461454386,106.86831461454386,281.5647609251764,708547.2656603587,1312470.240532682,3952511.3016275205,52.736936264576286,8.0,9.276185187379326,0.094691506004599
6.6762954259728815,29.928643618657688,0.9989805772765992,-1.0991647099564261,71.09916470995643,0.17587711870318445,61.85134787389575,61.85134787389575,311.9977212544999,382908.1056612006,1723503.9766210981,353559.89967420854,97.7539030052244,8.0,16.37974535706661,0.009478402358545895
5.936065657220942,29.979617820248677,-0.3580749931379848,-2.2621299873433713,72.26212998734337,0.15637686135987727,57.06404064056528,57.06404064056528,316.0305332559842,365065.7013873035,1755073.128244882,102563.39717706088,102.54121023855487,8.0,17.343307745682694,0.0034259531592085125
7.329487743753478,29.207264644003075,2.2210241015493617,0.5314142316109951,69.468585768389,0.19308450326010215,65.75875054655029,65.75875054655029,308.7619988045473,398817.49330657074,1696545.2109977384,607152.9454775129,93.84650033256986,8.0,15.594472988574807,0.020830239917734885
8.237166972272501,29.6363633258633,3.3878232143147007,1.076070425507794,68.9239295744922,0.21699596871107746,70.7812710205776,70.7812710205776,304.6908766784783,421318.5597955342,1660155.4579648932,881080.7686450729,88.82397985854254,8.0,14.756088061640241,0.031651362111903406
6.106224204704127,22.233043915212036,1.8777138536512605,6.554087343888227,63.44591265611177,0.16085943637260608,58.20217159237535,58.20217159237535,315.0655741368712,369155.1871920029,1747706.060046467,543890.7113191629,101.4030792867448,8.0,16.415311704850296,0.016891378700062458
7.21056899116585,29.89366481009837,1.8701401520690517,-0.3607729617396558,70.36077296173966,0.1899517647830835,65.0671507684117,65.0671507684117,309.3306712235062,395905.9874324198,1701399.394315345,532228.6081105064,94.53810011070846,8.0,15.772606250094668,0.01765077857279283
8.114679052744787,26.94901562682233,3.876123886770617,3.7924989522734904,66.20750104772651,0.2137692058151946,70.1281937975188,70.1281937975188,305.214002772008,418250.18855608953,1665004.711742068,984362.7400040466,89.47705708160134,8.0,14.708348388063712,0.03553365622041755
7.389944090046508,29.42639887219734,2.2576141916744876,0.36579858104818186,69.63420141895182,0.19467713619722096,66.10716721575352,66.10716721575352,308.4762064535554,400300.5435588733,1694085.8823968945,615630.5209073033,93.49808366336663,8.0,15.548561783167315,0.021198231378194515
6.854250465348101,10.533369870111986,5.07364082784463,19.492304697767906,50.507695302232094,0.18056508075205746,62.94299121776527,62.94299121776527,311.0882955945893,387223.6313071342,1716084.645724824,1385876.0848499963,96.66225966135488,8.0,15.051287766003838,0.04196386913108267
7.811581823432515,29.355076609857385,2.8828608016029835,0.9243542692521487,69.07564573074785,0.2057845580461674,68.48022211042485,68.48022211042485,306.54265299308986,410702.5703383942,1677081.9374617455,757608.4285341903,91.1250287686953,8.0,15.127708168859897,0.02696247039499132
6.706542673092363,29.940421891046405,1.0470758279716157,-1.070571700220171,71.07057170022017,0.17667393764732253,62.03840550198203,62.03840550198203,311.8416022190652,383640.746667353,1722238.665536553,363023.42721413897,97.56684537713812,8.0,16.344798291101654,0.009932701559169255
7.49085596618991,29.917222677993436,2.285983200144935,-0.047009863727964785,70.04700986372796,0.19733551017360143,66.6840619722671,66.6840619722671,308.0040491562969,402780.5214017054,1689993.1445787519,623054.9931277978,92.92118890685305,8.0,15.482038859515853,0.021527522903544264
7.584305299144413,29.924639516327176,2.4204374778662596,0.05429256259435533,69.94570743740564,0.19979729449800876,67.2131872942926,67.2131872942926,307.57215814107633,405082.31760197255,1686216.389600615,653251.3908336565,92.39206358482755,8.0,15.388479763026112,0.022777319386141495
6.560320448669674,29.13760078251135,0.9990924608961539,-0.3830622987382526,70.38306229873825,0.17282192962775747,61.12824611788517,61.12824611788517,312.6023087649291,380102.08583345613,1728372.1187187277,355009.62873222475,98.47700476123498,8.0,16.447878451563838,0.009431142179937175
7.530790342280389,29.919575108211546,2.3438971821056414,-0.0026100062646605693,70.00261000626466,0.19838752218862984,66.91077126628085,66.91077126628085,307.81886244371634,403763.53937421396,1688377.6547368176,636008.4192620016,92.6944796128393,8.0,15.441799297821944,0.022065952743298485
7.397771978793995,26.829136798718864,2.9048466943083757,3.1704696039909095,66.82953039600909,0.19488335033703885,66.15212573580538,66.15212573580538,308.43936319668785,400492.7152328335,1693767.856498119,753567.3999904629,93.45312514331476,8.0,15.357913065619414,0.026744588882178434
7.7403336735511825,28.981088794390672,2.874575847073173,1.2469204893010328,68.75307951069897,0.20390763102084253,68.08599234182998,68.08599234182998,306.8622538803551,408937.22336953686,1679937.92077911,754066.4075025591,91.51925853729017,8.0,15.17044704812281,0.026823975128421662
7.371990458244501,19.286496376135347,4.601679238417002,11.050490759594936,58.949509240405064,0.19420417434785303,66.00391941294498,66.00391941294498,308.5608473394039,399859.91622610367,1694815.6413749296,1132360.6251186116,93.60133146617517,8.0,14.961905810886549,0.04017155789482868
6.346733344943184,29.921610879283627,0.4257323270917476,-1.5621129283873074,71.56211292838731,0.16719529359702803,59.77132995055899,59.77132995055899,313.7413484554901,374946.0193159176,1737409.6879586452,243818.02019188908,99.83392092856116,8.0,16.786583264835883,0.004052805559509391
7.71418803281794,28.09750625412267,3.053247321109857,2.163488948153031,67.83651105184697,0.2032188628244979,67.94065014505173,67.94065014505173,306.98024875870016,408290.20900622965,1680987.6715945431,792039.3824818636,91.66460073406842,8.0,15.137151683191348,0.028308719206226907
7.887840415923073,29.915355266735048,2.8513979103157916,0.40696117355395245,69.59303882644605,0.207793477764043,68.89923977319899,68.89923977319899,306.2036890422954,412595.7030252145,1674032.4808205888,752755.1602593545,90.70601110592116,8.0,15.093106957755538,0.026765859146360992
6.3477924753310475,24.59483445314983,1.7498851873592005,4.311943073348459,65.68805692665154,0.1672231948190476,59.77814162105926,59.77814162105926,313.73561617406006,374971.55321792787,1737364.6331439416,511133.576299964,99.82710925806089,8.0,16.316257296387505,0.015984390404660473
6.664571160869623,29.899656160477285,0.9863879590234851,-1.0832189008573891,71.08321890085739,0.17556826029688152,61.778672628306595,61.778672628306595,312.0584076456834,382624.2157030552,1723994.9064145072,351133.380227852,97.82657825081355,8.0,16.39114629348518,0.009357854959164651
6.504718920805558,21.27695391182602,2.8038667006446656,8.069618764967913,61.93038123503209,0.17135718969456157,60.778204364687724,60.778204364687724,312.89558862939316,378758.4581495673,1730715.6247132288,731467.0040733428,98.82704651443242,8.0,15.89919210038596,0.02496637786303215
5.786002619551778,19.703798896732394,1.849344308233574,8.859272782278936,61.140727217721064,0.15242367280168012,56.04001603610595,56.04001603610595,316.90182282357665,361462.8894604427,1761630.8184715253,553158.9955026307,103.5652348430142,8.0,16.60628041085249,0.016380304307410786
8.518029029054787,29.212099504275514,3.849015911166587,1.8053223278854489,68.19467767211455,0.22439486377910398,72.2521047126076,72.2521047126076,303.520170744603,428396.6629295454,1649099.020683174,994810.2321496061,87.35314616651254,8.0,14.490030569677458,0.03577638491714887
7.159298146804159,28.163479131658725,2.2185041516935167,1.4586570747337078,68.54134292526629,0.18860111029515697,64.76636539327438,64.76636539327438,309.57855695513757,394652.9596527382,1703499.224977228,604975.5017850768,94.83888548584576,8.0,15.693635113134405,0.020671081839017766
7.329242859254641,28.357953375417978,2.4296392520085046,1.450204173153054,68.54979582684695,0.1930780521405332,65.75733493047153,65.75733493047153,308.7631609373389,398811.4900914079,1696555.1841919601,651305.0273918379,93.84791594864862,8.0,15.53222016082725,0.02263969348256943
6.152132741512743,29.926793785902383,0.06768962808533244,-1.861517517753839,71.86151751775384,0.16206882880697426,58.505194532973746,58.505194532973746,314.80928266053854,370259.48739056365,1745730.4127536754,178153.15415071792,101.1000563461464,8.0,17.041713322463067,0.0006457669952127184
8.73615307266617,29.559972447116664,4.03332533362368,1.6482520477823641,68.35174795221764,0.23014101877413512,73.36985735373645,73.36985735373645,302.6377234419262,433936.7279545073,1640568.3524466562,1046368.4434629832,86.2353935253837,8.0,14.32870820589477,0.03753083582657406
5.801658397046752,29.966307345880338,-0.6203470665514735,-2.467478815030802,72.4674788150308,0.1528361010813159,56.14776692119739,56.14776692119739,316.8100094777408,361838.63682934985,1760943.911323321,57628.30837445388,103.45748395792276,8.0,17.533655157245164,0.005944101721431118
7.129717856685305,29.934636110324632,1.7345709643984064,-0.5068955948099756,70.50689559480998,0.18782186134576673,64.592103314854,64.592103314854,309.7223250443217,393930.63148266234,1704712.6650941377,503458.1293818793,95.01314756426615,8.0,15.863230180849769,0.016388290917218298
16.83609820490598,29.655188632267226,10.296080413349973,6.800910883687948,63.19908911631205,0.4435220812672808,105.11113908052306,105.11113908052306,282.23331264890356,685782.2433031611,1334486.216413812,3732585.7355907527,54.49411179859709,8.0,9.606228402532906,0.09246593340005581
6.767894740680688,29.00898676940419,1.3823771160582532,0.040713467202522224,69.95928653279748,0.17829016703584533,62.41591113609894,62.41591113609894,311.5268912947025,385127.87907758594,1719677.553173666,431022.0454558008,97.18933974302121,8.0,16.19176957273021,0.013009994867709932
8.113783696691403,28.12963096602097,3.5909166988551466,2.5474750604205383,67.45252493957946,0.21374561898554803,70.12339321960576,70.12339321960576,305.21785543793055,418227.7993244812,1665040.2227832575,921392.4363783192,89.48185765951439,8.0,14.775529165549756,0.03320470799912908
7.860753543711151,23.79381131682601,4.282124964226674,6.84510252497148,63.15489747502852,0.2070799142178912,68.75075019066014,68.75075019066014,306.323722439821,411922.8299447237,1675114.7800828894,1066058.7552552496,90.85450068846,8.0,14.760737762520534,0.03844495360333917
7.623029778915194,29.98048008195434,2.462561779907149,0.03869188709757054,69.96130811290243,0.20081743358575327,67.43103820554938,67.43103820554938,307.39467139047525,406037.674362187,1684654.9936759109,662967.6334674335,92.17421267357076,8.0,15.353978629161134,0.023176292022862307
8.535677859403076,29.977873934965075,3.685906592547936,1.0144370977305925,68.98556290226941,0.22485979608543405,72.34332535793232,72.34332535793232,303.4479146293331,428843.48508141085,1648407.0323513763,959149.8914746733,87.26192552118783,8.0,14.517883846806683,0.03445121670778951
7.649195424034311,28.58780836431646,2.8415989033115254,1.567715545289957,68.43228445471004,0.20150672876802717,67.57777417293477,67.57777417293477,307.2752332645818,406683.70969764225,1683601.1681735814,744868.6375010461,92.02747670618538,8.0,15.231402954205862,0.02645654800173456
5.717501786508316,29.89817423316559,-0.772995492012823,-2.5311313844343886,72.53113138443439,0.15061911977103043,55.565992266512694,55.565992266512694,317.3060999106969,359819.10639965255,1764644.0925809895,32323.563616923686,104.03925861260745,8.0,17.649238860837215,0.00741017226107135
6.666104483401613,29.9378644262289,0.9794060838768058,-1.1234826518060004,71.123482651806,0.1756086534088939,61.788182627171466,61.788182627171466,312.05046546717114,382661.34049394383,1723930.6864242859,349697.83204048104,97.81706825194868,8.0,16.392757647847418,0.00929429532408099
20.668099193077367,28.585469291445087,12.257123840397451,10.335393103732088,59.66460689626791,0.5444704740009844,116.18246489625477,116.18246489625477,279.711236032441,859844.2299105836,1181533.1072003515,5659447.060371396,43.42278598286538,8.0,7.043774580973263,0.10750713932354225
5.6950907264700055,29.89366481009837,-0.8176311049983274,-2.5640462569797933,72.5640462569798,0.15002873357402544,55.4099912529054,55.4099912529054,317.43927681698716,359281.40295320627,1765632.707519482,24904.696078335095,104.19525962621475,8.0,17.681910834910695,0.007839928890770455
7.151315197868425,26.94901562682233,2.5037202806226366,2.7603872143304216,67.23961278566958,0.18839081132424723,64.7193892257755,64.7193892257755,309.61730174090997,394457.9795748134,1703826.558547404,665037.2674366477,94.88586165334465,8.0,15.613313331789982,0.023117248981800807
6.287902942598654,29.90317253016432,0.32395330956750723,-1.6289081398583676,71.62890813985837,0.165645493746013,59.39163676460578,59.39163676460578,314.0610987597465,373528.1982394923,1739916.1719195768,225000.87371987474,100.21361411451437,8.0,16.860598605738573,0.003085388674175557
7.220413633882574,14.61041437204225,5.24733065239298,15.68670975774819,54.31329024225181,0.190211107320405,65.12472391434596,65.12472391434596,309.28326215937244,396146.73652850447,1700996.6885851843,1314727.4940979152,94.48052696477419,8.0,14.897341869598733,0.04445345273843624
7.803419812928045,6.932225017504564,5.87443872577823,23.68382400615542,46.31617599384458,0.205569541963331,68.43519536952857,68.43519536952857,306.57912245261684,410500.1715650909,1677408.771106917,1892835.3635130508,91.17005550959158,8.0,14.322038776229022,0.04735216835525533
7.755462836384857,29.949012946855007,2.6587489224876477,0.22356039071968326,69.77643960928032,0.20430618641688242,68.16992872123251,68.16992872123251,306.7941514783416,409311.81472483545,1679330.903136751,707852.9459046343,91.43532215788764,8.0,15.221974274079457,0.024989915153120074
6.706542673092363,22.73423789703734,2.805149925229309,6.7538731891281145,63.246126810871885,0.17667393764732253,62.03840550198203,62.03840550198203,311.8416022190716,383640.746667353,1722238.6655369287,728594.2322247693,97.56684537713812,8.0,15.783613102189065,0.025200209005322802
7.655487507702004,29.917222677993436,2.52468331787218,0.14435381926602986,69.85564618073397,0.2016724843967862,67.61300453821758,67.61300453821758,307.2465701999193,406839.1248005763,1683347.8954859986,676907.0947971147,91.99224634090257,8.0,15.317354663167634,0.023743143387359267
7.348024772046738,18.837390542297285,4.660595527316342,11.490286153330771,58.50971384666923,0.19357283382631027,65.86580696776895,65.86580696776895,308.6741345597016,399272.01262964995,1695790.5390423592,1146890.0715552464,93.7394439113512,8.0,14.962076830546664,0.040568600477052866
6.560320448669674,29.97732778568276,0.7883840804664979,-1.3154084018738104,71.31540840187381,0.17282192962775747,61.12824611788517,61.12824611788517,312.60230876492955,380102.08583345613,1728372.1187188334,312440.0048350678,98.47700476123498,8.0,16.524412092864395,0.007491839215609093
7.609783130211575,29.919575108211546,2.458479690354993,0.08925848740614128,69.91074151259386,0.2004684702373966,67.35660935378098,67.35660935378098,307.4552879061429,405710.7699585972,1685188.8694253883,661848.3786730893,92.24864152533917,8.0,15.362739528120812,0.02312957389195984
5.908316918276263,29.363148837964943,-0.2553075095126618,-1.6086467693496047,71.6086467693496,0.15564586191454854,56.87614669322511,56.87614669322511,316.1901878527759,364399.2664249727,1756281.3479528176,123524.18766800658,102.72910418589504,8.0,17.317190037389935,0.0024312400832951944
7.618977796476157,28.981088794390672,2.7021649180319973,1.111671437976156,68.88832856202384,0.20071069010738032,67.40828152704864,67.40828152704864,307.4132025174675,405937.66719142225,1684818.2733923283,714259.5074529103,92.1969693520715,8.0,15.287475156055223,0.0252391444296055
20.80894544531125,19.286496376135347,14.21515078911956,18.720264224980212,51.27973577501979,0.5481808599923933,116.55877982207443,116.55877982207443,279.7134283289649,867326.8366831713,1175653.2122141968,6273462.970613189,43.04647105704572,8.0,7.334008339109289,0.11814057423878131
6.346733344943184,21.117076880485584,2.567608990214096,8.052808511428964,61.947191488571036,0.16719529359702803,59.77132995055899,59.77132995055899,313.7413484554889,374946.0193159176,1737409.6879585916,683947.4276553392,99.83392092856116,8.0,16.059148155080436,0.022865254140557144
5.775755996672667,29.727763608931525,-0.6113904580373802,-2.2390285956318507,72.23902859563185,0.15215374069211451,55.96937618254401,55.96937618254401,316.96203110319453,361216.9783742359,1762080.7500915471,60495.35224512507,103.63587469657614,8.0,17.545175531526866,0.005848623824418257
6.790562439933615,29.915355266735048,1.1936903632030893,-0.9284696142300959,70.9284696142301,0.17888731401300356,62.55474592000178,62.55474592000178,311.4112715210843,385677.70384356915,1718733.1015807732,392227.0702978735,97.05050495911837,8.0,16.243757299317394,0.011312007403223792
6.3477924753310475,29.946091391396948,0.4214562246128095,-1.5879598593413107,71.58795985934131,0.1672231948190476,59.77814162105926,59.77814162105926,313.7356161740597,374971.55321792787,1737364.6331436231,242942.7882028821,99.82710925806089,8.0,16.787599705706953,0.004012843392673828
6.534691125915497,29.935901618699496,0.7543874360296439,-1.3056439614393867,71.30564396143939,0.17214676306415957,60.96717022195935,60.96717022195935,312.7372162071377,379482.61737656087,1729451.5644607053,305986.6434960914,98.6380806571608,8.0,16.552024679365672,0.007168275018785843
6.504718920805558,29.90982181523441,0.7087463596768381,-1.3193191694259099,71.31931916942591,0.17135718969456157,60.778204364687724,60.778204364687724,312.8955886294025,378758.4581495673,1730715.6247137715,297296.10350588063,98.82704651443242,8.0,16.58657523971192,0.006735248369709097
7.11841460088624,29.642404724532028,1.7894685828952137,-0.20132233822454282,70.20132233822454,0.18752409380627608,64.52537265205109,64.52537265205109,309.77740822404473,393654.72798416665,1705176.7290751045,514870.2467313289,95.07987822706906,8.0,15.851949735908477,0.016870239182261937
6.891992286238496,29.9428091384854,1.3534588910337177,-0.8232413818363966,70.8232413818364,0.18155933314643036,63.17180681775682,63.17180681775682,310.89819061134756,388140.55465457245,1714518.6651695722,424461.83249017614,96.43344406136333,8.0,16.12908529139645,0.012816416095734926
6.183104278881106,29.36471179295073,0.2676306029795117,-1.1825730106686478,71.18257301066865,0.16288472810540322,58.70867701298192,58.70867701298192,314.637331309665,371004.74970527604,1744400.3611835511,216621.27619909693,100.89657386613823,8.0,16.94451483618525,0.0025408155462609194
7.329242859254641,29.991074634870486,2.026987598601969,-0.32104719560300055,70.321047195603,0.1930780521405332,65.75733493047153,65.75733493047153,308.76316093734266,398811.4900914079,1696555.1841925965,566180.993942995,93.84791594864862,8.0,15.654449953133735,0.01912573067252612
6.152132741512743,29.93042033652989,0.06676995409466221,-1.8656021238360836,71.86560212383608,0.16206882880697426,58.505194532973746,58.505194532973746,314.8092826605441,370259.48739056365,1745730.4127541063,177972.47190599455,101.1000563461464,8.0,17.042080281642257,0.0006370119192037685
6.071449813035179,29.016314413405517,0.14662184964751868,-0.9617174889576177,70.96171748895762,0.15994335650777605,57.97151184036869,57.97151184036869,315.26084028868524,368319.00408034207,1749205.8884351423,196126.8968578334,101.63373903875146,8.0,17.058229779036026,0.001389792258297897
8.211681310582767,28.843176181686147,3.5470006779085304,1.891516725869053,68.10848327413095,0.21632458668553126,70.64598174323953,70.64598174323953,304.79908217943057,420679.2348109175,1661163.0059785587,915266.6817267879,88.95926913588062,8.0,14.731284301739663,0.03294927098390225
6.5305142538031244,29.919575108211546,0.7512360062915256,-1.293401585157767,71.29340158515777,0.17203672955224247,60.9408748992642,60.9408748992642,312.7592474954917,379381.68203659693,1729627.6111351186,305419.0375419843,98.66437597985595,8.0,16.55564681836563,0.00713770358830187
6.70617699412262,29.655188632267226,1.1178918819485015,-0.7552518398710504,70.75525183987105,0.17666430437625447,62.03614777851652,62.03614777851652,311.8434858289241,383631.887218889,1722253.9521752659,377451.1678407478,97.56910310060363,8.0,16.319861596560145,0.010580605738466005
8.060461617812297,29.599993323568846,3.1630495824405003,0.9306091308465056,69.0693908691535,0.2123409277611248,69.83679048752299,69.83679048752299,305.4480572971474,416895.4533820814,1667156.7646200042,825681.5987328724,89.76846039159716,8.0,14.912409200195555,0.029581681328648614
5.848787054561094,29.99563096378955,-0.5338560050700781,-2.42277991132255,72.42277991132255,0.15407763578928066,56.47082989638517,56.47082989638517,316.5349181607295,362969.91447557387,1758880.0290738156,72192.70958905543,103.13442098273498,8.0,17.468910510528815,0.0051137012489180355
7.872424109758425,29.285390380509646,2.9842000365145305,1.065416146962832,68.93458385303717,0.20738735800206598,68.81477427909005,68.81477427909005,306.2719559928953,412212.68255756656,1674648.3485442426,781169.319327027,90.7904766000301,8.0,15.065782243373405,0.02788253065337587
8.016455752130472,29.98048008195434,3.010974140603499,0.4769646289982461,69.52303537100175,0.2111816583806763,69.59920410476536,69.59920410476536,305.63917170824044,415797.3908267914,1668906.0840418637,791089.0810563909,90.00604677435479,8.0,14.977250664018527,0.028249793080353656
7.543605003657477,29.928643618657688,2.360351481164394,0.002561099476849904,69.99743890052315,0.1987251054704288,66.98333209914318,66.98333209914318,307.75963510173193,404079.17964602663,1687859.7453776274,639725.9596177189,92.62191877997697,8.0,15.429559468218315,0.02222004143012225
5.757652538446981,29.606260001796336,-0.616843200476184,-2.1309316855389966,72.130931685539,0.15167683188743364,55.844343402735774,55.844343402735774,317.0686325277829,360782.5341853327,1762876.3665411582,60266.86920003196,103.76090747638438,8.0,17.558239814565468,0.005896186608422751
8.214223007936052,29.207264644003075,3.462065472644441,1.5082203119608266,68.49177968803917,0.2163915439393059,70.65948812965308,70.65948812965308,304.78827579005485,420742.9735915071,1661062.4896145659,896621.6074440072,88.94576274946706,8.0,14.750559828232667,0.03224683301034989
6.998079973257914,11.750080154405449,5.244013089000349,18.386823799603633,51.61317620039637,0.18435405619752143,63.810044020429984,63.810044020429984,310.3688993335853,390721.2378083308,1710130.5294221719,1377654.4820185453,95.79520685869016,8.0,14.97640948173239,0.04367349762183835
7.558591106212447,29.9378644262289,2.379886506950091,0.010070547984810219,69.98992945201519,0.19911989215522777,67.06807272078197,67.06807272078197,307.6904930586939,404448.4273884748,1687254.376068132,644144.5501239173,92.53717815833818,8.0,15.415178554948625,0.022402747475198475
8.016025289085746,28.585469291445087,3.3501542903892365,1.9642138457409146,68.03578615425909,0.21117031846906603,69.596875290029,69.596875290029,305.64104626626056,415786.65627627843,1668923.2074066054,865217.1669932671,90.00837558909114,8.0,14.889610136620263,0.031104865159107823
7.21056899116585,20.358665727133925,4.133934360727178,9.788752887345822,60.21124711265418,0.1899517647830835,65.0671507684117,65.0671507684117,309.3306712235098,395905.9874324198,1701399.394315913,1022519.0055525139,94.53810011070846,8.0,15.15492178081422,0.0363901012812733
5.6993045897881816,29.620837141968153,-0.7391417847069424,-2.24554044922769,72.24554044922769,0.15013974156449372,55.43935833447398,55.43935833447398,317.41420149370055,359382.50242733257,1765446.716477791,39638.8320109828,104.16589254464617,8.0,17.64536760383652,0.007071038350393416
7.389944090046508,29.963762187773746,2.1249353865819267,-0.21781588372624583,70.21781588372625,0.19467713619722096,66.10716721575352,66.10716721575352,308.47620645355283,400300.5435588733,1694085.882396699,587533.7445654855,93.49808366336663,8.0,15.589070145315134,0.02003520607174956
7.061947151769177,10.533369870111986,5.389410904969937,19.654799036530108,50.34520096346989,0.18603654245967272,64.19082699272968,64.19082699272968,310.0538065135386,392277.3262674369,1707498.2499800362,1459703.5748444982,95.41442388639047,8.0,14.88966761671793,0.04453055693994383
7.047390395473673,28.42515070850827,1.979329706420467,1.0378869150644618,68.96211308493554,0.18565306626642974,64.10426325047382,64.10426325047382,310.1253909394263,391922.4916712334,1708097.5897224927,554208.6771611742,95.50098762864633,8.0,15.832625646962299,0.018497226931418295
7.755462836384857,29.865175831935872,2.679326370403167,0.3138674864743507,69.68613251352565,0.20430618641688242,68.16992872123251,68.16992872123251,306.79415147833754,409311.81472483545,1679330.90313674,712290.0351608107,91.43532215788764,8.0,15.216147224407393,0.0251672184338125
6.706542673092363,29.704422498083296,1.1061836068139628,-0.8092280855959757,70.80922808559598,0.17667393764732253,62.03840550198203,62.03840550198203,311.84160221907644,383640.746667353,1722238.6655368926,375061.9943918985,97.56684537713812,8.0,16.32378912831689,0.010473824462805172
7.49085596618991,29.45244187203936,2.4005145107656123,0.4564136019972693,69.54358639800273,0.19733551017360143,66.6840619722671,66.6840619722671,308.004049156291,402780.5214017054,1689993.1445786157,647436.8653366677,92.92118890685305,8.0,15.447873054815147,0.022525566483937016
7.980133568998996,29.84230241056325,2.995539751328745,0.5857724789011627,69.41422752109884,0.21022480424128018,69.40237414318887,69.40237414318887,305.7976940148328,414892.0654138462,1670351.7410752478,786656.3975675135,90.20287673593128,8.0,15.0018602831654,0.028083367888588902
6.560320448669674,29.98605501895473,0.786190036210698,-1.3251227321450187,71.32512273214502,0.17282192962775747,61.12824611788517,61.12824611788517,312.60230876491636,380102.08583345613,1728372.1187186178,311997.3720429736,98.47700476123498,8.0,16.525220011540284,0.007471509854628217
7.530790342280389,29.96009716824254,2.333907978558501,-0.046519814687883354,70.04651981468788,0.19838752218862984,66.91077126628085,66.91077126628085,307.81886244371276,403763.53937421396,1688377.6547367282,633878.7210057308,92.6944796128393,8.0,15.444781737961307,0.021978762848627723
7.893563131698599,29.363148837964943,2.9943130213695777,1.0051077978807825,68.99489220211922,0.20794423423863537,68.93056329405067,68.93056329405067,306.17838057388064,412737.92485270574,1673803.9407270416,783942.9693860125,90.67468758506948,8.0,15.051105283198353,0.0279889102467053
5.980997094255942,29.403060719385707,-0.12423189082701085,-1.5380117501656514,71.53801175016565,0.15756051354731143,57.36690318430425,57.36690318430425,315.7733955601862,366145.06118263083,1753120.87202481,146260.84806930384,102.2383476948159,8.0,17.220417190936246,0.0011824345016898255
17.59782383913373,29.921610879283627,10.615756639719617,7.001997278227577,62.99800272177242,0.4635886153617948,107.45239098986116,107.45239098986116,281.3609243419595,716452.6671029739,1304984.8225845846,4020406.035362909,52.15285988925899,8.0,9.15740055433173,0.0952073208723326
5.775755996672667,29.937064512491204,-0.664906868710395,-2.477398507417149,72.47739850741715,0.15215374069211451,55.96937618254401,55.96937618254401,316.96203110319055,361216.9783742359,1762080.7500915101,50254.45742101587,103.63587469657614,8.0,17.568090050315277,0.006371525960103654
6.8737520382433654,29.931894539120975,1.326439552812764,-0.8353840900416571,70.83538409004166,0.1810788208177915,63.06133878817394,63.06133878817394,310.98994715684586,387697.3391174231,1715275.1653388604,418978.010930656,96.54391209094621,8.0,16.149022421247537,0.012561648940443326
6.3477924753310475,29.96027200703317,0.41787525400640774,-1.6038403492442512,71.60384034924425,0.1672231948190476,59.77814162105926,59.77814162105926,313.73561617406267,374971.55321792787,1737364.6331433824,242230.05946419694,99.82710925806089,8.0,16.788975023785326,0.003979201395902525
6.534691125915497,29.910868392045955,0.7606827255010273,-1.277768359393292,71.27776835939329,0.17214676306415957,60.96717022195935,60.96717022195935,312.73721620714144,379482.61737656087,1729451.5644606545,307254.86322065623,98.6380806571608,8.0,16.54969879378376,0.007226649993352182
7.638823884426289,29.90982181523441,2.502633771220917,0.133240077330413,69.86675992266959,0.2012335059121783,67.51965546149239,67.51965546149239,307.3225292917195,406427.5843769988,1684018.7694749057,671853.5796094118,92.08559541762776,8.0,15.333266025819,0.023537635450327672
7.138508116281885,29.642404724532028,1.820830044396114,-0.17610594134009716,70.1761059413401,0.18805342772080835,64.643943935538,64.643943935538,309.67954424968684,394145.2379344879,1704351.9207917568,521507.24751654756,94.96130694358214,8.0,15.830170331388047,0.017162823262668964
7.1091976443780815,25.835421253840153,2.7091033825157464,3.9069096214932415,66.09309037850676,0.18728128673282618,64.47090068387666,64.47090068387666,309.8223845313852,393429.79542194685,1705555.295985838,708213.4506113062,95.13435019524348,8.0,15.578602539571989,0.024815594304581943
7.545776444835358,29.728940361800234,2.412706206326287,0.22127575868569238,69.77872424131431,0.19878230887342882,66.99561847396859,66.99561847396859,307.74960853021344,404132.6743485511,1687772.0092055388,650934.7348837511,92.60963240515156,8.0,15.41280190844219,0.022677695923552545
7.329242859254641,29.735113446916863,2.0903081400257983,-0.04233910150583142,70.04233910150583,0.1930780521405332,65.75733493047153,65.75733493047153,308.7631609373351,398811.4900914079,1696555.1841919897,579541.5603696008,93.84791594864862,8.0,15.634729410240993,0.01968416214613397
6.6693474125716,29.663639896280095,1.0536312569852944,-0.8150385693841713,70.81503856938417,0.1756940835767018,61.80829063430707,61.80829063430707,312.03367345546144,382739.86113279697,1723794.8782550385,364744.695419054,97.79696024481308,8.0,16.364277795423845,0.009976650011071904
17.422321800772366,29.016314413405517,10.729599370785964,7.733627052381223,62.26637294761878,0.45896527399294956,106.91977786706542,106.91977786706542,281.54641864022426,709236.7989778965,1311814.129642721,4002196.5336070536,52.68547301205473,8.0,9.284890817794235,0.0957550095752231
5.801658397046752,29.983631720030225,-0.6247767427653417,-2.487210478136376,72.48721047813638,0.1528361010813159,56.14776692119739,56.14776692119739,316.8100094777341,361838.63682934985,1760943.9113230011,56779.51622610169,103.45748395792276,8.0,17.53555009164171,0.005987400287113102
7.530260777086457,29.934636110324632,2.339411445456798,-0.019549543330242614,70.01954954333024,0.19837357157762003,66.90777072823113,66.90777072823113,307.8213120726882,403750.49762380926,1688399.0624127777,635043.5505740007,92.69748015088902,8.0,15.443441277576767,0.0220263716056198
20.80894544531125,29.655188632267226,12.08106179503509,9.478157088741682,60.52184291125832,0.5481808599923933,116.55877982207443,116.55877982207443,279.71342832896374,867326.8366831713,1175653.2122141172,5684624.751449541,43.04647105704572,8.0,6.8891834311643265,0.106566321435143
6.807003371713477,29.944500387385652,1.21361574437459,-0.9385259761153293,70.93852597611533,0.17932042601984924,62.65522825696917,62.65522825696917,311.32763209326407,386076.62244266336,1718048.6895868534,396192.75035116327,96.95002262215098,8.0,16.227169313507602,0.011501656871820266
8.013931271967138,28.12963096602097,3.4578044902177862,2.445704486478405,67.5542955135216,0.21111515468828077,69.58554529119965,69.58554529119965,305.65016659247385,415734.4391422895,1669006.508418263,888733.2245500652,90.0197055879205,8.0,14.863997666188652,0.031996534007784634
7.501663237198213,29.96707323634164,2.2895554356057066,-0.08833019832212585,70.08833019832213,0.1976202117280878,66.74550345878652,66.74550345878652,307.95384050511785,403046.4602965046,1689555.7221126356,623977.3896478609,92.85974742033363,8.0,15.474767949406157,0.021567491321780773
7.509830683280503,29.98048008195434,2.298223823585273,-0.09324621567174063,70.09324621567174,0.19783537100317447,66.79189356558402,66.79189356558402,307.9159415406238,403247.4846737779,1689225.259273523,625947.2839125638,92.81335731353613,8.0,15.467480773900945,0.021649903045705018
7.347904316610172,29.954891452946498,2.0640749919421437,-0.25895181143124546,70.25895181143125,0.1935696606061689,65.86511195039736,65.86511195039736,308.6747048372579,399269.0585190841,1695795.4412635984,574198.8566603948,93.74013892872279,8.0,15.632124407213837,0.01946706989897629
18.11620705025294,28.58780836431646,11.154160483020538,8.545806064088538,61.45419393591146,0.47724465358938195,109.00271857406852,109.00271857406852,280.8680549178063,738317.812416349,1284690.337209725,4319435.841933736,50.602532305051625,8.0,8.877838810438107,0.09900343035834924
7.4626063611678255,29.207264644003075,2.4193124215239545,0.6885818535826616,69.31141814641734,0.19659131615299855,66.52314686271859,66.52314686271859,308.1356169517386,402085.68834369,1691137.352598846,650998.0127946357,93.08210401640156,8.0,15.458534654968105,0.022664731348028874
7.803857381422537,29.9378644262289,2.729350071719621,0.28979395607700553,69.710206043923,0.2055810690574957,68.43761015377999,68.43761015377999,306.5771663745651,410511.02114936936,1677391.247210615,724216.1788080209,91.16764072534016,8.0,15.174573744488782,0.02564146850005659
7.397812342596547,28.585469291445087,2.476243406075947,1.2846709853828315,68.71532901461717,0.19488441366165823,66.15235746907354,66.15235746907354,308.4391733130526,400493.70623650803,1693766.2168662378,662134.7334632276,93.45289341004661,8.0,15.479064839745206,0.02310081905033257
7.21056899116585,29.97281887441237,1.8505073739272215,-0.44727022726374344,70.44727022726374,0.1899517647830835,65.0671507684117,65.0671507684117,309.33067122350326,395905.9874324198,1701399.3943157182,528113.3166917705,94.53810011070846,8.0,15.778898722845383,0.017476238570627873
6.577452451368507,29.620837141968153,0.907476249227466,-0.8950171706500214,70.89501717065002,0.17327324687482895,61.23565765568384,61.23565765568384,312.5123938433136,380516.2961876768,1727651.3019070176,336243.83860777447,98.36959322343631,8.0,16.470819201066888,0.008597643815705637
7.389944090046508,29.711051058393068,2.1873716888278887,0.056871218665037304,69.94312878133496,0.19467713619722096,66.10716721575352,66.10716721575352,308.4762064535447,400300.5435588733,1694085.8823964284,600751.0155437087,93.49808366336663,8.0,15.569904548269392,0.020583697140276445
8.301368860023096,29.949012946855007,3.3952036687451694,0.8095947659401759,69.19040523405982,0.2186872723926,71.1207171877627,71.1207171877627,304.4197661469883,422931.2386890176,1657620.5420249754,885076.5759337257,88.48453369135746,8.0,14.7183801880999,0.031779964644593
6.706542673092363,29.932120189196354,1.0491560738693373,-1.0613722516343387,71.06137225163434,0.17667393764732253,62.03840550198203,62.03840550198203,311.84160221907695,383640.746667353,1722238.665536787,363446.9662660371,97.56684537713812,8.0,16.34405608258055,0.009951780117068548
7.49085596618991,29.942583904688533,2.279726863693051,-0.074518357608099,70.0745183576081,0.19733551017360143,66.6840619722671,66.6840619722671,308.0040491563085,402780.5214017054,1689993.1445794464,621723.8559043723,92.92118890685305,8.0,15.483922989245798,0.021472800137114435
7.348024772046738,29.46706953973186,2.1848093508438047,0.2716379439328307,69.72836205606717,0.19357283382631027,65.86580696776895,65.86580696776895,308.6741345596961,399272.01262964995,1695790.539042294,599709.9184816835,93.7394439113512,8.0,15.594823017170256,0.020528303229031517
6.560320448669674,29.720804351370205,0.8528379865741351,-1.0300971677856978,71.0300971677857,0.17282192962775747,61.12824611788517,61.12824611788517,312.60230876493586,380102.08583345613,1728372.1187190064,325448.62772464467,98.47700476123498,8.0,16.500780009566085,0.008087793601138675
7.530790342280389,29.982519523041077,2.3283798401293683,-0.07082113779659949,70.0708211377966,0.19838752218862984,66.91077126628085,66.91077126628085,307.8188624437119,403763.53937421396,1688377.6547367205,632700.197984962,92.6944796128393,8.0,15.446434288024989,0.021930487794063196
5.908316918276263,29.92059299374759,-0.3972797703884727,-2.240126630826353,72.24012663082635,0.15564586191454854,56.87614669322511,56.87614669322511,316.1901878527851,364399.2664249727,1756281.3479532625,96071.91827850888,102.72910418589504,8.0,17.37611588842202,0.0038004491373396197
7.691597663242614,28.981088794390672,2.8057425451771425,1.192961979300776,68.80703802069922,0.202623752983209,67.81477774429806,67.81477774429806,307.08250903344583,407731.5197016789,1681895.42412815,738090.5293591764,91.7904731348221,8.0,15.217131161561326,0.026191602356314323
7.855914613528476,20.36108084463588,5.04764912434326,10.37964287108474,59.62035712891526,0.20695243976629285,68.72418346493816,68.72418346493816,306.3452081008728,411802.67554954434,1675308.2265703909,1242122.8022905702,90.88106741418198,8.0,14.61039446794382,0.04425995576529041
6.346733344943184,20.994618523629853,2.595437114900819,8.183352134665768,61.81664786533423,0.16719529359702803,59.77132995055899,59.77132995055899,313.741348455492,374946.0193159176,1737409.6879589166,690025.32835397,99.83392092856116,8.0,16.050702876665753,0.023092849519263815
5.775755996672667,29.456511994423728,-0.542107606203048,-1.9305613968185185,71.93056139681852,0.15215374069211451,55.96937618254401,55.96937618254401,316.96203110319266,361216.9783742359,1762080.7500914857,73766.71770566786,103.63587469657614,8.0,17.515711145810712,0.005174340762654479
6.8737520382433654,29.988444178272935,1.3123167610498105,-0.8977630019720095,70.89776300197201,0.1810788208177915,63.06133878817394,63.06133878817394,310.9899471568501,387697.3391174231,1715275.1653393365,416073.92979597347,96.54391209094621,8.0,16.153892306622538,0.012433442136255883
17.973196395564962,24.607912388662015,11.942152312880763,12.077536470840698,57.9224635291593,0.47347724961973026,108.5783698706959,108.5783698706959,280.99575331621156,732201.426401201,1290308.106922703,4483775.38669975,51.026881008424255,8.0,9.100576377131233,0.10355304117521552
17.593403467108352,22.25746423907036,12.248519352619816,13.973512891686198,56.0264871083138,0.4634721672051726,107.43902491692239,107.43902491692239,281.3654814744753,716269.7872164437,1305157.0815166482,4449492.8693718705,52.16622596219776,8.0,9.416380673936828,0.1049110914994557
6.504718920805558,29.862436955737195,0.7206683170712718,-1.266519805600126,71.26651980560013,0.17135718969456157,60.778204364687724,60.778204364687724,312.8955886293857,378758.4581495673,1730715.6247129375,299693.593043725,98.82704651443242,8.0,16.582148826440175,0.006845952756491318
7.324926933225336,29.642404724532028,2.106712716828609,0.053291062716937176,69.94670893728306,0.19296435545904467,65.73237989138215,65.73237989138215,308.7836487409877,398705.69271117565,1696730.970342339,582958.9255300364,93.872870987738,8.0,15.632139326926506,0.019825180298544968
7.405072355398078,29.212099504275514,2.332961504807947,0.6158988720167713,69.38410112798323,0.19507566795042353,66.19402282785364,66.19402282785364,308.40503588811964,400671.9672396774,1693471.3455579933,631809.0621051783,93.4112280512665,8.0,15.517219458708723,0.02186699997795766
6.183104278881106,29.917157678075327,0.1278080398765278,-1.8031293465194267,71.80312934651943,0.16288472810540322,58.70867701298192,58.70867701298192,314.63733130966153,371004.74970527604,1744400.3611833972,189063.73934569588,100.89657386613823,8.0,16.999484010407514,0.001218791660909939
8.40830751508425,29.735113446916863,3.58424659182088,1.1448146269357267,68.85518537306427,0.2215044129368875,71.6818373376691,71.6818373376691,303.97282105940025,425624.3152758646,1653408.2774390543,931153.4966493794,87.92341354145105,8.0,14.612661022348561,0.033470277536652424
6.6693474125716,29.94167491627681,0.9839471849185656,-1.1232225251315526,71.12322252513155,0.1756940835767018,61.80829063430707,61.80829063430707,312.0336734554773,382739.86113279697,1723794.8782561931,350583.25482821115,97.79696024481308,8.0,16.38922184109896,0.009337371745958459
7.9437934810091555,29.016314413405517,3.1476369930978425,1.4295968792857252,68.57040312071427,0.2092674784248987,69.20478307185164,69.20478307185164,305.95700311772407,413987.1958802077,1671799.7429052973,818744.9349555831,90.40046780726851,8.0,14.982186699709132,0.02933433588466582
8.31767285531017,28.843176181686147,3.6843207169156087,1.9977672362655312,68.00223276373447,0.21911677701027843,71.20661006097117,71.20661006097117,304.35125193426063,423341.2672805226,1656977.5315136132,949717.5976781829,88.39864081814898,8.0,14.639368139452472,0.03419943781859716
5.7998667815858695,29.934636110324632,-0.6158401648793547,-2.434393484807856,72.43439348480786,0.15278890362449604,56.13544709535125,56.13544709535125,316.8205054920851,361795.635757703,1761022.4865028854,58571.05580052042,103.4698037837689,8.0,17.532789172775722,0.0058995063483630325
6.995408208284759,18.427076277967117,4.217192414210194,11.580637109440602,58.4193628905594,0.18428367250486719,63.79405865321337,63.79405865321337,310.38213839965425,390656.18277966505,1710240.7993157243,1045562.8823206605,95.81119222590678,8.0,15.251973322765025,0.036687229820254186
6.807003371713477,29.999973826558886,1.199742011149408,-0.9998368020728776,70.99983680207288,0.17932042601984924,62.65522825696917,62.65522825696917,311.3276320932534,386076.62244266336,1718048.6895861286,393351.2229828219,96.95002262215098,8.0,16.232022768117645,0.01137515738307615
5.848787054561094,29.982831455914294,-0.5305867059122887,-2.4082222984006307,72.40822229840063,0.15407763578928066,56.47082989638517,56.47082989638517,316.5349181607225,362969.91447557387,1758880.0290738551,72821.28345258659,103.13442098273498,8.0,17.467524025674322,0.005081850769365821
7.501663237198213,29.998090784937062,2.281903598761028,-0.12197465561348508,70.12197465561349,0.1976202117280878,66.74550345878652,66.74550345878652,307.95384050512496,403046.4602965046,1689555.722112955,622348.6065222083,92.85974742033363,8.0,15.477071446942716,0.021500549460996835
7.530730114562106,29.98048008195434,2.3287947305227075,-0.06868131903399899,70.068681319034,0.19838593557855916,66.91043002143562,66.91043002143562,307.8191410330041,403762.0561210719,1688380.0894223938,632787.6848450815,92.69482085768453,8.0,15.446344702973988,0.021934062223876956
7.347904316610172,29.45244187203936,2.188239032921435,0.2873763038210768,69.71262369617892,0.1935696606061689,65.86511195039736,65.86511195039736,308.6747048372627,399269.0585190841,1695795.4412637763,600433.6465765918,93.74013892872279,8.0,15.593844760413788,0.02055823609011833
5.936065657220942,29.928605252954867,-0.3450734141890707,-2.204281666868326,72.20428166686833,0.15637686135987727,57.06404064056528,57.06404064056528,316.03053325599404,365065.7013873035,1755073.1282452475,105079.26880314684,102.54121023855487,8.0,17.33789170850895,0.003300180284558897
5.717501786508316,29.45880010179986,-0.6605729846525988,-2.0302802998384664,72.03028029983847,0.15061911977103043,55.565992266512694,55.565992266512694,317.30609991069366,359819.10639965255,1764644.0925803343,53758.000556299965,104.03925861260745,8.0,17.600769599281705,0.006309605641282625
7.548743974082395,11.750080154405449,6.038922643446805,18.803470878003964,51.196529121996036,0.19886048403799775,67.01240501664273,67.01240501664273,307.7359104839895,404205.78561840625,1687652.1183918377,1570499.0829994346,92.59284586247742,8.0,14.56569305875712,0.05016272704314295
6.666104483401613,29.91238668994636,0.985795415199195,-1.095219025708161,71.09521902570816,0.1756086534088939,61.788182627171466,61.788182627171466,312.05046546717364,382661.34049394383,1723930.6864242933,350995.5402379592,97.81706825194868,8.0,16.390459708056255,0.009353036497011769
6.106224204704127,29.52405369013838,0.08370024476474365,-1.4788961452310332,71.47889614523103,0.16085943637260608,58.20217159237535,58.20217159237535,315.06557413685476,369155.1871920029,1747706.0600459857,182699.2903566138,101.4030792867448,8.0,17.062521869267584,0.000796317893055797
7.692097376094597,29.89366481009837,2.582688860669496,0.21155318783684152,69.78844681216316,0.2026369171784667,67.8175650753787,67.8175650753787,307.0802438527605,407743.87481913995,1681875.3365597713,690106.0301961601,91.78768580374145,8.0,15.279746575818535,0.024277082893746877
7.642112779113837,29.620837141968153,2.578384932327796,0.44895024241662895,69.55104975758337,0.2013201469734941,67.538091668741,67.538091668741,307.307524703269,406508.79657987546,1683886.3287126427,688163.9997939924,92.06715921037915,8.0,15.309484142961367,0.024195916286015192
7.389944090046508,29.939262716765484,2.130991371653288,-0.19116835574112656,70.19116835574113,0.19467713619722096,66.10716721575352,66.10716721575352,308.47620645355323,400300.5435588733,1694085.8823967054,588815.4147295569,93.49808366336663,8.0,15.58720311120885,0.02008849986123914
6.862365482662822,29.519960836788606,1.4106183993503822,-0.3966051421787711,70.39660514217877,0.18077885886888362,62.99226842969256,62.99226842969256,311.047339666533,387420.7316422183,1715747.7196827745,436341.6795069313,96.61298244942759,8.0,16.126843928832443,0.013317111073712647
10.788192317647267,14.61041437204225,9.28019380123508,17.856958149680736,52.143041850319264,0.2841989546271672,82.99060202433645,82.99060202433645,295.3509892472251,488287.74790263415,1562074.1636596813,2498276.925712835,76.6146488547837,8.0,12.785074077540514,0.07754536975406726
7.755462836384857,29.960226654977234,2.655996003974776,0.2114780102166378,69.78852198978336,0.20430618641688242,68.16992872123251,68.16992872123251,306.7941514783375,409311.81472483545,1679330.90313674,707259.3888817829,91.43532215788764,8.0,15.222755356486573,0.024966177882271956
7.801401131577514,28.98301080512777,2.959599399284233,1.311810486672755,68.68818951332725,0.2055163627918207,68.4240536910043,68.4240536910043,306.5881480104247,410450.119620921,1677489.619224262,773963.581788181,91.18119718811585,8.0,15.112660547466135,0.027604767322392393
7.49085596618991,29.30281617223956,2.4373323729121634,0.6181948066172254,69.38180519338277,0.19733551017360143,66.6840619722671,66.6840619722671,308.00404915631157,402780.5214017054,1689993.1445792564,655280.6890727667,92.92118890685305,8.0,15.4370202225831,0.022844904258287294
7.596895362127812,29.924639516327176,2.4386394767336936,0.06888228150563691,69.93111771849436,0.20012896106764522,67.28410487504595,67.28410487504595,307.5143590504854,405392.8234869004,1685708.518134561,657368.2597489858,92.3211460040742,8.0,15.375925550249349,0.022946232303738854
7.4445801533086025,29.13760078251135,2.4098576347607863,0.742852761473614,69.25714723852639,0.19611644239485254,66.42023037167354,66.42023037167354,308.2198177712486,401642.5494476948,1691868.0936661772,648712.0979573326,93.18502050744661,8.0,15.471675440009903,0.022567505928310132
7.099402084362987,29.919575108211546,1.6908413552505284,-0.5287984169524975,70.5287984169525,0.18702323720661188,64.41295180861442,64.41295180861442,309.87024358821714,393190.7875884514,1705957.7835127686,494238.2800649148,95.19229907050573,8.0,15.895120588356235,0.01597762519082712
7.388333826633231,29.363148837964943,2.2708068571192115,0.43246342386635206,69.56753657613365,0.1946347161916025,66.09791449342168,66.09791449342168,308.4837899888676,400261.0164027989,1694151.314555969,618405.5395020973,93.50733638569847,8.0,15.545505594815324,0.02131204767322145
6.268567111266002,29.928769940367197,0.28223502795677835,-1.6866119661765424,71.68661196617654,0.16513611989636465,59.26626689560385,59.26626689560385,314.16677226747976,373062.4035522562,1740741.6562968674,217223.65670253529,100.3389839835163,8.0,16.888249458318455,0.0026891710103689463
8.122024493158094,19.286496376135347,5.624552187873009,11.692914264069941,58.30708573593006,0.21396271056791605,70.16756263666389,70.16756263666389,305.1824116176261,418433.88985663065,1664713.4172255478,1386973.6384662795,89.43768824245626,8.0,14.367149142857954,0.04889451774279702
7.779766244184394,29.921610879283627,2.699620338947826,0.280359556378869,69.71964044362113,0.20494642371402513,68.30451046159817,68.30451046159817,306.6850200313253,409913.860648428,1678356.433148224,717226.6790731752,91.30074041752198,8.0,15.196608670611226,0.025363861129013936
5.775755996672667,29.953543279663414,-0.6691223751228579,-2.496179064825469,72.49617906482547,0.15215374069211451,55.96937618254401,55.96937618254401,316.96203110318,361216.9783742359,1762080.7500915285,49448.148154323695,103.63587469657614,8.0,17.569900828851587,0.006412791915591421
6.8737520382433654,29.887946406231094,1.3374128788173725,-0.7869200668225176,70.78692006682252,0.1810788208177915,63.06133878817394,63.06133878817394,310.98994715684404,387697.3391174231,1715275.1653392601,421234.78344373795,96.54391209094621,8.0,16.145245087289823,0.01266118644010668
6.3477924753310475,29.558306805186994,0.5192963561309384,-1.1542159672213756,71.15421596722138,0.1672231948190476,59.77814162105926,59.77814162105926,313.73561617406267,374971.55321792787,1737364.6331433824,262429.792913022,99.82710925806089,8.0,16.75025792193395,0.0049290642236358
6.534691125915497,29.45340287740791,0.8756026529465563,-0.7690936062610945,70.7690936062611,0.17214676306415957,60.96717022195935,60.96717022195935,312.73721620714144,379482.61737656087,1729451.5644606545,330424.7161853587,98.6380806571608,8.0,16.507568833312632,0.008288209224827394
7.163505466146685,29.862436955737195,1.8051117887525543,-0.38536759106625595,70.38536759106626,0.18871194589427515,64.79110801886623,64.79110801886623,309.55815313710866,394755.73433495045,1703326.7498275524,518343.40295363084,94.81414286025392,8.0,15.820754268471433,0.017040009764841175
7.964634850042813,29.642404724532028,3.023306921086837,0.7830258751491783,69.21697412485082,0.2098165134363228,69.31818488268402,69.31818488268402,305.86555094867566,414506.03697832633,1670969.0998942421,792258.9918107835,90.28706599643613,8.0,15.003190468918262,0.028304224003686967
6.891992286238496,29.25463212056657,1.5249839135751215,-0.0661217977706201,70.06612179777062,0.18155933314643036,63.17180681775682,63.17180681775682,310.8981906113516,388140.55465457245,1714518.665169471,459808.36876907374,96.43344406136333,8.0,16.070893799949204,0.014363002289664235
8.214304181175788,29.36471179295073,3.4239553111225174,1.3411979402938528,68.65880205970615,0.21639368232812928,70.65991942716698,70.65991942716698,304.7879307252764,420745.0092711494,1661059.2795823985,888220.5400576553,88.94533145195317,8.0,14.759909485367757,0.0319293086467507
6.6532731694765275,29.735113446916863,1.008465730187304,-0.9163813508766907,70.91638135087669,0.17527063144037217,61.708549958868105,61.708549958868105,312.11697910387704,382350.6955775191,1724468.2406370728,355746.3460966527,97.89670092025204,8.0,16.389853385772767,0.009555900558291862
6.6693474125716,18.421365807634984,3.7005489086620047,11.257725591139035,58.742274408860965,0.1756940835767018,61.80829063430707,61.80829063430707,312.0336734554795,382739.86113279697,1723794.8782564637,931666.0085770991,97.79696024481308,8.0,15.557730274704284,0.03226095803641668
6.67063540948835,29.974472160627727,0.9779041449689124,-1.1578269007685549,71.15782690076855,0.17572801394858667,61.81627493652536,61.81627493652536,312.0270062094304,382771.0483233888,1723740.9448977413,349341.08642460185,97.78897594259479,8.0,16.390640385822735,0.009282323803392424
5.801658397046752,29.718750086964036,-0.5570846781626321,-2.185753331561216,72.18575333156122,0.1528361010813159,56.14776692119739,56.14776692119739,316.81000947774635,361838.63682934985,1760943.9113235548,69756.77903717922,103.45748395792276,8.0,17.506694678831366,0.005327081455927479
6.518242344777154,29.938286396687303,0.7251739665171355,-1.331724949723423,71.33172494972342,0.17171344427758573,60.8635453527782,60.8635453527782,312.82405015621924,379085.1612759697,1730145.0538040055,300373.170996537,98.74170552634195,8.0,16.572518156831222,0.006891973414905729
6.995408208284759,29.560175591455874,1.61554064181635,-0.2676306541656004,70.2676306541656,0.18428367250486719,63.79405865321337,63.79405865321337,310.3821383996573,390656.18277966505,1710240.7993154663,478422.27694676473,95.81119222590678,8.0,15.980398278979237,0.015237713723952174
7.336429133182483,29.599993323568846,2.1345370924914717,0.11328903924294309,69.88671096075706,0.193267363887842,65.7988624271066,65.7988624271066,308.7290726580352,398987.6712457173,1696262.553801868,588956.6150330896,93.80638845201355,8.0,15.616924468432273,0.02007847327967492
7.681932567734348,28.12963096602097,2.9998678881806553,2.0941094443488737,67.90589055565113,0.20236914035127365,67.76084076704876,67.76084076704876,307.12634839890427,407492.58612146304,1682284.0110084063,779729.8653141202,91.84441011207139,8.0,15.169750539604706,0.02782729556745033
7.501663237198213,29.888473827916563,2.3089408848852258,-0.003101043964136352,70.00310104396414,0.1976202117280878,66.74550345878652,66.74550345878652,307.95384050511575,403046.4602965046,1689555.7221123262,628104.281907573,92.85974742033363,8.0,15.468944609473397,0.021736942401180397
7.530730114562106,29.945191788727982,2.337494608598929,-0.030437711736567508,70.03043771173657,0.19838593557855916,66.91043002143562,66.91043002143562,307.81914103300926,403762.0561210719,1688380.089422445,634642.4054917325,92.69482085768453,8.0,15.443744837759766,0.022010025266441163
7.347904316610172,20.836003846417555,4.231979099157866,9.426876497538274,60.573123502461726,0.1935696606061689,65.86511195039736,65.86511195039736,308.6747048372656,399269.0585190841,1695795.4412635274,1045301.41118121,93.74013892872279,8.0,15.056682083963722,0.037342755524337835
17.892503614266936,28.58780836431646,11.049280558800099,8.408934915447844,61.591065084552156,0.4713515177625642,108.33781693273255,108.33781693273255,281.07059994028754,728778.9919150855,1293471.3999162165,4222945.568350896,51.2674339463876,8.0,9.015690439652246,0.09816234777168145
5.717501786508316,29.96233379067516,-0.7894300165008512,-2.604382217578177,72.60438221757818,0.15061911977103043,55.565992266512694,55.565992266512694,317.3060999106973,359819.10639965255,1764644.0925808423,29193.481377609794,104.03925861260745,8.0,17.65637455310724,0.007571729177438358
8.212166402084998,11.750080154405449,6.905292293467033,19.244241952796358,50.75575804720364,0.21633736570297676,70.648559721168,70.648559721168,304.7970194865811,420691.39920653094,1661143.8215234366,1797588.42632817,88.95669115795215,8.0,14.128779400076894,0.05720169170808914
6.666104483401613,29.97081760173998,0.971141030577838,-1.1600454924128485,71.16004549241285,0.1756086534088939,61.788182627171466,61.788182627171466,312.0504654671714,382661.34049394383,1723930.6864237797,348019.3033545425,97.81706825194868,8.0,16.395733074501663,0.00921827432196803
6.106224204704127,29.99829868268538,-0.036601939516161405,-2.013244181541154,72.01324418154115,0.16085943637260608,58.20217159237535,58.20217159237535,315.0655741368517,369155.1871920029,1747706.0600460821,159123.6428435526,101.4030792867448,8.0,17.110718227933546,0.0003495684333000317
7.21056899116585,29.925666476496914,1.8622034999758585,-0.3957386507814249,70.39573865078142,0.1899517647830835,65.0671507684117,65.0671507684117,309.3306712234957,395905.9874324198,1701399.3943155252,530564.8847270419,94.53810011070846,8.0,15.775147813762203,0.01758024558140889
6.577452451368507,29.925967062079152,0.8308628080968915,-1.2340685761325858,71.23406857613259,0.17327324687482895,61.23565765568384,61.23565765568384,312.51239384331984,380516.2961876768,1727651.3019066276,320760.7098250041,98.36959322343631,8.0,16.498742265937437,0.007890905349968131
7.389944090046508,29.99155385626922,2.1180648448690325,-0.24804883707980707,70.2480488370798,0.19467713619722096,66.10716721575352,66.10716721575352,308.47620645356443,400300.5435588733,1694085.8823974666,586079.7678976873,93.49808366336663,8.0,15.5911904110352,0.01997471976782938
6.862365482662822,29.942628153317514,1.3051419416777557,-0.8623616334045323,70.86236163340453,0.18077885886888362,62.99226842969256,62.99226842969256,311.04733966653845,387420.7316422183,1715747.7196829864,414652.46140194795,96.61298244942759,8.0,16.163017302399055,0.012362338023569038
6.941785149772214,29.749880351707006,1.482262775002164,-0.545400398980405,70.5454003989804,0.1828710524176031,63.472267113519365,63.472267113519365,310.64883922109436,389351.19223302364,1712456.5870207334,450881.9932293612,96.13298376560078,8.0,16.056205894132006,0.014008316625799716
7.755462836384857,29.467944760808535,2.7767200837312926,0.741169505823791,69.25883049417621,0.20430618641688242,68.16992872123251,68.16992872123251,306.7941514783521,409311.81472483545,1679330.9031371952,733300.8305787225,91.43532215788764,8.0,15.188838141319934,0.026003358362288592
6.706542673092363,18.434101351881672,3.7585460673696534,11.283157604782332,58.71684239521767,0.17667393764732253,62.03840550198203,62.03840550198203,311.8416022190687,383640.746667353,1722238.6655366481,944122.2601820817,97.56684537713812,8.0,15.522404844441326,0.03276110115731563
7.223988408948983,29.917222677993436,1.8849442244018777,-0.36984686983942083,70.36984686983942,0.19030527947705436,65.14561541957647,65.14561541957647,309.266061964979,396234.1693092584,1700850.497174145,535422.0051481506,94.45963545954368,8.0,15.76011313779452,0.017791651493329785
7.272974273420569,29.924639516327176,1.958075911425377,-0.31746154181161046,70.31746154181161,0.19159573955270204,65.43112760547939,65.43112760547939,309.03116203216393,397432.942411435,1698849.2646977499,551153.8470340089,94.17412327364076,8.0,15.70857744789771,0.018475040092060146
6.560320448669674,29.947163195629123,0.795966899579827,-1.2818359452700179,71.28183594527002,0.17282192962775747,61.12824611788517,61.12824611788517,312.60230876492216,380102.08583345613,1728372.1187188514,313969.8776051286,98.47700476123498,8.0,16.521621616423886,0.007562077637827131
6.786990358637135,29.919575108211546,1.1867116500839028,-0.9379561705835613,70.93795617058356,0.17879321281973487,62.532890520439764,62.532890520439764,311.4294680637567,385591.04622630303,1718881.8687622892,390824.89656077523,97.07236035868038,8.0,16.24829313758545,0.011246636082864176
7.585303824231351,29.363148837964943,2.559971578680097,0.6619978621034193,69.33800213789658,0.19982359916310197,67.2188149873943,67.2188149873943,307.56757071991063,405106.94054479356,1686176.1018260852,683119.4969437496,92.38643589172585,8.0,15.347234815343086,0.02398696588868681
6.336571246378447,29.928769940367197,0.40562335138448147,-1.585164349124227,71.58516434912423,0.16692758815538583,59.70593069753323,59.70593069753323,313.79639166508525,374701.0436627891,1737842.1025309644,240050.2884514688,99.89932018158692,8.0,16.800306852020412,0.003862015118605689
6.346733344943184,29.591988952344487,0.5089014637646095,-1.193403310268991,71.19340331026899,0.16719529359702803,59.77132995055899,59.77132995055899,313.7413484554856,374946.0193159176,1737409.687958738,260381.53435150752,99.83392092856116,8.0,16.754829588966686,0.004831753193821655
5.775755996672667,29.987135169885562,-0.6777165650743906,-2.5344690871568787,72.53446908715688,0.15215374069211451,55.96937618254401,55.96937618254401,316.96203110320204,361216.9783742359,1762080.7500921662,47804.48236570516,103.63587469657614,8.0,17.573595110448366,0.006496955997128388
7.835625817760247,29.887946406231094,2.7858497282270456,0.3787987751388755,69.62120122486112,0.20641796147945857,68.61266184656381,68.61266184656381,306.43543383721646,411299.05604429776,1676119.6438588398,737211.9643983039,90.99258903255634,8.0,15.140787243738885,0.02615577659955236
6.3477924753310475,29.992935565518415,0.40962605272123037,-1.6404245687377852,71.64042456873779,0.1672231948190476,59.77814162105926,59.77814162105926,313.7356161740624,374971.55321792787,1737364.6331440513,240588.33150698937,99.82710925806089,8.0,16.792145561646976,0.003901673806090618
6.534691125915497,29.92776673342197,0.7564332488826399,-1.296584949316241,71.29658494931624,0.17214676306415957,60.96717022195935,60.96717022195935,312.7372162071532,379482.61737656087,1729451.5644612988,306398.7723090627,98.6380806571608,8.0,16.551268617666153,0.0071872479872100705
7.30634326463905,29.862436955737195,2.024187565539704,-0.20879372350731273,70.20879372350731,0.19247479622336802,65.62480306134825,65.62480306134825,308.8719955263878,398250.26043295796,1697488.2073787118,565369.1030512741,93.9804478177719,8.0,15.668528197229591,0.019084069141832617
7.138508116281885,29.899089458098423,1.7571185377455816,-0.4568837717012002,70.4568837717012,0.18805342772080835,64.643943935538,64.643943935538,309.67954424968644,394145.2379344879,1704351.9207921089,508199.86224957334,94.96130694358214,8.0,15.85079133597577,0.01659540818337644
6.891992286238496,29.562802500378965,1.4482411445907557,-0.40478747896531786,70.40478747896532,0.18155933314643036,63.17180681775682,63.17180681775682,310.89819061134796,388140.55465457245,1714518.6651697007,443984.5045707832,96.43344406136333,8.0,16.096759189826173,0.013673089514356942
6.856900840982502,29.36471179295073,1.4403773838445213,-0.23299976379956888,70.23299976379957,0.18063490097424925,62.959089975260724,62.959089975260724,311.0749144583111,387288.0014952833,1715974.592013358,442487.0298710456,96.64616090385942,8.0,16.119926748113357,0.013582235715776167
6.719583744137467,29.735113446916863,1.1204095640633265,-0.8253966829551018,70.8253966829551,0.17701748535662454,62.118862228101364,62.118862228101364,311.77448861159274,383956.73124292155,1721693.6717819113,377838.9909722601,97.48638865101879,8.0,16.31111044101118,0.010609746830656538
6.833070826033346,29.663639896280095,1.3267566764079124,-0.5936554955365523,70.59365549553655,0.18000713451088898,62.81417702342242,62.81417702342242,311.1953969657031,386709.34286642633,1716964.5671121345,419239.6906163755,96.79107385569773,8.0,16.172680168124828,0.012542999469252022
17.684581697346495,29.016314413405517,10.856536867762886,7.889624277987593,62.11037572201241,0.4658741226908982,107.71421770479964,107.71421770479964,281.27268819786605,720054.010425403,1301601.2756090227,4110113.2513458324,51.89103317432051,8.0,9.12928327367274,0.0967863494321824
5.801658397046752,24.881248877296755,0.6595424997650431,3.2365956732109566,66.76340432678904,0.1528361010813159,56.14776692119739,56.14776692119739,316.8100094777478,361838.63682934985,1760943.9113238428,306499.8408096979,103.45748395792276,8.0,17.02226161434811,0.006069546762537804
18.34395246075858,20.850641982298725,12.875513181411804,15.65473844887714,54.34526155112286,0.48324426925075287,109.67334352280523,109.67334352280523,280.6778527243782,748195.0619927674,1275712.7649988863,4847262.985684504,49.93190735631492,8.0,9.034125392386386,0.10909884703098298
7.710165441161046,29.560175591455874,2.690200324354518,0.5913314881486258,69.40866851185137,0.2031128936027673,67.91825644187696,67.91825644187696,306.99843681430457,408190.70178885193,1681149.261249606,713621.5648549182,91.68699443724319,8.0,15.238848504015493,0.02521980117404961
7.458831232952789,29.92057109914576,2.2379692110222957,-0.08854433968969033,70.08854433968969,0.19649186598927262,66.50160888115278,66.50160888115278,308.1532347100708,401992.8689907695,1691290.3477211841,612385.7852806789,93.10364199796737,8.0,15.514917524030864,0.02108158387523062
6.920964236474343,28.12963096602097,1.850864223587367,1.2017238581203742,68.79827614187963,0.1823225562822535,63.3468244214406,63.3468244214406,310.75290533866365,388844.83183136175,1713318.3073427123,527203.9146737286,96.25842645767955,8.0,15.947125251918521,0.01727674936641647
7.632348656657896,29.888473827916563,2.498592611124654,0.14886683790791722,69.85113316209208,0.20106292562323225,67.483340793889,67.483340793889,307.35208864710245,406267.711738551,1684279.5649646788,670863.2217039247,92.12191008523115,8.0,15.33813798387473,0.02349702388754803
7.9874920996910905,29.945191788727982,2.980381826653336,0.48352785117162966,69.51647214882837,0.21041865383801608,69.44230346087221,69.44230346087221,305.7655218465806,415075.4026287186,1670058.7335696775,783565.2027710463,90.16294741824794,8.0,15.001772929725007,0.027961469338279678
7.347904316610172,29.99719963013049,2.053607328900507,-0.3050271988292934,70.3050271988293,0.1935696606061689,65.86511195039736,65.86511195039736,308.674704837279,399269.0585190841,1695795.4412639672,571988.5702641486,93.74013892872279,8.0,15.63538482292995,0.019374693985224473
5.936065657220942,29.985668218836764,-0.3596172430212577,-2.2689923527099154,72.26899235270992,0.15637686135987727,57.06404064056528,57.06404064056528,316.0305332559871,365065.7013873035,1755073.1282451097,102264.99642437187,102.54121023855487,8.0,17.343950732815927,0.00344087934039392
5.717501786508316,29.39227692810377,-0.6435713265975421,-1.9545675131868165,71.95456751318682,0.15061911977103043,55.565992266512694,55.565992266512694,317.3060999106852,359819.10639965255,1764644.0925805178,57003.12488708965,104.03925861260745,8.0,17.593491275018835,0.0061438594634718605
7.633923732175575,29.553277080294144,2.5832441271909135,0.51247724728006,69.48752275271994,0.20110441865583706,67.49217630176486,67.49217630176486,307.34489623297117,406306.5978293463,1684216.1220342729,689043.7873272037,92.11307457735529,8.0,15.312762248809122,0.024230624639659352
7.842502929766636,28.585469291445087,3.1135542101919427,1.781055460273194,68.2189445397268,0.20659912881366269,68.65048723696214,68.65048723696214,306.4048254528598,411469.7332910545,1675844.5452103494,808443.6084226936,90.95476364215801,8.0,15.048394490450448,0.028945231699509216
7.21056899116585,29.99829868268538,1.8441861479503032,-0.47512231524888193,70.47512231524888,0.1899517647830835,65.0671507684117,65.0671507684117,309.33067122350144,395905.9874324198,1701399.3943156342,526788.4710662471,94.53810011070846,8.0,15.780928623104444,0.01741999593163815
8.05239571483205,29.9103559336519,3.0765163697238203,0.5905070415270188,69.40949295847298,0.21212844348872628,69.79331482020996,69.79331482020996,305.48301002517104,416694.0868120308,1667477.2248059697,806497.453699021,89.81193605891019,8.0,14.939608827925895,0.028841563427129614
8.37152720354307,29.90317253016432,3.496569470650775,0.929669085033197,69.0703309149668,0.22053549008279955,71.48944470829906,71.48944470829906,304.12589423413806,424697.07821519807,1654855.642715497,910217.6752754305,88.11580617082109,8.0,14.654313053503756,0.03270106481315847
7.189830197957826,29.519960836788606,1.9307776883428294,0.021465956786528295,69.97853404321347,0.18940543197992166,64.94567601776458,64.94567601776458,309.4307413505745,395398.98483220686,1702248.2496494453,544804.520727033,94.65957486135557,8.0,15.765289481315278,0.01817365096985344
7.288151166929239,29.749880351707006,2.024439721205604,-0.10836547220571902,70.10836547220572,0.19199555234270915,65.5192965278124,65.5192965278124,308.9586852122601,397804.6023535019,1698230.011344464,565253.17543951,94.08595435130775,8.0,15.67894515189488,0.01907282950443623
7.810729385993389,29.960226654977234,2.733460187637352,0.27339558713543965,69.72660441286456,0.2057621018438722,68.4755211617155,68.4755211617155,306.54646012477724,410681.42987035273,1677116.067761633,725269.3063121939,91.12972971740464,8.0,15.169521809039566,0.025683065147225
6.706542673092363,29.906776403110115,1.0555062816348273,-1.0332905963564372,71.03329059635644,0.17667393764732253,62.03840550198203,62.03840550198203,311.8416022190812,383640.746667353,1722238.6655368737,364739.9369126374,97.56684537713812,8.0,16.341791670733073,0.010010004307446028
7.80247583390887,29.574038595267147,2.8165823738546463,0.679354763034496,69.3206452369655,0.20554467423363726,68.42998554531528,68.42998554531528,306.58334271719684,410476.76586740365,1677446.576765956,743041.6078597098,91.17526533380487,8.0,15.151082140241726,0.026388176624129803
8.385653595285952,29.95053715148311,3.5031240372863386,0.8936913294958799,69.10630867050412,0.22090762895906088,71.56341161835928,71.56341161835928,304.0670226428127,425053.0836006184,1654299.574964309,912229.1888000406,88.04183926076087,8.0,14.64485231735847,0.032770678383129866
8.241253312769578,29.13760078251135,3.51421562333748,1.6095788893611598,68.39042111063884,0.21710361730162217,70.802934349299,70.802934349299,304.67355817756714,421421.11287485773,1659993.9773193293,909128.8378924093,88.80231652982116,8.0,14.72269776838857,0.03270929762480817
7.2508512985673885,29.919575108211546,1.9255499104589493,-0.3391812418498148,70.33918124184981,0.19101294253338746,65.30236162168399,65.30236162168399,309.13706368206414,396891.39902640885,1699752.5870983193,544140.3279319355,94.30288925743616,8.0,15.731657385046674,0.018170955342228054
5.908316918276263,29.98574173421504,-0.4138948133875422,-2.3140690625142497,72.31406906251425,0.15564586191454854,56.87614669322511,56.87614669322511,316.1901878527738,364399.2664249727,1756281.3479525459,92863.19287311702,102.72910418589504,8.0,17.38307433625903,0.0039615051630263074
6.336571246378447,29.98127255562033,0.3923617355208123,-1.6439808768941475,71.64398087689415,0.16692758815538583,59.70593069753323,59.70593069753323,313.7963916650835,374701.0436627891,1737842.1025309374,237412.75638392454,99.89932018158692,8.0,16.805411911388774,0.00373732726788952
6.784256739951621,19.286496376135347,3.7052457320596894,10.474624120694557,59.52537587930544,0.17872119968260328,62.51615940400211,62.51615940400211,311.44339928863803,385524.7329284874,1718995.7324386868,928800.1308791072,97.08909147511804,8.0,15.494534411774737,0.03246882261860799
6.346733344943184,29.43339149464184,0.5488741344358681,-1.0162587783972867,71.01625877839729,0.16719529359702803,59.77132995055899,59.77132995055899,313.7413484554863,374946.0193159176,1737409.6879587292,268349.3590277903,99.83392092856116,8.0,16.739683863910273,0.005204671335006389
7.382474540564354,28.09750625412267,2.5730622986606826,1.792814827542486,68.20718517245751,0.19448036197482493,66.06423388973599,66.06423388973599,308.51139745102074,400117.200488161,1694389.436631377,682498.6923149341,93.54101698938416,8.0,15.459809025951472,0.023918564509378158
6.8737520382433654,29.955674685505265,1.3205010752667896,-0.8616130109141977,70.8616130109142,0.1810788208177915,63.06133878817394,63.06133878817394,310.9899471568435,387697.3391174231,1715275.1653389703,417756.82114048937,96.54391209094621,8.0,16.151068999178506,0.012507753248489604
6.3477924753310475,21.501880539691733,2.4814777746325913,7.643353545714831,62.35664645428517,0.1672231948190476,59.77814162105926,59.77814162105926,313.7356161740601,374971.55321792787,1737364.6331440506,665211.5287070142,99.82710925806089,8.0,16.084797232671576,0.022159095404493963
7.192155888719478,29.00251739108205,2.0623573668389428,0.5878718780074905,69.41212812199251,0.18946669885983872,64.95931135415549,64.95931135415549,309.4195058961642,395455.83031238755,1702153.022550018,572423.4459595318,94.64593952496466,8.0,15.722615126408584,0.019334439203134917
7.667165530962224,29.862436955737195,2.5548412143830923,0.21685258362299464,69.783147416377,0.20198012463019557,67.6783348840255,67.6783348840255,307.19343173663765,407127.6374377814,1682877.9699105327,683612.7646177659,91.92691599509465,8.0,15.301972623099687,0.0240144151293378
7.4620624518399445,29.90408775509715,2.246809900025129,-0.06681929153273813,70.06681929153274,0.19657698766701645,66.52004423126408,66.52004423126408,308.1381547459066,402072.3147061773,1691159.394382888,614309.13612844,93.08520664785607,8.0,15.510384007185166,0.021161597380135455
6.891992286238496,29.941829544040274,1.353703426775682,-0.8221614722984327,70.82216147229843,0.18155933314643036,63.17180681775682,63.17180681775682,310.8981906113437,388140.55465457245,1714518.6651690148,424512.17287090875,96.43344406136333,8.0,16.129001344649964,0.012818632846603619
6.856900840982502,29.907354966353914,1.305004661901683,-0.8307198187263225,70.83071981872632,0.18063490097424925,62.959089975260724,62.959089975260724,311.07491445831,387288.0014952833,1715974.592013087,414650.9359745037,96.64616090385942,8.0,16.166255962261232,0.012358244566714095
7.66376834196423,29.735113446916863,2.5812794527584924,0.3503597210693101,69.64964027893069,0.20189063071560143,67.65933759323082,67.65933759323082,307.2088819432548,407043.69919375563,1683014.6539292922,689220.7959278449,91.94591328588933,8.0,15.296298520726964,0.024239987824834226
6.156063226764147,27.25361544013051,0.7481788143703619,1.131011316876993,68.868988683123,0.1621723716218163,58.53105985189006,58.53105985189006,314.78741862761933,370354.053954393,1745561.4969226636,312553.68005686725,101.07419102723009,8.0,16.778452942897616,0.006987294427856452
7.803327816228604,29.016314413405517,2.9541516619835373,1.2782634744127677,68.72173652558723,0.20556711844648587,68.43468765985665,68.43468765985665,306.5795337222426,410497.89050720306,1677412.455454833,772833.2230270806,91.1705632192635,8.0,15.113036609901826,0.027560456396131312
7.6059694262254585,28.843176181686147,2.7172627858694343,1.2452798877023952,68.7547201122976,0.20036800385209322,67.33516354969402,67.33516354969402,307.4727580728753,405616.6739388401,1685342.617703349,717235.2678388208,92.27008732942613,8.0,15.290658042193854,0.025356308025023807
7.018307850439253,29.934636110324632,1.558876098577552,-0.6491620470766861,70.64916204707669,0.18488692967437442,63.930922413138035,63.930922413138035,310.26881756879294,391213.8741869653,1709296.0799610394,466679.8049464208,95.67432846598211,8.0,15.985927144961408,0.014743262805909868
6.995408208284759,29.401891182950017,1.6548887170624633,-0.09410567734647657,70.09410567734648,0.18428367250486719,63.79405865321337,63.79405865321337,310.3821383996564,390656.18277966505,1710240.7993161834,486581.9500154113,95.81119222590678,8.0,15.967396020775197,0.015589603865066764
7.458831232952789,29.668949732377357,2.3000425951207233,0.18439707542427186,69.81560292457573,0.19649186598927262,66.50160888115278,66.50160888115278,308.15323471007315,401992.8689907695,1691290.347721175,625574.9487917044,93.10364199796737,8.0,15.496186384186501,0.021624391064148134
8.122259161895919,29.947420146306712,3.1608115138745934,0.6250649276712466,69.37493507232875,0.21396889256838564,70.16881994018252,70.16881994018252,305.1814028237455,418439.7592950595,1664704.1121302105,827177.5988259007,89.43643093893763,8.0,14.87825341136221,0.029624573051521726
17.77955971284849,29.888473827916563,10.710349833136132,7.142785682677697,62.8572143173223,0.46837617789379576,107.99975262543217,107.99975262543217,281.17872940066127,724022.95148816,1297891.286526928,4098054.6179323853,51.60549825368798,8.0,9.04856603377749,0.09596439745839513
7.8551277739511765,29.945191788727982,2.798882712319279,0.3388577627414975,69.6611422372585,0.20693171164254942,68.71986240926174,68.71986240926174,306.34870301531646,411783.13916527573,1675339.6850057796,740524.0114936831,90.88538846985841,8.0,15.126118188824535,0.026285572608273647
7.347904316610172,29.910868392045955,2.0749649398318986,-0.21102083961551443,70.21102083961551,0.1935696606061689,65.86511195039736,65.86511195039736,308.67470483726595,399269.0585190841,1695795.4412639032,576498.5344502614,93.74013892872279,8.0,15.628737977524054,0.019563108685507872
6.933710908188559,28.58780836431646,1.758013942007766,0.7178805436226412,69.28211945637736,0.18265834847704315,63.42365423535341,63.42365423535341,310.68916144924617,389154.8056689336,1712790.6661833453,507945.6316321818,96.18159664376674,8.0,15.969639243410654,0.016466112256151903
5.717501786508316,29.919077112744446,-0.7783492944977007,-2.554992951670897,72.5549929516709,0.15061911977103043,55.565992266512694,55.565992266512694,317.3060999106943,359819.10639965255,1764644.0925809178,31303.80067466897,104.03925861260745,8.0,17.65156200736493,0.007462783085476502
6.487471829618821,11.182265298052968,4.4675364952148096,18.527355237322183,51.47264476267782,0.17090284061166547,60.66917355258295,60.66917355258295,312.98701921596285,378341.88381777,1731443.8499398406,1222401.833518332,98.9360773265372,8.0,15.381718843591443,0.037174059322145674
6.666104483401613,29.902923304072672,0.9881684754751417,-1.084721948480876,71.08472194848088,0.1756086534088939,61.788182627171466,61.788182627171466,312.05046546716534,382661.34049394383,1723930.6864235925,351477.5475152553,97.81706825194868,8.0,16.389606724425903,0.009374847516932672
7.937457165346009,29.952831040090558,2.910348590036127,0.4210416766807725,69.57895832331923,0.2091005575697052,69.1702623760707,69.1702623760707,305.98485342302814,413829.5130089243,1672052.3875036284,766899.2754839637,90.43498850304945,8.0,15.048941445795606,0.027316502567162594
7.597070803082186,29.89366481009837,2.4465179735912863,0.10258620597704748,69.89741379402295,0.20013358279984683,67.28509248805926,67.28509248805926,307.51355427360164,405397.1510173712,1685701.4425931189,659056.8978598011,92.32015839106089,8.0,15.373510985433654,0.0230148612034798
7.895809755370724,29.620837141968153,2.9344335234924768,0.7315905381705647,69.26840946182944,0.20800341821313814,68.94285569053795,68.94285569053795,306.1684498577894,412793.76424335956,1673714.2318718785,770995.4547213082,90.6623951885822,8.0,15.065958522078063,0.02748216788242556
6.666224369663571,29.90317253016432,0.9883092207026806,-1.0848325825520533,71.08483258255205,0.1756118116349729,61.78892611938147,61.78892611938147,312.04984455985004,382664.2432156755,1723925.6654333752,351504.77235175297,97.81632475973868,8.0,16.389485806591665,0.009376190201734887
7.283066463327813,29.741051564942772,2.0188958272974187,-0.10495561748251703,70.10495561748252,0.19186160335426272,65.48977251508904,65.48977251508904,308.98295130708954,397680.0718990093,1698437.4389245866,564039.7618029859,94.1154783640311,8.0,15.68361568022982,0.019020138154536088
7.288151166929239,29.674424053114656,2.04310883401728,-0.02618556262831362,70.02618556262831,0.19199555234270915,65.5192965278124,65.5192965278124,308.9586852122526,397804.6023535019,1698230.011344217,569185.1275083871,94.08595435130775,8.0,15.673110681612968,0.019237485868535253
8.34202705428245,29.95299901952378,3.446645502507451,0.8468592806336801,69.15314071936632,0.21975835232567045,71.33468163728537,71.33468163728537,304.2491588666533,423954.12388001673,1656017.5731252802,898003.8355928027,88.27056924183478,8.0,14.682976090917123,0.03225299152204735
6.706542673092363,29.456448833568977,1.1682230636186526,-0.5350174586816365,70.53501745868164,0.17667393764732253,62.03840550198203,62.03840550198203,311.8416022190736,383640.746667353,1722238.6655373226,387707.4528867245,97.56684537713812,8.0,16.301914796257392,0.011039626737181969
7.49085596618991,29.94356659821903,2.2794844302913195,-0.07558433409042209,70.07558433409042,0.19733551017360143,66.6840619722671,66.6840619722671,308.0040491563022,402780.5214017054,1689993.1445788557,621672.2756958952,92.92118890685305,8.0,15.483996036727092,0.021470679199879255
6.501268957228048,29.979051651832002,0.685295500747286,-1.4014281959120467,71.40142819591205,0.17126630551180316,60.75641193291153,60.75641193291153,312.9138602105242,378675.12240738183,1730861.2435416582,292640.79912377696,98.84883894620862,8.0,16.5973320933403,0.0065162283523741045
6.560320448669674,29.899089458098423,0.808049744357941,-1.2283435708072261,71.22834357080723,0.17282192962775747,61.12824611788517,61.12824611788517,312.60230876492903,380102.08583345613,1728372.1187194444,316407.9543811298,98.47700476123498,8.0,16.51718078121081,0.007673929493725539
7.530790342280389,29.938546349097976,2.339220745604557,-0.0231660170086343,70.02316601700863,0.19838752218862984,66.91077126628085,66.91077126628085,307.8188624437116,403763.53937421396,1688377.6547367496,635011.3807883867,92.6944796128393,8.0,15.44319493567889,0.022025141585177703
5.908316918276263,29.93673680655256,-0.40139654293519594,-2.2584467480404555,72.25844674804046,0.15564586191454854,56.87614669322511,56.87614669322511,316.1901878527714,364399.2664249727,1756281.3479529885,95276.80506321494,102.72910418589504,8.0,17.377838781410958,0.0038403385588846005
6.818183996124445,29.928769940367197,1.236010632227216,-0.9061191615935513,70.90611916159355,0.17961496301697694,62.72345834048269,62.72345834048269,311.2708584490792,386347.9691542792,1717583.5434005295,400709.1440537236,96.88179253863746,8.0,16.21281681100561,0.011711184898840378
6.553888122611336,29.43339149464184,0.9138566575900003,-0.7199464324260703,70.71994643242607,0.17265247952084656,61.08786399609198,61.08786399609198,312.63612254792935,379946.59369208803,1728642.9074621387,337866.06108064967,98.51738688302817,8.0,16.482374774061896,0.008647277318445232
6.11131940307325,29.943790826365927,-0.013163557902140603,-1.9438253086230475,71.94382530862305,0.16099366183016992,58.235886183373225,58.235886183373225,315.0370457426204,369277.7267907998,1747486.5453144992,163551.77192666297,101.36936469574692,8.0,17.098259028689938,0.00012565630498078068
7.004103920446358,29.887946406231094,1.5478580829192587,-0.6162193321171117,70.61621933211711,0.18451274816771226,63.846069155789735,63.846069155789735,310.3390666997944,390867.9273699447,1709881.9527387638,464394.360377323,95.75918172333041,8.0,15.997873024386138,0.014635620051123555
6.3477924753310475,29.934849285825287,0.42429499347860994,-1.5753710947231525,71.57537109472315,0.1672231948190476,59.77814162105926,59.77814162105926,313.73561617405875,374971.55321792787,1737364.6331440336,243507.81911904344,99.82710925806089,8.0,16.786509873698492,0.004039507214915868
8.445256327926959,29.00251739108205,3.8082736014576586,1.9553188211307315,68.04468117886927,0.22247777470829713,71.8744862031266,71.8744862031266,303.81972572262623,426556.8531107614,1651955.7282695763,982545.0771297642,87.73076467599356,8.0,14.53965567715693,0.035360524175784475
7.865086547862822,29.9895468976774,2.801802837152684,0.3021970219768946,69.6978029780231,0.2071940607972292,68.77452901518421,68.77452901518421,306.3044940754342,412030.4348686055,1674941.5846729206,741409.8558549752,90.83072186393593,8.0,15.119667336841133,0.026319829277997624
7.4620624518399445,29.46424810572625,2.355254472335029,0.40994520044125693,69.59005479955874,0.19657698766701645,66.52004423126408,66.52004423126408,308.1381547459174,402072.3147061773,1691159.394383553,637360.984825827,93.08520664785607,8.0,15.477822721581902,0.022108130853128235
7.313246462472846,29.212099504275514,2.1953350144038843,0.5067219674015178,69.49327803259848,0.192656650750075,65.66478780318931,65.66478780318931,308.83915311886216,398419.4164376904,1697206.8569121158,601544.0377940064,93.94046307593084,8.0,15.61166067592535,0.020592906155575765
6.856900840982502,29.999879559530584,1.2818901027174503,-0.9328262286206268,70.93282622862063,0.18063490097424925,62.959089975260724,62.959089975260724,311.07491445831334,387288.0014952833,1715974.5920134091,409902.4931062167,96.64616090385942,8.0,16.174252930666,0.012148210506218985
6.02879523246418,29.89941363116405,-0.1585364603506744,-2.0230869269016694,72.02308692690167,0.15881968473298683,57.68723805929608,57.68723805929608,315.50170342415004,367293.65716878505,1751049.5729318587,137896.13492199674,101.91801281982407,8.0,17.20605079202801,0.0015142167967836
8.13084987224785,29.663639896280095,3.241371106799712,0.9367979694908399,69.06320203050916,0.2141952021140108,70.21482860290598,70.21482860290598,305.144492911735,418654.65369715635,1664363.5174171615,845141.6148830255,89.39042227621417,8.0,14.852647627569922,0.0303128423205217
6.67063540948835,29.98006038755186,0.9765025480275794,-1.1640273014950253,71.16402730149503,0.17572801394858667,61.81627493652536,61.81627493652536,312.02700620943494,382771.0483233888,1723740.944897244,349056.3802718948,97.78897594259479,8.0,16.391144873809992,0.009269431181735446
5.801658397046752,21.729799702403795,1.4177936607662194,6.690048459761556,63.309951540238444,0.1528361010813159,56.14776692119739,56.14776692119739,316.8100094777409,361838.63682934985,1760943.9113231897,460266.4603453352,103.45748395792276,8.0,16.747677547537137,0.01274232661466589
7.327071310111329,29.934636110324632,2.037676458989367,-0.26219959722050135,70.2621995972205,0.19302084589334376,65.74478021521622,65.74478021521622,308.7734679159707,398758.2571113651,1696643.6270148957,568414.141839691,93.86047066390393,8.0,15.652359210357417,0.01921853926901319
6.995408208284759,29.843158628554434,1.5451221574791612,-0.5782609873417641,70.57826098734176,0.18428367250486719,63.79405865321337,63.79405865321337,310.3821383996544,390656.18277966505,1710240.799315527,463829.04003548005,95.81119222590678,8.0,16.00384858333922,0.01460579776060359
7.458831232952789,22.655981902977004,3.9825153683336905,7.641521413125872,62.35847858687413,0.19649186598927262,66.50160888115278,66.50160888115278,308.1532347100731,401992.8689907695,1691290.3477211753,989843.1304914509,93.10364199796737,8.0,15.051935213916806,0.03556349627881373
7.05649838092727,28.12963096602097,2.0665763033058253,1.370363114748102,68.6296368852519,0.1858930026587795,64.15844062602542,64.15844062602542,310.080585443875,392144.49567832873,1707722.547861352,572476.875404628,95.44681025309472,8.0,15.80003342600844,0.01926743208588329
7.501663237198213,29.483131895681005,2.408805402274531,0.43582060420038715,69.56417939579961,0.1976202117280878,66.74550345878652,66.74550345878652,307.9538405051294,403046.4602965046,1689555.7221130882,649375.5518533494,92.85974742033363,8.0,15.43922621122482,0.022606658900510366
7.222032463559944,29.552792139060806,1.9722292948707107,0.025384957128324004,69.97461504287168,0.19025375299156858,65.13418553911879,65.13418553911879,309.2754721014328,396186.32947670313,1700930.4835540813,553725.7752749331,94.47106534000136,8.0,15.73354690760766,0.018563302319089488
7.347904316610172,29.64164545511403,2.1415167406857987,0.08183551942744316,69.91816448057256,0.1935696606061689,65.86511195039736,65.86511195039736,308.6747048372536,399269.0585190841,1695795.4412631379,590557.7678958174,93.74013892872279,8.0,15.608164205062621,0.020148622025230333
5.936065657220942,29.89095241696311,-0.3354786244777129,-2.1615949436596793,72.16159494365968,0.15637686135987727,57.06404064056528,57.06404064056528,316.0305332559907,365065.7013873035,1755073.128244904,106936.22526328132,102.54121023855487,8.0,17.333900000315055,0.0032074309214883607
5.717501786508316,29.496783543048863,-0.6702829821199237,-2.073524731820214,72.07352473182021,0.15061911977103043,55.565992266512694,55.565992266512694,317.30609991069963,359819.10639965255,1764644.0925810821,51905.079145461474,104.03925861260745,8.0,17.604932452950493,0.006404348017391821
7.421491955345189,11.750080154405449,5.861790603869135,18.711649983535153,51.28835001646485,0.1955082180017173,66.28814382600694,66.28814382600694,308.32794538669236,401075.23908355925,1692804.7433292079,1526306.1390710946,93.3171070531132,8.0,14.656371836507276,0.04871932969533221
7.734509374449448,29.902923304072672,2.6405187376838586,0.24961003031233986,69.75038996968766,0.2037541984839159,68.05364685749527,68.05364685749527,306.8885055875371,408793.05486135656,1680171.6872989987,703457.931710977,91.55160402162488,8.0,15.239069617769303,0.024813986457062117
7.614273513596255,28.585469291445087,2.7922342052828544,1.5313414608652351,68.46865853913476,0.20058676273962736,67.38185017262657,67.38185017262657,307.43472866738983,405821.5730020758,1685007.8672469386,733504.8147739327,92.22340070649358,8.0,15.264977563444688,0.026003579425455395
7.21056899116585,29.34475303047566,2.0060970079568667,0.2379697374715306,69.76203026252847,0.1899517647830835,65.0671507684117,65.0671507684117,309.33067122349235,395905.9874324198,1701399.3943152917,560750.2877138949,94.53810011070846,8.0,15.72952888154299,0.018853632540737117
6.577452451368507,22.618732542094918,2.6171987496259193,6.725862730718404,63.274137269281596,0.17327324687482895,61.23565765568384,61.23565765568384,312.5123938433246,380516.2961876768,1727651.3019069862,689686.6769150366,98.36959322343631,8.0,15.912419470059433,0.023516197917917956
7.845935686691755,29.90317253016432,2.796434080609703,0.373848889050862,69.62615111094914,0.20668955971263842,68.66935885749882,68.66935885749882,306.3895568124995,411554.9395526135,1675707.2508240347,739761.6760778564,90.93589202162133,8.0,15.132006079877101,0.02625607093932498
7.283066463327813,29.810102128702482,2.0018050607413764,-0.18019680356565004,70.18019680356565,0.19186160335426272,65.48977251508904,65.48977251508904,308.98295130708374,397680.0718990093,1698437.4389241508,560441.786323706,94.1154783640311,8.0,15.68897554174714,0.018869210516561565
17.584022624303834,14.61041437204225,13.571772554875743,20.719273085785858,49.28072691421414,0.4632250427898797,107.41065132909893,107.41065132909893,281.3751722597649,715881.8778772667,1305522.6035597923,4822424.854748614,52.19459955002122,8.0,9.795314742908602,0.11140092475880192
7.59720013857304,29.674424053114656,2.500645968874898,0.3396861478246933,69.6603138521753,0.20013698995187143,67.28582054792588,67.28582054792588,307.51296100152587,405400.34129498055,1685696.2265153385,670642.1660379653,92.31943033119427,8.0,15.357616212031985,0.023484558797018305
6.892725266809125,29.960226654977234,1.350304143547254,-0.8414733005068342,70.84147330050683,0.18157864243438157,63.17624142125874,63.17624142125874,310.8945080447678,388158.3681562158,1714488.2779287663,423809.56891552074,96.42900945786141,8.0,16.12974088007269,0.0127882075174316
6.706542673092363,29.6338314720317,1.1238516593180519,-0.7311272290494912,70.73112722904949,0.17667393764732253,62.03840550198203,62.03840550198203,311.8416022190764,383640.746667353,1722238.665536775,378662.2097575439,97.56684537713812,8.0,16.317541224540776,0.010635182524334765
7.2060374076987985,28.522060741615974,2.2022167765257956,1.1263622542448388,68.87363774575516,0.1898323869256796,65.04062972955751,65.04062972955751,309.35251437024834,395795.18490691955,1701584.816180906,601937.4643476929,94.56462114956264,8.0,15.671518257318041,0.020567330171147938
7.348024772046738,25.498007813268742,3.1521923066561626,4.533878804539995,65.46612119546,0.19357283382631027,65.86580696776895,65.86580696776895,308.6741345597105,399272.01262964995,1695790.5390432156,805921.9095487816,93.7394439113512,8.0,15.3200032757332,0.028749894921338573
6.560320448669674,29.948226783663827,0.7956995496660204,-1.2830195897966519,71.28301958979665,0.17282192962775747,61.12824611788517,61.12824611788517,312.6023087649306,380102.08583345613,1728372.1187188807,313915.93592107267,98.47700476123498,8.0,16.521719954623165,0.007559601791867179
7.530790342280389,29.969354730597317,2.3316256288980908,-0.0565527701731412,70.05655277017314,0.19838752218862984,66.91077126628085,66.91077126628085,307.8188624437248,403763.53937421396,1688377.6547373822,633392.1489452791,92.6944796128393,8.0,15.445463834756822,0.021958833990753535
7.4576792300690435,29.996870096903336,2.2174307454869586,-0.1727565481001534,70.17275654810015,0.1964615181788473,66.49503483086642,66.49503483086642,308.1586125553792,401964.54622301104,1691337.0392992024,608007.6030216914,93.11021604825373,8.0,15.521816494336917,0.020900614063202493
6.818183996124445,29.92485294741323,1.236989845715868,-0.901792515469765,70.90179251546977,0.17961496301697694,62.72345834048269,62.72345834048269,311.2708584490705,386347.9691542792,1717583.5433999621,400909.8596864203,96.88179253863746,8.0,16.21247558088197,0.01172010061060943
6.553888122611336,29.890508036507264,0.7990818206538635,-1.2278896922707645,71.22788969227076,0.17265247952084656,61.08786399609198,61.08786399609198,312.6361225479303,379946.59369208803,1728642.907462064,314696.05822168634,98.51738688302817,8.0,16.524258434609578,0.00758873777361159
6.11131940307325,29.880869273880208,0.002806544593964553,-1.8728752651455807,71.87287526514558,0.16099366183016992,58.235886183373225,58.235886183373225,315.03704574262497,369277.7267907998,1747486.5453147904,166680.7406727206,101.36936469574692,8.0,17.09183845076319,2.677695305135468e-05
7.2935909130803225,28.10219442599844,2.4386959522914875,1.684467486470453,68.31553251352955,0.19213885440148373,65.55086519071591,65.55086519071591,308.93274228174437,397937.84332500666,1698008.1449951997,652780.3559640596,94.05438568840424,8.0,15.550118973226859,0.022686752145192005
7.601213468397329,29.096594149333093,2.6483269046719844,0.967326616173068,69.03267338382693,0.20024271518433429,67.30840796787822,67.30840796787822,307.49455633354916,405499.3418141767,1685534.381348163,702353.8460693728,92.29684291124192,8.0,15.312854216366475,0.024761447444604644
6.534691125915497,29.65820094152297,0.8241845907018767,-0.996645518254752,70.99664551825475,0.17214676306415957,60.96717022195935,60.96717022195935,312.7372162071496,379482.61737656087,1729451.5644613688,320053.46745388553,98.6380806571608,8.0,16.526342050306084,0.007814192906878431
7.2659301820375255,29.862436955737195,1.9627424509153908,-0.258268340367124,70.25826834036712,0.19141017339403385,65.39015923495151,65.39015923495151,309.06484902221666,397260.4839623582,1699136.8039186057,552077.0495308902,94.21509164416864,8.0,15.711170228348408,0.018511274501932073
18.725168778343637,29.90408775509715,11.14429591116202,7.726295853174804,62.273704146825196,0.49328684874456363,110.78203559908178,110.78203559908178,280.39610732372927,765117.0697780165,1260595.6480972222,4516079.830572868,48.82321528003837,8.0,8.44695457671088,0.09946082044896139
6.891992286238496,29.011794696858047,1.5853747094281483,0.20031773763338379,69.79968226236662,0.18155933314643036,63.17180681775682,63.17180681775682,310.89819061135603,388140.55465457245,1714518.6651699545,472272.1799801389,96.43344406136333,8.0,16.05073121145506,0.014903590953306052
6.699453685367713,28.9477573844313,1.2833557158927047,0.016726381766659415,69.98327361823334,0.17648718876100403,61.994621395402646,61.994621395402646,311.87813416234354,383469.0080339275,1722535.0554666568,411263.08435549523,97.6106294837175,8.0,16.26595727704529,0.01208012893508956
7.329242859254641,29.926799846289605,2.042894709888057,-0.2510215295298508,70.25102152952985,0.1930780521405332,65.75733493047153,65.75733493047153,308.7631609373479,398811.4900914079,1696555.1841926586,569536.624454151,93.84791594864862,8.0,15.649477997470854,0.019266224104890546
6.833070826033346,29.988726944439392,1.2455482926925872,-0.9523780215710644,70.95237802157106,0.18000713451088898,62.81417702342242,62.81417702342242,311.19539696571997,386709.34286642633,1716964.567112504,402574.25573558954,96.79107385569773,8.0,16.200794436355295,0.011805456161467581
7.513244619652392,29.016314413405517,2.5405008139960157,0.9533853303091178,69.04661466969088,0.1979253061025393,66.81127324585964,66.81127324585964,307.9001116328346,403331.52292689437,1689087.1568710208,677659.053523785,92.79397763326051,8.0,15.394106582697987,0.02375562466114942
5.801658397046752,29.89907179162242,-0.6031586275357397,-2.3909206644975143,72.39092066449751,0.1528361010813159,56.14776692119739,56.14776692119739,316.810009477757,361838.63682934985,1760943.9113237348,60922.422408673905,103.45748395792276,8.0,17.5263111342648,0.005776207786044826
17.941998442634908,29.934636110324632,10.777291291162644,7.199810533850382,62.80018946614962,0.47265538573853816,108.48546184984968,108.48546184984968,281.024452624756,730875.786943888,1291531.6688277798,4164120.9758849815,51.119789029270464,8.0,8.947837247382779,0.09652703714622374
6.995408208284759,29.975015339095755,1.5122804821665763,-0.7231761018441034,70.7231761018441,0.18428367250486719,63.79405865321337,63.79405865321337,310.3821383996565,390656.18277966505,1710240.799315812,457027.0140397184,95.81119222590678,8.0,16.01486533965982,0.01431013275149878
7.458831232952789,29.961806934556165,2.2277900840779368,-0.13331185780248234,70.13331185780248,0.19649186598927262,66.50160888115278,66.50160888115278,308.15323471007287,401992.8689907695,1691290.3477212554,610223.6592628841,93.10364199796737,8.0,15.518006534051324,0.020992372022059638
5.848787054561094,29.52995385745873,-0.4150269005207313,-1.8938772768073022,71.8938772768073,0.15407763578928066,56.47082989638517,56.47082989638517,316.5349181607279,362969.91447557387,1758880.029073876,95060.23907868724,103.13442098273498,8.0,17.41884220263904,0.003960327452366393
7.4275578069206425,29.888473827916563,2.1995727550206294,-0.09090744639519244,70.09090744639519,0.1956680138809442,66.32287571777334,66.32287571777334,308.2995067764085,401224.2568465352,1692558.584623197,603813.7727323641,93.2823751613468,8.0,15.544553999042307,0.020720238522735367
6.726198726226005,29.953098413675818,1.0769243954039642,-1.057677676129515,71.05767767612952,0.17719174726622772,62.15962902200545,62.15962902200545,311.7404909453064,384117.0369292991,1721417.3524738003,368912.53726198256,97.4456218571147,8.0,16.322648865382405,0.010214906837221755
7.911949587886432,29.746157895931837,2.925960545396765,0.6148518787015291,69.38514812129847,0.20842859820564888,69.03108879254916,69.03108879254916,306.097188003539,413195.0154549635,1673069.9485500243,769593.5225136253,90.574162086571,8.0,15.05912342834813,0.0274254214868817
7.581686803839023,28.36838909714811,2.7984466943791886,1.7278155631958612,68.27218443680414,0.19972831411588576,67.19842683518914,67.19842683518914,307.5841907625075,405017.75012897974,1686322.0454906425,734167.1707067845,92.40682404393101,8.0,15.28187053901081,0.026025537382513977
7.754622301233994,29.207264644003075,2.8393539870822524,1.0201327487855565,68.97986725121444,0.20428404376275008,68.1652686236016,68.1652686236016,306.79793170005377,409290.99964477966,1679364.6193432054,746802.4059819961,91.43998225551854,8.0,15.171987562091829,0.02653764311730011
8.620847150267895,11.750080154405449,7.396081341547399,19.488029674364554,50.511970325635446,0.22710345495963896,72.78158723942579,72.78158723942579,303.10135341325326,431003.26620434225,1645072.0583986968,1934961.499534694,86.82366363969436,8.0,13.885709995936168,0.06117430418546612
6.666104483401613,29.45129295666966,1.1013048254549058,-0.5844449187639498,70.58444491876395,0.1756086534088939,61.788182627171466,61.788182627171466,312.0504654671755,382661.34049394383,1723930.686424033,374474.33010922675,97.81706825194868,8.0,16.349248724953554,0.010410920944846318
8.102322087709819,28.585469291445087,3.46544948817949,2.053249324025842,67.94675067597416,0.2134436798659067,70.06190556121192,70.06190556121192,305.2672112278621,417941.24121519126,1665494.889446558,893389.8981505975,89.54334531790823,8.0,14.812440308040493,0.03215529843127503
7.3236148530801115,29.89366481009837,2.0425936010016086,-0.22177498070954016,70.22177498070954,0.192929790650161,65.72479117822286,65.72479117822286,308.78987946404584,398673.53134138975,1696784.416632713,569416.9860452679,93.88045970089729,8.0,15.652815818534123,0.019259378851013243
18.257523027357266,29.620837141968153,10.993576444910524,7.685643348387998,62.314356651612,0.4809674137870723,109.41958011729946,109.41958011729946,280.7481225938204,744426.602322172,1279124.3521437352,4320195.815410516,50.18567076182069,8.0,8.758971373920417,0.09814249905158491
8.018976669517949,29.90317253016432,3.0332662940206534,0.5624196803257746,69.43758031967423,0.21124806821701655,69.61284046840444,69.61284046840444,305.6281957322763,415860.2580630905,1668805.8091565038,796031.2873857899,89.9924104107157,8.0,14.969889171784303,0.028441751293886992
6.700588314883792,29.741051564942772,1.0869927426069077,-0.8579095893845192,70.85790958938452,0.17651707889577956,62.00163157911027,62.00163157911027,311.8722846776123,383496.4944160642,1722487.6102043337,371210.74848819495,97.60361930000988,8.0,16.33408384293699,0.010295695793031407
7.8129959446725,29.674424053114656,2.806669634147271,0.5831770883555691,69.41682291164443,0.2058218109766201,68.488019747885,68.488019747885,306.5363381723895,410737.6416142047,1677025.3202986051,741156.6002166203,91.11723113123514,8.0,15.147852217744855,0.026313181738200315
6.892725266809125,29.65509907787792,1.4264273132760261,-0.5053728421574988,70.5053728421575,0.18157864243438157,63.17624142125874,63.17624142125874,310.89450804476434,388158.3681562158,1714488.2779282886,439487.0830488479,96.42900945786141,8.0,16.103733561599597,0.013476792045848217
6.706542673092363,29.922434310145192,1.0515830749865174,-1.050639515031719,71.05063951503172,0.17667393764732253,62.03840550198203,62.03840550198203,311.84160221906876,383640.746667353,1722238.6655366612,363941.1181742995,97.56684537713812,8.0,16.34319041552618,0.009974035710228306
7.49085596618991,29.99145867849984,2.2676680818645005,-0.1275425720729686,70.12754257207297,0.19733551017360143,66.6840619722671,66.6840619722671,308.00404915630827,402780.5214017054,1689993.1445792005,619158.3542377392,92.92118890685305,8.0,15.487559793351181,0.021367264831737537
7.196494136697956,29.87290076948564,1.8535865236515912,-0.3555958421194987,70.3555958421195,0.18958098358003045,64.9847374255549,64.9847374255549,309.3985567865192,395561.8748302594,1701975.413310838,528671.7739002446,94.62051345356525,8.0,15.786052886457526,0.01749389736056779
7.052460537486297,29.13760078251135,1.8110510902047006,0.2674741274527719,69.73252587254723,0.18578663165137768,64.13442856545583,64.13442856545583,310.1004424644577,392046.06982300384,1707888.7977230905,519139.4485242435,95.47082231366431,8.0,15.883288446409551,0.017017000881877208
7.530790342280389,29.950783104049563,2.336204167236293,-0.036426164464444355,70.03642616446444,0.19838752218862984,66.91077126628085,66.91077126628085,307.81886244371077,403763.53937421396,1688377.654736572,634368.2527000072,92.6944796128393,8.0,15.444095754595708,0.02199880970396799
7.4576792300690435,29.92599394282997,2.2349285228167424,-0.09579882423872732,70.09579882423873,0.1964615181788473,66.49503483086642,66.49503483086642,308.15861255537914,401964.54622301104,1691337.0392992024,611723.8841012054,93.11021604825373,8.0,15.516501007781415,0.02105402557462125
7.943166083674537,29.92485294741323,2.9249978524011238,0.4572626409538998,69.5427373590461,0.20925095057098358,69.20136587529322,69.20136587529322,305.9597597786664,413971.58152667875,1671824.756546534,770244.2017397718,90.40388500382693,8.0,15.041739168211905,0.02744696502281371
7.540181298676437,19.286496376135347,4.84203579846148,11.202850701119985,58.797149298880015,0.19863491303151837,66.96395488991828,66.96395488991828,307.7754495489879,403994.8403253914,1687998.0925271316,1189931.2764011594,92.64129598920186,8.0,14.82094013259399,0.04222752042964563
7.652079816096822,29.951221689712916,2.5114452614067346,0.10372543996840022,69.8962745600316,0.20158271380655485,67.59392699809496,67.59392699809496,307.2620908523799,406754.95146802947,1683485.0571017514,674000.1997568752,92.01132388102519,8.0,15.32314066456621,0.023625453674706337
6.11131940307325,29.988763388628804,-0.0245806296950525,-1.9945528583905912,71.99455285839059,0.16099366183016992,58.235886183373225,58.235886183373225,315.0370457426234,369277.7267907998,1747486.545314701,161315.30308220405,101.36936469574692,8.0,17.102856569295852,0.00023472678156256864
7.124123519214768,29.887946406231094,1.7374283551543817,-0.46283286254185896,70.46283286254186,0.18767448680755447,64.5590860097434,64.5590860097434,309.7495773062046,393794.07035553386,1704942.3184187373,504033.1626715205,95.04616486937675,8.0,15.865541855922743,0.016410136143971157
6.3477924753310475,29.951471219437437,0.4200977046943258,-1.593984423810241,71.59398442381024,0.1672231948190476,59.77814162105926,59.77814162105926,313.7356161740548,374971.55321792787,1737364.6331432764,242672.39487132427,99.82710925806089,8.0,16.788121390953336,0.004000081463459574
7.960765674710484,29.00251739108205,3.1740854086060746,1.4623406185905878,68.53765938140941,0.2097145857405291,69.29714857312831,69.29714857312831,305.88251123584246,414409.69247787667,1671123.2668511136,825017.8153041822,90.30810230599184,8.0,14.965725754579523,0.029574017975524326
7.918467710602041,29.862436955737195,2.9064583659267584,0.49728036246870033,69.5027196375313,0.20860030849847314,69.0666842795714,69.0666842795714,306.068448827925,413357.11135665263,1672809.846274831,765532.8205715236,90.53856659954874,8.0,15.06073294355599,0.027265278817746836
7.418566803459719,29.90408775509715,2.1823552126689427,-0.11860755587002814,70.11860755587003,0.19543115920599893,66.27138746195698,66.27138746195698,308.3416672626495,401003.38520012057,1692923.4688335103,600046.9484254003,93.33386341716317,8.0,15.554978642558297,0.020562092888654175
7.66376834196423,29.212099504275514,2.709614788588777,0.9136612464367317,69.08633875356327,0.20189063071560143,67.65933759323082,67.65933759323082,307.20888194325875,407043.69919375563,1683014.6539295323,716794.1523494797,91.94591328588933,8.0,15.25981757566143,0.02534406701928603
7.921493274148325,29.36471179295073,3.0322396614273694,1.0336025688000063,68.9663974312,0.20868001249073564,69.08319952769426,69.08319952769426,306.0551165975137,413432.36223847436,1672689.1309901027,792969.1039453874,90.52205135142589,8.0,15.025182938228795,0.028337733733715408
7.926503863456186,29.735113446916863,2.948610986663224,0.6425218243360291,69.35747817566397,0.20881200904784472,69.11053991957493,69.11053991957493,306.03304821566127,413556.9975737463,1672489.2416596476,774918.0591009912,90.49471095954522,8.0,15.044766584308206,0.027632323906818912
7.600948685800363,29.663639896280095,2.5087053226441234,0.3556437593757096,69.64435624062429,0.20023573987882937,67.30691801699572,67.30691801699572,307.4957703100116,405492.8098793041,1685545.0585102725,672436.9986667441,92.29833286212443,8.0,15.353130101509862,0.023557585515331277
6.67063540948835,29.668952800370157,1.0544808887228299,-0.8191523888637562,70.81915238886376,0.17572801394858667,61.81627493652536,61.81627493652536,312.02700620942954,382771.0483233888,1723740.9448974035,364903.5813656711,97.78897594259479,8.0,16.363219039015917,0.00998498832974711
5.801658397046752,29.455646314752457,-0.4899253828812262,-1.886806301948809,71.88680630194881,0.1528361010813159,56.14776692119739,56.14776692119739,316.81000947773464,361838.63682934985,1760943.9113229637,82646.07947871668,103.45748395792276,8.0,17.478280394820956,0.004674796274956892
7.530260777086457,29.791665842231268,2.3746440857828164,0.13530725434986834,69.86469274565013,0.19837357157762003,66.90777072823113,66.90777072823113,307.8213120726707,403750.49762380926,1688399.06241211,642556.1588784821,92.69748015088902,8.0,15.432952240140708,0.02233354640551863
6.660125619058152,29.401891182950017,1.1035403336535206,-0.5379823429846624,70.53798234298466,0.17545114907950873,61.75109123810705,61.75109123810705,312.08144365347954,382516.5851963866,1724181.1245282101,374992.0203096608,97.8541596410131,8.0,16.35196920998675,0.01042859976623435
7.4942649000338575,29.92057109914576,2.2901655481297785,-0.04662007624239095,70.04662007624239,0.1974253134887739,66.70344951914433,66.70344951914433,307.98820444105075,402864.3991542125,1689855.1501094548,623995.8922084029,92.90180135997582,8.0,15.478825706928944,0.021566849149066168
17.936829630283484,28.12963096602097,11.170119752605856,8.855783751979288,61.14421624802071,0.4725192210295965,108.47005736152312,108.47005736152312,281.02923650250295,730656.4548719625,1291734.3189467622,4268690.1946365675,51.13519351759703,8.0,9.002290898731644,0.09894005069679244
7.501663237198213,29.636052234738045,2.3711519246071315,0.27035165562858765,69.72964834437141,0.1976202117280878,66.74550345878652,66.74550345878652,307.95384050512666,403046.4602965046,1689555.7221130035,641352.9503057137,92.85974742033363,8.0,15.45037641385477,0.02227936696466445
7.364587933210663,29.945191788727982,2.0915497737285293,-0.22819290053769237,70.22819290053769,0.19400916578531777,65.96129474407024,65.96129474407024,308.5958024699758,399678.2910650283,1695116.6739833127,580183.2842687746,93.6439561350499,8.0,15.613984104883741,0.019721880845911685
7.416394620778321,29.9688492810264,2.163124964754206,-0.19158932476676682,70.19158932476677,0.19537393626918653,66.25894122234757,66.25894122234757,308.35186026975674,400950.030459264,1693011.641284297,595943.555034702,93.34630965677258,8.0,15.562116006644942,0.02039147889592814
18.427557143334077,21.30310978285039,12.824742399266894,15.30285291499672,54.69714708500328,0.4854467108359873,109.91796135698712,109.91796135698712,280.6121161655857,751864.0004222121,1272407.2280440119,4861835.74662085,49.68728952213303,8.0,8.961498720669454,0.10891307924488952
5.717501786508316,29.91255003429699,-0.7766774793544533,-2.5475416685263212,72.54754166852632,0.15061911977103043,55.565992266512694,55.565992266512694,317.3060999106919,359819.10639965255,1764644.0925805992,31622.229497356842,104.03925861260745,8.0,17.65083641881904,0.0074463525121338855
6.724152643640963,29.45129295666966,1.1990590167014352,-0.5054551507491283,70.50545515074913,0.17713784624976192,62.147022606708674,62.147022606708674,311.75100353155904,384067.4509154059,1721502.8119662132,393843.79825897655,97.45822827241147,8.0,16.28077769401392,0.011328637880297157
6.106224204704127,29.924786580710936,-0.017937837049021042,-1.9303144693443528,71.93031446934435,0.16085943637260608,58.20217159237535,58.20217159237535,315.06557413686227,369155.1871920029,1747706.0600462437,162778.49964658226,101.4030792867448,8.0,17.103195915661274,0.00017121382430791346
7.835625817760247,29.94468714217345,2.771942890389943,0.31779946768438094,69.68220053231562,0.20641796147945857,68.61266184656381,68.61266184656381,306.4354338372193,411299.05604429776,1676119.643858936,734201.6007031286,90.99258903255634,8.0,15.144653532286895,0.026036450936208773
7.623750304441345,29.620837141968153,2.5520455590077473,0.4279886404723925,69.57201135952761,0.2008364147639975,67.43508387204292,67.43508387204292,307.391377162909,406055.4587265418,1684625.9616039435,682154.7535769976,92.17016700707723,8.0,15.327552340120917,0.023952296384414595
6.749624763933116,29.90317253016432,1.128629612301376,-0.970451925982843,70.97045192598284,0.17780887154723699,62.303760312162126,62.303760312162126,311.62033672128314,384684.87364387006,1720439.476836603,379249.8436334793,97.30149056695802,8.0,16.29060505512399,0.010698668990756974
7.1514593164689275,29.741051564942772,1.8165164202415571,-0.2677229462522064,70.2677229462522,0.18839460791540905,64.7202376449876,64.7202376449876,309.6166019131487,394461.4993295951,1703820.648164998,520667.90135582996,94.88501323413254,8.0,15.824053264302563,0.01713332035026013
7.575116358296942,14.61041437204225,5.752219208554429,15.97146130750832,54.02853869249168,0.19955522545566232,67.16137261457271,67.16137261457271,307.6144010173323,404855.7525087819,1686587.2048627161,1437755.025079104,92.44387826454744,8.0,14.623661808864483,0.04864236354847959
7.643013881101058,29.94814418444873,2.499215123930502,0.09664618847773454,69.90335381152227,0.20134388517126073,67.54314185572423,67.54314185572423,307.30341477688825,406531.0485112374,1683850.0447906295,671201.3292580894,92.06210902339592,8.0,15.331869957555227,0.02351158395801966
6.892725266809125,29.965138279965828,1.3490779691836137,-0.8468884395023224,70.84688843950232,0.18157864243438157,63.17624142125874,63.17624142125874,310.89450804476,388158.3681562158,1714488.2779286676,423557.15082971816,96.42900945786141,8.0,16.130162044866154,0.012777089036121198
6.706542673092363,29.819813776507665,1.0772906163905713,-0.9369656162698448,70.93696561626984,0.17667393764732253,62.03840550198203,62.03840550198203,311.8416022190705,383640.746667353,1722238.6655368323,369176.2187014154,97.56684537713812,8.0,16.33403815645437,0.010209565015392656
7.4125538061514895,29.934305688606194,2.1659428023569345,-0.15864151974386687,70.15864151974387,0.19527275569419097,66.23692739793813,66.23692739793813,308.3698902642925,400855.6959975966,1693167.563603675,596492.4906194687,93.36832348118202,8.0,15.563459646531612,0.020413261509662405
7.348024772046738,29.764718978129586,2.111284082985132,-0.051839930989387994,70.05183993098939,0.19357283382631027,65.86580696776895,65.86580696776895,308.6741345597093,399272.01262964995,1695790.5390427872,584171.2253108312,93.7394439113512,8.0,15.617415039470643,0.01988303121727307
6.560320448669674,29.636052234738045,0.8741167688187145,-0.9359298638210589,70.93592986382106,0.17282192962775747,61.12824611788517,61.12824611788517,312.60230876491045,380102.08583345613,1728372.1187181962,329745.7033593157,98.47700476123498,8.0,16.49302120973033,0.008284009705602067
7.530790342280389,29.88923041131045,2.3513763965904233,0.03026488367828506,69.96973511632171,0.19838752218862984,66.91077126628085,66.91077126628085,307.81886244371634,403763.53937421396,1688377.6547368176,637603.1052902321,92.6944796128393,8.0,15.439569350331283,0.02213119913581854
8.722699055403712,29.385929751430822,4.058938364791632,1.818251778435524,68.18174822156448,0.22978659260810622,73.30151403938282,73.30151403938282,302.6914939010009,433593.8794441727,1641093.1933035043,1051475.6144420602,86.30373683973733,8.0,14.330546968823285,0.037724184659555994
6.818183996124445,21.500711003256043,3.271109632073122,8.186830416164696,61.813169583835304,0.17961496301697694,62.72345834048269,62.72345834048269,311.2708584490727,386347.9691542792,1717583.543400599,829382.8354485703,96.88179253863746,8.0,15.59064311428682,0.0291039537016504
7.418566803459719,19.286496376135347,4.668917594590579,11.093200003336676,58.906799996663324,0.19543115920599893,66.27138746195698,66.27138746195698,308.34166726264743,401003.38520012057,1692923.4688334058,1148332.4041997422,93.33386341716317,8.0,14.922394159500357,0.04074709280907421
6.553888122611336,29.253698414937375,0.9589079122541547,-0.5206505792048688,70.52065057920487,0.17265247952084656,61.08786399609198,61.08786399609198,312.6361225479235,379946.59369208803,1728642.9074618376,346970.94182890444,98.51738688302817,8.0,16.466102926334088,0.009060685501495235
6.11131940307325,29.974978563238444,-0.02108088206323126,-1.9790025541901173,71.97900255419012,0.16099366183016992,58.235886183373225,58.235886183373225,315.0370457426253,369277.7267907998,1747486.5453146307,162000.82342203823,101.36936469574692,8.0,17.101446594713707,0.00020128424398939095
7.118975597007635,29.46744676534143,1.8337461333449288,-0.009375976414844445,70.00937597641484,0.18753887241853623,64.52868643702982,64.52868643702982,309.77467245617635,393668.41998505656,1705153.6919265515,524116.1994568074,95.07656444209033,8.0,15.837342809839242,0.0172641100878275
6.3477924753310475,29.98728385837596,0.41105347547853827,-1.634093960891164,71.63409396089116,0.1672231948190476,59.77814162105926,59.77814162105926,313.73561617407233,374971.55321792787,1737364.6331438262,240872.39946239698,99.82710925806089,8.0,16.79159670691854,0.0039150919119075875
6.534691125915497,22.932047648510135,2.4713353926742734,6.339700132245014,63.660299867754986,0.17214676306415957,60.96717022195935,60.96717022195935,312.73721620713854,379482.61737656087,1729451.5644604159,659131.2063871062,98.6380806571608,8.0,15.980518087477606,0.02226377723380082
7.465147708253999,29.862436955737195,2.261641955290015,-0.017966167115389453,70.01796616711539,0.19665826417950472,66.53764129547454,66.53764129547454,308.1237617523907,402148.1771911903,1691034.3709658294,617504.4325226392,93.0676095836456,8.0,15.504127141568745,0.021293905471486494
7.4620624518399445,29.68943845048328,2.2997597540028982,0.16600038855295907,69.83399961144704,0.19657698766701645,66.52004423126408,66.52004423126408,308.13815474590433,402072.3147061773,1691159.39438283,625561.5884170678,93.08520664785607,8.0,15.494416399438592,0.02162455195998542
7.452930748679941,29.212099504275514,2.403858134339033,0.6720614954737698,69.32793850452623,0.19633642646680563,66.46792908320282,66.46792908320282,308.1807879905828,401847.809548731,1691529.5197362097,647561.8363380785,93.13732179591733,8.0,15.468650917694902,0.022522579727574717
6.856900840982502,29.941573275018136,1.2964572768352256,-0.8684752545744345,70.86847525457443,0.18063490097424925,62.959089975260724,62.959089975260724,311.0749144583126,387288.0014952833,1715974.5920134662,412894.8954363921,96.64616090385942,8.0,16.169210152164794,0.012280612938091415
7.329242859254641,29.954808846597004,2.035963408911943,-0.28153337712791426,70.28153337712791,0.1930780521405332,65.75733493047153,65.75733493047153,308.7631609373367,398811.4900914079,1696555.184192388,568074.3950318174,93.84791594864862,8.0,15.651642981462146,0.019205023135937867
7.0378238796768375,29.663639896280095,1.6573063070985634,-0.3267232124788393,70.32672321247884,0.1854010505710442,64.04730249250889,64.04730249250889,310.17250977608967,391689.3530346204,1708491.665193802,487127.30713834654,95.55794838661126,8.0,15.941916852212842,0.015638218115355228
6.67063540948835,29.903843318131393,0.9956158838188373,-1.0794786728596932,71.0794786728597,0.17572801394858667,61.81627493652536,61.81627493652536,312.02700620943887,382771.0483233888,1723740.9448978917,352939.2831989791,97.78897594259479,8.0,16.384273307592366,0.009445147466085432
7.697568197707526,28.843176181686147,2.8479274782286588,1.3475369723389008,68.6524630276611,0.20278103787427623,67.84807182411475,67.84807182411475,307.05545405524794,407879.14792578423,1681655.4415628598,747316.4123141551,91.7571790550054,8.0,15.20209338844478,0.02655650996402139
7.587809182176992,29.934636110324632,2.423045419808615,0.047540595698023935,69.95245940430198,0.1998895991089829,67.23293278614847,67.23293278614847,307.5560631478482,405168.7235693429,1686075.0236656,653870.8901773173,92.37231809297168,8.0,15.385708088676438,0.02280295366239482
8.019211338255774,29.401891182950017,3.1558917240406887,1.098324329449781,68.90167567055022,0.21125425021748614,69.61410969749431,69.61410969749431,305.62717416610644,415866.1105113541,1668796.475099444,822825.8321130833,89.99114118162584,8.0,14.937495847290563,0.029479878658949146
7.479448871542571,29.935936108301064,2.26458648779055,-0.08078746910132395,70.08078746910132,0.197035007153387,66.61913915521012,66.61913915521012,308.0571190797238,402499.89523726655,1690455.0304826573,618336.042119022,92.98611172391003,8.0,15.495032231736104,0.02133114233746099
8.11666387240767,28.12963096602097,3.5947257336059826,2.5503844295827776,67.44961557041722,0.21382149295067623,70.13883429235977,70.13883429235977,305.2054637043356,418299.8228989243,1664925.9944593804,922333.6479684155,89.46641658676037,8.0,14.773000222840494,0.03323925559335188
7.421208144366862,29.888473827916563,2.190138971971651,-0.09848718620179397,70.0984871862018,0.19550074142167706,66.2865182647605,66.2865182647605,308.32927651907016,401068.2672974008,1692816.2620328167,601730.9521805528,93.31873261435965,8.0,15.551081928684084,0.020632481987018274
7.3202971360336075,29.945191788727982,2.024826885712216,-0.2819500599017033,70.2819500599017,0.19284239030647016,65.70559791719222,65.70559791719222,308.80563910621936,398592.21243258903,1696919.5724917185,565637.6214998794,93.89965296192793,8.0,15.660282200252652,0.01910003012275913
7.510853268094291,29.905590552844274,2.318190516858591,-0.010848033455829409,70.01084803345583,0.19786230948615097,66.79769909310625,66.79769909310625,307.91119925221153,403272.6561511514,1689183.891340135,630215.4482157605,92.8075517860139,8.0,15.460905018194808,0.02182522094111522
5.936065657220942,29.766996707780642,-0.3039028539305272,-2.0211370700274642,72.02113707002746,0.15637686135987727,57.06404064056528,57.06404064056528,316.0305332559881,365065.7013873035,1755073.1282451604,113049.26225894773,102.54121023855487,8.0,17.3207944764427,0.002902602601619977
7.3825001461239745,29.207264644003075,2.300517918814212,0.5944729390924408,69.40552706090756,0.19448103651538395,66.06438111977576,66.06438111977576,308.51127675923226,400117.82893438794,1694388.3959050088,624626.8585167942,93.54086975934439,8.0,15.539923092617528,0.021566169541108657
7.453971109704652,11.750080154405449,5.90735967560852,18.735327804490737,51.26467219550926,0.1963638332377411,66.47386886746085,66.47386886746085,308.17592835483345,401873.3846929659,1691487.345677237,1537606.2417889666,93.1313820116593,8.0,14.632998278035757,0.04909079994772019
8.007194505139363,29.45129295666966,3.1276353312176184,1.032833290569556,68.96716670943044,0.21093768454002537,69.54908013126845,69.54908013126845,305.6795239220426,415566.4693289777,1669274.5366115845,816283.549444541,90.0561707478517,8.0,14.951639308151186,0.029229410438973338
7.0695432189832825,28.585469291445087,1.9746020970048386,0.8908490886117875,69.10915091138821,0.1862366496044068,64.23594556461046,64.23594556461046,310.0165061991223,392462.5272504952,1707185.6431306698,553313.2883195087,95.36930531450969,8.0,15.82123114722475,0.018472182747902903
7.3236148530801115,29.53678923438507,2.1308303345778383,0.1665415305204192,69.83345846947958,0.192929790650161,65.72479117822286,65.72479117822286,308.7898794640454,398673.53134138975,1696784.4166327424,588035.9766089682,93.88045970089729,8.0,15.625453140265506,0.020036038297140485
7.596432976306778,29.620837141968153,2.512715297454194,0.39667497792328277,69.60332502207672,0.20011678019775495,67.2815018771214,67.2815018771214,307.5164801763091,405381.41809277196,1685727.1663828897,673211.3897556461,92.32374900199875,8.0,15.354545773077575,0.023588388005128753
7.897306706714762,29.90317253016432,2.867417978258763,0.43042822697526617,69.56957177302473,0.20804285318005167,68.95104482060805,68.95104482060805,306.16183443395806,412830.97253891855,1673654.4613921433,756482.697200526,90.6542060585121,8.0,15.083356857463286,0.026911768629742133
7.612706439766033,29.741051564942772,2.506611308721333,0.2855512182179041,69.7144487817821,0.20054548049963206,67.37304277169346,67.37304277169346,307.44190220451594,405782.90308640926,1685071.030968036,672208.8108600009,92.23220810742669,8.0,15.347021152722391,0.02354960884578041
7.512532577808281,29.674424053114656,2.377617706407522,0.241521157064426,69.75847884293557,0.19790654841433827,66.8072317801956,66.8072317801956,307.9034126994384,403313.9945813196,1689115.9593741852,642903.4726205101,92.79801909892456,8.0,15.442226571264825,0.02234468338831595
6.892725266809125,29.98351827593163,1.3444892254642913,-0.8671540501885033,70.8671540501885,0.18157864243438157,63.17624142125874,63.17624142125874,310.8945080447535,388158.3681562158,1714488.2779281912,422612.5505248921,96.42900945786141,8.0,16.13173881494464,0.012735472465670715
6.706542673092363,29.97365226548031,1.0387482065893374,-1.1074001606820616,71.10740016068206,0.17667393764732253,62.03840550198203,62.03840550198203,311.8416022190663,383640.746667353,1722238.6655365112,361328.0246368762,97.56684537713812,8.0,16.347771553657367,0.009856301397406522
7.49085596618991,29.987613772420175,2.268616819085004,-0.12337069398722633,70.12337069398723,0.19733551017360143,66.6840619722671,66.6840619722671,308.0040491563137,402780.5214017054,1689993.1445794574,619360.1882960951,92.92118890685305,8.0,15.487273413884623,0.021375570789781806
6.8111082860963155,29.764718978129586,1.265334669544955,-0.73446551817716,70.73446551817716,0.17942856391191558,62.68028826109804,62.68028826109804,311.3067780354698,386176.2401894027,1717877.886404142,406764.03695405385,96.92496261802211,8.0,16.206755784122663,0.011974343446302193
6.560320448669674,29.937152495518276,0.7984831906531341,-1.27069561913396,71.27069561913396,0.17282192962775747,61.12824611788517,61.12824611788517,312.6023087649259,380102.08583345613,1728372.1187188388,314477.5843183532,98.47700476123498,8.0,16.520696226214852,0.007585378190485153
8.357228433598948,29.919575108211546,3.474275744469426,0.8977852442042149,69.10221475579579,0.2201588101580334,71.41448121809515,71.41448121809515,304.1855861514324,424336.8841934363,1655418.714666777,904714.7701288469,88.190769661025,8.0,14.667722667128487,0.032499872852260386
7.0340683112689035,29.92599394282997,1.5860882786261388,-0.6193609198185186,70.61936091981852,0.18530211568147795,64.02492548055022,64.02492548055022,310.19102359646615,391597.8404783788,1708646.4119472073,472333.98369244125,95.58032539856993,8.0,15.967688483352845,0.01499743785257909
7.425191123927366,29.92485294741323,2.187073019779753,-0.13325338504176898,70.13325338504177,0.19560566712137423,66.30932704798994,66.30932704798994,308.31059991537717,401166.11288102163,1692654.6205726825,601132.2697774468,93.29592383113021,8.0,15.549729740947043,0.020608688280042968
7.736667601057624,19.286496376135347,5.114506332705598,11.374519807816398,58.6254801921836,0.2038110537686413,68.0656347583606,68.0656347583606,306.8787756499423,408846.4748144428,1680085.058484968,1256829.1052704353,91.53961612075955,8.0,14.66205625814439,0.04455351676747039
6.553888122611336,29.97545560596746,0.7777273019591497,-1.3224353308197578,71.32243533081976,0.17265247952084656,61.08786399609198,61.08786399609198,312.63612254792645,379946.59369208803,1728642.9074617825,310389.0134325802,98.51738688302817,8.0,16.532119754400867,0.007390942411612316
6.11131940307325,29.97017245055634,-0.019860733991891134,-1.9735812109394715,71.97358121093947,0.16099366183016992,58.235886183373225,58.235886183373225,315.0370457426308,369277.7267907998,1747486.5453147513,162239.83048280998,101.36936469574692,8.0,17.100955160246713,0.00018962663634205715
7.427232711539391,29.46744676534143,2.3029625562922846,0.36547690914414943,69.63452309085585,0.19565944972443075,66.32101481716353,66.32101481716353,308.30103036866467,401216.26981381414,1692571.7759409803,625747.5375522827,93.28423606195662,8.0,15.513460453612538,0.021624086382330605
6.3477924753310475,29.941151906765093,0.4227035213797671,-1.5824285829513656,71.58242858295137,0.1672231948190476,59.77814162105926,59.77814162105926,313.7356161740497,374971.55321792787,1737364.6331432778,243191.04853960162,99.82710925806089,8.0,16.787120808655118,0.004024559521540327
6.534691125915497,29.9536148527974,0.7499325549901316,-1.3253709552041641,71.32537095520416,0.17214676306415957,60.96717022195935,60.96717022195935,312.7372162071521,379482.61737656087,1729451.5644618473,305089.24503115163,98.6380806571608,8.0,16.553671738006244,0.0071269517356156616
6.710620889851068,29.862436955737195,1.073474201472709,-0.9785843187250407,70.97858431872504,0.17678137223000706,62.06357846791752,62.06357846791752,311.82060166553475,383739.5546872582,1722068.1994705517,368358.9445920979,97.54167241120263,8.0,16.33300417755993,0.010176423450792973
7.4620624518399445,29.562627888934323,2.331017435730046,0.3034107919909843,69.69658920800902,0.19657698766701645,66.52004423126408,66.52004423126408,308.13815474591,402072.3147061773,1691159.3943830507,632206.8527241223,93.08520664785607,8.0,15.485052202894167,0.021897134482625716
6.589186245143876,29.685980435719948,0.9113110579466297,-0.9509286249056004,70.9509286249056,0.17358235629989135,61.30910465405975,61.30910465405975,312.4509323751467,380800.0494169049,1727157.9518310172,336858.15954984736,98.2961462250604,8.0,16.46252779254155,0.008637426066881825
6.856900840982502,29.96175496615396,1.2914155125848032,-0.8907466966807078,70.89074669668071,0.18063490097424925,62.959089975260724,62.959089975260724,311.07491445830345,387288.0014952833,1715974.5920131875,411859.1562679491,96.64616090385942,8.0,16.17095433870179,0.012234801570623094
7.329242859254641,29.77766486308795,2.079786545051584,-0.08864338918255044,70.08864338918255,0.1930780521405332,65.75733493047153,65.75733493047153,308.7631609373396,398811.4900914079,1696555.1841922435,577320.950185554,93.84791594864862,8.0,15.637993133196915,0.01959152303026259
18.606932242214736,29.663639896280095,11.143796288463346,7.869813069754912,62.13018693024509,0.49017208225012476,110.43999545010337,110.43999545010337,280.4785442308817,759815.4163676226,1265296.6907525833,4475626.084055633,49.16525542901678,8.0,8.532131530316349,0.09936049459986984
6.67063540948835,24.99402290502355,2.207964497538152,4.2894434341705505,65.71055656582945,0.17572801394858667,61.81627493652536,61.81627493652536,312.0270062094391,382771.0483233888,1723740.9448978535,602181.7807690778,97.78897594259479,8.0,15.981500738466082,0.02017185686453544
8.222263090760691,28.843176181686147,3.56081001736939,1.902210405514495,68.0977895944855,0.2166033480179318,70.70219218672844,70.70219218672844,304.75411413524927,420944.62795015913,1660744.5773013353,918708.663616434,88.90305869239171,8.0,14.722032957792635,0.033075073806507066
7.298349108678704,29.934636110324632,1.9941919193329314,-0.2972466101585951,70.2972466101586,0.19226420201998692,65.57846429696588,65.57846429696588,308.9100646307772,398054.40324772993,1697814.1145392687,558975.6742936672,94.02678658215427,8.0,15.68254927532962,0.01881309983648252
7.490932056706757,29.639504530980304,2.354559402060136,0.25404872099500153,69.745951279005,0.1973375146656153,66.68449479126656,66.68449479126656,308.0036954131436,402782.39355681883,1689990.0642306586,637651.7455825049,92.92075608785359,8.0,15.461464291449204,0.022126018958935307
7.872491050757461,29.92057109914576,2.8289387299925455,0.38447391341657067,69.61552608658343,0.20738912146357905,68.8151413112164,68.8151413112164,306.2716592818117,412214.3453771654,1674645.6736528154,747482.9686072931,90.79010956790376,8.0,15.107976129393592,0.026559263489307598
6.7366474957805105,28.12963096602097,1.549080792809322,0.9649590851473704,69.03504091485263,0.1774670046306773,62.22396214445769,62.22396214445769,311.6868513711839,384370.28405237827,1720981.0593751536,465413.5031541984,97.38128873466246,8.0,16.15380991305483,0.014483907827369413
17.684521469628212,29.90666509809207,10.660832606107013,7.068206743235862,62.93179325676414,0.4658725360808275,107.71403627703455,107.71403627703455,281.2727486549089,720051.5024089185,1301603.626244371,4057224.333153599,51.8912146020856,8.0,9.105665066385143,0.09556883344342408
7.530730114562106,29.606260001796336,2.4209854773510817,0.3364843461159239,69.66351565388408,0.19838593557855916,66.91043002143562,66.91043002143562,307.8191410330025,403762.0561210719,1688380.0894221233,652448.913070232,92.69482085768453,8.0,15.418976284338612,0.02273695098855681
8.902710802698252,29.986807473236013,4.129932840414797,1.3565030824784685,68.64349691752153,0.2345287355821457,74.20956198584219,74.20956198584219,301.97909591812123,438193.84823093424,1634084.8112100181,1076669.7680275308,85.39568889327796,8.0,14.216563973835491,0.03850859652490834
7.258947278707829,28.58780836431646,2.2668733354553616,1.118550988325012,68.88144901167499,0.19122621914404186,65.34951769399032,65.34951769399032,309.09827357360035,397089.54913948406,1699421.9230146073,616068.3063823816,94.25573318512983,8.0,15.621309892315253,0.021172346524133207
5.717501786508316,29.784231303306747,-0.7438199720809329,-2.4011148659494097,72.40111486594941,0.15061911977103043,55.565992266512694,55.565992266512694,317.3060999106935,359819.10639965255,1764644.092580871,37882.30285559426,104.03925861260745,8.0,17.636602871122307,0.007123789528166014
6.724152643640963,29.996946424213725,1.0625069081882534,-1.109053851584747,71.10905385158475,0.17713784624976192,62.147022606708674,62.147022606708674,311.7510035315702,384067.4509154059,1721502.8119666234,365993.5884729229,97.45822827241147,8.0,16.32897827919396,0.010081858319366995
6.106224204704127,29.938928025377223,-0.02152778268463784,-1.9462646773023948,71.9462646773024,0.16085943637260608,58.20217159237535,58.20217159237535,315.06557413686295,369155.1871920029,1747706.0600463338,162075.4305399366,101.4030792867448,8.0,17.104641503816424,0.00020550288578610572
7.3236148530801115,29.943106661441753,2.0303582195870575,-0.27563593808343967,70.27563593808344,0.192929790650161,65.72479117822286,65.72479117822286,308.78987946404567,398673.53134138975,1696784.416632528,566836.4496282864,93.88045970089729,8.0,15.656639065774073,0.019151346641263195
7.135076821104591,29.620837141968153,1.8208325355176818,-0.15683010033791334,70.15683010033791,0.18796303532941494,64.62371347649366,64.62371347649366,309.6962379923283,394061.4613731539,1704492.7228033722,521491.77891736454,94.98153740262649,8.0,15.832159125767191,0.017160495746840743
7.389944090046508,29.385929751430822,2.267592936840873,0.40967795980679966,69.5903220401932,0.19467713619722096,66.10716721575352,66.10716721575352,308.4762064535534,400300.5435588733,1694085.8823972987,617745.2192963146,93.49808366336663,8.0,15.545548484787275,0.021285316205024142
7.369685484746887,29.741051564942772,2.1496544277431777,-1.6006267458124057e-05,70.00001600626746,0.194143453233585,65.99065048462569,65.99065048462569,308.5717280063352,399803.35917965334,1694909.3669226617,592526.4182996395,93.61460039449446,8.0,15.593118713494448,0.020236937000356458
6.843066605626469,14.61041437204225,4.675262561281985,15.358761047352289,54.64123895264771,0.1802704585254602,62.87500800485043,62.87500800485043,311.1448124780021,386952.039163776,1716549.1837069737,1182072.5789844464,96.73024287426972,8.0,15.211981094364774,0.03969010164142049
7.288151166929239,29.969801486967604,1.9699921797002693,-0.3480879512289903,70.34808795122899,0.19199555234270915,65.5192965278124,65.5192965278124,308.9586852122672,397804.6023535019,1698230.011345094,553790.0021377472,94.08595435130775,8.0,15.69605500814339,0.01859152473891529
6.892725266809125,29.971763557267266,1.3474239456605974,-0.854193154323525,70.85419315432353,0.18157864243438157,63.17624142125874,63.17624142125874,310.89450804475695,388158.3681562158,1714488.27792855,423216.6619000005,96.42900945786141,8.0,16.13073027996643,0.012762089626342744
6.706542673092363,29.912676597049817,1.0540279743562115,-1.0398278056341042,71.0398278056341,0.17667393764732253,62.03840550198203,62.03840550198203,311.84160221906853,383640.746667353,1722238.6655369885,364438.92882706266,97.56684537713812,8.0,16.34231864731231,0.009996451989508253
6.570832327741137,28.434682511109564,1.1928586405776977,0.40819069683158204,69.59180930316842,0.17309884951899726,61.1941764783096,61.1941764783096,312.54711359432395,380356.22566318524,1727929.7686940467,394150.8444315285,98.41107440081055,8.0,16.373104263060043,0.011197177499651049
7.348024772046738,29.93355966357882,2.069533362556449,-0.23557887135814326,70.23557887135814,0.19357283382631027,65.86580696776895,65.86580696776895,308.67413455969523,399272.01262964995,1695790.5390421369,575352.770085862,93.7394439113512,8.0,15.630356944137134,0.019515306019628913
7.118666507686376,29.13760078251135,1.914986906433801,0.3502577934509645,69.64974220654904,0.18753072991797617,64.5268606808682,64.5268606808682,309.77617974422026,393660.87615056586,1705166.384527738,541087.8787904143,95.07839019825195,8.0,15.811555636807498,0.017983055940397605
7.530790342280389,29.890508036507264,2.3510615134795922,0.028880843556748914,69.97111915644325,0.19838752218862984,66.91077126628085,66.91077126628085,307.81886244370577,403763.53937421396,1688377.654736583,637535.965216258,92.6944796128393,8.0,15.439663180177831,0.02212845280023912
7.718970426435346,29.92599394282997,2.6128784887385716,0.20717436897530206,69.7928256310247,0.203344847903987,67.9672624155586,67.9672624155586,306.9586371454974,408408.5246809754,1680795.5888437412,697168.3466032087,91.63798846356156,8.0,15.255793995229283,0.02456162541212884
7.425191123927366,29.78574176742383,2.221422144143436,0.01783046891171125,69.98216953108829,0.19560566712137423,66.30932704798994,66.30932704798994,308.31059991537444,401166.11288102163,1692654.6205725884,608416.8710117064,93.29592383113021,8.0,15.539261606857906,0.02090991243080895
7.441766150221338,29.253698414937375,2.3771311043714953,0.614005633765089,69.38599436623491,0.19604231164966643,66.40414782718966,66.40414782718966,308.2329794485146,401573.38929042016,1691982.2104737302,641711.6419380622,93.20110305193049,8.0,15.482976923823458,0.022281302613807116
6.702779925769242,29.880869273880208,1.0556629391716936,-1.0097502353993946,71.0097502353994,0.17657481363986413,62.01516971400554,62.01516971400554,311.86098855976996,383549.5875386392,1722395.9736092263,364809.58381857915,97.59008116511461,8.0,16.34394155171435,0.010009804773155105
7.462560104483638,29.46744676534143,2.355200365873938,0.4070663245118453,69.59293367548815,0.19659009758913693,66.52288300642158,66.52288300642158,308.1358327712351,402084.5509782312,1691139.2271217257,637356.9113527444,93.08236787269857,8.0,15.477553136829329,0.022108073416426517
6.3477924753310475,29.9400245102087,0.4229882029137392,-1.5811661379415227,71.58116613794152,0.1672231948190476,59.77814162105926,59.77814162105926,313.73561617406244,374971.55321792787,1737364.6331440515,243247.71176604772,99.82710925806089,8.0,16.78701151613103,0.004027233466660683
6.534691125915497,29.649135728264774,0.8264615908427843,-0.986567257934496,70.9865672579345,0.17214676306415957,60.96717022195935,60.96717022195935,312.7372162071449,379482.61737656087,1729451.5644611719,320512.591423178,98.6380806571608,8.0,16.525508074473407,0.00783521682341539
7.538840954328867,29.862436955737195,2.369723091716604,0.06869833800629976,69.9313016619937,0.1985996036440692,66.95636714353441,66.95636714353441,307.78164259936136,403961.8242439547,1688052.2585734301,641646.9897937654,92.64888373558574,8.0,15.429500313275923,0.022297796800228944
7.4620624518399445,29.341783971462704,2.3854090601932088,0.5424766137508072,69.45752338624919,0.19657698766701645,66.52004423126408,66.52004423126408,308.1381547459157,402072.3147061773,1691159.3943835467,643775.3354485091,93.08520664785607,8.0,15.468866350525388,0.022370201422931654
6.891992286238496,29.93253025726814,1.3560247530087004,-0.8119102057547707,70.81191020575477,0.18155933314643036,63.17180681775682,63.17180681775682,310.89819061135336,388140.55465457245,1714518.6651696148,424990.05033279175,96.43344406136333,8.0,16.128204597339845,0.012839674301312875
7.872491050757461,29.36471179295073,2.9649172642713815,0.9805767036659176,69.01942329633408,0.20738912146357905,68.8151413112164,68.8151413112164,306.2716592818111,412214.3453771654,1674645.6736525581,776984.836933764,90.79010956790376,8.0,15.070928087887694,0.027718929469647536
6.760211824537682,29.735113446916863,1.188335441994116,-0.7702482522763034,70.7702482522763,0.1780877719846597,62.36877669956101,62.36877669956101,311.5661590977374,384941.5697458448,1719997.8815940039,391359.3571534187,97.23647417955914,8.0,16.263398573450843,0.011248542836532847
7.53333794146495,29.663639896280095,2.410663120718862,0.2774513145227502,69.72254868547725,0.19845463491741175,66.92520388527117,66.92520388527117,307.80708021082734,403826.28210298147,1688274.6736890036,650290.0586644956,92.68004699384898,8.0,15.420527143894901,0.02264947534978431
8.33666087865355,29.016314413405517,3.666831152617632,1.833736715692453,68.16626328430755,0.2196169883733812,71.30648625532223,71.30648625532223,304.27162820904914,423819.04919523833,1656229.0336148106,946597.7676987608,88.29876462379792,8.0,14.632907678977801,0.03407620356909461
7.999274264069676,28.843176181686147,3.2649940236511847,1.6727002248054532,68.32729977519455,0.21072903751500727,69.50617996903344,69.50617996903344,305.71406957450563,415369.0315930719,1669589.7214563705,846053.0588140595,90.09907091008671,8.0,14.920613255217233,0.030376161971904323
7.724473964405653,29.934636110324632,2.6185453036469823,0.20408529984325696,69.79591470015674,0.20348983046379485,67.99787249912202,67.99787249912202,306.93378262675543,408544.6990857352,1680574.5799659647,698506.9577225123,91.60737837999812,8.0,15.251042818118094,0.024615433642630524
7.687625960298326,29.982580201128116,2.5544740869588036,0.11050794753475657,69.88949205246524,0.20251912434927097,67.79261935391634,67.79261935391634,307.10051765119977,407633.32709971815,1682055.0916702484,683949.7742068556,91.81263152520381,8.0,15.290416662440236,0.024029074775978463
7.4942649000338575,29.82226183873808,2.314409657439266,0.05996739085185254,69.94003260914815,0.1974253134887739,66.70344951914433,66.70344951914433,307.9882044410697,402864.3991542125,1689855.1501100352,629155.7768639717,92.90180135997582,8.0,15.47154662016078,0.021778676733681657
7.531156832565703,28.12963096602097,2.783689453410564,1.9273260030625465,68.07267399693745,0.19839717683260544,66.91284772379953,66.91284772379953,307.81716725218376,403772.56512905523,1688362.839602234,730004.2049568462,92.69240315532062,8.0,15.3148719774033,0.02585213622458266
7.501663237198213,29.658094225979944,2.3657223373464458,0.24648896125268038,69.75351103874732,0.1976202117280878,66.74550345878652,66.74550345878652,307.953840505133,403046.4602965046,1689555.7221134675,640196.3435517031,92.85974742033363,8.0,15.451989736375197,0.022232108945881332
7.516491572336267,29.945191788727982,2.316680763618663,-0.04714911153422463,70.04714911153422,0.1980108422638637,66.82969897415893,66.82969897415893,307.8850623418114,403411.45694279514,1688955.8251085784,629981.5347360808,92.77555190496122,8.0,15.458126531690368,0.021816629058254617
7.076703177666085,29.905590552844274,1.6586119154497874,-0.542359062572416,70.54235906257242,0.1864252681155449,64.27844090007602,64.27844090007602,309.9813813243447,392637.1204625866,1706891.0733446598,487470.0057472141,95.32680997904413,8.0,15.9188957679508,0.01567458732245284
5.936065657220942,29.86149996033624,-0.32797454689239436,-2.1282118118872404,72.12821181188724,0.15637686135987727,57.06404064056528,57.06404064056528,316.0305332559981,365065.7013873035,1755073.128245329,108388.73812132938,102.54121023855487,8.0,17.330781143097738,0.0031349315522138646
7.849472371806066,28.136156236655594,3.2323965072093404,2.267201972202713,67.73279802779729,0.20678272844589216,68.68879543844298,68.68879543844298,306.3738326863032,411642.7335342429,1675565.8157568749,834474.3932797979,90.91645544067717,8.0,15.01357013081082,0.029948024971743918
6.724152643640963,20.82201929105028,3.272039007010741,8.799330767563845,61.200669232436155,0.17713784624976192,62.147022606708674,62.147022606708674,311.75100353156046,384067.4509154059,1721502.8119660967,830859.9943034197,97.45822827241147,8.0,15.643295647791433,0.02899321435226202
6.957554129928983,28.585469291445087,1.7968832810061408,0.7506795889589171,69.24932041104108,0.18328646285376668,63.56708727706041,63.56708727706041,310.5702141031647,389734.81815652957,1711804.4637745551,516017.870362548,96.03816360205974,8.0,15.943138605873173,0.016826277523955074
7.8980752184140925,29.89366481009837,2.8708029858830613,0.4414750746843197,69.55852492531568,0.20806309848298452,68.95524854754058,68.95524854754058,306.1584386518708,412850.0752824258,1673623.777258647,757238.0800498687,90.65000233157957,8.0,15.081995349897397,0.02694143214341968
7.135076821104591,25.141235205436146,2.916138185379329,4.678032706063391,65.32196729393661,0.18796303532941494,64.62371347649366,64.62371347649366,309.69623799233403,394061.4613731539,1704492.7228036644,752597.0985566365,94.98153740262649,8.0,15.505836803754903,0.026570614075571573
7.0555239325680805,29.90317253016432,1.6257716693327118,-0.5667731652656585,70.56677316526566,0.1858673322594331,64.15264675370508,64.15264675370508,310.085376555093,392120.7419711209,1707762.6662163879,480601.16231044644,95.45260412541506,8.0,15.942045472601933,0.015366906615860348
7.369685484746887,29.954979083064273,2.096777109729887,-0.2326853826013462,70.23268538260135,0.194143453233585,65.99065048462569,65.99065048462569,308.5717280063301,399803.35917965334,1694909.3669223106,581344.9611738292,93.61460039449446,8.0,15.609430146368254,0.019771802589420653
8.05239295811909,29.976967281702244,3.0602484396257092,0.519266840671321,69.48073315932868,0.21212837086720465,69.79329995587005,69.79329995587005,305.48302197697626,416694.01799802773,1667477.3343434318,802939.8897566092,89.8119509232501,8.0,14.943909933986106,0.028703508942162823
7.288151166929239,29.93437787381791,1.9787657725156593,-0.3094541785984575,70.30945417859846,0.19199555234270915,65.5192965278124,65.5192965278124,308.958685212259,397804.6023535019,1698230.0113444363,555636.7534713532,94.08595435130775,8.0,15.693288469078254,0.018669191628220422
6.892725266809125,29.927915302606515,1.358369951637208,-0.8058534726075663,70.80585347260757,0.18157864243438157,63.17624142125874,63.17624142125874,310.89450804476826,388158.3681562158,1714488.277929025,425470.0676749467,96.42900945786141,8.0,16.12697222704088,0.01286132386955777
7.460956035870472,28.98301080512777,2.472015498397134,0.9289279742936287,69.07107202570637,0.19654784077635595,66.51373236674596,66.51373236674596,308.1433176469819,402045.11067933415,1691204.2329547724,662192.4393299752,93.0915185123742,8.0,15.444012115265878,0.023119220747055736
8.963330632410075,29.96661348733707,4.206234802193509,1.4337730923182903,68.56622690768171,0.2361256752478945,74.51229829025749,74.51229829025749,301.74257803339606,439749.2140436995,1631731.265862978,1097213.790353999,85.09295258886266,8.0,14.16734656961654,0.03919876549652695
7.632142741910724,29.933038417724198,2.4873335188640096,0.10047418744187553,69.89952581255812,0.20105750110407597,67.48218559947975,67.48218559947975,307.35302903981307,406262.62814470846,1684287.85932157,668446.3236395656,92.1230652796404,8.0,15.341536488518443,0.023399171357588493
5.756608614696725,29.13760078251135,-0.49931695533566334,-1.600110919609108,71.60011091960911,0.1516493312617683,55.83712455803675,55.83712455803675,317.0747884944619,360757.4831893796,1762922.272172852,82817.47865644954,103.7681263210834,8.0,17.509006609812616,0.004754599589107851
18.078373631316744,29.919575108211546,10.84468240995024,7.298282440672779,62.70171755932722,0.4762479881801039,108.89070210765624,108.89070210765624,280.9012199431475,736693.3485067297,1286177.9645571331,4223739.158355125,50.71454877146391,8.0,8.863549558703653,0.09706613634045452
7.051003455221208,29.92599394282997,1.612940075960007,-0.597608448878816,70.59760844887882,0.18574824697632264,64.12576115507312,64.12576115507312,310.1076105813648,392010.5540915547,1707948.7968995261,477928.3007528578,95.47948972404703,8.0,15.94892405889982,0.015248972938306926
7.425191123927366,29.978451096490467,2.173833133671921,-0.19149687562475037,70.19149687562475,0.19560566712137423,66.30932704798994,66.30932704798994,308.3105999153795,401166.11288102163,1692654.6205725132,598325.0178425283,93.29592383113021,8.0,15.55377960042739,0.020492409852011204
6.393407203341884,29.49288518865815,0.6173762575328685,-1.0147157441175523,71.01471574411755,0.1684248472956239,60.070709953149674,60.070709953149674,313.4895435284046,376071.55302644416,1735426.5184746534,281046.8082149644,99.53454092597048,8.0,16.686314470187483,0.005854174671328159
7.480002206856762,29.880869273880208,2.278987132004938,-0.02039420611362175,70.02039420611362,0.19704958395302322,66.62229012170224,66.62229012170224,308.05454299345917,402513.50612921786,1690432.6209108797,621406.4583432698,92.98296075741791,8.0,15.490370723253989,0.021457584370705118
6.486484508977795,29.564596091216373,0.7636821196397379,-0.960900764861151,70.96090076486115,0.17087683111111157,60.662925508965145,60.662925508965145,312.9922598169052,378318.03965805535,1731485.556309696,308652.92052892165,98.942325370155,8.0,16.576978318324677,0.007238711720181771
6.3477924753310475,29.981452533105042,0.4125262281147149,-1.627562385416013,71.62756238541601,0.1672231948190476,59.77814162105926,59.77814162105926,313.73561617405466,374971.55321792787,1737364.6331433116,241165.49403894338,99.82710925806089,8.0,16.791030524387338,0.003928934852217537
7.601374233954091,29.00251739108205,2.6716208474696335,1.0687505511404538,68.93124944885955,0.20024695031491282,67.30931258859113,67.30931258859113,307.49381927458785,405503.3077680978,1685527.898644349,707351.7432677359,92.29593829052902,8.0,15.30615592272676,0.024961396581838293
7.1159785215919715,29.862436955737195,1.731024988408207,-0.44519245741594204,70.44519245741594,0.1874599189038981,64.51098057022011,64.51098057022011,309.78929039091435,393595.27337751293,1705276.772072854,502667.75440250797,95.09427030890004,8.0,15.872354137362152,0.016347602002974505
7.4620624518399445,29.97272072344041,2.2298689986955686,-0.1413228999189755,70.14132289991898,0.19657698766701645,66.52004423126408,66.52004423126408,308.13815474591473,402072.3147061773,1691159.3943833397,610710.1292485088,93.08520664785607,8.0,15.51552070104924,0.021013157613349747
6.891992286238496,29.62086320330193,1.4337699456431519,-0.4686620197748539,70.46866201977485,0.18155933314643036,63.17180681775682,63.17180681775682,310.8981906113668,388140.55465457245,1714518.6651704176,441002.3811747183,96.43344406136333,8.0,16.101667340455947,0.013542622801750196
5.806250741217931,29.94793408861726,-0.6064524017759167,-2.4389163721595537,72.43891637215955,0.15295707958951346,56.17933269967108,56.17933269967108,316.7831185151171,361948.8605596835,1760742.5430666981,60089.08499222088,103.42591817944907,8.0,17.52499748454204,0.0058097651427017945
7.333378865597052,29.735113446916863,2.0965463955621706,-0.0373337329763217,70.03733373297632,0.1931870091042427,65.78123945174667,65.78123945174667,308.7435378485451,398912.8864455896,1696386.7531924204,580901.696779589,93.82401142737348,8.0,15.630412868055998,0.019742205344541755
7.0378238796768375,29.995838321864767,1.5746645830504766,-0.6912261868301357,70.69122618683014,0.1854010505710442,64.04730249250889,64.04730249250889,310.1725097760912,391689.3530346204,1708491.665193916,469965.7780153486,95.55794838661126,8.0,15.96931163260814,0.014897053391103124
7.042339232445862,29.016314413405517,1.8251184754382432,0.38720791731373083,69.61279208268627,0.1855200008547382,64.0741948597128,64.0741948597128,310.1502625261413,391799.3880962612,1708305.6438172152,522040.10859139985,95.53105601940734,8.0,15.884644518461187,0.017134646247616604
7.246121749764979,28.843176181686147,2.1844238289942237,0.8263757679512764,69.17362423204872,0.1908883495723124,65.2747957145915,65.2747957145915,309.159743020428,396775.65847394714,1699945.8043093358,598556.9538607287,94.33045516452864,8.0,15.653757528596032,0.0204443381836061
8.371791986140035,29.934636110324632,3.4892695155187714,0.8965512752842528,69.10344872471575,0.2205424653883044,71.4908319789568,71.4908319789568,304.1247898355938,424703.74971097434,1654845.217907795,908608.7516491445,88.11441890016334,8.0,14.655946089435531,0.03264041510459241
6.699045686676765,29.401891182950017,1.1692574840834373,-0.48491527343605867,70.48491527343606,0.17647644063953544,61.9921004051281,61.9921004051281,311.88023778408655,383459.124391403,1722552.1168003292,387987.1717629455,97.61315047399205,8.0,16.305951043375785,0.011045458458173486
7.532981953165839,29.92057109914576,2.3468507585424216,-0.0011223230293921915,70.00112232302939,0.19844525693271442,66.92318736306544,66.92318736306544,307.8087263711664,403817.5145314566,1688289.0631635753,636673.4690013443,92.68206351605471,8.0,15.439663295318667,0.022093525034738246
7.6523326097134365,28.12963096602097,2.9578459345917207,2.0617297726666948,67.9382702273333,0.20158937328012214,67.59534244774102,67.59534244774102,307.26093925258493,406761.1954749255,1683474.8814558403,769979.1428521955,92.00990843137913,8.0,15.197919853647761,0.02744370618202054
7.064990504794033,29.888473827916563,1.6443900398483646,-0.5385395419118026,70.5385395419118,0.18611671508941077,64.20890799630013,64.20890799630013,310.038857743518,392351.52348543814,1707372.9927502736,484487.8183331574,95.39634288282002,8.0,15.930389848830316,0.015539761578000869
7.530730114562106,29.70646608583308,2.3963143556693582,0.2280770978605915,69.77192290213941,0.19838593557855916,66.91043002143562,66.91043002143562,307.81914103299766,403762.0561210719,1688380.0894219482,647185.7831566728,92.69482085768453,8.0,15.426261099436147,0.022522538759978377
7.510853268094291,29.92038950269623,2.314541429698985,-0.02689004800697603,70.02689004800698,0.19786230948615097,66.79769909310625,66.79769909310625,307.9111992522067,403272.6561511514,1689183.891339987,629438.2161863459,92.8075517860139,8.0,15.461998291422162,0.021793347474784026
5.936065657220942,29.963922722476234,-0.35407448569366656,-2.244329790644713,72.24432979064471,0.15637686135987727,57.06404064056528,57.06404064056528,316.03053325599313,365065.7013873035,1755073.1282450114,103337.46353931108,102.54121023855487,8.0,17.34164040394859,0.0033872424044955373
5.717501786508316,29.9198863495046,-0.7785565718002978,-2.555916793740437,72.55591679374044,0.15061911977103043,55.565992266512694,55.565992266512694,317.30609991069065,359819.10639965255,1764644.0925805953,31264.321382219903,104.03925861260745,8.0,17.651651977592223,0.007464820327381867
7.944530767938996,29.94645852643376,2.92157693180639,0.43558094857138485,69.56441905142862,0.2092869011575078,69.20879854050031,69.20879854050031,305.9537638952273,414005.5454512963,1671770.3487161356,769537.8171841124,90.39645233861984,8.0,15.041895919869035,0.027419070502578274
9.526181332191403,29.661496367746807,4.914075070072186,2.246160202693545,67.75383979730645,0.2509531436299105,77.25341964561522,77.25341964561522,299.62488593146225,454351.5408656297,1610021.4608013888,1294015.5966781983,82.35183123350492,8.0,13.727348849619887,0.045535401374266316
17.94861179466207,28.585469291445087,11.076244809814606,8.445186202868513,61.55481379713149,0.47282960470658775,108.50516662021272,108.50516662021272,281.01834381761427,731156.5392850622,1291272.355855503,4247064.475526035,51.10008425890743,8.0,8.981455673231437,0.09837803495025545
7.695825785855092,29.89366481009837,2.5879889718075177,0.21579056314095624,69.78420943685904,0.2027351366136747,67.83835741602127,67.83835741602127,307.0633475647153,407836.0625324071,1681725.4718829305,691323.2309879652,91.76689346309888,8.0,15.276100988751011,0.024326172974176625
7.766961351416458,29.620837141968153,2.75541038167602,0.5896432314899016,69.4103567685101,0.2046090977717718,68.2336413402993,68.2336413402993,306.7424777288884,409596.6099394348,1678869.760398624,728971.0542811791,91.37160953882085,8.0,15.18823935068474,0.025831433657353745
7.389944090046508,29.474937038492172,2.2456432482047686,0.3131567723775106,69.68684322762249,0.19467713619722096,66.10716721575352,66.10716721575352,308.47620645355397,400300.5435588733,1694085.8823967197,613093.9376144027,93.49808366336663,8.0,15.552182784267416,0.021093689537257584
7.369685484746887,29.629335110322927,2.177247867741628,0.12137360367256633,69.87862639632743,0.194143453233585,65.99065048462569,65.99065048462569,308.5717280063252,399803.35917965334,1694909.3669220526,598363.6083500808,93.61460039449446,8.0,15.584659103887532,0.020479056924896363
7.288151166929239,29.96373377309473,1.971495103064403,-0.3414698043658291,70.34146980436583,0.19199555234270915,65.5192965278124,65.5192965278124,308.9586852122636,397804.6023535019,1698230.0113448508,554106.3412937485,94.08595435130775,8.0,15.6955808385527,0.01860483214728721
6.892725266809125,29.957216755165618,1.3510555445883385,-0.8381549191922772,70.83815491919228,0.18157864243438157,63.17624142125874,63.17624142125874,310.89450804476746,388158.3681562158,1714488.277928669,423964.25270008296,96.42900945786141,8.0,16.129482825120647,0.012795020512626707
7.193414618845908,28.98301080512777,2.0691147464828896,0.6106191734861,69.3893808265139,0.18949985824146226,64.96668982486221,64.96668982486221,309.41342635996926,395486.59784440737,1702101.4865949554,573851.8877438474,94.63856105425793,8.0,15.71978528930049,0.019394670773182802
7.573749112074663,29.917222677993436,2.4069737786485197,0.05006104608980877,69.94993895391019,0.19951920737815235,67.15365900002706,67.15365900002706,307.62069062061187,404822.04559556814,1686642.3896834322,650189.2185132001,92.45159187909309,8.0,15.398488840702441,0.022651300500952255
7.438251194303106,29.764718978129586,2.2459834729395687,0.05617495378299964,69.943825046217,0.19594971533991323,66.38405288405642,66.38405288405642,308.2494262413217,401487.00798294897,1692124.7697351305,613803.7547570278,93.22119799506373,8.0,15.524306534647224,0.021135352632770693
6.560320448669674,29.767992698714856,0.8409868768811326,-1.0825483246233603,71.08254832462336,0.17282192962775747,61.12824611788517,61.12824611788517,312.60230876493625,380102.08583345613,1728372.118719842,323055.9229788631,98.47700476123498,8.0,16.505110479545806,0.007978397737297204
7.59154342126947,29.919575108211546,2.432153432002322,0.0681630105465274,69.93183698945347,0.19998797210931163,67.25396898153161,67.25396898153161,307.53891782658445,405260.8181993377,1685924.3830487612,655884.9966294912,92.35128189758854,8.0,15.380891742324422,0.022885319039139637
9.74736902040932,29.955403029891627,5.080618504349459,2.1268539813423217,67.87314601865768,0.2567800058063572,78.29791688391452,78.29791688391452,298.8299383002141,460174.15874474647,1601553.1260267438,1348261.2373274146,81.30733399520562,8.0,13.580836667250253,0.047117911507668524
7.425191123927366,29.58238393732524,2.271596665653527,0.23847272284439214,69.76152727715561,0.19560566712137423,66.30932704798994,66.30932704798994,308.31059991538484,401166.11288102163,1692654.6205726636,619061.9056370469,93.29592383113021,8.0,15.524070473128518,0.021348766285080693
7.385204460205731,19.286496376135347,4.620808679563598,11.062648535316669,58.93735146468333,0.19455227766611516,66.07992859414054,66.07992859414054,308.4985321970135,400184.20389251993,1694278.4858840278,1136894.201716154,93.52532228497961,8.0,14.950658524260575,0.04033532973169003
6.553888122611336,29.977242306375302,0.7772780704474785,-1.32442442372502,71.32442442372502,0.17265247952084656,61.08786399609198,61.08786399609198,312.6361225479287,379946.59369208803,1728642.907462206,310298.41922989517,98.51738688302817,8.0,16.532285364662755,0.007386778552924204
6.701237297562216,29.880869273880208,1.053064918672613,-1.011867291146359,71.01186729114636,0.17653417538362,62.00564085148085,62.00564085148085,311.8689393072087,383512.2162308126,1722460.4736927254,364296.2584061449,97.5996100276393,8.0,16.345772026375357,0.009985321481030516
7.0113793373271385,29.46744676534143,1.664055687562538,-0.145504062262944,70.14550406226294,0.18470440825413958,63.88954788574654,63.88954788574654,310.3030678858591,391045.1137293429,1709581.8183457009,488496.63999195007,95.71570299337361,8.0,15.95507849150863,0.015681685045050176
7.4294243224248415,29.894807609830963,2.200779920286356,-0.09556061973643182,70.09556061973643,0.19571718446851533,66.33355879960226,66.33355879960226,308.2907603828865,401270.11505891953,1692482.8505331532,604094.2403071203,93.27169207951789,8.0,15.543113441023081,0.020732295396690817
7.5378639594243095,29.00251739108205,2.5797567634736907,0.9964989840594853,69.00350101594051,0.19857386615975525,66.9508357046854,66.9508357046854,307.7861574567132,403937.75904428784,1688091.742560794,686479.7356948016,92.65441517443475,8.0,15.368686923956886,0.0241153682610657
8.124436923059186,29.862436955737195,3.184425041909249,0.7180685523280204,69.28193144767198,0.21402626246204387,70.1804866250099,70.1804866250099,305.1720424394444,418494.2304406832,1664617.7625309632,832429.8151590137,89.42476425411024,8.0,14.870906990979563,0.029826288258142302
7.4620624518399445,29.92328252098787,2.2420724947585953,-0.08765294366133958,70.08765294366134,0.19657698766701645,66.52004423126408,66.52004423126408,308.13815474591223,402072.3147061773,1691159.3943830414,613302.6454297709,93.08520664785607,8.0,15.511819077927328,0.021120102928875575
6.891992286238496,29.669472813072197,1.4216514023871465,-0.5221558283056993,70.5221558283057,0.18155933314643036,63.17180681775682,63.17180681775682,310.89819061134557,388140.55465457245,1714518.665169688,438505.4851803474,96.43344406136333,8.0,16.105785102808227,0.013433275749365077
6.856900840982502,29.94537772260447,1.2955068876156803,-0.8726734375141518,70.87267343751415,0.18063490097424925,62.959089975260724,62.959089975260724,311.07491445831,387288.0014952833,1715974.592013314,412699.6506775806,96.64616090385942,8.0,16.1695388447165,0.012271978453342389
7.318748492560154,29.735113446916863,2.0744602092570177,-0.055056770798557864,70.05505677079856,0.19280159358693766,65.69663668469678,65.69663668469678,308.8129976856131,398554.2564214001,1696982.6663794671,576089.9876566213,93.90861419442336,8.0,15.645697264124806,0.019536688424590092
6.755586798681355,29.663639896280095,1.1985010757191614,-0.697522005415351,70.69752200541535,0.17796593252585233,62.34038316394543,62.34038316394543,311.5898174422368,384829.4249623499,1720190.7692628345,393473.2330165853,97.26486771517472,8.0,16.26254758279964,0.011338882357609355
6.67063540948835,29.981544256962977,0.9761303695575436,-1.1656737591557658,71.16567375915577,0.17572801394858667,61.81627493652536,61.81627493652536,312.0270062094194,382771.0483233888,1723740.9448967825,348980.78052296053,97.78897594259479,8.0,16.391278850701383,0.009266007497962836
6.884216453845777,28.843176181686147,1.6146382495929616,0.37506737159810655,69.6249326284019,0.18135449035420909,63.12474073952217,63.12474073952217,310.9372792697508,387951.5941229862,1714841.0882360071,478330.94184393727,96.48051013959798,8.0,16.045565515239616,0.015159910628923167
7.530260777086457,29.735144791141593,2.3885666412113706,0.1964924080604078,69.80350759193959,0.19837357157762003,66.90777072823113,66.90777072823113,307.82131207267366,403750.49762380926,1688399.0624122072,645525.4884576966,92.69748015088902,8.0,15.428823535184392,0.02245474537558237
6.995408208284759,29.640500521914518,1.595561457526988,-0.3557510384736702,70.35575103847367,0.18428367250486719,63.79405865321337,63.79405865321337,310.38213839965437,390656.18277966505,1710240.799315908,474280.65789458447,95.81119222590678,8.0,15.987027935873186,0.01505870853241376
7.532981953165839,22.272983008744752,4.176422706049541,8.113131581285757,61.88686841871424,0.19844525693271442,66.92318736306544,66.92318736306544,307.8087263711628,403817.5145314566,1688289.0631632416,1034637.342656197,92.68206351605471,8.0,14.966453186764738,0.03717713311164666
5.848787054561094,29.928101600202304,-0.5166093681645988,-2.3459878902718856,72.34598789027189,0.15407763578928066,56.47082989638517,56.47082989638517,316.5349181607263,362969.91447557387,1758880.0290739,75508.99895752664,103.13442098273498,8.0,17.461602105216116,0.004945755087301972
7.925138599714613,29.888473827916563,2.9092321318961702,0.47663381619065603,69.52336618380934,0.20877604319585386,69.10309159474753,69.10309159474753,306.03905996389295,413523.03580517863,1672543.7035046297,766317.955076333,90.50215928437262,8.0,15.056207203854058,0.027295285258504668
7.530730114562106,29.93172272728782,2.340814888044723,-0.015842695241303772,70.0158426952413,0.19838593557855916,66.91043002143562,66.91043002143562,307.8191410330007,403762.0561210719,1688380.0894220462,635350.2888814516,92.69482085768453,8.0,15.442753554101273,0.022039005524479526
7.510853268094291,29.945359254028034,2.308383926169316,-0.0539602777142818,70.05396027771428,0.19786230948615097,66.79769909310625,66.79769909310625,307.91119925220016,403272.6561511514,1689183.891339678,628126.7624328767,92.8075517860139,8.0,15.463844521066505,0.021739547560754198
7.85198437704233,28.58780836431646,3.1260811450440933,1.7887144857768362,68.21128551422316,0.2068489035048032,68.70259674644547,68.70259674644547,306.3626684700931,411705.0960385364,1675465.3683468204,811426.476189126,90.90265413267468,8.0,15.039739456911548,0.029060128866261206
17.73004336271081,29.207264644003075,10.83642581016382,7.741120942581119,62.25887905741888,0.467071742958662,107.85103309531218,107.85103309531218,281.22736981479864,721950.3029722712,1299826.242653074,4117823.570956401,51.754217783807974,8.0,9.096698829335253,0.09670349747842527
7.688082399350789,29.971110640070506,2.5579432731289815,0.12340921454915588,69.87659078545084,0.20253114856034746,67.79516628791794,67.79516628791794,307.09844759674996,407644.6111670679,1682036.7411386897,684704.6062585246,91.81008459120221,8.0,15.289155851522878,0.024059506696845926
7.639245939835153,29.45129295666966,2.615911863102173,0.6284652868822036,69.3715347131178,0.20124462433706936,67.5220216610727,67.5220216610727,307.3206034454709,406438.0057621307,1684001.7728498906,696158.9253918995,92.08322921804745,8.0,15.30036840625661,0.024516934883295982
6.106224204704127,29.905296921532027,-0.012990546358221186,-1.908334238980558,71.90833423898056,0.16085943637260608,58.20217159237535,58.20217159237535,315.06557413686033,369155.1871920029,1747706.0600460384,163747.45624657278,101.4030792867448,8.0,17.101204761849488,0.00012397309848968398
6.869496165594926,29.9438248745562,1.3165062788068673,-0.8541971001720867,70.85419710017209,0.1809667061537125,63.03553277959912,63.03553277959912,311.0113881611543,387593.9470619704,1715451.7610686661,416954.7561114841,96.56971809952103,8.0,16.154931083565884,0.012469254128518167
8.219870954242158,29.620837141968153,3.369007630779278,1.0747849458954306,68.92521505410457,0.216540330722923,70.68948983119776,70.68948983119776,304.76427465074516,420884.6255074812,1660839.1569149217,876307.0989506554,88.91576104792239,8.0,14.770458950498778,0.0314758590482729
10.86711889938013,29.928408756777003,6.185865440781357,3.009333303848223,66.99066669615178,0.28627815857165784,83.33259303354674,83.33259303354674,295.1039327793649,490471.4890943075,1559100.4803716345,1705363.6438706734,76.2726578455734,8.0,12.840638159585069,0.05701630395183235
7.369685484746887,29.92057109914576,2.1052851839605666,-0.19524353975583608,70.19524353975584,0.194143453233585,65.99065048462569,65.99065048462569,308.5717280063311,399803.35917965334,1694909.3669221948,583143.7094288231,93.61460039449446,8.0,15.60679667393606,0.019846746823506643
18.215481680213415,14.61041437204225,13.861658358237262,21.052561407519534,48.94743859248047,0.4798598967390257,109.29581775643248,109.29581775643248,280.7831503605984,742602.4337163203,1280781.7851575932,5091859.955507209,50.309433122687665,8.0,9.43813588282751,0.11354667305185093
7.288151166929239,29.986337199887174,1.9658962219530283,-0.36612488726240144,70.3661248872624,0.19199555234270915,65.5192965278124,65.5192965278124,308.9586852122636,397804.6023535019,1698230.01134485,552927.8969945861,94.08595435130775,8.0,15.697347819861989,0.018555251381205656
6.892725266809125,29.954554779894835,1.3517200806490552,-0.8352201700085402,70.83522017000854,0.18157864243438157,63.17624142125874,63.17624142125874,310.8945080447582,388158.3681562158,1714488.2779287216,424101.05549197365,96.42900945786141,8.0,16.129254624730095,0.012801045630511057
7.5429203763997466,28.98301080512777,2.5918914830444466,1.0232992518343167,68.97670074816568,0.19870706997891852,66.97945782171763,66.97945782171763,307.76279691935656,404062.31403367437,1687887.4088618855,689165.7381831844,92.62579305740252,8.0,15.362308209934326,0.02422422735458224
7.49085596618991,29.64121359851383,2.354026614235125,0.2521088460709393,69.74789115392906,0.19733551017360143,66.6840619722671,66.6840619722671,308.0040491563155,402780.5214017054,1689993.1445797347,637537.1367942683,92.92118890685305,8.0,15.461666587957097,0.02212131634910534
7.348024772046738,29.46894075174275,2.1843474428464953,0.2696060881210087,69.73039391187899,0.19357283382631027,65.86580696776895,65.86580696776895,308.6741345596938,399272.01262964995,1695790.5390424288,599612.2621626367,93.7394439113512,8.0,15.594964157711672,0.02052425861203841
7.79921488172496,29.13760078251135,2.9187931170433403,1.143883479299916,68.85611652070008,0.20545876927621073,68.41198474840957,68.41198474840957,306.59792531907937,410395.9158829962,1677577.1845031756,765073.5017737311,91.19326613071058,8.0,15.124941639868496,0.027256343447305226
7.54040920246722,29.919575108211546,2.357929163792334,0.008647694570868225,69.99135230542913,0.19864091681947366,66.96524496367908,66.96524496367908,307.77439662554053,404000.45427863445,1687988.8827277794,639156.8295322603,92.64000591544107,8.0,15.432109943753915,0.022196279086993065
7.518683183221717,29.92599394282997,2.3246211396691225,-0.023765161084497777,70.0237651610845,0.19806857700794828,66.84213254467312,66.84213254467312,307.8749079424672,403465.41384118504,1688867.1881490222,631707.5831226596,92.76311833444703,8.0,15.454493479982943,0.021887770795677337
7.425191123927366,29.895870212285942,2.194231107147993,-0.10176623401758889,70.10176623401759,0.19560566712137423,66.30932704798994,66.30932704798994,308.3105999153838,401166.11288102163,1692654.6205731307,602650.1357196665,93.29592383113021,8.0,15.547543662104374,0.020671513953327898
6.873498493554219,19.286496376135347,3.847397172599332,10.56673777013657,59.43326222986343,0.18107214155833032,63.05980172050539,63.05980172050539,310.9912241696383,387691.17929413257,1715285.685152754,959959.1299192167,96.54544915861476,8.0,15.409340562312764,0.03369400533949114
7.294135353911644,29.253698414937375,2.156156149015814,0.43858798669617727,69.56141201330382,0.1921531968891371,65.55402380273057,65.55402380273057,308.93014676375736,397951.17970248323,1697985.941902324,593072.4103255183,94.05122707638958,8.0,15.634674599918696,0.020235147295625498
7.710871525708498,29.880869273880208,2.6124877755776366,0.24665844214479193,69.75334155785521,0.20313149435480765,67.92218782856071,67.92218782856071,306.99524360885397,408208.16753529926,1681120.8958664285,696910.6281249414,91.68306305055944,8.0,15.260516165326635,0.024551082001797023
7.118975597007635,29.94101398194934,1.7161925463467897,-0.5274674759319851,70.52746747593199,0.18753887241853623,64.52868643702982,64.52868643702982,309.7746724561712,393668.41998505656,1705153.6919260796,499584.91123692057,95.07656444209033,8.0,15.875461452742286,0.01621702776983267
7.4294243224248415,29.946859422634326,2.187924750875141,-0.15210739585273814,70.15210739585274,0.19571718446851533,66.33355879960226,66.33355879960226,308.29076038288605,401270.11505891953,1692482.8505332894,601367.7714453926,93.27169207951789,8.0,15.547037264398284,0.020619476311857905
17.498907851818668,29.00251739108205,10.769938948801634,7.791621055954408,62.20837894404559,0.46098282012167197,107.15269194572204,107.15269194572204,281.4643222973538,712374.367611239,1308836.4176711426,4034240.3804865996,52.45255893339811,8.0,9.240176028594533,0.0960775580013721
7.465147708253999,29.969417364641004,2.2352397374097026,-0.13407290943172256,70.13407290943172,0.19665826417950472,66.53764129547454,66.53764129547454,308.1237617523845,402148.1771911903,1691034.3709658529,611894.2451080795,93.0676095836456,8.0,15.512120143841628,0.02106268368573212
7.4620624518399445,29.98423285355593,2.2270269359959123,-0.1538226305021908,70.15382263050219,0.19657698766701645,66.52004423126408,66.52004423126408,308.13815474591433,402072.3147061773,1691159.3943831003,610106.3992823648,93.08520664785607,8.0,15.516383783416813,0.02098823958543905
7.118170132477422,29.212099504275514,1.8957655260029949,0.26838593007875033,69.73161406992125,0.18751765364798267,64.52392852496678,64.52392852496678,309.7786004674421,393648.7613924886,1705186.768265347,537068.1044905918,95.08132235415337,8.0,15.817959766554225,0.017812879719567732
7.573681728354891,29.36471179295073,2.5427847632821754,0.6469980755832125,69.35300192441679,0.19951743225381693,67.15327881359042,67.15327881359042,307.62100062705883,404820.3844039707,1686645.1094956838,679225.407493602,92.45197206552973,8.0,15.358842067147066,0.02382845020907847
7.542580451513759,29.9971175325595,2.3419810728152677,-0.07282227498637894,70.07282227498638,0.19869811516105793,66.97753410411764,66.97753410411764,307.76436689769577,404053.94017573405,1687901.1443337882,635790.3591535166,92.62771677500251,8.0,15.435620435514068,0.022058908257045276
7.0378238796768375,20.835325626775607,3.7665087600145126,9.118693407046635,60.881306592953365,0.1854010505710442,64.04730249250889,64.04730249250889,310.17250977608825,391689.3530346204,1708491.665193705,938893.4857420147,95.55794838661126,8.0,15.339134866420864,0.03330367976699712
7.852116198589819,29.016314413405517,3.021844406072548,1.3312543034747932,68.6687456965252,0.20685237614830923,68.70332090227129,68.70332090227129,306.36208270551674,411708.36872627004,1675460.0974321705,788792.3519035551,90.90192997684886,8.0,15.067213441649812,0.028181485797673135
5.721424896289214,29.377263254746666,-0.6317534446756048,-1.9309149025875172,71.93091490258752,0.15072246829002145,55.59325380415066,55.59325380415066,317.2828334851822,359913.2365667745,1764471.1751460272,59077.24426395323,104.01199707496949,8.0,17.58611013609692,0.006030013012737735
7.987069117780143,29.934636110324632,2.982388134415583,0.49437752926644407,69.50562247073356,0.21040751100579932,69.44000898708197,69.44000898708197,305.7673703755082,415064.8630638132,1670075.5743710804,783990.3616565581,90.16524189203818,8.0,15.001472978897596,0.027978144993948052
6.995408208284759,29.982553778255287,1.51040231799202,-0.7314645035081639,70.73146450350816,0.18428367250486719,63.79405865321337,63.79405865321337,310.3821383996495,390656.18277966505,1710240.799316016,456638.08931527805,95.81119222590678,8.0,16.01549691814813,0.014293205749772083
7.532981953165839,29.82523551797324,2.370344422697665,0.10213793344945543,69.89786206655054,0.19844525693271442,66.92318736306544,66.92318736306544,307.80872637117193,403817.5145314566,1688289.0631637534,641683.583783983,92.68206351605471,8.0,15.432670701448842,0.02229835298188001
7.647506540685391,28.12963096602097,2.950975400355882,2.056433875773166,67.94356612422683,0.20146223763660143,67.56831419967614,67.56831419967614,307.2829306783384,406641.99822702276,1683669.1594538616,768388.8363035386,92.03693667944401,8.0,15.202527333693354,0.0273809736548541
7.624364738282664,29.888473827916563,2.487122025236464,0.1396860750087967,69.8603139249912,0.20085260111387418,67.43853362264605,67.43853362264605,307.3885682195582,406070.6247320812,1684601.2048485714,668253.7524865577,92.1667172564741,8.0,15.346038571011377,0.023390675992071407
6.872820906581579,29.93172272728782,1.3249615023855352,-0.8364310021258916,70.83643100212589,0.18105429153270755,63.05569376886854,63.05569376886854,310.99463714155434,387674.71757274866,1715313.7994641464,418678.201234082,96.54955711025161,8.0,16.150075208118665,0.012547745319716521
7.510853268094291,29.95501756939538,2.306002023414933,-0.0644321035040889,70.06443210350409,0.19786230948615097,66.79769909310625,66.79769909310625,307.9111992522094,403272.6561511514,1689183.8913398755,627619.4720301869,92.8075517860139,8.0,15.464559178827471,0.021718730675016413
8.199691165194759,28.58780836431646,3.5931379143601996,2.149652774231413,67.85034722576859,0.21600872405676394,70.58222531715904,70.58222531715904,304.85010491589526,420378.61867337424,1661637.278965431,925004.6200287915,89.0230255619611,8.0,14.726885761329584,0.033317631547715325
5.717501786508316,29.694173699932023,-0.7207705944032154,-2.2984180298293495,72.29841802982935,0.15061911977103043,55.565992266512694,55.565992266512694,317.30609991069394,359819.10639965255,1764644.092580793,42275.72157734549,104.03925861260745,8.0,17.626648687248633,0.006897921289624152
6.724152643640963,29.03855417710706,1.3021162486606699,-0.05017349863800291,70.050173498638,0.17713784624976192,62.147022606708674,62.147022606708674,311.75100353155466,384067.4509154059,1721502.8119661023,414896.5909797994,97.45822827241147,8.0,16.24497644268149,0.01226254290856131
6.106224204704127,29.972763521321085,-0.030118125671804215,-1.9844334977314588,71.98443349773146,0.16085943637260608,58.20217159237535,58.20217159237535,315.0655741368551,369155.1871920029,1747706.0600463904,160393.2109599397,101.4030792867448,8.0,17.108103130770928,0.0002875848007920056
7.3236148530801115,29.97477627945692,2.0225195760099077,-0.3101442999659412,70.31014429996594,0.192929790650161,65.72479117822286,65.72479117822286,308.7898794640538,398673.53134138975,1696784.4166327803,565183.3735309915,93.88045970089729,8.0,15.659092174223815,0.019082092204202015
7.060326412695207,29.620837141968153,1.7035501167693035,-0.25114853049075236,70.25114853049075,0.18599384648828257,64.18119558992362,64.18119558992362,310.0617699198966,392237.814291103,1707564.9621981373,496783.22472716356,95.42405528919653,8.0,15.913645441744848,0.016065932231607308
7.91822046110155,29.90317253016432,2.8961516536186895,0.45331631090385827,69.54668368909614,0.20859379507643702,69.06533444480056,69.06533444480056,306.06953855933904,413350.96211463265,1672819.711656907,763286.078979214,90.5399164343196,8.0,15.063678577025144,0.027177043054452732
7.369685484746887,29.965814657560102,2.094097534745753,-0.2444779082982791,70.24447790829828,0.194143453233585,65.99065048462569,65.99065048462569,308.57172800633003,399803.35917965334,1694909.3669220984,580778.4832270666,93.61460039449446,8.0,15.610260256102322,0.01974819108102759
7.584760768536338,14.61041437204225,5.7655333286283685,15.978910797353933,54.02108920264607,0.19980929316481397,67.21575439039498,67.21575439039498,307.57006555339154,405093.5490906018,1686198.012472535,1441078.7702926926,92.38949648872517,8.0,14.61649458946681,0.04875263988561216
7.288151166929239,29.900085449032638,1.9872579307266747,-0.2720616772661515,70.27206167726615,0.19199555234270915,65.5192965278124,65.5192965278124,308.95868521227777,397804.6023535019,1698230.0113452333,557424.411803195,94.08595435130775,8.0,15.690614149788814,0.01874432680330488
7.077352160344507,29.65509907787792,1.721887346802131,-0.2670571108339459,70.26705711083395,0.1864423646033853,64.28229112646818,64.28229112646818,309.9781992121077,392652.9468949131,1706864.3776622422,500642.32677455567,95.32295975265197,8.0,15.89775691557395,0.016240705279082356
7.744784380418901,28.98301080512777,2.8803652856776103,1.2497644531746914,68.75023554682531,0.20402487830397525,68.11069739088691,68.11069739088691,306.84220615716083,409047.4058641537,1679759.3160718197,755423.2307965058,91.49455348823324,8.0,15.16633283578767,0.026877461281831504
7.49085596618991,29.465731334433542,2.3972431324975845,0.4420378333476833,69.55796216665232,0.19733551017360143,66.6840619722671,66.6840619722671,308.0040491563045,402780.5214017054,1689993.144579393,646740.0645306682,92.92118890685305,8.0,15.44884041186441,0.022497157182644827
7.516662888458288,29.957929261587324,2.313790535640035,-0.06075614213295921,70.06075614213296,0.19801535533346384,66.8306709911106,66.8306709911106,307.8842684807936,403415.674601283,1688948.8961911066,629368.472977616,92.77457988800955,8.0,15.45889447854961,0.021791516723043095
17.698918039996975,29.13760078251135,10.836809887824836,7.786542623313039,62.21345737668696,0.4662517924129867,107.75739083301448,107.75739083301448,281.25832880900003,720651.3231725056,1301041.6706340723,4108933.6056067077,51.847860046105666,8.0,9.11734425821669,0.09667740626904801
8.304950227983749,29.919575108211546,3.406988750569834,0.8445499257958318,69.15545007420417,0.21878161822928738,71.13959526529771,71.13959526529771,304.40470462901635,423021.2892441885,1657479.2719752782,887817.1405847056,88.46565561382243,8.0,14.713454627039937,0.03188241133796715
6.678384517642069,29.92599394282997,1.0031795728724218,-1.0933418293699333,71.09334182936993,0.17593215273029686,61.86428759683025,61.86428759683025,311.9869179653742,382958.69604612637,1723416.528222743,354390.2607622637,97.7409632822899,8.0,16.377013301315003,0.009517846188953672
7.286528835723205,29.895870212285942,1.9858353162214308,-0.2694531051490685,70.26945310514907,0.19195281442895692,65.50987822069146,65.50987822069146,308.96642585589643,397764.8680475828,1698296.1890022813,557110.6602922517,94.09537265842869,8.0,15.691998102888078,0.018730560829907723
6.553888122611336,29.80619686062093,0.8202686747293664,-1.134099846839888,71.13409984683989,0.17265247952084656,61.08786399609198,61.08786399609198,312.6361225479303,379946.59369208803,1728642.907462064,318970.4448756846,98.51738688302817,8.0,16.51648022526797,0.007784716424793721
7.018555644965607,29.323388878616583,1.7112526579038339,0.02141386465763162,69.97858613534237,0.18489345745431,63.93240159008536,63.93240159008536,310.26759320258225,391219.91022355057,1709285.8622174505,498306.2542529645,95.67284928903479,8.0,15.935418366772637,0.016107354156614517
7.118975597007635,29.938747801202375,1.7167556667763122,-0.5249848229556164,70.52498482295562,0.18753887241853623,64.52868643702982,64.52868643702982,309.7746724561803,393668.41998505656,1705153.6919264633,499702.35035624803,95.07656444209033,8.0,15.875277298129902,0.016222061960811336
7.5270567846900125,29.894807609830963,2.3445497742464845,0.01985066135245006,69.98014933864755,0.19828916714146502,66.88961344476945,66.88961344476945,307.8361363915075,403671.59549662255,1688528.5924711134,636087.6629196235,92.7156374343507,8.0,15.443742930657834,0.022068577866654376
7.426507977694765,29.00251739108205,2.41635031071338,0.867754944797241,69.13224505520276,0.1956403576842667,66.3168661017665,66.3168661017665,308.30442713366824,401198.4645665291,1692601.1838625094,649824.0118395063,93.28838477735366,8.0,15.480144406244847,0.022608370542599607
6.894028742277618,29.862436955737195,1.376832871033022,-0.7319701819884017,70.7319701819884,0.18161298056579603,63.18412671078556,63.18412671078556,310.88796014203103,388190.04686857975,1714434.242020804,429266.8426758169,96.42112416833459,8.0,16.119885647734407,0.01302926133587842
7.4620624518399445,25.06256059167241,3.423703456435159,5.117305117281035,64.88269488271897,0.19657698766701645,66.52004423126408,66.52004423126408,308.1381547459177,402072.3147061773,1691159.3943837394,866714.7153330874,93.08520664785607,8.0,15.184952658142322,0.031101532243798323
7.985424091188644,29.212099504275514,3.1564886334000146,1.2649793034682375,68.73502069653176,0.2103641752157177,69.43108465328129,69.43108465328129,305.7745604346496,415023.87461617816,1670141.0723336344,821921.7673038695,90.17416622583886,8.0,14.95638638514356,0.029450890145341177
6.856900840982502,29.980247291922296,1.2867954055585469,-0.9111561790539326,70.91115617905393,0.18063490097424925,62.959089975260724,62.959089975260724,311.0749144583193,387288.0014952833,1715974.592013488,410910.0904556999,96.64616090385942,8.0,16.172553714835374,0.01219280880018394
7.028925059955135,29.9971175325595,1.5602107892244235,-0.704100696757223,70.70410069675722,0.18516662434023012,63.99426579321914,63.99426579321914,310.21639309215107,391472.5246774535,1708858.376919834,466960.727415749,95.610985085901,8.0,15.979308165044529,0.014761669649717398
7.5375769686138785,29.663639896280095,2.4168420955430046,0.2823822592237093,69.71761774077629,0.198566305811746,66.94921075187114,66.94921075187114,307.78748379518123,403930.6900336593,1688103.3411846538,651679.3992518858,92.65604012724901,8.0,15.416276484015668,0.022706736963757853
6.67063540948835,29.921747314254823,0.9911265650592045,-1.0993363685949475,71.09933636859495,0.17572801394858667,61.81627493652536,61.81627493652536,312.02700620941994,382771.0483233888,1723740.9448969883,352027.19059892005,97.78897594259479,8.0,16.385885733397572,0.009403894454243621
5.801658397046752,29.905296921532027,-0.6047498466485868,-2.3980076063848514,72.39800760638485,0.1528361010813159,56.14776692119739,56.14776692119739,316.81000947773975,361838.63682934985,1760943.911323091,60617.43281682801,103.45748395792276,8.0,17.526990414764214,0.005791742741569627
8.433572651522539,29.9510100412381,3.563967529318764,0.9413911387508165,69.05860886124918,0.22216998555117332,71.81363567540467,71.81363567540467,303.8680630446012,426261.8582848541,1652414.8868480923,927673.438668076,87.79161520371548,8.0,14.603483380405635,0.033328638934430575
7.760631705784646,29.401891182950017,2.8001586480771383,0.8178685217989141,69.18213147820109,0.20444235262867877,68.19857777294555,68.19857777294555,306.77091369731403,409439.8268807694,1679123.5861415947,738482.2647697172,91.4066731061746,8.0,15.179393928671118,0.026208662563553302
7.532981953165839,29.945893961313388,2.3406087859928983,-0.028559637379373726,70.02855963737937,0.19844525693271442,66.92318736306544,66.92318736306544,307.8087263711625,403817.5145314566,1688289.06316354,635342.512682516,92.68206351605471,8.0,15.441525532037929,0.02203905472423681
5.848787054561094,29.975499727063337,-0.5287140861697535,-2.3998840224875266,72.39988402248753,0.15407763578928066,56.47082989638517,56.47082989638517,316.5349181607173,362969.91447557387,1758880.029073699,73181.33795127571,103.13442098273498,8.0,17.46673009223815,0.00506361017805305
7.501663237198213,29.51726558572372,2.400403024577188,0.39889845195409634,69.6011015480459,0.1976202117280878,66.74550345878652,66.74550345878652,307.95384050512627,403046.4602965046,1689555.7221133087,647585.0475573586,92.85974742033363,8.0,15.441708635786881,0.022533689705070848
7.530730114562106,29.95646734510538,2.334714906401018,-0.04265672565713885,70.04265672565714,0.19838593557855916,66.91043002143562,66.91043002143562,307.81914103300517,403762.0561210719,1688380.0894221743,634049.7882486074,92.69482085768453,8.0,15.444575131668387,0.021985758725667874
7.510853268094291,29.958251420090065,2.305204479585036,-0.06793846846090901,70.06793846846091,0.19786230948615097,66.79769909310625,66.79769909310625,307.91119925221494,403272.6561511514,1689183.891340434,627449.6158445152,92.8075517860139,8.0,15.464798531210818,0.021711759771935006
5.936065657220942,29.94519932523123,-0.3493024418407114,-2.223097374367285,72.22309737436728,0.15637686135987727,57.06404064056528,57.06404064056528,316.0305332560026,365065.7013873035,1755073.1282457893,104260.8766280121,102.54121023855487,8.0,17.339652499071406,0.0033410789301345223
5.717501786508316,29.694008932243598,-0.7207284320883941,-2.2982301900773905,72.29823019007739,0.15061911977103043,55.565992266512694,55.565992266512694,317.30609991069684,359819.10639965255,1764644.0925809927,42283.75963550251,104.03925861260745,8.0,17.626630501908153,0.0068975084352553735
6.99747944893474,29.942628560988567,1.5236595643762854,-0.684886125417222,70.68488612541722,0.18433823627330717,63.80645143308789,63.80645143308789,310.3718746314881,390706.61530755024,1710155.3133625155,459382.6388446564,95.79879944603226,8.0,16.009837213796914,0.014413870443752043
6.106224204704127,29.92174063558145,-0.01716462183184247,-1.9268791124475797,71.92687911244758,0.16085943637260608,58.20217159237535,58.20217159237535,315.06557413684936,369155.1871920029,1747706.0600457836,162929.9339242981,101.4030792867448,8.0,17.102884640127854,0.00016382955540349286
7.3236148530801115,29.643139441515352,2.104550373132161,0.050905488837145185,69.94909451116285,0.192929790650161,65.72479117822286,65.72479117822286,308.7898794640481,398673.53134138975,1696784.4166330681,582488.8466034081,93.88045970089729,8.0,15.633564437394341,0.019805166846709132
7.937664471204446,29.620837141968153,2.9918047271157544,0.7770094944033303,69.22299050559667,0.20910601873562817,69.17139211544912,69.17139211544912,305.9839418983828,413834.67150625,1672044.120909141,784627.4057432493,90.43385876367103,8.0,15.026840757222317,0.02801048968775254
7.389944090046508,29.608028239559246,2.212804943625578,0.16873818864178247,69.83126181135822,0.19467713619722096,66.10716721575352,66.10716721575352,308.47620645355545,400300.5435588733,1694085.882397074,606137.313452453,93.49808366336663,8.0,15.562150135037484,0.020806515379608502
7.369685484746887,20.958399149791163,4.236682461463723,9.320918000327708,60.67908199967229,0.194143453233585,65.99065048462569,65.99065048462569,308.5717280063313,399803.35917965334,1694909.3669222237,1046497.6320005446,93.61460039449446,8.0,15.043591190950622,0.03741060097825963
7.288151166929239,29.65609459057194,2.0476428792438983,-0.006228246369403223,70.0062282463694,0.19199555234270915,65.5192965278124,65.5192965278124,308.95868521226066,397804.6023535019,1698230.011344534,570140.1693434216,94.08595435130775,8.0,15.671696174267424,0.019277446069019114
7.183456915536571,29.65509907787792,1.8874480205096282,-0.13390702874647786,70.13390702874648,0.18923753729021525,64.90829323009245,64.90829323009245,309.4615481563468,395243.2204299446,1702509.2534295844,535685.5778451887,94.6969576490277,8.0,15.782764778104081,0.017785418319272012
6.706542673092363,29.379162218573853,1.1875443599506983,-0.44963546320911973,70.44963546320912,0.17667393764732253,62.03840550198203,62.03840550198203,311.8416022190639,383640.746667353,1722238.6655364998,391647.8580291039,97.56684537713812,8.0,16.295139059093287,0.011215387962094028
7.806568074780339,29.917222677993436,2.7381979351180714,0.3150259146620442,69.68497408533796,0.20565247826080976,68.45256727077157,68.45256727077157,306.5650510304462,410578.23599959427,1677282.694022753,726193.5173257537,91.15268360834858,8.0,15.170556608036065,0.025719994747868093
7.516662888458288,29.931470148469543,2.3203149252616515,-0.03207364677575697,70.03207364677576,0.19801535533346384,66.8306709911106,66.8306709911106,307.8842684807891,403415.674601283,1688948.8961909802,630758.4493260308,92.77457988800955,8.0,15.456939909087623,0.0218485138437093
6.326646902172326,29.13760078251135,0.5872227878963862,-0.7155489826396888,70.71554898263969,0.16666614600032473,59.641986340685264,59.641986340685264,313.8502230127172,374461.827145099,1738264.6185804852,276435.1360975826,99.96326453843488,8.0,16.737106012288223,0.005556362612928431
8.0211682804034,29.919575108211546,3.0322181784589906,0.5472197255701872,69.45278027442981,0.21130580296110113,69.62469294346658,69.62469294346658,305.61865629654363,415914.91654707305,1668718.6394400767,795868.0280810039,89.98055793565356,8.0,14.968932999106869,0.028434979055896457
7.518683183221717,29.91449728960763,2.327455622712975,-0.011304843086520577,70.01130484308652,0.19806857700794828,66.84213254467312,66.84213254467312,307.874907942462,403465.41384118504,1688867.188148937,632311.5437988912,92.76311833444703,8.0,15.45364552619941,0.021912520802109633
7.502266131283305,29.895870212285942,2.3080012647016748,-0.010410080797157661,70.01041008079716,0.19763609408017135,66.74892910183996,66.74892910183996,307.9510415889667,403061.2979386588,1689531.325104429,627913.4409848164,92.85632177728019,8.0,15.468880864359164,0.021729223962211035
7.055018638657062,19.286496376135347,4.129659440473319,10.748758263489322,59.25124173651068,0.18585402103943788,64.14964214516613,64.14964214516613,310.0878611958045,392108.4248155663,1707783.4699676859,1023054.6281485982,95.45560873395402,8.0,15.240996980224395,0.03612258702679622
6.871381894305482,29.436501008917368,1.4461435196907693,-0.292923180316393,70.2929231803164,0.1810163828847598,63.046968589876315,63.046968589876315,311.0018863966015,387639.7579559578,1715373.509454559,443620.520681203,96.55828228924383,8.0,16.10950858940521,0.013642420990124185
7.510129173245693,29.880869273880208,2.3232251575159557,0.015096122428474246,69.98490387757153,0.1978432342793913,66.79358824509904,66.79358824509904,307.9145572150472,403254.8321028481,1689213.1839192424,631276.57762537,92.8116626340211,8.0,15.45981262515295,0.021868593277992
7.965417290794685,29.46744676534143,3.067082013547741,0.970967674746305,69.0290323252537,0.20983712567952278,69.32243801415945,69.32243801415945,305.8621221484352,414525.5214015522,1670937.9258724207,801822.1259067248,90.2828128649607,8.0,14.99112890476249,0.028676007033438904
7.4294243224248415,29.95868649548148,2.18500343416425,-0.16495817285436942,70.16495817285437,0.19571718446851533,66.33355879960226,66.33355879960226,308.29076038289116,401270.11505891953,1692482.8505332936,600748.2289959674,93.27169207951789,8.0,15.547930039220091,0.02059382580958416
6.534691125915497,29.9836493131111,0.7423781229701187,-1.3588247228625505,71.35882472286255,0.17214676306415957,60.96717022195935,60.96717022195935,312.73721620712996,379482.61737656087,1729451.5644603742,303567.5830382721,98.6380806571608,8.0,16.55646692162827,0.0070568505157156255
7.465147708253999,29.927564614552864,2.2455702283144907,-0.08864123557884795,70.08864123557885,0.19665826417950472,66.53764129547454,66.53764129547454,308.1237617523947,402148.1771911903,1691034.3709658647,614089.2092322428,93.0676095836456,8.0,15.508988760631553,0.021153199724174645
17.469416022624046,29.90408775509715,10.557262305878554,6.941158029193957,63.05884197080604,0.4602059015443637,107.06309154873401,107.06309154873401,281.49572554343496,711164.0872402486,1309983.5284462757,3968797.403778326,52.54215933038614,8.0,9.234337179908891,0.09472165034388105
18.882190892242335,29.212099504275514,11.365869026114474,8.464212701937413,61.53578729806259,0.4974233638630752,111.2337768233603,111.2337768233603,280.29357544295715,772233.5388630785,1254334.766140531,4632344.837636465,48.37147405575985,8.0,8.362304342006667,0.10093759857219232
6.856900840982502,29.99786608783755,1.2823932057694634,-0.9306036475540509,70.93060364755405,0.18063490097424925,62.959089975260724,62.959089975260724,311.07491445831425,387288.0014952833,1715974.5920134927,410005.83287998993,96.64616090385942,8.0,16.174078601123767,0.012152785277900674
7.542580451513759,29.710208280057124,2.412665495022199,0.23782447883485247,69.76217552116515,0.19869811516105793,66.97753410411764,66.97753410411764,307.7643668976924,404053.94017573405,1687901.1443331484,650872.143057346,92.62771677500251,8.0,15.414643641753344,0.022674653981161967
7.0378238796768375,29.96172459954306,1.583156600135446,-0.6537623795670129,70.65376237956701,0.1854010505710442,64.04730249250889,64.04730249250889,310.1725097760933,391689.3530346204,1708491.6651938735,471728.5415666419,95.55794838661126,8.0,15.966481721083028,0.014973389900839322
6.549979661108788,29.016314413405517,1.0116135824013994,-0.26311592963270414,70.2631159296327,0.17254951688906184,61.06331232416795,61.06331232416795,312.65668334555704,379852.1191745407,1728807.4872712155,357684.17125088884,98.5419385549522,8.0,16.449488633485657,0.00954119186644342
5.801658397046752,25.931832221843607,0.3994109246521137,2.0719314899904475,67.92806851000955,0.1528361010813159,56.14776692119739,56.14776692119739,316.81000947773646,361838.63682934985,1760943.9113229748,255142.2542273072,103.45748395792276,8.0,17.120804442083113,0.003705579757880884
7.530260777086457,29.074232203870096,2.551091725804506,0.9104798795957549,69.08952012040425,0.19837357157762003,66.90777072823113,66.90777072823113,307.82131207267673,403750.49762380926,1688399.0624123246,680218.1239992245,92.69748015088902,8.0,15.381297043480004,0.023861875292295304
6.995408208284759,29.940299114557888,1.5209290815473455,-0.6850108723816106,70.68501087238161,0.18428367250486719,63.79405865321337,63.79405865321337,310.3821383996576,390656.18277966505,1710240.7993161003,458818.0408110778,95.81119222590678,8.0,16.011959200352862,0.014388052788873886
6.502313985385134,29.45051551419251,0.8200065642357023,-0.8115621595626976,70.8115621595627,0.17129383523143135,60.76301398223825,60.76301398223825,312.9083246484745,378700.36522102985,1730817.131559212,319724.25938911724,98.8422368968819,8.0,16.546944423500406,0.007764305940015333
5.985443320729427,29.93653097370472,-0.2513014018157021,-2.1339672005661896,72.13396720056619,0.15767764280109134,57.39678112439714,57.39678112439714,315.748042353275,366251.88796937134,1752927.9595178852,121401.32180743145,102.20846975472301,8.0,17.26979573464564,0.0024021540429097184
7.501663237198213,29.930446240145656,2.298589787801439,-0.04860896750324173,70.04860896750324,0.1976202117280878,66.74550345878652,66.74550345878652,307.95384050512564,403046.4602965046,1689555.722113131,625900.5924092112,92.85974742033363,8.0,15.472051837416927,0.02164648724256844
7.754071116755801,29.93172272728782,2.661033963442933,0.2406224812747837,69.75937751872522,0.20426952362370393,68.16221254202168,68.16221254202168,306.8004108110008,409277.3503113326,1679386.7294005712,708314.3076860022,91.44303833709847,8.0,15.222117436375186,0.02500836862005312
7.510853268094291,29.933868258708458,2.311217670413877,-0.0415021659060244,70.04150216590602,0.19786230948615097,66.79769909310625,66.79769909310625,307.91119925220414,403272.6561511514,1689183.891339851,628730.2979556986,92.8075517860139,8.0,15.462994644698767,0.021764309363027912
8.023967834437235,28.58780836431646,3.3602630431741884,1.969980052728829,68.03001994727117,0.21137955306736655,69.63982976009737,69.63982976009737,305.6064743859549,415984.74188788293,1668607.2977426501,867687.509790282,89.96542111902278,8.0,14.882601007567132,0.03119746192529319
18.354569670274458,29.207264644003075,11.128885100596934,8.126834938628804,61.873165061371196,0.48352396391660846,109.70445457687669,109.70445457687669,280.66938251546225,748659.6972763345,1275293.2837253937,4388182.686187561,49.900796302243464,8.0,8.70904798594944,0.09905655145980288
7.4547882762775135,11.750080154405449,5.908502981414633,18.73592137088707,51.26407862911293,0.19638536028128328,66.47853392640008,66.47853392640008,308.17211173399227,401893.47348874237,1691454.2205809567,1537890.3666306336,93.12671695272007,8.0,14.632412253541872,0.049100118694009626
6.99747944893474,29.859878403748553,1.5442686795891367,-0.5939502010934348,70.59395020109343,0.18433823627330717,63.80645143308789,63.80645143308789,310.371874631495,390706.61530755024,1710155.3133632245,463651.7043854437,95.79879944603226,8.0,16.00292884334135,0.014599362692309074
6.6791372844563135,28.585469291445087,1.3394792604619536,0.38839118622081514,69.61160881377918,0.1759519832575425,61.86894945879709,61.86894945879709,311.9830259437582,382976.92578575923,1723385.0198348684,422897.6562485066,97.73630142032306,8.0,16.258560009509097,0.012575244488843835
7.3236148530801115,29.79799557159732,2.06626143568644,-0.1175986446375532,70.11759864463755,0.192929790650161,65.72479117822286,65.72479117822286,308.78987946405204,398673.53134138975,1696784.4166331715,574409.5672752835,93.88045970089729,8.0,15.645440321900082,0.019468120861181274
7.135076821104591,29.874807609288155,1.757796867052921,-0.4346276141881731,70.43462761418817,0.18796303532941494,64.62371347649366,64.62371347649366,309.6962379923341,394061.4613731539,1704492.722803665,508327.25499399804,94.98153740262649,8.0,15.852559722832325,0.01659918372269589
6.619332751285506,29.78837887957559,0.9372811763741378,-1.022537302610317,71.02253730261032,0.17437652137211554,61.49736111260364,61.49736111260364,312.2934769024137,381529.29074168246,1725891.6971381146,341718.6103095092,98.10788976651651,8.0,16.435407736872776,0.008888120600390986
7.369685484746887,29.94811384523652,2.09847477940183,-0.22521421962034083,70.22521421962034,0.194143453233585,65.99065048462569,65.99065048462569,308.5717280063339,399803.35917965334,1694909.3669222917,581703.865645331,93.61460039449446,8.0,15.608904398897266,0.019786759847147405
7.288151166929239,29.99203334591776,1.964485199017254,-0.3723385692923671,70.37233856929237,0.19199555234270915,65.5192965278124,65.5192965278124,308.95868521225265,397804.6023535019,1698230.011344217,552630.9166418413,94.08595435130775,8.0,15.697793367161239,0.018542753374119873
7.183456915536571,29.934479116255503,1.818157592931079,-0.43918231875170477,70.4391823187517,0.18923753729021525,64.90829323009245,64.90829323009245,309.4615481563497,395243.2204299446,1702509.253429289,521177.8952187106,94.6969576490277,8.0,15.804992079377485,0.017169737492964902
7.526958487495644,28.98301080512777,2.5686734006693586,1.00503308998492,68.99496691001508,0.19828657764740895,66.88905629620746,66.88905629620746,307.8365912904809,403669.1749058725,1688532.5666355528,683916.1519386438,92.71619458291269,8.0,15.378120660039258,0.024010317759580627
7.49085596618991,29.91940156271008,2.2854457199382314,-0.04937307094019161,70.04937307094019,0.19733551017360143,66.6840619722671,66.6840619722671,308.00404915631225,402780.5214017054,1689993.1445793824,622940.6326698302,92.92118890685305,8.0,15.482200651781113,0.021522822517814236
7.516662888458288,29.982036173095594,2.3078455199239922,-0.08689258395622801,70.08689258395623,0.19801535533346384,66.8306709911106,66.8306709911106,307.8842684807849,403415.674601283,1688948.8961906328,628101.9944079141,92.77457988800955,8.0,15.460677237711309,0.021739560964006175
6.560320448669674,29.475933029426386,0.9142955453875131,-0.7581523681251952,70.7581523681252,0.17282192962775747,61.12824611788517,61.12824611788517,312.60230876492074,380102.08583345613,1728372.1187190867,337862.8985860926,98.47700476123498,8.0,16.478428889885777,0.008653789442655003
7.530790342280389,29.931778633226997,2.3408890404019576,-0.015832699977750053,70.01583269997775,0.19838752218862984,66.91077126628085,66.91077126628085,307.81886244370725,403763.53937421396,1688377.654736635,635367.0646645298,92.6944796128393,8.0,15.442696930127,0.022039702112428422
7.518683183221717,29.041149668197967,2.5423401730830673,0.9328554606621537,69.06714453933785,0.19806857700794828,66.84213254467312,66.84213254467312,307.8749079424689,403465.41384118504,1688867.188149078,678145.9930642598,92.76311833444703,8.0,15.39045807867899,0.023776265192136783
7.502266131283305,29.952791791215702,2.293962716718434,-0.0721307180912163,70.07213071809122,0.19763609408017135,66.74892910183996,66.74892910183996,307.9510415889545,403061.2979386588,1689531.325104252,624924.715198652,92.85632177728019,8.0,15.473096869153437,0.021606521576771075
6.871381894305482,29.998862717317365,1.3058416407994575,-0.9124103322224641,70.91241033222246,0.1810163828847598,63.046968589876315,63.046968589876315,311.00188639659876,387639.7579559578,1715373.5094541665,414753.5587144701,96.55828228924383,8.0,16.157511676264846,0.012373389014223428
7.203277729178385,29.880869273880208,1.8620767171310961,-0.35585900682139027,70.35585900682139,0.18975968728077938,65.02447269140458,65.02447269140458,309.3658228549928,395727.7126444933,1701697.7520775506,530492.3137246157,94.58077818771557,8.0,15.77940606565761,0.017574059564759683
17.60959240089538,29.46744676534143,10.721412458703707,7.428733294717688,62.57126670528231,0.46389864069798153,107.48796387072764,107.48796387072764,281.34882069261,716939.844624194,1304526.1460866109,4052302.756443876,52.11728700839251,8.0,9.162053524682108,0.09587846766054364
7.299654831388246,29.894807609830963,2.00603410955865,-0.2522341510321553,70.25223415103216,0.19229859935163976,65.586035590199,65.586035590199,308.9038439554269,398086.3911962661,1697760.8757737626,561481.9244786488,94.01921528892115,8.0,15.678076026648114,0.018918760624219336
7.5064920800113,29.00251739108205,2.5340245948394022,0.9604965957634022,69.0395034042366,0.1977474204428688,66.7729352168771,66.7729352168771,307.9314287517225,403165.3073672112,1689360.3306700983,676160.6225927982,92.83231566224305,8.0,15.399850698236719,0.02369387923789661
7.465147708253999,29.99753124504734,2.228299371082472,-0.16459703442433238,70.16459703442433,0.19665826417950472,66.53764129547454,66.53764129547454,308.12376175239757,402148.1771911903,1691034.3709662019,610419.7046931327,93.0676095836456,8.0,15.514226754483786,0.02100183945067306
7.4620624518399445,29.923856091847256,2.241930927355688,-0.08827552260692073,70.08827552260692,0.19657698766701645,66.52004423126408,66.52004423126408,308.13815474590024,402072.3147061773,1691159.3943826768,613272.569212418,93.08520664785607,8.0,15.511861978367335,0.021118862766903085
6.9042822057509845,29.869203612950415,1.3918129570112538,-0.7258998458331689,70.72589984583317,0.1818830928806898,63.24611586370713,63.24611586370713,310.83649223919554,388439.2650652087,1714009.2887067976,432317.17686654406,96.35913501541302,8.0,16.10878195872158,0.01317045053817528
7.522852650516029,29.36471179295073,2.46892021062617,0.5884346938709086,69.41156530612909,0.19817841545089643,66.86577959800343,66.86577959800343,307.85559729691704,403568.0727678625,1688698.5785048602,662544.6487903221,92.73947128111672,8.0,15.409416554127574,0.02314584202611529
7.542580451513759,29.980023237220607,2.346194969501414,-0.054299326188697705,70.0542993261887,0.19869811516105793,66.97753410411764,66.97753410411764,307.764366897696,404053.94017573405,1687901.1443335474,636689.215996585,92.62771677500251,8.0,15.434363263137186,0.022095691860107926
7.720870176660689,29.663639896280095,2.679971036797405,0.49199319349048665,69.50800680650951,0.20339489401108243,67.97783044528302,67.97783044528302,306.95005575939615,408455.5281806572,1680719.2948021907,711654.7449325433,91.62742043383713,8.0,15.235643194651061,0.025141557501686163
6.67063540948835,29.688559407581707,1.0495696944483763,-0.8408682685634972,70.8408682685635,0.17572801394858667,61.81627493652536,61.81627493652536,312.02700620941056,382771.0483233888,1723740.9448970838,363905.03907367634,97.78897594259479,8.0,16.364969378164176,0.009940025085162717
7.105884334004224,28.843176181686147,1.9678631500663633,0.6552499257125532,69.34475007428745,0.1871940024764021,64.45130632406995,64.45130632406995,309.83856582581797,393348.94675551594,1705691.4178560397,552077.4879869213,95.1539445550502,8.0,15.802239556795996,0.018439781501302564
7.437056433202078,28.821551289839284,2.476428193523578,1.07548870866691,68.92451129133309,0.19591824112755737,66.37722085450241,66.37722085450241,308.25501830894774,401457.6478824722,1692173.230944217,662760.1342753653,93.22803002461774,8.0,15.456449149506113,0.023136581130775016
7.072564361285059,29.401891182950017,1.7772066607015309,0.003950422664388498,69.99604957733561,0.18631623712552842,64.25388034475515,64.25388034475515,310.00168125576226,392536.1938293257,1707061.338917634,512149.967440926,95.351370534365,8.0,15.88254132606437,0.016730227051366082
7.532981953165839,29.954492709557236,2.3384890789640576,-0.03787728804940116,70.0378772880494,0.19844525693271442,66.92318736306544,66.92318736306544,307.80872637117164,403817.5145314566,1688289.063163555,634890.549973724,92.68206351605471,8.0,15.44215834771353,0.02202055240301381
5.848787054561094,29.997887188527244,-0.5344323166235062,-2.425346164324935,72.42534616432494,0.15407763578928066,56.47082989638517,56.47082989638517,316.5349181607236,362969.91447557387,1758880.029073378,72081.9079209612,103.13442098273498,8.0,17.469154972902004,0.0051193165427907165
7.799637399838663,29.888473827916563,2.7355663718602927,0.3382290543456179,69.66177094565438,0.20546989989037573,68.41431740646135,68.41431740646135,306.5960355341938,410406.39114329155,1677560.26100768,725458.8189996978,91.1909334726588,8.0,15.175227370262405,0.025691054609696288
7.951000842376537,29.93172272728782,2.934016140012608,0.45841808379060467,69.5415819162094,0.2094573456895821,69.24402454143757,69.24402454143757,305.9253506322252,414166.58819890564,1671512.4286588163,772425.3213532055,90.36122633768258,8.0,15.03487039734506,0.027531363829143774
7.3349025128204675,29.905590552844274,2.0566826273081418,-0.22104415398365518,70.22104415398366,0.193227147334575,65.7900430290087,65.7900430290087,308.73631159639274,398950.2417723541,1696324.7122278495,572503.2725328769,93.81520785011145,8.0,15.641916554259183,0.019392121889636734
5.936065657220942,29.732430903850087,-0.29510079297721137,-1.9819885789806904,71.98198857898069,0.15637686135987727,57.06404064056528,57.06404064056528,316.0305332559863,365065.7013873035,1755073.1282448077,114753.86666959364,102.54121023855487,8.0,17.317149604495626,0.002817738706516028
5.717501786508316,29.94054258044767,-0.7838476825842511,-2.579499963181206,72.5794999631812,0.15061911977103043,55.565992266512694,55.565992266512694,317.30609991069446,359819.10639965255,1764644.0925810433,30256.588397763586,104.03925861260745,8.0,17.6539493173521,0.007516833690521242
6.99747944893474,29.257226636500178,1.6941284782894273,0.06699093790899724,69.933009062091,0.18433823627330717,63.80645143308789,63.80645143308789,310.3718746314781,390706.61530755024,1710155.313362785,494725.09167936764,95.79879944603226,8.0,15.953294860943231,0.015941014499533234
6.79915365715191,28.585469291445087,1.5394498245835961,0.5470464216603546,69.45295357833965,0.17911363691127266,62.607275487980644,62.607275487980644,311.3675426921953,385886.1452849997,1718375.3989596511,463110.20671898476,96.9979753911395,8.0,16.120367724879486,0.014436387680742105
18.17463536450113,29.79799557159732,10.916278954150366,7.47049367987961,62.52950632012039,0.47878386102479265,109.17536809790897,109.17536809790897,280.8177118252754,740835.6558643399,1282390.8366040827,4273029.909701432,50.42988278121118,8.0,8.806455186973267,0.09759364682752954
7.786109467622566,29.620837141968153,2.782247991629739,0.610944075099269,69.38905592490073,0.20511352654432471,68.33958529594372,68.33958529594372,306.65659075721516,410071.0575376158,1678102.2242472768,735221.9909841268,91.26566558317643,8.0,15.169886963607553,0.026079104602239882
7.319320038877258,29.90317253016432,2.0337489466949727,-0.23735933226811312,70.23735933226811,0.19281665012848415,65.6999441035058,65.6999441035058,308.81028173931725,398568.2644144981,1696959.3803541192,567509.4259763665,93.90530677561435,8.0,15.658054604195343,0.01917810857596759
7.359580022390896,29.741051564942772,2.134497250387903,-0.012171218091737046,70.01217121809174,0.193877239789012,65.93244057331873,65.93244057331873,308.61946886341957,399555.4360853792,1695320.3742712068,589205.3794453016,93.67281030580142,8.0,15.603599241955862,0.020095980610787833
7.852380981186785,29.65609459057194,2.865874285668569,0.6462802871023428,69.35371971289766,0.20685935145381415,68.70477544655705,68.70477544655705,306.3609061416699,411714.9424261917,1675449.5101059466,754970.861769957,90.9004754325631,8.0,15.10921910153121,0.026856260123953903
8.047408261366071,29.65509907787792,3.132101172821274,0.8579507550531389,69.14204924494686,0.21199705641111882,69.76641605503085,69.76641605503085,305.5046398660426,416569.59698306554,1667675.4167014123,818499.7547365254,89.8388348240893,8.0,14.92781965950985,0.029307257801174436
7.253654378996858,28.98301080512777,2.161425341282754,0.6837016006360273,69.31629839936397,0.19108678553732503,65.31869293320273,65.31869293320273,309.1236287561224,396960.00091204024,1699638.0890999923,593783.2785508935,94.28655794591742,8.0,15.656441211076753,0.02024947787748666
7.95309088246881,29.917222677993436,2.9404144279848015,0.47623274827964224,69.52376725172036,0.20951240470149657,69.25539913173225,69.25539913173225,305.916177071406,414218.6161888049,1671429.1234437358,773876.6355030221,90.3498517473879,8.0,15.031959019952183,0.027587925149196658
7.248459585318474,29.878494586678435,1.9320705482127807,-0.2972964084414116,70.29729640844141,0.19094993638879015,65.28842332134536,65.28842332134536,309.14853080040274,396832.8680598155,1699850.291787076,545491.895426623,94.31682755777479,8.0,15.730969613027753,0.018227056602980286
7.875821758431467,29.13760078251135,3.024960043186711,1.2271925971869564,68.77280740281304,0.20747686402611873,68.83340040023103,68.83340040023103,306.25689925998904,412297.0841499892,1674512.5893489532,790113.902559468,90.77185047888912,8.0,15.052957937083988,0.02823119648578342
7.43936274565875,29.919575108211546,2.2094060502252586,-0.11061426718839584,70.1106142671884,0.19597899751471942,66.3904083640436,66.3904083640436,308.24422439873194,401514.3240056113,1692079.6855446151,606055.8389545841,93.21484251507655,8.0,15.534775669893008,0.02081578308314901
7.518683183221717,29.903106496104556,2.330263867770251,0.0010399289607789797,69.99896007103922,0.19806857700794828,66.84213254467312,66.84213254467312,307.8749079424703,403465.41384118504,1688867.1881490522,632909.9281648719,92.76311833444703,8.0,15.452805796866187,0.021937037422578104
7.502266131283305,29.671503548442132,2.363302643491591,0.23267629801091516,69.76732370198908,0.19763609408017135,66.74892910183996,66.74892910183996,307.95104158895145,403061.2979386588,1689531.3251040862,639690.3992356178,92.85632177728019,8.0,15.452363519546509,0.022211543525710364
7.616602509720739,18.200589205975,5.171397106747459,12.378484923056988,57.62151507694301,0.20064811669443464,67.39493731602505,67.39493731602505,307.4240699133453,405879.0472380399,1684913.99925041,1271228.7950292565,92.2103135630951,8.0,14.715026178655876,0.04475439281651924
7.2935624487751145,29.436501008917368,2.110142244191595,0.2392555291008307,69.76074447089917,0.1921381045515046,65.55070004823227,65.55070004823227,308.9328779848982,397937.1460805128,1698009.3058244311,583362.9508670465,94.05455083088788,8.0,15.649172391865534,0.01983128624643477
6.025862694809364,29.31295796225767,-0.01521576113273653,-1.365940032048286,71.36594003204829,0.15874243137010968,57.66763915525979,57.66763915525979,315.5183179130797,367223.1762168063,1751176.4904965945,165947.56388113013,101.93761172386036,8.0,17.14973750091906,0.0001446443878401906
7.118975597007635,29.394224083845863,1.8518993066893579,0.07060384275786191,69.92939615724214,0.18753887241853623,64.52868643702982,64.52868643702982,309.7746724561791,393668.41998505656,1705153.691926505,527907.3671746107,95.07656444209033,8.0,15.831514053172441,0.01742512293390208
8.359073802285124,29.894807609830963,3.482655232878643,0.9259425589763737,69.07405744102363,0.22020742366399168,71.42416117036692,71.42416117036692,304.17787666773364,424383.3612902798,1655346.0333970902,906644.3718937739,88.18108970875323,8.0,14.66464497096456,0.03257179012956955
7.547280723109961,29.00251739108205,2.5934380247446898,1.0072651121762988,68.9927348878237,0.19882193685748054,67.00412839617002,67.00412839617002,307.74266417576473,404169.73473312537,1687711.2334470523,689576.0049237353,92.60112248295013,8.0,15.3593683958714,0.024241420344813167
7.525832568193778,29.9175341943767,2.3371592341727974,-0.006208672883417421,70.00620867288342,0.19825691697033135,66.8826742007455,66.8826742007455,307.841802213809,403641.4492891033,1688578.088655881,634492.6914849466,92.72257667837465,8.0,15.446649961071614,0.02200308231873758
7.77527895245184,29.90408775509715,2.69762546054127,0.2941985971904728,69.70580140280953,0.2048282126567924,68.27968521787574,68.27968521787574,306.70514485753216,409802.6727536069,1678536.296559584,716691.9629588717,91.32556566124441,8.0,15.199720016577203,0.0253426340987945
6.342866280132261,28.589724302604665,0.7540479136491776,-0.08228298445743576,70.08228298445744,0.16709342149979614,59.74645221765985,59.74645221765985,313.7622852282756,374852.79337271757,1737574.2115312368,309406.90705706645,99.8587986614603,8.0,16.665393109720583,0.007102786452739862
7.5401313381379005,29.36471179295073,2.4940986694173826,0.6084038863616001,69.3915961136384,0.1986335968950975,66.96367207909503,66.96367207909503,307.7756803724674,403993.6096516961,1688000.111487943,668216.78306835,92.64157880002512,8.0,15.392170415088515,0.0233785873695646
7.56731578452692,29.980023237220607,2.3821714649457895,-0.025409929547379306,70.02540992954738,0.19934973088848576,67.11735015661247,67.11735015661247,307.65029973954745,404663.45875785494,1686902.0875386246,644780.2147975556,92.48790072250767,8.0,15.409509554955434,0.022429905237880417
9.607039376396646,29.663639896280095,5.000765134319987,2.311522557445869,67.68847744255413,0.2530832290936946,77.63730499083402,77.63730499083402,299.3319133847986,456474.329002801,1606921.972665742,1319699.4300326253,81.96794588828612,8.0,13.669164496599535,0.04631755356266792
7.430998553995815,29.016314413405517,2.419605837646698,0.8580885292756761,69.14191147072432,0.19575865526859365,66.34256743740809,66.34256743740809,308.28338523073387,401308.79369826807,1692418.9799526653,650582.3992411313,93.26268344171206,8.0,15.47660373631544,0.02264037437712068
5.801658397046752,29.97949561193127,-0.6237191505616294,-2.482499449324564,72.48249944932456,0.1528361010813159,56.14776692119739,56.14776692119739,316.8100094777435,361838.63682934985,1760943.9113228898,56982.16142541761,103.45748395792276,8.0,17.535097587754365,0.005977061560717053
8.363183980562436,29.934636110324632,3.4782503302758827,0.887835443214783,69.11216455678522,0.22031570022556468,71.44571559362413,71.44571559362413,304.1607115336579,424486.88877936406,1655184.1640817956,905828.022054164,88.15953528549602,8.0,14.663432500326905,0.03253933615701665
6.995408208284759,29.90818734995547,1.528927713266518,-0.6497157858299261,70.64971578582993,0.18428367250486719,63.79405865321337,63.79405865321337,310.38213839964556,390656.18277966505,1710240.7993150542,460474.6143914045,95.81119222590678,8.0,16.00927462656631,0.014460079366591636
7.532981953165839,20.86567197447421,4.491912880472709,9.571620108922332,60.42837989107767,0.19844525693271442,66.92318736306544,66.92318736306544,307.80872637117017,403817.5145314566,1688289.063163481,1106861.846003575,92.68206351605471,8.0,14.897682094749939,0.03959830738662491
7.600954094952265,28.12963096602097,2.884424326273115,2.0051083316862446,67.99489166831376,0.20023588237492795,67.30694845507031,67.30694845507031,307.49574550970453,405492.94331751746,1685544.8403887793,753041.1610106479,92.29830242404984,8.0,15.247184239729222,0.026773082777096002
7.660415587636797,29.888473827916563,2.5387988644562163,0.18103610277432836,69.81896389722567,0.20180230736661742,67.64058267391749,67.64058267391749,307.22413650474766,406960.86579672305,1683149.5657611864,680033.7987175069,91.96466820520266,8.0,15.310456158458521,0.02386968295410005
6.490343069680461,29.93172272728782,0.6780932634116759,-1.3643200007697942,71.3643200007698,0.17097847918020181,60.68733956111595,60.68733956111595,312.971783021564,378411.2271082333,1731322.574598258,291384.1952690003,98.9179113180042,8.0,16.606448279108008,0.0064460295464617255
6.405360470279845,29.905590552844274,0.5346679975785614,-1.45810157137862,71.45810157137862,0.16873973841622353,60.14712069759037,60.14712069759037,313.42531976501846,376359.9062139827,1734919.3801951937,264271.4682859127,99.45813018152978,8.0,16.710447804033834,0.005086032640089035
5.936065657220942,29.793967151681812,-0.3107717089441702,-2.0516889812208774,72.05168898122088,0.15637686135987727,57.06404064056528,57.06404064056528,316.0305332560002,365065.7013873035,1755073.128245596,111719.2049671696,102.54121023855487,8.0,17.32364136872343,0.002968861046770633
7.5807130649193954,28.890815155462363,2.669219421232412,1.1655413217130786,68.83445867828692,0.19970266240567427,67.19293690623277,67.19293690623277,307.58866634051645,404993.74048762524,1686361.3381914385,706430.7352443056,92.41231397288738,8.0,15.31864608491719,0.02492196851627346
7.242177706247401,29.859878403748553,1.927065980990253,-0.28473087136779895,70.2847308713678,0.19078444958502108,65.25179789019074,65.25179789019074,309.17866625353207,396679.1494991538,1700106.958388428,544393.1731623283,94.3534529889294,8.0,15.736187474383428,0.018178218880084942
6.106224204704127,29.925032090882056,-0.018000160405392897,-1.9305913697832011,71.9305913697832,0.16085943637260608,58.20217159237535,58.20217159237535,315.0655741368561,369155.1871920029,1747706.0600463303,162766.2936846277,101.4030792867448,8.0,17.10322100660005,0.0001718090333933397
7.3236148530801115,29.981758971325846,2.020791126846367,-0.3177537472733434,70.31775374727334,0.192929790650161,65.72479117822286,65.72479117822286,308.78987946404914,398673.53134138975,1696784.4166331196,564818.8803360802,93.88045970089729,8.0,15.659633485950906,0.019066816809412093
8.366919870114437,29.620837141968153,3.5591764515788245,1.2243639214423752,68.77563607855762,0.220414116704806,71.4653003971456,71.4653003971456,304.14511688517405,424580.9998470884,1655037.0510356696,923924.6228190238,88.13995048197455,8.0,14.641711495042841,0.03321756588358024
7.22143127022871,29.66249235868102,1.9441419766360946,-0.09497049482712328,70.09497049482712,0.19023791544332744,65.13067190889006,65.13067190889006,309.278364946132,396171.6254778393,1700955.0699743887,547825.3596667115,94.47457897023008,8.0,15.742768115064735,0.01831457858428168
7.369685484746887,22.5075277807082,3.8869794258395682,7.707695987002694,62.292304012997306,0.194143453233585,65.99065048462569,65.99065048462569,308.57172800633055,399803.35917965334,1694909.3669220733,967245.083268064,93.61460039449446,8.0,15.124262079608911,0.034694925038992706
7.025212509860423,29.65609459057194,1.6391644272077754,-0.33458341245471956,70.33458341245472,0.18506882270443686,63.97212439761597,63.97212439761597,310.2347161936206,391382.0756820109,1709011.4077266585,483343.6341463294,95.63312648150418,8.0,15.955237157042689,0.015467897761739874
10.905073560951205,29.322341154296673,6.361937346955358,3.645350329578264,66.35464967042174,0.2872780179386513,83.4963992692156,83.4963992692156,294.9859349662523,491524.3867454976,1557671.2893976173,1751558.7966582587,76.10885160990455,8.0,12.80275607504882,0.05838124808395894
6.706542673092363,29.997286437280465,1.0328247098276357,-1.133597804029364,71.13359780402936,0.17667393764732253,62.03840550198203,62.03840550198203,311.84160221906853,383640.746667353,1722238.665536553,360122.17433777987,97.56684537713812,8.0,16.349888464968046,0.009801933001235446
7.49085596618991,29.99645228583597,2.266435877594273,-0.132960975471633,70.13296097547163,0.19733551017360143,66.6840619722671,66.6840619722671,308.0040491563018,402780.5214017054,1689993.1445792855,618896.2178814247,92.92118890685305,8.0,15.487931802097592,0.02135647646136161
7.516662888458288,29.990645890173816,2.3057221264779897,-0.09622802202039793,70.0962280220204,0.19801535533346384,66.8306709911106,66.8306709911106,307.88426848079723,403415.674601283,1688948.896191237,627649.6588253895,92.77457988800955,8.0,15.461314395998045,0.021720999182678127
7.139717205174206,29.13760078251135,1.947785871872587,0.37635827787153175,69.62364172212847,0.18808527937761343,64.65107084621997,64.65107084621997,309.67366363506187,394174.7597428887,1704302.3108918087,548060.3313698453,94.95418003290018,8.0,15.788944241777472,0.018287681410475043
7.7632546200702475,29.919575108211546,2.676936568818661,0.2640327443546653,69.73596725564533,0.20451144942229313,68.21311017785735,68.21311017785735,306.75912752502063,409504.79243664833,1679018.3979166138,711951.6952801349,91.3921407012628,8.0,15.212393769155312,0.025153648539474244
7.518683183221717,29.877633574285284,2.3365433694104123,0.028643280160849827,69.97135671983915,0.19806857700794828,66.84213254467312,66.84213254467312,307.8749079424705,403465.41384118504,1688867.1881493772,634248.0243446443,92.76311833444703,8.0,15.450929433100669,0.02199184348849437
7.502266131283305,29.69095721008531,2.3585099456856375,0.21161194078933931,69.78838805921066,0.19763609408017135,66.74892910183996,66.74892910183996,307.9510415889477,403061.2979386588,1689531.3251037553,638669.5121213641,92.85632177728019,8.0,15.453789296978925,0.02216980856131406
9.507253267281158,29.505667276140578,4.93061096686273,2.391138549231414,67.60886145076859,0.2504545117829599,77.16320870000101,77.16320870000101,299.6938663080129,453855.55916926905,1610747.6702423047,1296567.5318918114,82.44204217911914,8.0,13.73464383097911,0.04564240923711019
17.827520887345816,29.880869273880208,10.734876981735976,7.179101897652174,62.820898102347826,0.46963964402913105,108.14350607082321,108.14350607082321,281.1323336303039,726037.7323555078,1296015.4872598758,4118713.049887803,51.46174480829694,8.0,9.019533763554364,0.09616058846165901
7.501025461258711,29.46744676534143,2.4117317144714656,0.45204165043395506,69.54795834956604,0.19760341046519259,66.74187939530265,66.74187939530265,307.9568015916019,403030.76441610744,1689581.531245806,649988.908864449,92.8633714838175,8.0,15.438728096252476,0.02263152472009372
8.051103287210823,29.894807609830963,3.078576013874471,0.6057521341905385,69.39424786580946,0.21209439639649166,69.78634557056017,69.78634557056017,305.4886138250968,416661.82537631335,1667528.5805358242,806908.0426386762,89.81890530855998,8.0,14.939792863640378,0.02885776253541481
6.534691125915497,29.99401513546458,0.7397706333667459,-1.3703720528979488,71.37037205289795,0.17214676306415957,60.96717022195935,60.96717022195935,312.73721620714747,379482.61737656087,1729451.564461294,303042.39923577587,98.6380806571608,8.0,16.557432338949866,0.007032646578182496
7.32109733582211,29.9175341943767,2.032881918317077,-0.25084096169166514,70.25084096169167,0.19286347038519783,65.71022772688025,65.71022772688025,308.8018374263079,398611.8251913731,1696886.9727008734,567343.978583968,93.8950231522399,8.0,15.657301074090299,0.019171770398190593
7.4620624518399445,29.31996260652101,2.3907802924043295,0.5660821025134055,69.4339178974866,0.19657698766701645,66.52004423126408,66.52004423126408,308.1381547459193,402072.3147061773,1691159.3943836105,644918.0983205059,93.08520664785607,8.0,15.467275445620714,0.022416831016768148
6.891992286238496,29.476038328975413,1.469859195834825,-0.3093757699784305,70.30937576997843,0.18155933314643036,63.17180681775682,63.17180681775682,310.8981906113516,388140.55465457245,1714518.6651698046,448440.4098444414,96.43344406136333,8.0,16.089445308030008,0.013867769529644136
6.856900840982502,29.994207867868944,1.2833072686521476,-0.9265655704484175,70.92656557044842,0.18063490097424925,62.959089975260724,62.959089975260724,311.07491445830004,387288.0014952833,1715974.5920127062,410193.58724712883,96.64616090385942,8.0,16.17376190129994,0.012161096582770724
7.56731578452692,29.995562319339513,2.378342742219233,-0.04223682412884955,70.04223682412885,0.19934973088848576,67.11735015661247,67.11735015661247,307.65029973954756,404663.45875785494,1686902.087538468,643962.4840350109,92.48790072250767,8.0,15.410645393073139,0.02239653057940508
7.237434760789027,29.663639896280095,1.9684093792306856,-0.07651228395786802,70.07651228395787,0.19065950370887846,65.2241293602425,65.2241293602425,309.2014353191866,396563.1023927441,1700300.788595078,553040.7284268402,94.38112151887765,8.0,15.725845319203131,0.018540756098236275
6.67063540948835,29.983524806781062,0.9756336119868148,-1.1678713414093522,71.16787134140935,0.17572801394858667,61.81627493652536,61.81627493652536,312.0270062094236,382771.0483233888,1723740.944897202,348879.87583437515,97.78897594259479,8.0,16.391457683871522,0.009261437681079902
7.465963384896584,28.843176181686147,2.5137287214656374,1.08562825894478,68.91437174105522,0.19667975197303963,66.54229268789754,66.54229268789754,308.1199574904838,402168.2345351274,1691001.319767794,671158.4774701399,93.0629581912226,8.0,15.428983738398188,0.02348339247587871
8.045279099035696,29.934636110324632,3.061023554926172,0.5569383881013437,69.44306161189866,0.21194096678176227,69.75492911842701,69.75492911842701,305.5138777423124,416516.4571019236,1667760.0346986658,802891.463381817,89.85032176069313,8.0,14.947709567919276,0.028703132522403963
8.276681234554587,29.98596293861931,3.3542351727676882,0.7449523473694057,69.2550476526306,0.21803691344980472,70.99041994616687,70.99041994616687,304.5237677889824,422310.75015299785,1658594.7521187535,875107.9536603127,88.61483093295328,8.0,14.742391822936327,0.03141081819782322
7.8971968082648125,29.92057109914576,2.863007304715841,0.4116326322655368,69.58836736773446,0.20803995806809306,68.95044365594697,68.95044365594697,306.16232006273543,412828.240846981,1673658.8493356642,755522.1874261084,90.65480722317318,8.0,15.084627302658305,0.02687394715513937
5.848787054561094,29.99303496806614,-0.5331929118773108,-2.4198272436453294,72.41982724364533,0.15407763578928066,56.47082989638517,56.47082989638517,316.5349181607298,362969.91447557387,1758880.0290740835,72320.19709545959,103.13442098273498,8.0,17.468629256409088,0.005107240656005729
6.621998312349537,29.888473827916563,0.9167202959433874,-1.1299493235447926,71.12994932354479,0.17444674163196883,61.513976166966074,61.513976166966074,312.27958582453783,381593.78595037415,1725779.8215841607,337518.9620584864,98.09127471215407,8.0,16.441285190856036,0.008699826994923582
7.553402176011016,29.93172272728782,2.3738550770539346,0.010668557424935443,69.98933144257506,0.19898319747131232,67.03874540875358,67.03874540875358,307.714418668876,404320.56058267143,1687463.948406566,642769.9151957972,92.56650547036656,8.0,15.419937925455542,0.022345876557830345
7.510853268094291,29.45420752314819,2.429375653168467,0.4777957759044398,69.52220422409556,0.19786230948615097,66.79769909310625,66.79769909310625,307.9111992522113,403272.6561511514,1689183.8913401351,653909.5453970293,92.8075517860139,8.0,15.427894431012874,0.022792941025525346
6.980070534661829,28.58780836431646,1.8323163723895932,0.7765577868353262,69.22344221316467,0.1838796242007858,63.70220458288594,63.70220458288594,310.45822952859635,390282.78731348825,1710874.060985337,523403.34516162885,95.90304629623421,8.0,15.918592785138003,0.017154943981556547
8.431616974546772,29.207264644003075,3.7415867479609504,1.726011042827679,68.27398895717232,0.22211846613663783,71.80344409956643,71.80344409956643,303.8761606255817,426212.49084119854,1652491.7573188036,967112.8238823818,87.80180677955371,8.0,14.562603074549429,0.03479717440849862
7.637952362274721,11.750080154405449,6.1608861131815456,18.86635397127037,51.13364602872963,0.20121054695138885,67.51476907806898,67.51476907806898,307.3265063850198,406406.0651095043,1684053.8673927535,1601352.9415317108,92.09048180105117,8.0,14.503531329743453,0.05115571773182221
7.242177706247401,29.99951185311442,1.8924543564008718,-0.4371856659947184,70.43718566599472,0.19078444958502108,65.25179789019074,65.25179789019074,309.1786662535346,396679.1494991538,1700106.9583886566,537125.5172224916,94.3534529889294,8.0,15.747202968129272,0.017871103507463244
7.531256603630201,28.585469291445087,2.6723762716540396,1.4379055595480281,68.56209444045197,0.19839980515358802,66.9134129928915,66.9134129928915,307.81670577725276,403775.02225870325,1688358.8064549346,706167.9870159073,92.69183788622865,8.0,15.34605285345117,0.024903699997323954
7.012043160614399,29.79799557159732,1.5829108183255236,-0.5071869170714649,70.50718691707146,0.18472189569584824,63.89351330570702,63.89351330570702,310.2997849988039,391061.28177055286,1709554.438056894,471661.97745060286,95.71173757341313,8.0,15.98155467516392,0.014955431262612577
7.135076821104591,29.608388991536174,1.8239203224448104,-0.14322463717502387,70.14322463717502,0.18796303532941494,64.62371347649366,64.62371347649366,309.69623799233153,394061.4613731539,1704492.7228034078,522136.87368139013,94.98153740262649,8.0,15.83116460794787,0.017187934870298665
7.389944090046508,29.983308022179287,2.1201034303813,-0.23907816209310795,70.23907816209311,0.19467713619722096,66.10716721575352,66.10716721575352,308.47620645354715,400300.5435588733,1694085.8823965413,586511.1738071276,93.49808366336663,8.0,15.590561064791359,0.019992669589600505
7.369685484746887,29.98102760812762,2.090335251802999,-0.26103565045889354,70.2610356504589,0.194143453233585,65.99065048462569,65.99065048462569,308.57172800633003,399803.35917965334,1694909.3669220987,579983.1374801821,93.61460039449446,8.0,15.611426354780576,0.019715032483721914
7.875851874520794,14.61041437204225,6.157682237226098,16.19696285600122,53.80303714399878,0.207477657389905,68.83356547193006,68.83356547193006,306.256765828319,412297.83230319433,1674511.3860730708,1540889.4888958833,90.77168540719009,8.0,14.406509262055863,0.0519964438889676
