p_evap,dT_cd,net_power,T_injection>=70,T_injection,p_ratio_crit,T_turbine_in,T_preheater_out,m_workingfluid,evap_steam_UA,evap_brine_UA,preheater_UA,evap_steam_pinch,evap_brine_pinch,preheater_ttd_min,thermal_efficiency
9.523350707856903,20.564928989165516,12.861722055384455,4.531992891548043,65.46800710845196,0.28192275630127006,113.31818311543014,113.31818311543014,249.6481954843687,806861.6272881527,1224646.5575146703,2751148.1504675453,46.287067763690004,8.0,11.862091582841515,0.11730818256074987
12.509202765747393,28.182452015472307,12.851525992996425,-5.07557513955021,75.07557513955021,0.37031387702034907,127.41270183597504,127.41270183597504,230.19630318414147,1157975.9214366719,978755.044327934,2834417.72588328,32.19254904314511,8.0,10.434391416443248,0.1255082936514909
6.411576203738344,10.061879198195495,11.496217271272416,16.40210419142744,53.59789580857256,0.18980391366898589,94.56171486563488,94.56171486563488,274.6227156181794,574890.8387955507,1452988.4973450773,2527739.568709904,65.04353601348527,8.0,13.766413784362442,0.09694947977788053
18.239498820405174,6.900680397107472,14.830113924806634,-4.386024031685679,74.38602403168568,0.5399496394436109,148.59108985645247,148.59108985645247,199.92538793873808,3345675.7543567563,249057.67958506953,2999171.48036436,11.014161022667679,8.0,8.301698288959528,0.14409902565063093
16.966875712650385,24.555541730318225,14.16594854669347,-10.859072393859435,80.85907239385944,0.5022757759813613,144.37388939179715,144.37388939179715,206.01988567262518,2431069.755555326,469032.0378879731,2931388.715287266,15.231361487323,8.0,8.724703148681101,0.14450690013609938
14.322439088744822,25.007242198244924,13.796676481372936,-6.203449925253267,76.20344992525327,0.4239916840954654,134.78438225097239,134.78438225097239,219.78020498734526,1499188.6221598224,801775.5959768342,2922070.524361458,24.820868628147764,8.0,9.68989328139537,0.1358680477635794
6.433879714096225,15.756675753142748,11.144558222457087,11.994212252872217,58.00578774712778,0.190464171524459,94.71814536165272,94.71814536165272,274.4183901797563,576272.5969301162,1451380.2598402232,2381169.4482472776,64.88710551746743,8.0,13.750524769299602,0.09668952688734914
15.960088192585218,13.494850793538564,15.337348794110065,-2.9024953390984365,72.90249533909844,0.4724715273115813,140.86494267383102,140.86494267383102,211.07705596340938,1980582.6280815478,610232.1298696095,3010919.1862611556,18.740308205289125,8.0,9.077385219567077,0.14742442462193203
11.006454391274058,6.763720796089586,13.803823004763252,11.014042648581551,58.98595735141845,0.3258275426664908,120.67450328539599,120.67450328539599,239.57247752355968,958558.7918360527,1107679.2179009253,3045544.455310149,38.93074759372416,8.0,11.116372246314768,0.12053294866286067
12.540432170763843,22.710505955885935,13.743623440585827,-1.6921542632834417,71.69215426328344,0.3712383709521564,127.54619528407352,127.54619528407352,230.00912569318473,1162768.3317713044,975931.4817897114,2906252.6082130927,32.05905559504663,8.0,10.420893186887895,0.13095619646916426
8.89494492425566,16.93489511791755,13.032031108302938,7.975813997303078,62.02418600269692,0.26331986158246473,109.94325697284222,109.94325697284222,254.21584153106005,752245.45454327,1272064.4534281336,2754557.901310226,49.66199390627793,8.0,12.204515021508087,0.11611373961583007
11.672504063905368,11.84671160581539,14.693942996636503,6.587993057591802,63.4120069424082,0.34554482131158576,123.74027138981461,123.74027138981461,235.32398299609937,1040050.2927878046,1052092.1792165234,3007117.4035260654,35.86497948930554,8.0,10.805933354581953,0.1321521570596713
10.526526118448796,26.99329207037769,12.28575659138459,-1.3153522871687073,71.31535228716871,0.31162007455443447,118.37903259618668,118.37903259618668,242.73437422741696,905439.8385950897,1146448.323460425,2726175.5914650597,41.22621828293347,8.0,11.348953532095436,0.11674877548927974
12.188295446415278,27.26345481369639,12.903187149666653,-3.9818074636435767,73.98180746364358,0.3608139563770065,126.02639172804896,126.02639172804896,232.13686781443928,1110446.9083859448,1007393.654626333,2832170.5328859217,33.578859151071185,8.0,10.574600105083675,0.12500532129209643
7.6967581569743535,5.4798189470673435,11.25539124429585,17.883680323028045,52.116319676971955,0.22784956059722775,102.98460108166176,102.98460108166176,263.52900405718344,660115.142481049,1360173.292355519,2836636.9718536115,56.620649797458384,8.0,12.91094964159231,0.09403433328755224
6.778851892786362,7.318461752253473,11.42585555074155,17.968942442291677,52.03105755770832,0.20067649179355718,97.08789535373802,97.08789535373796,271.3153212002095,598047.8773702462,1426516.5171219783,2663844.3004654013,62.517355525382186,8.0,13.509825244332319,0.0954073507403994
11.223165886919842,18.49129761325095,13.938683520444753,3.2182460757510967,66.7817539242489,0.33224292146003087,121.68675572831978,121.68675572831978,238.17295061920677,984015.9205229625,1089834.90956676,2906959.2112624985,37.91849515080037,8.0,11.013846519366723,0.1282893220451084
6.548106308550278,23.00258231963845,10.041543014554058,6.173032063673929,63.82696793632607,0.19384565744672227,95.51304347463156,95.51304347463156,273.3791390850972,583397.8705233396,1443145.8369872374,2197508.4637335446,64.09220740448859,8.0,13.669785150275004,0.09056474605266367
12.691083305704957,7.662588338395171,14.580813830814442,7.101489256991329,62.89851074300867,0.3756981440409993,128.18672058259438,128.18672058259438,229.11025429123222,1186326.148508079,962215.4093896175,3066682.0802555536,31.418530296525773,8.0,10.356133909797109,0.13068005918904743
10.872989281114613,23.60349164507278,13.022039685233084,0.45281700518034995,69.54718299481965,0.32187653289267654,120.04371746654618,120.04371746654618,240.44298214538708,943350.7457022826,1118560.902323206,2810536.116743611,39.561533412573965,8.0,11.180273150516825,0.12219725543296675
13.022565100928475,9.15154546075495,14.921203909606092,5.555658769162164,64.44434123083784,0.3855111042311567,129.5764264807624,129.5764264807624,227.15572818173902,1240871.2232916902,931454.9781236486,3055729.9884018954,30.028824398357756,8.0,10.215674550383483,0.13514138994156635
11.153160370953913,11.638610815995815,14.53199478825285,7.689754162737188,62.31024583726281,0.33017052607915665,121.36135922997408,121.36135922997408,238.62318733304454,975686.3045135309,1095623.5991479596,2992835.8708665837,38.243891649146065,8.0,11.046801595134127,0.1297272881820664
9.205526096487624,13.276607303302065,13.601659782471279,10.018141552342001,59.981858447658,0.27251409403456556,111.63259533423906,111.63259533423906,251.93371796824192,778627.2334985296,1248757.266836951,2851707.9588559447,47.97265554488109,8.0,12.03309337870894,0.11955057416787712
16.959131612318586,8.887811294871668,15.280294465336002,-2.5935040104375844,72.59350401043758,0.5020465249354229,144.34750552157078,144.34750552157078,206.05797698143195,2426919.156256352,470209.6222487437,3019366.3439662973,15.257745357549368,8.0,8.727352635683303,0.1465476915445548
7.216230717890948,9.57650205300893,12.245731383744769,15.681779538535636,54.318220461464364,0.21362435517735193,99.96700843652906,99.96700843652906,267.5253393418957,626824.3780170765,1394968.4233400978,2685242.2928105583,59.63824244259109,8.0,13.217402617256255,0.1037445877319758
13.40478261228823,19.852315567097136,14.36712188526457,-1.4889909488184685,71.48899094881847,0.3968260098368333,131.1465369682025,131.1465369682025,224.94047038574027,1308862.5314603487,894917.1578359674,2959443.844286613,28.458713910917652,8.0,10.057058288161386,0.13669762852568695
6.152121222008086,29.639979149021457,8.2029152861499,0.9390722383340631,69.06092776166594,0.1821231859682678,92.71156221975201,92.71156221975201,277.03458717007015,559037.1322139292,1471712.9967918866,1865874.6956693341,66.89368865936814,8.0,13.954337267710685,0.07671126890623657
7.800138163381479,21.35544582501352,11.555940653352431,6.225560698907714,63.774439301092286,0.23090995155066543,103.61544219211669,103.61544219211669,262.690378622955,667526.640125425,1352658.1850585244,2505811.8993204394,55.98980868700346,8.0,12.846890723358342,0.10418592150778856
10.841926844571027,23.89961464907435,12.959728194471909,0.3038630393716062,69.6961369606284,0.3209569817812619,119.89608682010436,119.89608682010436,240.64653869237176,939860.8475382729,1121082.0824869466,2803618.887438039,39.70916405901579,8.0,11.19522995919084,0.12174083204605425
17.02425740959632,6.049438660183757,14.455908546522236,-1.281503625701248,71.28150362570125,0.503974464464071,144.5691040815289,144.5691040815289,205.73802325635793,2462226.918856238,460255.9577368723,3030982.24662431,15.036146797591243,8.0,8.705100690840197,0.13733792514299215
16.816642437594137,5.753611450910743,14.281242528685096,-0.672251894283022,70.67225189428302,0.49782837293055465,143.86041967908847,143.86041967908847,206.76105131743284,2352761.245082199,491595.4698843004,3036885.1841846313,15.744831200031683,8.0,8.776272690193593,0.1350888566445698
6.887433822527852,8.903366939153749,11.876639635050658,16.64225005044858,53.35774994955142,0.20389087692504002,97.81523120437248,97.81523120437248,270.35996057735116,605065.1845179949,1418690.1501014566,2646106.261397887,61.79001967474767,8.0,13.435949971190269,0.10000521394580589
6.529891896827125,9.434222963237346,11.580183187786465,16.727071322126562,53.27292867787344,0.19330645046853537,95.38698406294543,95.38698406294543,273.5440584510335,582256.1718376187,1444458.6931700944,2567350.9564708085,64.21826681617472,8.0,13.682589278186015,0.09745656642859764
8.15369842186689,19.3799695622385,12.166265431118777,7.253888044855842,62.74611195514416,0.241376507456095,105.7271589060204,105.7271589060204,259.8749899198355,693594.6435636923,1326852.1987033407,2608791.1233937256,53.87809197309974,8.0,12.632476638851358,0.10892766919244624
9.242647605169921,16.663448520244273,13.273369814503438,7.641618090833276,62.358381909166724,0.27361301377057196,111.83167187630596,111.83167187630596,251.66422836270294,781858.5255926072,1245955.3345871184,2795411.3496551234,47.77357900281419,8.0,12.01289506154012,0.11852989564674651
10.229281480792544,16.89361339881018,13.744889886049105,5.920180697980243,64.07981930201976,0.30282064774400663,116.91815743945642,116.91815743945642,244.73817527724142,874595.2546006305,1169988.6218369405,2872344.568587965,42.68709343966373,8.0,11.497029016943031,0.12417861569135012
14.519396749649998,14.947697864449353,15.104890570702638,-0.7781610663746505,70.77816106637465,0.4298222838854351,135.54237447426902,135.54237447426902,218.70033027968097,1546031.6126105199,780641.3237819388,3011106.037686038,24.062876404851124,8.0,9.61345341601276,0.1429879140362274
14.858692469959038,8.038665553045035,15.014236133463928,2.365463245860667,67.63453675413933,0.4398665621657501,136.8303236651122,136.8303236651122,216.86195793753097,1632714.5050200701,743148.1858199306,3057863.599853196,22.77492721400796,8.0,9.48362354314338,0.13901090698159133
11.766928730031822,7.903752989313048,14.405792891460552,8.8168289816752,61.1831710183248,0.348340104500646,124.1643168044506,124.1643168044506,234.7340424607155,1052425.670296739,1044024.3985155652,3052033.0975504657,35.44093407466954,8.0,10.763013309472115,0.12763340224829714
16.821390017804376,15.109455511701068,15.268136505999172,-5.539220839028815,75.53922083902881,0.4979689170457186,143.87669888059514,143.87669888059514,206.73755815537754,2355166.4423338473,490891.34816402226,2989923.0621801103,15.728551998525006,8.0,8.774637502627684,0.1496202009861023
15.005521983638056,20.564928989165516,14.536007052758553,-4.902302442249379,74.90230244224938,0.444213202594377,137.38086771533722,137.38086771533722,216.07483231784175,1672806.2386850773,726467.8000158246,2966689.2015551087,22.22438316378293,8.0,9.428147901758791,0.14177793974779612
16.26280548523098,26.468513169752143,13.838266296938379,-10.578808381083718,80.57880838108372,0.48143296285467674,141.93710750949174,141.93710750949174,209.5339676871468,2099452.8993209945,570085.0248364242,2920722.9943882553,17.66814336962841,8.0,8.969557573268219,0.14086003526964694
6.411576203738344,13.494850793538564,11.379482534677832,13.77123540051116,56.22876459948884,0.18980391366898589,94.56171486563488,94.56171486563488,274.6227156181722,574890.8387955507,1452988.4973448417,2437920.3759813327,65.04353601348527,8.0,13.766413784365284,0.09759490207623818
18.239498820405174,13.78749641206835,15.364308439253145,-7.81513021833797,77.81513021833797,0.5399496394436109,148.59108985645247,148.59108985645247,199.92538793874144,3345675.7543567563,249057.67958511133,2971503.2930379524,11.014161022667679,8.0,8.301698288960438,0.15314057773826542
13.082880326425691,24.555541730318225,13.601303499307084,-3.7601070858037815,73.76010708580378,0.3872966348853076,129.8264548647071,129.8264548647071,226.80345937193798,1251221.5099058875,925767.9190904989,2901088.8019584967,29.778796014413047,8.0,10.190410529022131,0.13155545755817685
15.79963453291916,25.007242198244924,14.00586894861736,-8.90230140019662,78.90230140019662,0.46772156698991,140.29043848809368,140.29043848809368,211.90298641637784,1922263.5982446715,630813.3659030568,2932087.0078085437,19.314812391026464,8.0,9.135185754711813,0.1407521458812228
6.711055681633544,17.430939453662184,11.198525281576927,10.406339980371058,59.59366001962894,0.19866949916025886,96.62936599021839,96.62936599021839,271.91688619231456,593707.0485759267,1431402.3898075747,2396940.3094895277,62.97588488890176,8.0,13.556398404705988,0.09817617307097921
16.394052246014454,13.494850793538564,15.359330200995322,-3.801899287442154,73.80189928744215,0.48531830213186655,142.39729658333965,142.39729658333965,208.8710212144908,2154966.188497095,552104.9888421006,3005166.430110954,17.207954295780496,8.0,8.923293564722599,0.14860488238036246
11.895431949914887,6.763720796089586,14.08524188006318,9.249254710466232,60.75074528953377,0.35214422587077815,124.73736471792466,124.73736471792466,233.93591744421028,1069625.1138056482,1032964.1635478492,3065894.4691560897,34.867886161195486,8.0,10.705019518377753,0.12443430009303363
12.540432170763843,6.237105629047683,14.010739650197692,8.24808539012696,61.75191460987304,0.3712383709521564,127.54619528407352,127.54619528407352,230.0091256931876,1162768.3317713044,975931.481789718,3078267.0704125394,32.05905559504663,8.0,10.420893186886246,0.12460621557211107
14.276970003237174,16.93489511791755,14.87978846883399,-1.432324897617491,71.43232489761749,0.4226456484084421,134.60828926609076,134.60828926609076,220.03085260307026,1488709.7812950169,806592.445708667,2994816.919307959,24.996961613029384,8.0,9.707654677625726,0.1415179100937129
14.745516533879686,11.84671160581539,15.294285480851844,0.5017456808279803,69.49825431917202,0.43651617921491076,136.40318073248994,136.40318073248994,217.47212446215045,1602908.8468087376,755813.5000317711,3033204.81355685,23.202070146630206,8.0,9.526673465678016,0.1434700710789963
18.354731278997026,26.99329207037769,13.878780798429966,-14.805708974397305,84.8057089743973,0.5433609022793672,148.96180666303746,148.96180666303746,199.38958337773704,3460110.640819259,225915.09566421944,2904214.853497241,10.643444216082685,8.0,8.264562146434685,0.14601953238877322
12.188295446415278,18.970025298419984,14.186474371693853,1.2414387362753132,68.75856126372469,0.3608139563770065,126.02639172804896,126.02639172804896,232.13686781444,1110446.9083859448,1007393.6546263765,2939823.2337603997,33.578859151071185,8.0,10.574600105081402,0.13238555226323823
7.6967581569743535,17.218284380191513,12.139462105820186,9.421596376583807,60.57840362341619,0.22784956059722775,102.98460108166176,102.98460108166176,263.52900405718407,660115.142481049,1360173.292355357,2587941.540812586,56.620649797458384,8.0,12.910949641587024,0.10712171834217567
6.439502692803274,17.365884762566182,10.917076855294026,10.731760237493177,59.26823976250682,0.1906306303375747,94.75751973779109,94.75751973779109,274.36695046934705,576621.4396752933,1450974.828894272,2337273.1948585575,64.84773114132906,8.0,13.74652542083129,0.09550356938269924
16.759102592612006,18.49129761325095,14.935725968780783,-7.201911258176267,77.20191125817627,0.4961250027416224,143.6628424911724,143.6628424911724,207.04615541763124,2323956.7319605434,500084.2973321651,2971328.0606873445,15.94240838794775,8.0,8.796119706240688,0.1481850467080804
6.548106308550278,11.91997304941706,11.633505071947475,14.81935303842181,55.18064696157819,0.19384565744672227,95.51304347463156,95.51304347463156,273.3791390850898,583397.8705233396,1443145.8369869608,2508373.317795659,64.09220740448859,8.0,13.669785150276653,0.09910289515267108
12.691083305704957,12.276024128302097,14.948133266984334,4.373182807570402,65.6268171924296,0.3756981440409993,128.18672058259438,128.18672058259438,229.11025429123504,1186326.148508079,962215.4093895319,3023697.244518029,31.418530296525773,8.0,10.356133909797393,0.13648673541941422
10.872989281114613,5.048374097577035,12.655722042318983,12.342911305139182,57.65708869486082,0.32187653289267654,120.04371746654618,120.04371746654618,240.44298214538946,943350.7457022826,1118560.9023233347,3061060.642841744,39.561533412573965,8.0,11.180273150517394,0.10955075803409234
18.215007036601502,9.15154546075495,15.310173028838857,-5.446857751069501,75.4468577510695,0.5392246014387656,148.51206755975727,148.51206755975727,200.03960996459548,3322254.67521015,253892.58539741748,2991141.7244737656,11.093183319362879,8.0,8.309615309808976,0.1499297312614013
11.153160370953913,7.468399271909085,14.100098796505508,10.29036220551643,59.70963779448357,0.33017052607915665,121.36135922997408,121.36135922997408,238.6231873330456,975686.3045135309,1095623.5991481545,3041867.9198992266,38.243891649146065,8.0,11.046801595133559,0.12370865383431363
12.834177970916508,13.276607303302065,14.935043385661864,3.5000449376467486,66.49995506235325,0.3799342205718327,128.78990390508125,128.78990390508125,228.2626393476576,1209400.2694270548,949037.1406279175,3015956.16631458,30.815346974038903,8.0,10.29516177864889,0.13719147719261346
16.959131612318586,15.64898466718094,15.227996097306566,-6.10628193674512,76.10628193674512,0.5020465249354229,144.34750552157078,144.34750552157078,206.05797698144133,2426919.156256352,470209.6222489855,2984926.6045202403,15.257745357549368,8.0,8.72735263567887,0.149855291030654
14.600442762961357,9.57650205300893,15.207844526913588,2.0623642698362232,67.93763573016378,0.4322215145932906,135.85205007773197,135.85205007773197,218.25870710262598,1566022.3562379477,771813.7555860726,3050060.4095818237,23.753200801388175,8.0,9.582230777875509,0.14110192822632261
18.100372769207706,22.708547757191006,14.455124269798395,-12.084040791937866,82.08404079193787,0.5358310470458172,148.14112547692395,148.14112547692395,200.5758179666413,3216556.1498479964,276148.7018306858,2930777.4999089604,11.464125402196203,8.0,8.346783848105417,0.1488619886803719
13.243307155517007,29.639979149021457,12.819124692112537,-7.166928833191378,77.16692883319138,0.3920458009330079,130.48733188953037,130.48733188953037,225.8714352670993,1279429.5939365008,910499.895758683,2844609.9601044874,29.117918989589782,8.0,10.123642534825308,0.12715184018736725
7.800138163381479,5.779480720920567,11.558735137127535,17.50228205211272,52.49771794788728,0.23090995155066543,103.61544219211669,103.61544219211669,262.69037862294783,667526.640125425,1352658.1850583863,2843277.9689385877,55.98980868700346,8.0,12.846890723360843,0.09680077765189031
10.841926844571027,14.564673865070645,14.253395236480703,6.395630256664958,63.60436974333504,0.3209569817812619,119.89608682010436,119.89608682010436,240.64653869237068,939860.8475382729,1121082.0824869059,2941911.013775253,39.70916405901579,8.0,11.195229959191693,0.1283573246524128
15.741398780032924,6.049438660183757,14.391250905598074,1.5346507729859695,68.46534922701403,0.46599759561968396,140.08084172517323,140.08084172517323,212.20414350182546,1901833.028521228,638170.461671332,3056796.6617621602,19.52440915394692,8.0,9.156277025466977,0.13402004068035753
15.908398189381655,5.753611450910743,14.23245048633569,1.3256903390729917,68.67430966092701,0.4709413318348625,140.68034222802783,140.68034222802783,211.34251720222525,1961461.3480040233,616913.0697708027,3055341.501323757,18.924908651092323,8.0,9.09595606305004,0.1327359181458761
13.648453955521823,8.903366939153749,15.003322112919147,4.418259852652227,65.58174014734777,0.40403948950627067,132.1301887975079,132.1301887975079,223.54891909066953,1355389.2597454658,870973.0441242703,3059252.9551951266,27.475062081612236,8.0,9.957730991217886,0.1369481717271212
17.296580918051507,12.925858215569782,15.408107737047214,-5.3927510382748665,75.39275103827487,0.5120361432223655,145.48884142907343,145.48884142907343,204.40953811757973,2620457.648975911,417335.10216534336,2993458.4499867493,14.116409450046717,8.0,8.612772694726345,0.15082847986303932
10.625453794687072,19.3799695622385,13.57873777543267,3.6330569254029683,66.36694307459703,0.3145486617728559,118.85845156978343,118.85845156978343,242.07534716734185,916041.8774958336,1138536.6754411974,2860212.864018121,40.74679930933672,8.0,11.300368597822683,0.1246178672851955
9.242647605169921,5.521458213640386,12.31048771115782,15.158210874006215,54.841789125993785,0.27361301377057196,111.83167187630596,111.83167187630596,251.66422836270303,781858.5255926072,1245955.3345871186,2978478.980428083,47.77357900281419,8.0,12.01289506154012,0.1046425659852389
9.940763316170987,15.188271402009669,13.808998839789448,7.527546406514034,62.472453593485966,0.2942795534686497,115.46977532024351,115.46977532024351,246.71837251140533,846021.293150112,1192527.1827985444,2878889.2200525496,44.135475558876635,8.0,11.64387816455843,0.12340770581514662
16.75972781228577,17.1129338579536,15.084064392018957,-6.470937959707726,76.47093795970773,0.4961435113169263,143.66499208338615,143.66499208338615,207.04305382994195,2324266.322431944,499992.50221847097,2979435.6805551117,15.940258795733996,8.0,8.795903764630623,0.1488420104323016
14.858692469959038,7.2552511107657836,14.811849195211744,2.7940025230714696,67.20599747692853,0.4398665621657501,136.8303236651122,136.8303236651122,216.86195793753564,1632714.5050200701,743148.1858200314,3062858.0320478594,22.77492721400796,8.0,9.4836235431423,0.1367281816896493
16.62538849603276,7.903752989313048,15.100462352551567,-1.3621729564463863,71.36217295644639,0.4921666221442498,143.20171928303898,143.20171928303898,207.71135078279167,2259398.0375278653,519497.96049392957,3030734.072548413,16.403531596081166,8.0,8.842448252902045,0.14354445545153816
18.56580444155238,15.109455511701068,15.27256519965831,-9.160709402912062,79.16070940291206,0.5496093677191349,149.63628887007758,149.63628887007758,198.41499705391124,3689726.434070795,181724.2524870534,2959408.488137953,9.96896200904257,8.0,8.19701768573077,0.15378337358084315
15.005521983638056,11.325810262917429,15.323383286504413,0.25306179714033306,69.74693820285967,0.444213202594377,137.38086771533722,137.38086771533722,216.07483231784167,1672806.2386850773,726467.8000158246,3034825.7079475215,22.22438316378293,8.0,9.428147901758791,0.14399629911879266
16.26280548523098,20.899250795467964,14.614556310804366,-7.51609139671217,77.51609139671217,0.48143296285467674,141.93710750949174,141.93710750949174,209.5339676871468,2099452.8993209945,570085.0248364242,2960602.2516625323,17.66814336962841,8.0,8.969557573268219,0.1453405487393972
17.032727629918085,13.494850793538564,15.378972479352852,-5.13367927083101,75.13367927083101,0.504225211069215,144.5978779989582,144.5978779989582,205.69647426151593,2466887.0335340835,458952.89159604756,2995206.069009281,15.007372880161938,8.0,8.702211531879868,0.15025573122512018
14.81772707387744,13.78749641206835,15.22484356393206,-0.7255809379261677,70.72558093792617,0.43865385061804146,136.67599604759278,136.67599604759278,217.08246628851637,1621818.6147148123,747751.4797314075,3018917.3029380036,22.929254831527373,8.0,9.49917668671958,0.14406935342027186
16.966875712650385,18.589591973955123,14.932935595755264,-7.671372506487614,77.67137250648761,0.5022757759813613,144.37388939179715,144.37388939179715,206.01988567261762,2431069.755555326,469032.0378877646,2968261.070124305,15.231361487323,8.0,8.72470314868184,0.14868012972130026
15.79963453291916,18.042410040953442,14.927714412180322,-5.04408082155004,75.04408082155004,0.46772156698991,140.29043848809368,140.29043848809368,211.90298641637798,1922263.5982446715,630813.3659030786,2983169.5203400194,19.314812391026464,8.0,9.135185754710164,0.14575056931589836
6.711055681633544,8.930734985741566,11.709559772026566,16.864498982983832,53.13550101701617,0.19866949916025886,96.62936599021839,96.62936599021839,271.91688619231616,593707.0485759267,1431402.3898076776,2614005.7806471046,62.97588488890176,8.0,13.556398404705533,0.09845967074308665
17.501145510351755,13.494850793538564,15.384476614066102,-6.115281660914604,76.1152816609146,0.518091933402953,146.17255813391853,146.17255813391853,203.42152105935983,2751923.998759435,383604.4443728996,2986969.05350225,13.43269274520162,8.0,8.544167355147295,0.15140530070126357
11.895431949914887,17.533401169354832,14.286670726393075,2.654192601296188,67.34580739870381,0.35214422587077815,124.73736471792466,124.73736471792466,233.93591744420962,1069625.1138056482,1032964.1635477798,2947356.82167287,34.867886161195486,8.0,10.705019518377753,0.13200867197621935
16.05551462336409,22.710505955885935,14.356299946821126,-8.108314117435441,78.10831411743544,0.4752964660557753,141.20456209209163,141.20456209209163,210.5884990346001,2016752.7585482812,597767.873849981,2949023.2149446984,18.400688787028514,8.0,9.043223680279425,0.14340984383193367
14.276970003237174,11.590021347496158,15.240738610812803,1.6048414523466477,68.39515854765335,0.4226456484084421,134.60828926609076,134.60828926609076,220.03085260306486,1488709.7812950169,806592.4457085624,3037308.5558069586,24.996961613029384,8.0,9.707654677628227,0.14186108086632684
18.628384082690328,11.84671160581539,15.418035528392432,-7.67079049175652,77.67079049175652,0.5514619325840832,149.83513935278773,149.83513935278773,198.12775267288075,3763355.2167568672,168141.1569544534,2971394.5417427835,9.770111526332414,8.0,8.177109503734926,0.15350936724038156
18.28498467289815,26.99329207037769,13.877235942816867,-14.672712614924535,84.67271261492454,0.541296171488992,148.73763544967358,148.73763544967358,199.71357321223806,3389995.4862411553,240001.3076066417,2904931.779190143,10.867615429446573,8.0,8.287017274749132,0.1458490150852697
18.29633778586352,27.26345481369639,13.839568713347948,-14.835682843718189,84.83568284371819,0.541632261274823,148.77416951276797,148.77416951276797,199.66076925055106,3401227.948825877,237725.02200948744,2903270.8445210196,10.83108136635218,8.0,8.283357470953547,0.14564169768576904
9.536765633063226,8.935786631363694,13.731519005541944,12.368234918809605,57.631765081190395,0.2823198825655188,113.38840725506145,113.38840725506145,249.5527922399103,808082.413684506,1223622.6163324458,2947204.9776825593,46.2168436240587,8.0,11.854968306998671,0.11884348262803028
15.047270770001724,9.560293216845295,15.252247775389268,1.1340343213510096,68.86596567864899,0.4454491050918213,137.53667020562688,137.53667020562688,215.85194062381348,1684512.0461170347,721672.0615278,3046024.5450211847,22.068580673493273,8.0,9.41245079330622,0.14243878016163167
16.759102592612006,16.4612531948978,15.148211040747881,-6.124548954946761,76.12454895494676,0.4961250027416224,143.6628424911724,143.6628424911724,207.0461554176198,2323956.7319605434,500084.2973318567,2983200.3590217233,15.94240838794775,8.0,8.796119706244724,0.14909037109749565
17.244890914847943,23.00258231963845,14.39268304486243,-10.563323663583333,80.56332366358333,0.5105059477456466,145.31511070651152,145.31511070651152,204.66053655374358,2589029.851145775,425649.7288464275,2938913.138569586,14.29014017260863,8.0,8.63020920237659,0.1464860172551137
16.915854955868838,12.276024128302097,15.42208102018612,-4.254241926722386,74.25424192672239,0.5007653924176684,144.19989589947824,144.19989589947824,206.2710712890613,2403956.82625282,476760.9581908319,3003472.732032467,15.405354979641913,8.0,8.742176373369887,0.14970632848191096
10.872989281114613,8.54601045010417,14.244865717070327,10.158049291931945,59.841950708068055,0.32187653289267654,120.04371746654618,120.04371746654618,240.44298214538742,943350.7457022826,1118560.9023232285,3020211.6492642937,39.561533412573965,8.0,11.18027315051745,0.12508813475825398
16.594524410415538,8.372595776289337,15.192325432194174,-1.5386404775574647,71.53864047755746,0.4912529428779022,143.09488532403304,143.09488532403304,207.86542144792773,2244949.4665089105,523918.60489657876,3029026.0265705124,16.510365555087105,8.0,8.853183294638939,0.14460063923142802
11.153160370953913,16.82033712459649,14.128132359453902,4.408062549676231,65.59193745032377,0.33017052607915665,121.36135922997408,121.36135922997408,238.6231873330509,975686.3045135309,1095623.5991481624,2926334.2803400173,38.243891649146065,8.0,11.04680159513174,0.12896861136799737
18.008009109457028,13.276607303302065,15.392763692420937,-7.070445818929841,77.07044581892984,0.5330967764788936,147.84094841651705,147.84094841651705,201.00976119297897,3135822.158860291,293650.44064273976,2978323.6965033817,11.764302462603098,8.0,8.376867577145049,0.15256933897773026
16.959131612318586,11.834059567504141,15.430109899275463,-4.116044068702138,74.11604406870214,0.5020465249354229,144.34750552157078,144.34750552157078,206.05797698143144,2426919.156256352,470209.6222486997,3004957.936023505,15.257745357549368,8.0,8.727352635683928,0.14963281532598688
17.357189849253178,9.57650205300893,15.359527123871924,-3.805524558393813,73.80552455839381,0.5138303685391704,145.69204953991078,145.69204953991078,204.1159220608041,2658200.0649004043,407480.89205937093,3008062.1283495794,13.913201339209365,8.0,8.59237976383264,0.14861072020354738
17.56043420618493,22.708547757191006,14.443295775077544,-11.023713351378149,81.02371335137815,0.519847075375516,146.36958815583296,146.36958815583296,203.13674677662888,2792293.806689733,373570.4169972001,2937357.3870977005,13.235662723287192,8.0,8.524401791190996,0.147523269196505
13.329567311577568,14.885032585834601,14.920422787175468,1.5917646656892543,68.40823533431075,0.39459938755410207,130.84021909322877,130.84021909322877,225.37322956007594,1295019.0522738565,902203.0161181493,3006603.644363121,28.76503178589138,8.0,10.087996635588581,0.13889231960205214
7.800138163381479,15.612285372564294,12.437830118885397,10.464470345492032,59.53552965450797,0.23090995155066543,103.61544219211669,103.61544219211669,262.6903786229607,667526.640125425,1352658.1850588934,2640768.1750076506,55.98980868700346,8.0,12.846890723352487,0.10899918387223212
10.841926844571027,7.119721559742064,13.87924255235846,11.11194171406322,58.88805828593678,0.3209569817812619,119.89608682010436,119.89608682010436,240.6465386923682,939860.8475382729,1121082.0824867918,3036146.756895132,39.70916405901579,8.0,11.195229959191693,0.1211135401197539
17.02425740959632,13.456037295364165,15.380759976480071,-5.095769444802613,75.09576944480261,0.503974464464071,144.5691040815289,144.5691040815289,205.73802325636444,2462226.918856238,460255.95773711626,2995549.001239747,15.036146797591243,8.0,8.705100690839345,0.15023120715657123
16.816642437594137,7.760936440503077,15.073106477539513,-1.7040889852129908,71.70408898521299,0.49782837293055465,143.86041967908847,143.86041967908847,206.76105131743282,2352761.245082199,491595.4698843004,3027585.833364569,15.744831200031683,8.0,8.776272690193593,0.14363650270731204
13.648453955521823,10.25202876477396,15.12257114208145,3.646916677157378,66.35308332284262,0.40403948950627067,132.1301887975079,132.1301887975079,223.54891909066924,1355389.2597454658,870973.0441242557,3048497.38127031,27.475062081612236,8.0,9.957730991218398,0.1387729814819085
17.296580918051507,9.576595303304344,15.35920331114976,-3.674921507906049,73.67492150790605,0.5120361432223655,145.48884142907343,145.48884142907343,204.40953811757257,2620457.648975911,417335.10216516006,3009311.3591324813,14.116409450046717,8.0,8.6127726947268,0.14846604967234983
18.435951355909825,19.3799695622385,14.863343102746107,-11.045727175979039,81.04572717597904,0.5457652858469457,149.22203966415418,149.22203966415418,199.01351707176372,3545232.7165298485,209196.35651650964,2942596.06696497,10.383211214965968,8.0,8.238498479078771,0.15183940507353524
13.927783802122587,16.663448520244273,14.854538260305633,-0.600271091248544,70.60027109124854,0.4123085791036882,133.24181371117476,133.24181371117476,221.97294228711075,1412117.1504144678,842849.2485723677,2995464.815385423,26.363437167945392,8.0,9.845523332022879,0.14043965751029933
18.678020213306482,16.89361339881018,15.11923554296336,-10.285794457941108,80.28579445794111,0.5529313266224536,149.99249957708975,149.99249957708975,197.90047409050518,3823737.829164998,157200.98823398407,2949624.655640379,9.612751302030404,8.0,8.161356880768437,0.15355314467765566
14.519396749649998,10.253547618909906,15.244275467751098,1.8548337701180913,68.14516622988191,0.4298222838854351,135.54237447426902,135.54237447426902,218.70033027968594,1546031.6126105199,780641.323782082,3045908.2524402533,24.062876404851124,8.0,9.613453416011794,0.14164553823779702
14.911162835099853,8.038665553045035,15.019549897063985,2.253897130071607,67.7461028699284,0.4414198589431573,137.02752928439298,137.02752928439298,216.5800960609188,1646852.6024412003,737220.1791052383,3057275.3373113927,22.577721594727166,8.0,9.463750614115042,0.13916846315835907
15.619152800387496,7.903752989313048,15.050020656040934,0.8125407182660069,69.187459281734,0.46237870930691227,139.6389648986202,139.6389648986202,212.83874614392263,1860152.589139655,653426.1251351442,3048537.734133012,19.966285980499947,8.0,9.200748820727426,0.14086906938006402
18.56580444155238,10.117242653211704,15.381795902394412,-6.682875100842125,76.68287510084212,0.5496093677191349,149.63628887007758,149.63628887007758,198.41499705390987,3689726.4340707944,181724.25248702598,2979442.850153781,9.96896200904257,8.0,8.197017685733158,0.15201983138791555
15.005521983638056,8.7902965652019,15.16058041685688,1.6429255197306816,68.35707448026932,0.444213202594377,137.38086771533722,137.38086771533722,216.0748323178483,1672806.2386850773,726467.8000160265,3051416.5062097334,22.22438316378293,8.0,9.428147901757598,0.14107726700806233
18.545562681467743,20.899250795467964,14.68415917806639,-12.038640172092244,82.03864017209224,0.5490101445076301,149.57186025999806,149.57186025999806,198.5080747872629,3666484.464045502,186068.9526040847,2933578.326392582,10.033390619122088,8.0,8.203468556685948,0.1511672425129327
17.032727629918085,8.662054296661093,15.249687732766887,-2.63668574655037,72.63668574655037,0.504225211069215,144.5978779989582,144.5978779989582,205.69647426150976,2466887.0335340835,458952.8915959543,3018938.3983615795,15.007372880161938,8.0,8.702211531882824,0.1462998556539855
15.596384529719614,13.78749641206835,15.296454109501544,-2.3119095482574608,72.31190954825746,0.4617046930053172,139.55637903203126,139.55637903203126,212.9573054873522,1852564.4138096513,656239.9713121634,3013114.3329929686,20.04887184708889,8.0,9.209061505538841,0.1464044372335712
16.37938307261887,18.589591973955123,14.905194745090933,-6.494890991277259,76.49489099127726,0.4848840459626664,142.3460001531721,142.3460001531721,208.94493628050853,2148633.262932074,554132.6816141708,2974754.6423446764,17.25925072594805,8.0,8.928450009233472,0.1471032562463494
13.785139042619665,18.042410040953442,14.672734852996593,-1.1300541706314675,71.13005417063147,0.4080858212735247,132.67624088354535,132.67624088354535,222.77521269049166,1382674.0973737952,857304.4875360148,2981913.5692784805,26.929009995574802,8.0,9.902606692913082,0.13924678128563026
6.711055681633544,18.044906951919117,11.102344302029271,9.930855569834137,60.06914443016586,0.19866949916025886,96.62936599021839,96.62936599021839,271.91688619231076,593707.0485759267,1431402.3898073446,2380087.5835508555,62.97588488890176,8.0,13.556398404708034,0.09763947674027586
16.530223018644424,13.494850793538564,15.364751253090462,-4.08509805213896,74.08509805213896,0.4893494084856253,142.87182864554842,142.87182864554842,208.18704802657032,2215370.4304710813,533057.7211286731,3003181.9696442573,16.73342223357173,8.0,8.87559865888204,0.14896527471387616
17.116768866223605,17.533401169354832,15.052674797046238,-7.417431792592538,77.41743179259254,0.5067131103085732,144.88278800204483,144.88278800204483,205.28502296625115,2514000.2839510096,445915.6172522659,2972286.958953869,14.722462877075316,8.0,8.673606388260396,0.14958680725161497
16.294400575712018,22.710505955885935,14.375838021671086,-8.566477312327947,78.56647731232795,0.48236828228869205,142.04814371732914,142.04814371732914,209.37404241775903,2112583.9183432735,565789.6706578427,2947974.1875442,17.55710716179101,8.0,8.958393856075418,0.1441029530488742
14.276970003237174,10.929411086642617,15.236926792523057,1.97679659947471,68.02320340052529,0.4226456484084421,134.60828926609076,134.60828926609076,220.03085260307307,1488709.7812950169,806592.4457086921,3042254.85999108,24.996961613029384,8.0,9.707654677626238,0.1414564161369883
18.628384082690328,15.653594954302008,15.228979094323428,-9.562847345914804,79.5628473459148,0.5514619325840832,149.83513935278773,149.83513935278773,198.12775267288174,3763355.2167568672,168141.15695447664,2955883.5863038893,9.770111526332414,8.0,8.177109503732595,0.15381481346497083
15.810374420354133,26.99329207037769,13.713309023310169,-10.039267548600606,80.0392675486006,0.46803950326684823,140.32902913154845,140.32902913154845,211.84752790004646,1926073.1906666732,629450.1156869574,2916163.3005673704,19.276221747571697,8.0,9.131302685226501,0.13901148913890485
18.29633778586352,9.831240869175254,15.370566184410574,-5.960277131289729,75.96027713128973,0.541632261274823,148.77416951276797,148.77416951276797,199.66076925055043,3401227.948825877,237725.0220094784,2986630.896210754,10.83108136635218,8.0,8.283357470953604,0.15109445053159204
18.581249744100884,17.218284380191513,15.090153778847206,-10.249614505295312,80.24961450529531,0.5500665998845732,149.6854146085654,149.6854146085654,198.34402972863734,3707647.0283810934,178393.1567890983,2949983.4638778055,9.919836270554754,8.0,8.19209917341891,0.1532152662408135
15.047270770001724,12.153953452776467,15.319416056000861,-0.2890738125295229,70.28907381252952,0.4454491050918213,137.53667020562688,137.53667020562688,215.8519406238103,1684512.0461170347,721672.0615277034,3028887.6538203107,22.068580673493273,8.0,9.41245079330696,0.1445141493765949
15.438237271723812,16.4612531948978,15.06562314177496,-3.4555249544839057,73.4555249544839,0.45702300982012467,138.98023210073444,138.98023210073444,213.7839964708164,1801301.6154288019,675554.0959340482,2996456.55202996,20.62501877838571,8.0,9.267062255932103,0.14539560774045884
16.474760219202473,16.461293897765028,15.136191189467638,-5.545731422612789,75.54573142261279,0.48770752573127507,142.67890679260648,142.67890679260648,208.46516162198458,2190409.0624265685,540865.2657557834,2986811.3730517616,16.926344086513666,8.0,8.894987745693413,0.1483343438227683
15.614178757611981,12.276024128302097,15.363411449486932,-1.5285502311670598,71.52855023116706,0.4622314611489633,139.62093059132485,139.62093059132485,212.8646372593831,1858490.2558292302,654041.5760221168,3022513.721026811,19.9843202877953,8.0,9.202564038187688,0.14621844621007324
10.872989281114613,21.378829108036463,13.379925405391727,1.9209430873904125,68.07905691260959,0.32187653289267654,120.04371746654618,120.04371746654618,240.44298214538983,943350.7457022826,1118560.9023233445,2845374.552962819,39.561533412573965,8.0,11.180273150516825,0.12426497897409212
15.80417207269286,11.825955149422324,15.384173334734129,-1.6816786091336553,71.68167860913366,0.4678558932117483,140.30674521193254,140.30674521193254,211.8795524388208,1923871.5257863498,630237.6473382618,3022953.5497032832,19.298505667187612,8.0,9.133544930289702,0.14657715114275494
18.296985512213933,16.82033712459649,15.132461845980197,-9.464285246803115,79.46428524680312,0.5416514361223781,148.7762533619835,148.7762533619835,199.6577574132447,3401870.8765656063,237594.96080081907,2956912.52144725,10.828997517136656,8.0,8.28314872351126,0.15272516519045665
16.929934865751832,13.276607303302065,15.387415737710182,-4.804931060945137,74.80493106094514,0.5011822044331508,144.2479514221656,144.2479514221656,206.20169948055653,2411384.547644016,474634.9513104746,2998057.893177976,15.357299456954536,8.0,8.737350258530853,0.14997473765182714
17.60870765268492,11.834059567504141,15.435473517992632,-5.4937831358626,75.4937831358626,0.5212761294459716,146.5296403563342,146.5296403563342,202.90540412142664,2825969.5976941143,365310.9570993089,2992707.4075978184,13.07561052278595,8.0,8.508347338415263,0.15120921226286216
11.80350613607725,9.57650205300893,14.671344926136696,7.727859520284653,62.27214047971535,0.34942291699459,124.327901278853,124.327901278853,234.5063108105339,1057278.8171235467,1040885.7763311047,3035268.201975985,35.277349600267144,8.0,10.74645727413423,0.13093771696452983
18.100372769207706,8.515361152812634,15.226160134890433,-4.881621396620005,74.88162139662,0.5358310470458172,148.14112547692395,148.14112547692395,200.5758179666453,3216556.1498479964,276148.70183081157,2996265.839275598,11.464125402196203,8.0,8.346783848104621,0.14848679442513335
13.243307155517007,17.712449587132838,14.607463410225849,0.08414880594301621,69.91585119405698,0.3920458009330079,130.48733188953037,130.48733188953037,225.87143526709946,1279429.5939365008,910499.8957586442,2978325.7306244704,29.117918989589782,8.0,10.123642534824342,0.13743316756794585
18.49788255188263,21.35544582501352,14.62860947966682,-12.175836027605556,82.17583602760556,0.5475986545850393,149.41988473257862,149.41988473257862,198.72764468011212,3612803.9177981997,196211.04364125864,2932093.0908882935,10.185366146541526,8.0,8.218685997410489,0.15075624787293868
10.841926844571027,10.171316401975176,14.400591769468894,9.192611069802865,60.807388930197135,0.3209569817812619,119.89608682010436,119.89608682010436,240.64653869237037,939860.8475382729,1121082.0824868428,2999087.0791833643,39.70916405901579,8.0,11.195229959191806,0.12726818466870068
17.02425740959632,14.562152187750907,15.314109682374866,-5.67213327689376,75.67213327689376,0.503974464464071,144.5691040815289,144.5691040815289,205.73802325636802,2462226.918856238,460255.9577372046,2989766.7933777766,15.036146797591243,8.0,8.70510069083764,0.15021836749806453
17.1260031704615,7.760936440503077,15.079314582719908,-2.378021361747244,72.37802136174724,0.5069864763310095,144.91402895067455,144.91402895067455,205.23990153447562,2519276.06312572,444470.93805664335,3021123.820924729,14.6912219284456,8.0,8.670470040309453,0.1443950816300066
13.648453955521823,14.235107348447528,15.030674371133479,1.3505514576183373,68.64944854238166,0.40403948950627067,132.1301887975079,132.1301887975079,223.5489190906699,1355389.2597454658,870973.0441242628,3015024.7532669017,27.475062081612236,8.0,9.957730991218398,0.1401558846708827
17.296580918051507,10.077427873124861,15.395579416488022,-3.930801510920901,73.9308015109209,0.5120361432223655,145.48884142907343,145.48884142907343,204.40953811757447,2620457.648975911,417335.10216521093,3007011.8803308285,14.116409450046717,8.0,8.612772694725663,0.14909588738972335
18.182866257418354,18.39794534493781,14.973457023052713,-10.032432458986875,80.03243245898688,0.538273127809898,148.40824334239943,148.40824334239943,200.1896858877028,3291976.6116272807,260194.20413259527,2951465.214892676,11.197007536720719,8.0,8.320017723477747,0.1517776375071602
13.927783802122587,14.110533996409366,15.085532464122718,0.8723326555064546,69.12766734449355,0.4123085791036882,133.24181371117476,133.24181371117476,221.97294228710388,1412117.1504144678,842849.2485721635,3017333.5941929263,26.363437167945392,8.0,9.845523332024356,0.14114190868750903
15.555868056843188,16.89361339881018,15.03208492716606,-3.9285145665795653,73.92851456657957,0.4605052710729185,139.409192313152,139.409192313152,213.16856811622227,1839192.9541474194,661226.3132735906,2992701.413331645,20.196058565968144,8.0,9.223877366710951,0.1455732540111048
16.99042143288756,12.698794043805986,15.411780507960495,-4.631070491512389,74.63107049151239,0.502972807367897,144.45405301934585,144.45405301934585,205.90414583695934,2443768.3178104335,465441.7157010429,3000017.626959258,15.1511978597743,8.0,8.716653285086466,0.15002039313286417
14.911162835099853,8.599721969798061,15.122834053108331,1.9469333042941912,68.05306669570581,0.4414198589431573,137.02752928439298,137.02752928439298,216.580096060917,1646852.6024412003,737220.179105215,3053678.9901001644,22.577721594727166,8.0,9.463750614115895,0.14042655095887838
17.947624932115886,7.903752989313048,15.11328687209471,-4.243844645719548,74.24384464571955,0.5313092046215478,147.6440707657917,147.6440707657917,201.29437945217433,3085036.2969327495,304893.98119808326,3002207.770872638,11.961180113328453,8.0,8.396601475987836,0.1466976088047291
18.56580444155238,13.317260768183758,15.380053238261318,-8.267259894656036,78.26725989465604,0.5496093677191349,149.63628887007758,149.63628887007758,198.41499705389913,3689726.434070795,181724.2524867327,2966854.993763607,9.96896200904257,8.0,8.19701768573674,0.1538208438250056
18.032948665779717,20.564928989165516,14.724147492003128,-10.841724144886086,80.84172414488609,0.5338350700349235,147.92211562931544,147.92211562931544,200.8924222307326,3157249.9118662556,288961.4170842173,2942981.1810183222,11.683135249804707,8.0,8.368732487841044,0.1501810150597345
18.235725764699133,20.899250795467964,14.684594681190198,-11.419113207009332,81.41911320700933,0.5398379444848767,148.57892141642367,148.57892141642367,199.94297650320425,3342047.713659424,249804.3914994276,2938294.697791767,11.02632946269648,8.0,8.302917386655508,0.15044685450500217
17.032727629918085,9.773602576538735,15.372330273371546,-3.208082331576975,73.20808233157697,0.504225211069215,144.5978779989582,144.5978779989582,205.69647426150536,2466887.0335340835,458952.89159584796,3013692.090851583,15.007372880161938,8.0,8.70221153188254,0.1480888034032139
18.24221330345968,13.78749641206835,15.364261307364632,-7.820835919036824,77.82083591903682,0.5400299971420863,148.5998431225559,148.5998431225559,199.91273579560072,3348290.4306841516,248520.04142029528,2971449.383780149,11.005407756564239,8.0,8.300821346570501,0.15314668302465081
18.665254939933153,18.589591973955123,14.947977964429585,-11.111242279593114,81.11124227959311,0.5525534322064284,149.9520605967611,149.9520605967611,197.9588780816719,3808036.2376882713,160028.89482061018,2942364.3659205297,9.653190282359049,8.0,8.16540490054274,0.1527812480665255
16.83219876440476,18.042410040953442,14.988706357169448,-7.110369939439693,77.11036993943969,0.49828889178226055,143.91374857920346,143.91374857920346,206.68408900619585,2360658.786126612,489286.1528697288,2973110.846168863,15.691502299916692,8.0,8.77091604418905,0.14860881052273003
17.97298364288536,18.044906951919117,15.011335530353664,-9.42459838993102,79.42459838993102,0.532059906538939,147.72681188008374,147.72681188008374,201.1747634875289,3106178.115365329,300190.896473037,2956632.5215672967,11.878438999036405,8.0,8.388307703850273,0.1514568809467514
17.501145510351755,7.5586223262902195,15.0327372961221,-3.0945793149608107,73.09457931496081,0.518091933402953,146.17255813391853,146.17255813391853,203.4215210593461,2751923.998759435,383604.4443725181,3013794.896785106,13.43269274520162,8.0,8.544167355150478,0.14469799377367465
17.116768866223605,9.637551061367446,15.36269600563345,-3.3188666906321487,73.31886669063215,0.5067131103085732,144.88278800204483,144.88278800204483,205.28502296625112,2514000.2839510096,445915.6172522659,3012672.3120457795,14.722462877075316,8.0,8.673606388260396,0.14811523907587343
16.294400575712018,16.035909615715426,15.167088420530707,-4.9515538639331,74.9515538639331,0.48236828228869205,142.04814371732914,142.04814371732914,209.37404241775903,2112583.9183432735,565789.6706578427,2991505.8150158604,17.55710716179101,8.0,8.958393856075418,0.14798687706561375
14.276970003237174,5.061834195428137,13.536938431680086,5.249962465429292,64.75003753457071,0.4226456484084421,134.60828926609076,134.60828926609076,220.0308526030701,1488709.7812950169,806592.4457086007,3083462.8590638703,24.996961613029384,8.0,9.707654677625555,0.12286039956909725
17.508259132850572,11.84671160581539,15.435412969512395,-5.2868256162217335,75.28682561622173,0.518302520214641,146.19622499044408,146.19622499044408,203.38731560353926,2756711.342844952,382406.8460783621,2994622.4476677445,13.40902588867607,8.0,8.541793041060316,0.1509776341332652
18.354731278997026,15.149065730365415,15.273927422081474,-8.740725662510329,78.74072566251033,0.5433609022793672,148.96180666303746,148.96180666303746,199.38958337773968,3460110.640819259,225915.0956642772,2963327.4155381233,10.643444216082685,8.0,8.264562146432809,0.15330755432482973
18.29633778586352,9.382512291804517,15.332643776484097,-5.737660222334796,75.7376602223348,0.541632261274823,148.77416951276797,148.77416951276797,199.66076925054804,3401227.948825877,237725.0220094148,2988387.7164085265,10.83108136635218,8.0,8.28335747095582,0.1504731612631312
13.762300072466036,17.218284380191513,14.765147921986692,-0.605276633022811,70.60527663302281,0.40740971203274234,132.58528173287283,132.58528173287283,222.90415341800406,1378053.099830305,859600.6502682825,2989254.7271922072,27.01996914624732,8.0,9.911788319836774,0.1395995138000108
15.047270770001724,19.526186315635,14.675545613968662,-4.395547867439404,74.3955478674394,0.4454491050918213,137.53667020562688,137.53667020562688,215.85194062381302,1684512.0461170347,721672.061527784,2975001.5811671694,22.068580673493273,8.0,9.412450793308494,0.1426070965681766
18.51097544268095,16.4612531948978,15.162372554973437,-9.724398446360453,79.72439844636045,0.5479862475630832,149.46164664823812,149.46164664823812,198.66730606347747,3627397.7194598927,193438.7701442858,2954617.2306237877,10.143604230882033,8.0,8.21450420185431,0.1533310126789286
16.474760219202473,12.94080439945347,15.3881710353699,-3.6768606112324846,73.67686061123248,0.48770752573127507,142.67890679260648,142.67890679260648,208.46516162197318,2190409.0624265685,540865.2657554643,3007094.940001437,16.926344086513666,8.0,8.894987745697733,0.14874816263801374
17.80308751834324,9.057917414478581,15.305386829858142,-4.507115055122085,74.50711505512209,0.5270304179497702,147.17076948799246,147.17076948799246,201.97861294789706,2969424.3105000956,331199.9683103617,3000766.223175096,12.43448139112769,8.0,8.444051609508165,0.14884922831405198
10.872989281114613,11.89133856416467,14.427925722209954,8.045808675714795,61.954191324285205,0.32187653289267654,120.04371746654618,120.04371746654618,240.44298214538387,943350.7457022826,1118560.9023230756,2978588.1649191137,39.561533412573965,8.0,11.180273150517621,0.128490623155043
15.80417207269286,12.741842373757066,15.361793799445975,-2.1744763329464263,72.17447633294643,0.4678558932117483,140.30674521193254,140.30674521193254,211.87955243881754,1923871.5257863498,630237.6473381909,3017399.9603229044,19.298505667187612,8.0,9.133544930290725,0.14688408188774757
18.296985512213933,6.5508181444012195,14.697151573173818,-4.340166656577253,74.34016665657725,0.5416514361223781,148.7762533619835,148.7762533619835,199.65775741324245,3401870.8765656063,237594.9608007814,2999066.2053087065,10.828997517136656,8.0,8.283148723509044,0.14275908265329215
17.971189770697727,13.276607303302065,15.393174840012668,-6.99284552926423,76.99284552926423,0.5320068019744738,147.72096169570608,147.72096169570608,201.18322088163353,3104673.7737606824,300524.47716955823,2979048.5708037093,11.884289183414069,8.0,8.388894099441984,0.1524848844114383
17.60870765268492,12.60221621982491,15.420412057002226,-5.885218414653423,75.88521841465342,0.5212761294459716,146.5296403563342,146.5296403563342,202.90540412143326,2825969.5976941143,365310.957099498,2989169.18197939,13.07561052278595,8.0,8.508347338413046,0.15150008025538875
18.37646141721102,9.57650205300893,15.34851227628237,-6.007100378423502,76.0071003784235,0.5440041864183249,149.03151673828728,149.03151673828728,199.28883953034784,3482509.3016365212,221475.85727904068,2985812.7110830606,10.573734140832869,8.0,8.257579928997188,0.15093008678436007
18.100372769207706,13.533440870139948,15.3795690562073,-7.394611240684696,77.3946112406847,0.5358310470458172,148.14112547692395,148.14112547692395,200.57581796664124,3216556.1498479964,276148.7018306858,2975366.707729227,11.464125402196203,8.0,8.346783848107691,0.15280917784914477
13.243307155517007,14.857588285324972,14.905895854442589,1.7743078260612037,68.2256921739388,0.3920458009330079,130.48733188953037,130.48733188953037,225.8714352670995,1279429.5939365008,910499.8957586442,3005936.9494571444,29.117918989589782,8.0,10.123642534824342,0.1385795728629119
17.418344671593587,21.35544582501352,14.61424166746754,-10.031464858271136,80.03146485827114,0.5156407540436231,145.89654474271282,145.89654474271282,203.8204163723942,2697295.311196568,397420.23092665226,2946810.0839126683,13.70870613640733,8.0,8.571859941712262,0.14813537320441625
10.841926844571027,11.991617962085801,14.413846153844831,8.038734028209035,61.961265971790965,0.3209569817812619,119.89608682010436,119.89608682010436,240.64653869236705,939860.8475382729,1121082.0824868002,2975962.4075178625,39.70916405901579,8.0,11.195229959192034,0.128371327170348
17.041733935943697,13.456037295364165,15.381099678821727,-5.132335369884629,75.13233536988463,0.5044918275886233,144.6284611878313,144.6284611878313,205.6523117426423,2471859.5495287906,457565.1835405516,2995254.5913474276,14.976789691288843,8.0,8.699140753934444,0.15027502548188973
18.02121964219406,7.760936440503077,15.080216977104318,-4.333561729329745,74.33356172932974,0.5334878520483736,147.88395346989796,147.88395346989796,200.94759103709268,3147138.92437463,291169.99284776166,3001064.7727477127,11.721297409222188,8.0,8.37255729233749,0.1464728540283581
17.60870765268492,14.235107348447528,15.342970497371644,-6.720106956844575,76.72010695684457,0.5212761294459716,146.5296403563342,146.5296403563342,202.9054041214243,2825969.5976941143,365310.95709925576,2981452.3525197823,13.07561052278595,8.0,8.508347338416911,0.15167824255681178
17.296580918051507,9.68038934500986,15.367876766353284,-3.7279226926739852,73.72792269267399,0.5120361432223655,145.48884142907343,145.48884142907343,204.40953811757373,2620457.648975911,417335.10216514947,3008836.81907044,14.116409450046717,8.0,8.612772694725379,0.14860732768603638
18.182866257418354,11.578615013120999,15.430401648963025,-6.5875832084399235,76.58758320843992,0.538273127809898,148.40824334239943,148.40824334239943,200.1896858877028,3291976.6116272807,260194.20413259527,2982038.302331541,11.197007536720719,8.0,8.320017723477747,0.15239188132339934
11.650043452156527,16.663448520244273,14.315314190967243,3.634658304530319,66.36534169546968,0.34487991273405944,123.63902995765642,123.63902995765642,235.4647493136712,1037138.5724852375,1054004.0052832244,2949248.959642455,35.96622092146373,8.0,10.816181275506551,0.13137628804255758
18.678020213306482,9.49561690075214,15.332540641129317,-6.619381472804946,76.61938147280495,0.5529313266224536,149.99249957708975,149.99249957708975,197.90047409050632,3823737.829164998,157200.98823402118,2979195.568368417,9.612751302030404,8.0,8.161356880767244,0.1514612992386108
14.957579889709553,12.698794043805986,15.294231602501144,-0.4055962706564742,70.40559627065647,0.44279395765866053,137.20155162992558,137.20155162992558,216.33128813980113,1659533.5781963605,731945.7805674102,3025824.3597974437,22.403699249194574,8.0,9.446215293836701,0.1443962579284076
14.911162835099853,14.107839191211582,15.214136337830517,-1.0929052371204193,71.09290523712042,0.4414198589431573,137.02752928439298,137.02752928439298,216.58009606091764,1646852.6024412003,737220.1791052668,3016138.6824717848,22.577721594727166,8.0,9.463750614116805,0.14434639732931462
17.724367072822695,7.903752989313048,15.114939507951025,-3.75618235920615,73.75618235920615,0.5247000317591087,146.91176553676422,146.91176553676422,202.35303280669663,2909753.032339508,345183.20978449064,3007318.2053001192,12.693485342355928,8.0,8.470023070969773,0.1461915644621467
18.56580444155238,14.06497578060581,15.341763220515977,-8.63946631199508,78.63946631199508,0.5496093677191349,149.63628887007758,149.63628887007758,198.41499705389936,3689726.434070795,181724.2524867603,2963783.7734295405,9.96896200904257,8.0,8.197017685734465,0.1538703567750975
18.032948665779717,12.658129161365729,15.415631781306724,-6.811052960507993,76.811052960508,0.5338350700349235,147.92211562931544,147.92211562931544,200.89242223073427,3157249.9118662556,288961.4170842468,2980544.4440727383,11.683135249804707,8.0,8.3687324878411,0.15250005040915232
18.235725764699133,14.629608469616898,15.313000273750886,-8.230969033983285,78.23096903398329,0.5398379444848767,148.57892141642367,148.57892141642367,199.9429765032051,3342047.713659424,249804.39149943492,2967898.7270929143,11.02632946269648,8.0,8.302917386653803,0.15310826988163218
17.032727629918085,14.128494395781615,15.342997936720765,-5.4635802284972215,75.46358022849722,0.504225211069215,144.5978779989582,144.5978779989582,205.69647426150493,2466887.0335340835,458952.89159584267,2991911.6579763796,15.007372880161938,8.0,8.70221153188487,0.15026974977101384
18.239498820405174,8.351241420431311,15.19621898436679,-5.103158851847525,75.10315885184752,0.5399496394436109,148.59108985645247,148.59108985645247,199.92538793875232,3345675.7543567563,249057.67958537594,2993686.0368711366,11.014161022667679,8.0,8.301698288958903,0.14843679175261626
18.668553400606918,15.316555542002895,15.254481164924867,-9.478144650792899,79.4781446507929,0.5526510775786535,149.9625117752035,149.9625117752035,197.94378377576945,3812081.8351667454,159299.14218436414,2956523.863571259,9.642739103916654,8.0,8.164358707883537,0.15397291532025714
16.83219876440476,10.832650218339698,15.420542216177408,-3.3267480915341707,73.32674809153417,0.49828889178226055,143.91374857920346,143.91374857920346,206.68408900618687,2360658.786126612,489286.15286945854,3012290.1303544375,15.691502299916692,8.0,8.770916044192859,0.1486814703437473
17.97298364288536,15.97851199793585,15.211119884414362,-8.368263413387695,78.3682634133877,0.532059906538939,147.72681188008374,147.72681188008374,201.17476348751953,3106178.115365329,300190.8964728116,2966613.345401705,11.878438999036405,8.0,8.388307703854537,0.15224740184753466
17.955740237302635,13.494850793538564,15.383169227309667,-7.070744075973096,77.0707440759731,0.5315494445619489,147.67055925666978,147.67055925666978,201.2560859139868,3091773.1842279783,303391.82038145186,2978374.2259619557,11.934691622450373,8.0,8.393946289895041,0.1524745812111867
15.408182547650267,9.637551061367446,15.289287788489826,0.3303991746163888,69.66960082538361,0.4561332903389658,138.87023964319513,138.87023964319513,213.94173560507375,1791835.8350370422,679180.0172050328,3041290.2058316567,20.735011235925015,8.0,9.278136910981402,0.14359721290879318
18.409082384323213,16.035909615715426,15.201574131658244,-9.29977908915248,79.29977908915248,0.5449698752019897,149.13604688861966,149.13604688861966,199.13778080569375,3516644.8902178174,214765.6102330729,2958393.4771650676,10.469203990500489,8.0,8.247110648070588,0.15323057341266422
18.01692929060895,16.93489511791755,15.123566426666262,-8.946614569942767,78.94661456994277,0.5333608434164875,147.86998945063334,147.86998945063334,200.9677780605734,3143455.351778658,291976.3837457943,2961295.7158683804,11.735261428486808,8.0,8.373956857990606,0.15203558242266565
17.508259132850572,8.043692908092108,15.144801351994754,-3.3551346417293075,73.35513464172931,0.518302520214641,146.19622499044408,146.19622499044408,203.3873156035317,2756711.342844952,382406.8460781506,3011571.2631434654,13.40902588867607,8.0,8.541793041063102,0.1460529935916179
17.63436390421299,12.212681193283231,15.43000713884125,-5.741000186933263,75.74100018693326,0.5220356395563348,146.61456932655938,146.61456932655938,202.7826416801831,2844171.0988676893,360887.8223698078,2990469.1833731895,12.990681552560773,8.0,8.499828897186205,0.15143242230379886
18.220737600108773,9.831240869175254,15.372245637489529,-5.797104257068725,75.79710425706872,0.539394245118673,148.53056435080737,148.53056435080737,200.01287369547518,3327707.4139594045,252763.8916771128,2988325.432464709,11.074686528312782,8.0,8.307762135561688,0.1509282578384688
15.58207077141767,17.218284380191513,15.000231816699593,-4.159285020405889,74.15928502040589,0.46128095830129273,139.50441335178215,139.50441335178215,213.03189920809066,1847821.3435275888,658004.6088303882,2990284.3175803903,20.100837527338,8.0,9.21429227405747,0.14551012682325515
15.047270770001724,17.846497883480026,14.877937534693094,-3.4514896805621333,73.45148968056213,0.4454491050918213,137.53667020562688,137.53667020562688,215.8519406238098,1684512.0461170347,721672.0615276945,2987991.5250436915,22.068580673493273,8.0,9.412450793307244,0.1435800696103279
16.638045058191363,16.4612531948978,15.143459115970556,-5.877862198999367,75.87786219899937,0.4925412983478793,143.24548591735055,143.24548591735055,207.64822789869962,2265371.026071299,517678.7147478173,2984782.1114337514,16.3597649617696,8.0,8.838050599473888,0.14877100143203562
17.372788586418118,12.94080439945347,15.408175198302352,-5.560878988874094,75.5608789888741,0.5142921428779786,145.74426176060462,145.74426176060462,204.0404755536825,2668073.812595468,404926.07914788154,2991996.5625898195,13.860989118515533,8.0,8.587140374681667,0.15101669867407902
17.164120203086064,12.276024128302097,15.426283679254112,-4.778232446911943,74.77823244691194,0.5081148668764376,145.0428497205092,145.0428497205092,205.05383524136542,2541266.4792489666,438481.68298588163,2999059.4085859023,14.562401158610953,8.0,8.65753798942626,0.1503240511507391
18.07793872307474,23.60349164507278,14.337130167094537,-12.504802238793502,82.5048022387935,0.535166924898601,148.06832310699048,148.06832310699048,200.6810610909013,3196596.1026778654,280434.17406190507,2926216.3652478256,11.536927772129673,8.0,8.354079617053628,0.14813181481771015
15.80417207269286,6.92606195100193,14.782590669390977,0.9333528903689512,69.06664710963105,0.4678558932117483,140.30674521193254,140.30674521193254,211.87955243881711,1923871.5257863498,630237.647338178,3050961.03976573,19.298505667187612,8.0,9.133544930291691,0.13824804682045855
18.099769286766456,16.82033712459649,15.134149352390423,-9.05849091276275,79.05849091276275,0.5358131819646671,148.13916796867767,148.13916796867767,200.57864772325047,3216016.203809099,276264.2765946606,2960404.177644384,11.46608291044248,8.0,8.346980012518145,0.15227128445920401
17.648284216191744,13.276607303302065,15.39504884557316,-6.312832402541346,76.31283240254135,0.5224477269446934,146.66061008284726,146.66061008284726,202.7160898946287,2854136.6517300666,358478.1251224172,2985270.1088985614,12.944640796272893,8.0,8.495211142436233,0.15173198695965726
17.60870765268492,11.710389499353479,15.436329285023389,-5.430841251744766,75.43084125174477,0.5212761294459716,146.5296403563342,146.5296403563342,202.9054041214341,2825969.5976941143,365310.95709952904,2993271.6371680587,13.07561052278595,8.0,8.508347338414808,0.1511472664524123
17.357189849253178,13.987709438564806,15.356565557788988,-6.067344793586813,76.06734479358681,0.5138303685391704,145.69204953991078,145.69204953991078,204.11592206079692,2658200.0649004043,407480.8920591385,2987137.494910553,13.913201339209365,8.0,8.59237976383406,0.15107682524742072
16.954675107344933,13.533440870139948,15.375365116197246,-4.9905954838397975,74.9905954838398,0.5019145976123426,144.33231824776288,144.33231824776288,206.07990301513283,2424536.3795269006,470886.56001915794,2996305.960489907,15.272932631357264,8.0,8.72887776911449,0.15006218897738988
17.70915617251927,29.639979149021457,13.476243002657545,-14.993284724205694,84.9932847242057,0.5242497386773022,146.86161857929818,146.86161857929818,202.4255241406181,2898475.8620068026,347858.2286808001,2893292.668145339,12.743632299821968,8.0,8.475051964167562,0.14199623705839123
18.49788255188263,9.77512721988623,15.361210955647298,-6.3676229291320965,76.3676229291321,0.5475986545850393,149.41988473257862,149.41988473257862,198.72764468010132,3612803.9177981997,196211.04364099525,2982286.912556575,10.185366146541526,8.0,8.21868599741407,0.15146021462628312
10.841926844571027,11.017288087858198,14.42424984217623,8.657212974215327,61.34278702578467,0.3209569817812619,119.89608682010436,119.89608682010436,240.64653869236977,939860.8475382729,1121082.0824868598,2988437.1577270585,39.70916405901579,8.0,11.195229959191295,0.12793319599210082
16.648189688032467,15.615939693673823,15.220553273701515,-5.450364660039838,75.45036466003984,0.49284161302642,143.2805481308361,143.2805481308361,207.59765706351666,2270178.9246684643,516217.80374817585,2989529.8921721815,16.32470274828404,8.0,8.8345276331317,0.1490559642830305
18.02121964219406,8.215976503089102,15.175495107336245,-4.560133493944932,74.56013349394493,0.5334878520483736,147.88395346989796,147.88395346989796,200.94759103709103,3147138.92437463,291169.99284771684,2999269.8938166145,11.721297409222188,8.0,8.372557292335614,0.1476434346483405
13.881502182038673,14.235107348447528,15.06927017840116,0.8921171572812341,69.10788284271877,0.410938489699191,133.0587868711765,133.0587868711765,222.23266772283128,1402452.6904396752,847561.1083466467,3016134.458907249,26.546464007943655,8.0,9.863994959931404,0.14097008380925005
17.296580918051507,11.27663494248857,15.434802123761486,-4.5448951935930495,74.54489519359305,0.5120361432223655,145.48884142907343,145.48884142907343,204.4095381175736,2620457.648975911,417335.1021651464,3001405.441533695,14.116409450046717,8.0,8.612772694726573,0.15014945445114894
18.182866257418354,10.484165682769131,15.409454368720983,-6.040805870197801,76.0408058701978,0.538273127809898,148.40824334239943,148.40824334239943,200.1896858877034,3291976.6116272807,260194.20413261675,2986537.530244284,11.197007536720719,8.0,8.320017723477974,0.1515672761238872
18.611053713069413,16.663448520244273,15.142029158650189,-10.032437363461838,80.03243736346184,0.5509488961832272,149.7801220810149,149.7801220810149,198.20722209584017,3742691.3938465067,171925.89911878027,2951870.084090861,9.825128798105254,8.0,8.182617391022973,0.15348636560768333
17.502868545285388,9.49561690075214,15.35266148442966,-4.078674338024882,74.07867433802488,0.5181429409498338,146.17829129910848,146.17829129910848,203.41323500469824,2753082.1795631475,383314.5232159488,3005376.765188988,13.426959580011669,8.0,8.543592187841739,0.14884106749865036
16.99042143288756,11.313446297927225,15.431391967639263,-3.912582329007762,73.91258232900776,0.502972807367897,144.45405301934585,144.45405301934585,205.90414583696833,2443768.3178104335,465441.71570128686,3006996.9634987866,15.1511978597743,8.0,8.716653285084647,0.14942281746097538
14.911162835099853,10.99069493534186,15.310665748239446,0.6333644787881667,69.36663552121183,0.4414198589431573,137.02752928439298,137.02752928439298,216.5800960609153,1646852.6024412003,737220.1791052416,3037891.1251872345,22.577721594727166,8.0,9.463750614116009,0.14349015581629965
17.724367072822695,17.4649094345544,15.070405219103211,-8.619253865472842,78.61925386547284,0.5247000317591087,146.91176553676422,146.91176553676422,202.35303280669183,2909753.032339508,345183.20978437737,2963545.0956658437,12.693485342355928,8.0,8.470023070969091,0.15112563769783713
18.56580444155238,7.767981254302953,15.07107699114577,-5.528190222280898,75.5281902222809,0.5496093677191349,149.63628887007758,149.63628887007758,198.41499705391124,3689726.434070795,181724.2524870534,2988132.7697668285,9.96896200904257,8.0,8.19701768573077,0.14767706857486262
18.032948665779717,14.319458034988397,15.335953609850124,-7.650256070533146,77.65025607053315,0.5338350700349235,147.92211562931544,147.92211562931544,200.8924222307397,3157249.9118662556,288961.4170844271,2973172.95257213,11.683135249804707,8.0,8.368732487841498,0.15266855713533048
17.83534713458593,14.629608469616898,15.316823198758787,-7.394916572732939,77.39491657273294,0.527985409549613,147.2766585158946,147.2766585158946,201.82553475913198,2994530.6591808633,325400.8302787118,2975447.8132016207,12.328592363225539,8.0,8.433434748135937,0.1521860925878488
17.032727629918085,13.80300403265133,15.362413104427453,-5.294041323487647,75.29404132348765,0.504225211069215,144.5978779989582,144.5978779989582,205.69647426151593,2466887.0335340835,458952.89159604756,2993609.406087267,15.007372880161938,8.0,8.702211531879868,0.15027160760429087
18.239498820405174,12.068093281917477,15.425543041238136,-6.9530715854358505,76.95307158543585,0.5399496394436109,148.59108985645247,148.59108985645247,199.9253879387468,3345675.7543567563,249057.6795852721,2978805.9636655604,11.014161022667679,8.0,8.301698288957027,0.15276009310525596
18.668553400606918,10.69346947403979,15.404084748347028,-7.1877199493224,77.1877199493224,0.5526510775786535,149.9625117752035,149.9625117752035,197.94378377575242,3812081.8351667454,159299.14218393576,2974941.8844333724,9.642739103916654,8.0,8.1643587078878,0.1528156343188725
16.83219876440476,10.516191628037411,15.41046950483851,-3.1624550733931756,73.16245507339318,0.49828889178226055,143.91374857920346,143.91374857920346,206.6840890061925,2360658.786126612,489286.15286961175,3013878.2082637637,15.691502299916692,8.0,8.770916044190074,0.14840700751657543
17.27082824442165,15.97851199793585,15.206484067924178,-6.919641585784461,76.91964158578446,0.511273778698095,145.40233551316743,145.40233551316743,204.53452110187092,2604713.9680484785,421487.73427738395,2978402.466565844,14.20291536595272,8.0,8.621454668524393,0.15055311714716768
17.352916938890168,13.494850793538564,15.383510462830632,-5.804289751210888,75.80428975121089,0.5137038762252862,145.67774102805356,145.67774102805356,204.13659747933474,2655506.956729901,408179.37944504403,2989650.0882547256,13.927509851066588,8.0,8.593815619599525,0.15104690045908045
17.841069907702312,9.637551061367446,15.363255653548217,-4.880571368329811,74.88057136832981,0.5281548226081205,147.29542779089417,147.29542779089417,201.79840085841428,2999025.2308224523,324367.82231099275,2997503.7921313937,12.309823088225983,8.0,8.43155293143434,0.14982260381911233
18.540709196721682,16.035909615715426,15.19913522756834,-9.572371791370756,79.57237179137076,0.5488664652670717,149.55640388031873,149.55640388031873,198.53040469699192,3660952.218829128,187107.21849201,2955918.449451315,10.048846998801423,8.0,8.205016153598422,0.15352453902639485
18.068220335747338,12.42117677849265,15.421627919921113,-6.766467809658536,76.76646780965854,0.5348792284117033,148.036763961104,148.036763961104,200.726683396773,3188020.3771422743,282283.6898574669,2980855.268562028,11.568486918016163,8.0,8.357242360402665,0.15250859558200036
17.406458031511658,11.84671160581539,15.43514436899637,-5.070675986098365,75.07067598609837,0.5152888700861947,145.85683965344708,145.85683965344708,203.87779439987688,2689614.8063402874,399385.1226887676,2996594.2908719066,13.748411225673067,8.0,8.575843921428714,0.15073452714169086
17.63436390421299,13.39683047594124,15.389500159700921,-6.344951134543123,76.34495113454312,0.5220356395563348,146.61456932655938,146.61456932655938,202.78264168018865,2844171.0988676893,360887.8223699712,2984967.5241820677,12.990681552560773,8.0,8.499828897185239,0.15171354708186738
17.801757492215813,9.831240869175254,15.378634243845633,-4.893178050323513,74.89317805032351,0.526991044766602,147.16640068656977,147.16640068656977,201.98492865900266,2968397.505717929,331438.190757291,2997537.7794181285,12.438850192550376,8.0,8.44448965686422,0.14998648970113496
18.581249744100884,10.770815184264364,15.409223377425274,-7.0385037425123755,77.03850374251238,0.5500665998845732,149.6854146085654,149.6854146085654,198.34402972863734,3707647.0283810934,178393.1567890983,2976599.500278221,9.919836270554754,8.0,8.192099173418569,0.15269599189191146
17.321628350318203,12.153953452776467,15.43034488702194,-5.04845195481721,75.04845195481721,0.5127776302640084,145.57288500709285,145.57288500709285,204.28810705743066,2635936.554377322,413276.603625072,2996743.564216789,14.032365872027299,8.0,8.60433823689607,0.15066298295498415
16.55028293614275,16.4612531948978,15.139678122426853,-5.699251732868618,75.69925173286862,0.4899432485536634,142.94148502910838,142.94148502910838,208.08661819214507,2224523.355971396,530216.7797748612,2985888.1381071913,16.66376585001177,8.0,8.868598494113996,0.14853716087548363
16.40957804758217,12.94080439945347,15.385607667169719,-3.540749777915039,73.54074977791504,0.4857779173351737,142.45155092228094,142.45155092228094,208.79283927324767,2161705.041307413,549953.834607651,3008069.806447456,17.153699956839205,8.0,8.917839926399097,0.14857591005027193
17.164120203086064,11.74943083601136,15.433976333040327,-4.506522368557967,74.50652236855797,0.5081148668764376,145.0428497205092,145.0428497205092,205.05383524137167,2541266.4792489666,438481.68298599415,3001643.553804284,14.562401158610953,8.0,8.65753798942228,0.1500991449130381
18.07793872307474,10.985534484430552,15.426530664471365,-6.066378524037077,76.06637852403708,0.535166924898601,148.06832310699048,148.06832310699048,200.6810610909046,3196596.1026778654,280434.1740619619,2986743.1859792876,11.536927772129673,8.0,8.354079617053458,0.15176404830178503
15.80417207269286,8.751056018101618,15.216639214774197,-0.03653255027046498,70.03653255027046,0.4678558932117483,140.30674521193254,140.30674521193254,211.87955243882084,1923871.5257863498,630237.6473382653,3040856.2929016524,19.298505667187612,8.0,9.133544930289702,0.14328722119821183
18.099769286766456,12.999115199237245,15.40298302062767,-7.124119553370861,77.12411955337086,0.5358131819646671,148.13916796867767,148.13916796867767,200.57864772325877,3216016.203809099,276264.2765948409,2977714.0608374467,11.46608291044248,8.0,8.346980012516042,0.1527319636865474
17.648284216191744,12.052857760507692,15.432747088414224,-5.68918112016263,75.68918112016263,0.5224477269446934,146.66061008284726,146.66061008284726,202.71608989462183,2854136.6517300666,358478.12512229994,2990926.771139378,12.944640796272893,8.0,8.495211142438677,0.15140120590464348
17.60870765268492,12.497797108746038,15.423380226650757,-5.831959785773108,75.83195978577311,0.5212761294459716,146.5296403563342,146.5296403563342,202.90540412143406,2825969.5976941143,365310.95709952904,2989653.5666831704,13.07561052278595,8.0,8.508347338414808,0.15146942836409422
17.504373461018893,9.57650205300893,15.35985064811763,-4.122966138817162,74.12296613881716,0.518187491445201,146.18329835278138,146.18329835278138,203.4059983730648,2754094.473361058,383061.22135445627,3004987.508837311,13.421952526338771,8.0,8.543089867579624,0.14895902336939507
17.73210688771451,13.59151304176715,15.379751077999641,-6.649690364255662,76.64969036425566,0.524929155941815,146.93726946983355,146.93726946983355,202.31616462598421,2915522.1522799633,343818.76131616626,2982218.695051326,12.667981409286597,8.0,8.467465511460148,0.15196200479235183
17.70915617251927,7.988810919200837,15.133226706022329,-3.7656945374179713,73.76569453741797,0.5242497386773022,146.86161857929818,146.86161857929818,202.42552414060876,2898475.8620068026,347858.2286805466,3007310.9537940356,12.743632299821968,8.0,8.475051964168472,0.14637859808082734
17.138579646201283,9.77512721988623,15.37384761113619,-3.4364013810204597,73.43640138102046,0.5073587817111096,144.95655647610596,144.95655647610596,205.17847732946302,2526493.5417390317,442499.45485461166,3011590.317876855,14.64869440301419,8.0,8.6662006917432,0.14834957173594623
17.245217302510753,23.89961464907435,14.271164795292538,-11.04214658586676,81.04214658586676,0.5105156099026273,145.31620893346133,145.31620893346133,204.6589499624087,2589226.1518859533,425597.4818892861,2933377.762535162,14.289041945658823,8.0,8.63009897355198,0.145785863069686
17.649954396790243,13.456037295364165,15.386649178059443,-6.407963913478909,76.40796391347891,0.5224971698280119,146.6661322759321,146.6661322759321,202.70810752730353,2855336.6269039246,358188.53801659576,2984396.9097600873,12.939118603188035,8.0,8.49465729041026,0.15175659178913
17.162203033888417,8.215976503089102,15.176202591684056,-2.6892335848651214,72.68923358486512,0.5080581123116761,145.03637559743544,145.03637559743544,205.06318671751316,2540152.152150071,438783.9285557692,3018298.4967765072,14.568875281684711,8.0,8.65818789205423,0.14565025198118248
18.08113623374595,7.926598484674805,15.116557709719602,-4.546923319416351,74.54692331941635,0.5352615818160436,148.07870377357108,148.07870377357108,200.66605471654628,3199426.9870791757,279824.73805157957,2999019.9311305936,11.52654710554907,8.0,8.353039316885429,0.14705576812643067
17.86406969141702,11.27663494248857,15.433774306470863,-5.755359726228619,75.75535972622862,0.5288356924634996,147.37081536370522,147.37081536370522,201.68941606707676,3017214.6270725084,320203.10957253893,2990011.530576461,12.23443551541493,8.0,8.423994738782312,0.15148550480233774
16.798391512593994,11.578615013120999,15.428135288093733,-3.643006577395056,73.64300657739506,0.4972880850383065,143.79780592861465,143.79780592861465,206.8514085353749,2343555.882108421,494296.99789114355,3009097.558950558,15.807444950505499,8.0,8.782562145569841,0.1490976635108951
17.306140194588828,16.663448520244273,15.14411299883087,-7.3486392411467705,77.34863924114677,0.5123191295023335,145.520927256371,145.520927256371,204.36317928904347,2626345.621548955,415788.4791450807,2974243.1585029806,14.084323622749139,8.0,8.609552575244322,0.15041785581839842
17.502868545285388,11.69098275026628,15.4364893824755,-5.1958742869330194,75.19587428693302,0.5181429409498338,146.17829129910848,146.17829129910848,203.41323500469983,2753082.1795631475,383314.52321599255,2995449.5905029224,13.426959580011669,8.0,8.543592187838385,0.1508868705730183
17.8657380253467,11.313446297927225,15.434084259799246,-5.777494726163923,75.77749472616392,0.5288850806792984,147.37628088408263,147.37628088408263,201.68151476460463,3018541.9218001477,319900.1963816188,2989817.0781067316,12.228969995037517,8.0,8.423446790306855,0.15151338910698872
17.795175365686077,14.107839191211582,15.350707580677014,-7.045069944920385,77.04506994492039,0.5267961919978116,147.14477641303404,147.14477641303404,202.0161895131345,2963325.5653417907,332616.1159192172,2978630.438920405,12.460474466086112,8.0,8.446657877530356,0.1521236075731283
17.724367072822695,18.772633213947536,14.93044822288235,-9.294878431405323,79.29487843140532,0.5247000317591087,146.91176553676422,146.91176553676422,202.3530328066933,2909753.032339508,345183.2097843802,2956832.49782646,12.693485342355928,8.0,8.47002307097074,0.150492033718458
18.05479180689389,10.117242653211704,15.393869816995814,-5.581993060210209,75.58199306021021,0.5344816994343957,147.99313542190276,147.99313542190276,200.78975372988623,3176240.475779094,284832.4331580824,2990840.559283551,11.612115457217385,8.0,8.361614749960893,0.15090005619358893
18.04130668682638,12.658129161365729,15.415517555627384,-6.828746429310399,76.8287464293104,0.5340824951695199,147.9492982260541,147.9492982260541,200.8531260843454,3164491.600143583,287383.96495658334,2980375.575182177,11.655952653066038,8.0,8.366008162059188,0.15251907060585762
18.181884025883168,14.629608469616898,15.313785751863994,-8.118461694289806,78.1184616942898,0.5382440504997977,148.40506824945777,148.40506824945777,200.1942754938765,3291059.3604963287,260386.017802529,2968934.3543408914,11.200182629662379,8.0,8.320335854130747,0.1529861951506188
17.032727629918085,13.349063836111117,15.38615102273713,-5.057861536548501,75.0578615365485,0.504225211069215,144.5978779989582,144.5978779989582,205.69647426150559,2466887.0335340835,458952.8915958224,2995957.855760181,15.007372880161938,8.0,8.702211531882426,0.15024188691433227
17.251213034772316,12.068093281917477,15.431233082960876,-4.8552285078342265,74.85522850783423,0.5106931034568477,145.33638053744238,145.33638053744238,204.62980818033077,2592836.993756254,424637.1353905635,2998473.882261368,14.268870341677768,8.0,8.628074365170392,0.1504574621695229
17.268253010090476,10.69346947403979,15.42304615228166,-4.1854412235879295,74.18544122358793,0.5111975432235191,145.3936796708261,145.3936796708261,204.54702665422238,2603149.050293562,421901.87772349396,3004707.836350159,14.21157120829406,8.0,8.622323415195979,0.14964029409868
17.18747296142526,10.832650218339698,15.426280477326586,-4.084281975096019,74.08428197509602,0.5088061859510142,145.12166624362345,145.12166624362345,204.93998647133395,2554911.218668137,434791.4589711693,3005623.9481245913,14.483584635496698,8.0,8.649626199979423,0.14956092381354905
17.439816159604177,15.97851199793585,15.209034809768191,-7.267598096135714,77.26759809613571,0.5162763812789869,145.96821429271483,145.96821429271483,203.7168437738709,2711270.6158349332,393859.2974284076,2975701.9778696764,13.637036586405316,8.0,8.564668890354938,0.15097095473443764
17.501145510351755,10.607475717001254,15.42107307101288,-4.639969190189049,74.63996919018905,0.518091933402953,146.17255813391853,146.17255813391853,203.4215210593591,2751923.998759435,383604.44437288796,3000442.371959928,13.43269274520162,8.0,8.544167355149284,0.15012065991190043
17.841069907702312,12.562685075010442,15.420510405561688,-6.356643181951995,76.356643181952,0.5281548226081205,147.29542779089417,147.29542779089417,201.7984008584151,2999025.2308224523,324367.8223110598,2984807.8028613245,12.309823088225983,8.0,8.431552931434737,0.15203247978346415
18.409082384323213,13.802917887307476,15.360142714908093,-8.179372197995917,78.17937219799592,0.5449698752019897,149.13604688861966,149.13604688861966,199.13778080569372,3516644.8902178174,214765.6102330729,2968044.350094929,10.469203990500489,8.0,8.247110648070588,0.1535198329451373
18.068220335747338,10.426370661220986,15.40915710025434,-5.765543554215526,75.76554355421553,0.5348792284117033,148.036763961104,148.036763961104,200.72668339676957,3188020.3771422743,282283.6898573885,2989274.1019822406,11.568486918016163,8.0,8.357242360401528,0.15125529192532422
17.508259132850572,11.871920255386986,15.435168668220777,-5.299696298333345,75.29969629833334,0.518302520214641,146.19622499044408,146.19622499044408,203.38731560353295,2756711.342844952,382406.84607822436,2994505.4409449664,13.40902588867607,8.0,8.541793041061624,0.1509895884789533
17.255059896471895,12.212681193283231,15.428641387982191,-4.93780339825048,74.93780339825048,0.5108069833176997,145.34931984776125,145.34931984776125,204.61111466527308,2595158.517513629,424020.40556234634,2997700.580660893,14.255931031358898,8.0,8.626775668119933,0.1505236383255309
17.515392261418736,9.831240869175254,15.38003320470627,-4.276017022317035,74.27601702231703,0.5185136844706553,146.2199494367273,146.2199494367273,203.35302661094025,2761527.08391051,381204.24721804966,3003627.216700622,13.385301442392858,8.0,8.5394129805332,0.14932197306997935
16.14946686029134,10.770815184264364,15.395452024773967,-1.8447809074547195,71.84478090745472,0.4780777637741664,141.53745588752616,141.53745588752616,210.10940509094604,2053512.137085422,585326.2742925505,3024151.1521228505,18.067794991593985,8.0,9.009744039016311,0.1468567337407382
17.233485437018174,12.153953452776467,15.429564953286786,-4.861922282573516,74.86192228257352,0.51016830778621,145.27672376353888,145.27672376353888,204.71599292829904,2582187.095740625,427473.4646793803,2998385.5774080795,14.328527115581267,8.0,8.634062133296254,0.15044860671559285
17.114614101145307,16.4612531948978,15.15914557449452,-6.850948407553574,76.85094840755357,0.5066493221179783,144.8754962972394,144.8754962972394,205.2955542681369,2512772.08492693,446252.3732315469,2978203.746956921,14.72975458188074,8.0,8.674338426137012,0.15000743216355658
16.920026117624623,12.94080439945347,15.40156694934227,-4.6091229407463175,74.60912294074632,0.500888872635424,144.2141354540779,144.2141354540779,206.2505156909642,2406152.9935453655,476131.67523720936,2999972.2598973745,15.391115425042244,8.0,8.740746312303486,0.1498968097559014
17.164120203086064,13.01400752956949,15.403092801985194,-5.159690432381069,75.15969043238107,0.5081148668764376,145.0428497205092,145.0428497205092,205.0538352413731,2541266.4792489666,438481.682986119,2995389.245609571,14.562401158610953,8.0,8.65753798942103,0.1505202568508636
18.07793872307474,10.413178085749934,15.408419026191597,-5.77983133369645,75.77983133369645,0.535166924898601,148.06832310699048,148.06832310699048,200.6810610909013,3196596.1026778654,280434.17406190507,2989117.309428505,11.536927772129673,8.0,8.354079617053628,0.15126405701168383
15.80417207269286,17.563813348415223,14.981185238033515,-4.791238038346535,74.79123803834653,0.4678558932117483,140.30674521193254,140.30674521193254,211.8795524388137,1923871.5257863498,630237.647338087,2986386.1476768595,19.298505667187612,8.0,9.133544930293624,0.14600067532296795
17.123304551518903,12.999115199237245,15.403087217197136,-5.0662208112865414,75.06622081128654,0.506906588262845,144.90490045978197,144.90490045978197,205.25308595033272,2517732.2112329146,444893.3811380715,2996181.180158453,14.700350419338179,8.0,8.671386464315503,0.15041652934104974
17.567047007252206,11.968005947308828,15.43408157455715,-5.473534531288294,75.4735345312883,0.5200428362123211,146.39153279065295,146.39153279065295,203.10502824679847,2796863.5097018485,372443.78831860103,2992912.4895098177,13.213718088467203,8.0,8.522200493085734,0.15117294747260057
17.60870765268492,9.474799820620373,15.350575440759913,-4.296672817780916,74.29667281778092,0.5212761294459716,146.5296403563342,146.5296403563342,202.9054041214285,2825969.5976941143,365310.9570994158,3003217.6875308943,13.07561052278595,8.0,8.508347338415888,0.1490585267987089
18.24199245166682,9.57650205300893,15.351671134660421,-5.7163742447554,75.7163742447554,0.540023459196768,148.5991309891346,148.5991309891346,199.91376512586925,3348077.5575449634,248563.79724088602,2988857.859933915,11.006119889985541,8.0,8.300892691201796,0.15063614639678552
17.73210688771451,13.379786820429711,15.390133640946306,-6.541804956385363,76.54180495638536,0.524929155941815,146.93726946983355,146.93726946983355,202.3161646259813,2915522.1522799633,343818.7613160782,2983202.064595625,12.667981409286597,8.0,8.467465511461967,0.15194234261049755
18.650667152322185,7.988810919200837,15.116979736167346,-5.82175247644534,75.82175247644534,0.5521215853262932,149.90582228813395,149.90582228813395,198.02566019802833,3790240.1912504635,163248.32913205348,2985303.2342638406,9.699428590986201,8.0,8.170033566650147,0.14844911000849056
17.138579646201283,10.87488865886645,15.426782491686863,-4.001654643870552,74.00165464387055,0.5073587817111096,144.95655647610596,144.95655647610596,205.17847732946302,2526493.5417390317,442499.45485461166,3006362.1759194336,14.64869440301419,8.0,8.6662006917432,0.14947544896535225
17.245217302510753,14.06817083629262,15.350407215014533,-5.875124367533772,75.87512436753377,0.5105156099026273,145.31620893346133,145.31620893346133,204.6589499624087,2589226.1518859533,425597.4818892861,2988671.371829303,14.289041945658823,8.0,8.63009897355198,0.15080102118303007
17.649954396790243,10.53815988766755,15.418206105746734,-4.923744894702054,74.92374489470205,0.5224971698280119,146.6661322759321,146.6661322759321,202.70810752730353,2855336.6269039246,358188.53801659576,2997691.4982438292,12.939118603188035,8.0,8.49465729041026,0.15040626431599288
17.65605898618365,8.215976503089102,15.178525557787925,-3.7641593891353864,73.76415938913539,0.5226778859142583,146.68631278743118,146.68631278743118,202.67893636863607,2859730.45685737,357129.2276979221,3007556.567094912,12.918938091688972,8.0,8.492633287116462,0.14681511389329283
17.60870765268492,9.410585130690649,15.344511086361111,-4.26419531971095,74.26419531971095,0.5212761294459716,146.5296403563342,146.5296403563342,202.9054041214236,2825969.5976941143,365310.9570992502,3003496.386407124,13.07561052278595,8.0,8.508347338414978,0.14896419542277695
17.296580918051507,12.134956069739168,15.43049530409982,-4.985667194811072,74.98566719481107,0.5120361432223655,145.48884142907343,145.48884142907343,204.40953811757856,2620457.648975911,417335.1021652525,2997304.1722969566,14.116409450046717,8.0,8.612772694726573,0.15059478885873426
17.41926322506888,11.578615013120999,15.436618791920964,-4.960675063256417,74.96067506325642,0.5156679462720214,145.89961214486544,145.89961214486544,203.8159836111668,2697890.491608262,397268.20109696453,2997605.2936299387,13.705638734254705,8.0,8.571552164412822,0.1506268285024816
17.163622147085658,16.663448520244273,15.141105563521242,-7.057008248709678,77.05700824870968,0.5081001227674854,145.04116787879292,145.04116787879292,205.0562645629695,2540976.906388169,438560.21279724926,2976384.4025237644,14.56408300032723,8.0,8.65770682031291,0.15005987822196656
17.95328017102171,11.69098275026628,15.433836430531722,-6.154544032512888,76.15454403251289,0.5314766184435082,147.6625305189612,147.6625305189612,201.2676927917962,3089728.1085679247,303847.47364420304,2986368.996404563,11.942720360158944,8.0,8.394751080169556,0.15193537960737674
17.8657380253467,7.653603245954876,15.056023974513087,-3.939909795467031,73.93990979546703,0.5288850806792984,147.37628088408263,147.37628088408263,201.68151476460963,3018541.9218001477,319900.1963817814,3005099.3848356362,12.228969995037517,8.0,8.423446790305718,0.14581722400090644
17.2599514484333,14.107839191211582,15.348174254210711,-5.926399875367508,75.92639987536751,0.5109517894740467,145.36576993132303,145.36576993132303,204.58734890946778,2598115.94074645,423235.54416429426,2988218.730773966,14.23948094779712,8.0,8.625124613667253,0.1508364261467088
17.483212337542138,7.903752989313048,15.115059560939272,-3.2297695434484126,73.22976954344841,0.5175610520290745,146.11286255830584,146.11286255830584,203.50779706614654,2739922.2929534046,386615.9931164185,3012724.465218363,13.492388320814314,8.0,8.55015629164427,0.1456333475935766
18.05479180689389,13.667963740466131,15.373361187480356,-7.36661525862354,77.36661525862354,0.5344816994343957,147.99313542190276,147.99313542190276,200.78975372989427,3176240.475779094,284832.4331583232,2975668.4335720167,11.612115457217385,8.0,8.36161474995663,0.15271543039821897
17.366343671369115,12.658129161365729,15.417991887427288,-5.402002141804189,75.40200214180419,0.5141013520239525,145.72269358811332,145.72269358811332,204.07164173428143,2663986.2202216187,405982.5843779993,2993482.443398139,13.882557291006833,8.0,8.58930467846369,0.15093554943017906
17.83534713458593,12.777339859050052,15.41390652253964,-6.453331155673993,76.453331155674,0.527985409549613,147.2766585158946,147.2766585158946,201.82553475912732,2994530.6591808633,325400.83027857414,2983956.9047706514,12.328592363225539,8.0,8.433434748139746,0.15207678625610468
17.032727629918085,10.790039717831053,15.423182949679981,-3.7320832698994764,73.73208326989948,0.504225211069215,144.5978779989582,144.5978779989582,205.69647426150493,2466887.0335340835,458952.89159584267,3008785.6969373575,15.007372880161938,8.0,8.70221153188487,0.14914666534326182
17.147208387554635,11.99886859054562,15.431120411285383,-4.599378656668534,74.59937865666853,0.5076142210643764,144.98572104978905,144.98572104978905,205.1363527656685,2531467.105349339,441144.1834138192,3000733.694411484,14.6195298293311,8.0,8.66327290903422,0.15017369481459802
17.290437603681564,10.69346947403979,15.423204724293468,-4.232878687430116,74.23287868743012,0.5118542807484181,145.46821424320444,145.46821424320444,204.43934063640745,2616686.339202262,418327.56096709793,3004270.894849102,14.137036635915706,8.0,8.614842859513374,0.1496938147532192
17.5847500618524,10.741777041945237,15.4253012290955,-4.887302372090119,74.88730237209012,0.5205669053242273,146.45024975691052,146.45024975691052,203.02015830653838,2809164.4828766785,369420.2240817132,2998130.792639234,13.155001122209626,8.0,8.516310640895938,0.1504351239031509
16.956667846110264,15.777290074899142,15.216897458722526,-6.168542107245742,76.16854210724574,0.501973589286864,144.33910965242478,144.33910965242478,206.0700982224195,2425601.3246629336,470583.93101938744,2984260.9314610288,15.266141226695368,8.0,8.728195762506061,0.14981534740261346
17.501145510351755,12.338220872742717,15.42734765166656,-5.522879643803378,75.52287964380338,0.518091933402953,146.17255813391853,146.17255813391853,203.4215210593572,2751923.998759435,383604.444372793,2992465.93331932,13.43269274520162,8.0,8.544167355150705,0.15116212440213303
17.41926322506888,11.578615013120999,15.436618791921815,-4.960675063252268,74.96067506325227,0.5156679462720214,145.89961214486544,145.89961214486544,203.81598361117545,2697890.491608262,397268.2010971131,2997605.2936304724,13.705638734254705,8.0,8.57155216441123,0.1506268285024835
17.31802206986856,13.802917887307476,15.366821343831162,-5.890091393377418,75.89009139337742,0.5126708724058189,145.560790241314,145.560790241314,204.3055826146844,2633697.7193269944,413862.1366678313,2988742.7845651316,14.04446063780614,8.0,8.605552021540802,0.1509790254998631
18.674393011097205,9.741184001217022,15.353175758974,-6.7320771022630765,76.73207710226308,0.5528239494108113,149.9810111418874,149.9810111418874,197.91706605583076,3819263.961528454,158005.5463111248,2978373.096745109,9.624239737232756,8.0,8.16250688508211,0.15179268804077065
17.508259132850572,11.077910338538775,15.433055564296074,-4.894729540244214,74.89472954024421,0.518302520214641,146.19622499044408,146.19622499044408,203.38731560353818,2756711.342844952,382406.8460783804,2998160.8083207356,13.40902588867607,8.0,8.541793041060544,0.15051897472061984
17.39863985301622,12.212681193283231,15.429696146378514,-5.241622232607938,75.24162223260794,0.5150574260810011,145.83071331332218,145.83071331332218,203.91554914089755,2684584.775403257,400674.99844495655,2995010.968612345,13.77453756579797,8.0,8.578465466497391,0.15087137856731112
17.52359741673491,9.831240869175254,15.380027906926102,-4.293690228559967,74.29369022855997,0.5187565842727918,146.24723035092615,146.24723035092615,203.313597079156,2767085.5809051995,379818.77855595684,3003455.4114050157,13.358020528194004,8.0,8.536676170045439,0.1493412554281225
17.448657162269697,10.770815184264364,15.4261831458929,-4.610816097447753,74.61081609744775,0.5165381042708613,145.99770522017502,145.99770522017502,203.67422429418153,2717063.3890299997,392388.68047929247,3000761.150102158,13.607545658945128,8.0,8.561709964307738,0.15013825536433975
17.321628350318203,8.858438957986849,15.280762322267476,-3.3628598735958235,73.36285987359582,0.5127776302640084,145.57288500709285,145.57288500709285,204.2881070574331,2635936.554377322,413276.6036250732,3012038.385214488,14.032365872027299,8.0,8.604338236893454,0.14737245265644425
18.51097544268095,12.69704121949211,15.404761385685774,-7.842947705321421,77.84294770532142,0.5479862475630832,149.46164664823812,149.46164664823812,198.66730606346744,3627397.7194598927,193438.7701440307,2970519.077163927,10.143604230882033,8.0,8.214504201858574,0.15357593001949055
17.372788586418118,12.533785593942614,15.421762412823778,-5.351731370810796,75.3517313708108,0.5142921428779786,145.74426176060462,145.74426176060462,204.040475553675,2668073.812595468,404926.0791476841,2993961.473535105,13.860989118515533,8.0,8.587140374686271,0.15091641502741798
18.165467647748205,11.74943083601136,15.430237785780404,-6.635993351274237,76.63599335127424,0.5377580712773299,148.35198251726382,148.35198251726382,200.27101165206213,3275798.820799188,263585.20293512,2981692.8639254966,11.253268361856328,8.0,8.325654903693703,0.1524452744472958
18.07793872307474,10.645590107222038,15.417398899525644,-5.896134315028291,75.89613431502829,0.535166924898601,148.06832310699048,148.06832310699048,200.68106109090135,3196596.1026778654,280434.17406190507,2988156.8316373527,11.536927772129673,8.0,8.354079617053628,0.1514827375001953
15.80417207269286,13.416046025024976,15.331795208530535,-2.538074665782915,72.53807466578291,0.4678558932117483,140.30674521193254,140.30674521193254,211.87955243881967,1923871.5257863498,630237.6473382678,3013244.9773040777,19.298505667187612,8.0,9.133544930291464,0.14698267840813586
17.602160132477685,12.999115199237245,15.406736058429702,-6.073996111114752,76.07399611111475,0.5210823011390671,146.50795132757082,146.50795132757082,202.9367545338447,2821358.6120701325,366436.01030998764,2987442.2104392266,13.097299551549327,8.0,8.510522829308911,0.1515778847506794
17.567047007252206,9.828433276015836,15.379762367491688,-4.385864676888559,74.38586467688856,0.5200428362123211,146.39153279065295,146.39153279065295,203.10502824680503,2796863.5097018485,372443.7883187858,3002555.2578571434,13.213718088467203,8.0,8.522200493085393,0.14943959257484699
17.60870765268492,11.936318795684997,15.434417965360293,-5.545844154447991,75.54584415444799,0.5212761294459716,146.5296403563342,146.5296403563342,202.90540412142542,2825969.5976941143,365310.9570992796,2992239.733970271,13.07561052278595,8.0,8.508347338416172,0.1512570858321399
17.504373461018893,8.305512079604714,15.195078548417454,-3.4790438703890345,73.47904387038903,0.518187491445201,146.18329835278138,146.18329835278138,203.40599837306877,2754094.473361058,383061.22135452635,3010533.4168243622,13.421952526338771,8.0,8.543089867577294,0.14667007292592057
17.73210688771451,11.21455341003588,15.43424208453857,-5.442153864816476,75.44215386481648,0.524929155941815,146.93726946983355,146.93726946983355,202.3161646259871,2915522.1522799633,343818.7613162269,2993006.5798729775,12.667981409286597,8.0,8.467465511461342,0.15113946303742679
17.70915617251927,12.15100937609187,15.430894747614436,-5.868247572180053,75.86824757218005,0.5242497386773022,146.86161857929818,146.86161857929818,202.42552414061333,2898475.8620068026,347858.2286806661,2989277.2527362606,12.743632299821968,8.0,8.475051964168301,0.15158399507713907
17.422820036318292,10.87488865886645,15.42884237414865,-4.608666939893908,74.60866693989391,0.5157732396778654,145.91148854689698,145.91148854689698,203.79882073937216,2700197.3973519197,396679.2545221319,3000801.0672546653,13.693762332223173,8.0,8.570360513691526,0.15016176686369279
17.85531001085969,14.06817083629262,15.352812172413717,-7.15080772151947,77.15080772151947,0.5285763768756568,147.3421119905609,147.3421119905609,201.73091144301821,3010263.1684618373,321791.753157923,2977687.3483854956,12.26313888855924,8.0,8.42687243778522,0.15226489847879793
17.649954396790243,10.5165017429356,15.41737168742889,-4.912772397490357,74.91277239749036,0.5224971698280119,146.6661322759321,146.6661322759321,202.70810752730978,2855336.6269039246,358188.5380167266,2997787.1035740324,12.939118603188035,8.0,8.494657290406053,0.15038597818203617
17.65605898618365,12.635855361749673,15.41932239021072,-6.002459024079542,76.00245902407954,0.5226778859142583,146.68631278743118,146.68631278743118,202.6789363686356,2859730.45685737,357129.2276979625,2988100.100209953,12.918938091688972,8.0,8.492633287117258,0.15162117767987573
17.60870765268492,13.4399370735164,15.387428579118334,-6.313059203187606,76.3130592031876,0.5212761294459716,146.5296403563342,146.5296403563342,202.9054041214216,2825969.5976941143,365310.95709924144,2985243.7946923813,13.07561052278595,8.0,8.508347338418105,0.151657138271179
17.296580918051507,13.383604336287608,15.388411424988337,-5.6287714146102985,75.6287714146103,0.5120361432223655,145.48884142907343,145.48884142907343,204.4095381175793,2620457.648975911,417335.102165261,2991203.0947264666,14.116409450046717,8.0,8.612772694724015,0.15089876756171064
17.41926322506888,11.176713669085885,15.434343877462581,-4.75521525247575,74.75521525247575,0.5156679462720214,145.89961214486544,145.89961214486544,203.8159836111599,2697890.491608262,397268.20109677356,2999476.953796386,13.705638734254705,8.0,8.57155216441231,0.150377145008293
17.21779982298581,16.663448520244273,15.142329350798388,-7.16782447626548,77.16782447626548,0.5097039616040796,145.2238999712004,145.2238999712004,204.79230368417393,2572829.788365704,429975.2298900117,2975578.9977792446,14.381350907919739,8.0,8.639364233321942,0.15019652272647172
18.0491444290232,11.69098275026628,15.432493306265807,-6.358801634244969,76.35880163424497,0.5343145183251391,147.97478004898448,147.97478004898448,200.81628875855037,3171310.4221022525,285901.9454032546,2984377.750863087,11.630470830135664,8.0,8.363454332104993,0.15215306426973743
17.8657380253467,10.867727907376093,15.426832980744257,-5.55274771146577,75.55274771146577,0.5288850806792984,147.37628088408263,147.37628088408263,201.68151476460463,3018541.9218001477,319900.1963816188,2991743.635915566,12.228969995037517,8.0,8.423446790306855,0.1511904721664608
17.795175365686077,11.782980824237985,15.434948204472352,-5.864381806943413,75.86438180694341,0.5267961919978116,147.14477641303404,147.14477641303404,202.0161895131345,2963325.5653417907,332616.1159192172,2989203.073036849,12.460474466086112,8.0,8.446657877530356,0.15161946856331318
17.636191440836058,7.903752989313048,15.115187257441942,-3.563656901692468,73.56365690169247,0.5220897406997057,146.62061538453378,146.62061538453378,202.7739021654601,2845475.8007549937,360571.86007927574,3009309.5224577705,12.984635494586371,8.0,8.499222488285795,0.1459888741493609
17.01442036857675,10.117242653211704,15.394812107740705,-3.345835928093095,73.3458359280931,0.5036832554344804,144.5356734122655,144.5356734122655,205.7862953922258,2456834.6783534028,461766.82313114416,3012399.2470517517,15.06957746685464,8.0,8.708457484389442,0.14845399723691222
17.277538362346476,12.658129161365729,15.417258775987717,-5.214692302211745,75.21469230221174,0.5114724204365446,145.42488488745596,145.42488488745596,204.50194254415456,2608799.592247121,420407.6788336267,2995115.6961833825,14.180365991664189,8.0,8.619191511661938,0.15071981759047268
17.83534713458593,11.780876321503552,15.434623961195973,-5.948801380687769,75.94880138068777,0.527985409549613,147.2766585158946,147.2766585158946,201.82553475912096,2994530.6591808633,325400.8302784249,2988396.407746922,12.328592363225539,8.0,8.43343474814202,0.15171122989470182
17.032727629918085,10.837371108392883,15.424422034097605,-3.7565192347241805,73.75651923472418,0.504225211069215,144.5978779989582,144.5978779989582,205.6964742615098,2466887.0335340835,458952.8915959543,3008554.652995617,15.007372880161938,8.0,8.702211531882824,0.14918524350083434
17.47966281477754,12.068093281917477,15.43257830981105,-5.339250717851826,75.33925071785183,0.5174559743865464,146.1010414871829,146.1010414871829,203.52488142432978,2737558.09186271,387210.7941337386,2994145.0058010416,13.504209391937252,8.0,8.551342259561522,0.15100834097187327
17.290437603681564,9.465407095971727,15.34916880326441,-3.6049102926248793,73.60491029262488,0.5118542807484181,145.46821424320444,145.46821424320444,204.43934063640802,2616686.339202262,418327.56096705486,3009945.1323853093,14.137036635915706,8.0,8.614842859509963,0.148293342380704
18.180913421618982,10.832650218339698,15.42108908631423,-6.2105448957825615,76.21054489578256,0.5382153173954701,148.40193061402272,148.40193061402272,200.19881095900558,3290153.4325009882,260575.5165176201,2985158.871634625,11.203320265097432,8.0,8.320650232284095,0.1518730808235752
16.956667846110264,8.903613901962473,15.282334524433988,-2.5963139780280358,72.59631397802804,0.501973589286864,144.33910965242478,144.33910965242478,206.07009822241125,2425601.3246629336,470583.9310192087,3019340.7711479943,15.266141226695368,8.0,8.72819576250896,0.14657023646069026
17.501145510351755,9.535461350804567,15.356251452600434,-4.09517367594043,74.09517367594043,0.518091933402953,146.17255813391853,146.17255813391853,203.42152105934863,2751923.998759435,383604.44437256345,3005237.0667908895,13.43269274520162,8.0,8.544167355152581,0.14889384056291693
15.66817080349321,12.562685075010442,15.358961492967197,-1.7956799402843444,71.79567994028434,0.4638298047215278,139.81645860972486,139.81645860972486,212.5838881911231,1876673.3538770524,647339.0825504538,3020107.6769349524,19.788792269395287,8.0,9.182884242714124,0.14645691552218676
17.31802206986856,12.239819545032223,15.428630797962043,-5.084944967412753,75.08494496741275,0.5126708724058189,145.560790241314,145.560790241314,204.30558261468457,2633697.7193269944,413862.13666784135,2996397.9765592455,14.04446063780614,8.0,8.605552021541143,0.15068676230975267
17.43681978768162,12.42117677849265,15.425133698552344,-5.4292683057381055,75.4292683057381,0.5161876787353943,145.95821673028024,145.95821673028024,203.7312918547902,2709312.441043645,394357.13379553193,2993297.756629976,13.647034148839907,8.0,8.565671990993508,0.15103588765731366
17.508259132850572,12.774366960270946,15.414840618269555,-5.761048257161576,75.76104825716158,0.518302520214641,146.19622499044408,146.19622499044408,203.3873156035353,2756711.342844952,382406.8460783279,2990275.032891448,13.40902588867607,8.0,8.541793041062533,0.15130604243805912
17.63436390421299,11.148026452428581,15.433894839306566,-5.19968387617871,75.19968387617871,0.5220356395563348,146.61456932655938,146.61456932655938,202.78264168017975,2844171.0988676893,360887.8223697166,2995298.1168921744,12.990681552560773,8.0,8.4998288971899,0.15086574898135652
17.515392261418736,11.968467138507226,15.43406666062773,-5.364135359603381,75.36413535960338,0.5185136844706553,146.2199494367273,146.2199494367273,203.35302661093658,2761527.08391051,381204.2472179189,2993918.126812938,13.385301442392858,8.0,8.539412980533655,0.1510506598050001
17.448657162269697,10.578576235933426,15.41999756703898,-4.5128121751126855,74.51281217511269,0.5165381042708613,145.99770522017502,145.99770522017502,203.67422429417786,2717063.3890299997,392388.6804791563,3001639.1388550466,13.607545658945128,8.0,8.561709964306317,0.14997011974689722
17.321628350318203,11.185398010143992,15.434001108942942,-4.551487130641306,74.5514871306413,0.5127776302640084,145.57288500709285,145.57288500709285,204.28810705742677,2635936.554377322,413276.6036249751,3001350.41106272,14.032365872027299,8.0,8.604338236897604,0.15014892712421046
17.131273213685464,12.69704121949211,15.414227378181296,-4.9265816061745795,74.92658160617458,0.5071424870836431,144.93185254478124,144.93185254478124,205.2141584177292,2522295.934749717,443645.3611976678,2997557.8180973544,14.673398334338913,8.0,8.66868071361722,0.15037059125348276
17.372788586418118,11.333875878722758,15.435709036763674,-4.736533468403593,74.7365334684036,0.5142921428779786,145.74426176060462,145.74426176060462,204.04047555368118,2668073.812595468,404926.0791478254,2999656.302131997,13.860989118515533,8.0,8.587140374683656,0.1503697939043047
17.38942915799614,11.53846569334203,15.43651889743357,-4.8766762796780085,74.87667627967801,0.5147847589696903,145.7999221453627,145.7999221453627,203.96004435999632,2678680.739458123,402192.0939921395,2998373.073762888,13.805328733757449,8.0,8.581555133404663,0.1505327530354325
18.07793872307474,12.634582581641595,15.415699749316737,-6.8944490660730935,76.8944490660731,0.535166924898601,148.06832310699048,148.06832310699048,200.6810610909106,3196596.1026778654,280434.17406208743,2979735.642583224,11.536927772129673,8.0,8.354079617050047,0.15259574658597638
16.631595301690247,12.460100217960125,15.409980413135271,-3.7522572934926757,73.75225729349268,0.4923503641708184,143.22318567200864,143.22318567200864,207.68039100603906,2262323.6911022207,518606.2696777666,3007270.211046392,16.38206520711151,8.0,8.840291306765494,0.1490409289252097
17.602160132477685,12.129473113507839,15.431606343737274,-5.630334844412744,75.63033484441274,0.5210823011390671,146.50795132757082,146.50795132757082,202.93675453385248,2821358.6120701325,366436.01031016157,2991481.661279278,13.097299551549327,8.0,8.510522829306183,0.15132408770981093
17.567047007252206,11.056791118275399,15.432657516819791,-5.00953861538909,75.00953861538909,0.5200428362123211,146.39153279065295,146.39153279065295,203.10502824681257,2796863.5097018485,372443.78831901297,2997073.2396756047,13.213718088467203,8.0,8.522200493083517,0.15064237364758198
17.208323356623335,11.710389499353479,15.434713333341005,-4.58017587142308,74.58017587142308,0.5094234267798501,145.1919688431089,145.1919688431089,204.83843112226222,2567206.2652623653,431483.1188918291,3001008.4045642614,14.413282036011253,8.0,8.642569339945055,0.15018748337055404
17.403667851750562,9.57650205300893,15.359702709930586,-3.905742217928605,73.9057422179286,0.5152062715142263,145.84751660971983,145.84751660971983,203.8912670278789,2687817.705185425,399845.68437620817,3007097.2205700325,13.757734269400316,8.0,8.576779401374722,0.14872121583790796
16.67305880238956,11.853275116587874,15.423068022800408,-3.5214957192341103,73.52149571923411,0.4935778212667128,143.36643353810024,143.36643353810024,207.47377564257835,2282042.617946074,512626.10998361674,3009815.579922817,16.23881734101991,8.0,8.825898340514016,0.14891676927440717
17.70915617251927,12.158311157759432,15.43076411502834,-5.871956879411869,75.87195687941187,0.5242497386773022,146.86161857929818,146.86161857929818,202.42552414061964,2898475.8620068026,347858.2286808288,2989244.1769397254,12.743632299821968,8.0,8.47505196416887,0.1515868803405914
17.422820036318292,11.648205385270952,15.436478586081897,-5.003835056072944,75.00383505607294,0.5157732396778654,145.91148854689698,145.91148854689698,203.79882073937384,2700197.3973519197,396679.25452216074,2997210.537476407,13.693762332223173,8.0,8.570360513689025,0.15067334229010612
17.85531001085969,10.74135436031316,15.423517207499915,-5.466722449719157,75.46672244971916,0.5285763768756568,147.3421119905609,147.3421119905609,201.7309114430194,3010263.1684618373,321791.75315795053,2992506.6147916056,12.26313888855924,8.0,8.426872437781867,0.15106186599904967
17.09656307535436,10.53815988766755,15.415927105736944,-3.7385549516199603,73.73855495161996,0.5061149519051025,144.814384544162,144.814384544162,205.38381500412456,2502525.53897696,449068.2764559956,3008788.0027858457,14.790866334958139,8.0,8.68047374455739,0.14908353812136294
17.65605898618365,11.712663309468194,15.43617631981476,-5.532726301318007,75.53272630131801,0.5226778859142583,146.68631278743118,146.68631278743118,202.67893636864594,2859730.45685737,357129.2276982457,2992317.8799667084,12.918938091688972,8.0,8.49263328711379,0.15125964351840848
17.85963691222992,13.4399370735164,15.386627487974152,-6.840695660701499,76.8406956607015,0.5287044675023659,147.3562915432065,147.3562915432065,201.71041261090835,3013693.2016745037,321007.4138693728,2980484.203254478,12.24895933591364,8.0,8.425450839944858,0.1522468220392501
17.296580918051507,13.997361698531975,15.355333648144052,-5.945716359765754,75.94571635976575,0.5120361432223655,145.48884142907343,145.48884142907343,204.4095381175751,2620457.648975911,417335.1021651882,2988144.594961065,14.116409450046717,8.0,8.612772694727312,0.15092840926767884
17.41926322506888,11.672220761446422,15.436377543890783,-5.008560720497201,75.0085607204972,0.5156679462720214,145.89961214486544,145.89961214486544,203.81598361117204,2697890.491608262,397268.20109708625,2997167.066962909,13.705638734254705,8.0,8.571552164410093,0.1506776005385214
17.306140194588828,12.201025481406216,15.429325431539018,-5.039865185152621,75.03986518515262,0.5123191295023335,145.520927256371,145.520927256371,204.36317928903685,2626345.621548955,415788.4791449351,2996806.935908678,14.084323622749139,8.0,8.60955257524455,0.15064349835321456
17.502868545285388,12.537709996539053,15.422213432339381,-5.628558412439872,75.62855841243987,0.5181429409498338,146.17829129910848,146.17829129910848,203.41323500469005,2753082.1795631475,383314.5232157478,2991494.7575143036,13.426959580011669,8.0,8.54359218784407,0.15122999168125345
17.41604076754438,11.313446297927225,15.435730172734486,-4.81822398249966,74.81822398249966,0.5155725508450083,145.88885058555968,145.88885058555968,203.83153531854057,2695803.537783226,397801.4297161538,2998905.276381078,13.716400293560469,8.0,8.57263196107823,0.1504603474549496
16.977062194272857,11.782980824237985,15.430898754614057,-4.127502159718574,74.12750215971857,0.502577329611393,144.4085805293389,144.4085805293389,205.96979967208458,2436548.874879383,467480.60743405,3004894.2157660574,15.196670349781243,8.0,8.721219495750574,0.14965301106281853
17.65376495667729,7.903752989313048,15.115156463328232,-3.6020233859969153,73.60202338599692,0.5226099750348516,146.67872981969072,146.67872981969072,202.68989765173177,2858077.8594974917,357527.4612043203,3008913.947302929,12.926521059429433,8.0,8.493393817773267,0.14602939989621655
17.469487484986054,10.117242653211704,15.39853149414454,-4.322595990259401,74.3225959902594,0.5171547508876866,146.06714424242506,146.06714424242506,203.57387084220773,2730801.2503977064,388913.5687575712,3003302.597238184,13.53810663669509,8.0,8.554743097750588,0.14955259741820776
17.366343671369115,12.127270391533088,15.431125169179568,-5.129430471415219,75.12943047141522,0.5141013520239525,145.72269358811332,145.72269358811332,204.07164173428197,2663986.2202216187,405982.58437800896,2996029.0323329642,13.882557291006833,8.0,8.589304678465226,0.15076055126243346
17.83534713458593,11.549994545003905,15.43539080047301,-5.8320983004093705,75.83209830040937,0.527985409549613,147.2766585158946,147.2766585158946,201.825534759121,2994530.6591808633,325400.8302784249,2989411.5320755434,12.328592363225539,8.0,8.433434748141224,0.15158753703552202
17.4918737095168,10.837371108392883,15.428022010893606,-4.7371759213756945,74.7371759213757,0.5178174573569212,146.14170013733485,146.14170013733485,203.46611933200742,2745706.945906139,385162.8207090116,2999586.9151754756,13.463550741785298,8.0,8.547263147640479,0.15029561908461767
17.306785896200296,12.068093281917477,15.431714829499876,-4.972906403788215,74.97290640378822,0.5123382444109028,145.5230940784856,145.5230940784856,204.36004855278887,2626744.2024637,415683.90748212795,2997434.851679834,14.08215680063455,8.0,8.609335115946465,0.15059253900347905
17.290437603681564,10.906273581401749,15.428939081494404,-4.341907812227646,74.34190781222765,0.5118542807484181,145.46821424320444,145.46821424320444,204.43934063640498,2616686.339202262,418327.56096704217,3003272.497239435,14.137036635915706,8.0,8.614842859512066,0.1498691284167217
17.18747296142526,12.508450068670612,15.420740937149256,-4.947543860433825,74.94754386043383,0.5088061859510142,145.12166624362345,145.12166624362345,204.93998647133395,2554911.218668137,434791.4589711693,2997488.151459745,14.483584635496698,8.0,8.649626199979423,0.15045734933416496
17.496014710172876,8.903613901962473,15.287351840851144,-3.763676157676798,73.7636761576768,0.5179400447061242,146.1554835614856,146.1554835614856,203.44619856697824,2748480.458444356,384467.17079636484,3008122.3463364397,13.449767317634553,8.0,8.545880335198262,0.14786722061328975
17.36903896515171,12.338220872742717,15.426808678010842,-5.243395265699121,75.24339526569912,0.5141811416563561,145.73171423560217,145.73171423560217,204.05860686681854,2665694.2853216897,405540.9094836809,2994969.943485205,13.87353664351798,8.0,8.588399479464385,0.15084511835444686
17.48458077126945,12.562685075010442,15.421451332650571,-5.6026944398896035,75.6026944398896,0.5176015622045426,146.11741940489992,146.11741940489992,203.50121127963035,2740834.7481210926,386386.5694088505,2991723.7150134644,13.48783147422023,8.0,8.54969912075768,0.15119358063076827
17.748600974071813,12.239819545032223,15.42900171602943,-5.9970087262844345,75.99700872628443,0.5254174355853112,146.9915920034743,146.9915920034743,202.23763607763846,2927886.772621023,340903.5333301087,2988093.7600709274,12.613658875645854,8.0,8.462018116720401,0.15171022009638582
17.43681978768162,13.84677659889796,15.365401461747568,-6.161259441423454,76.16125944142345,0.5161876787353943,145.95821673028024,145.95821673028024,203.73129185479996,2709312.441043645,394357.1337958553,2986424.311953035,13.647034148839907,8.0,8.565671990988108,0.15126923229993652
17.508259132850572,11.204896558875035,15.434836255618883,-4.959436873542472,74.95943687354247,0.518302520214641,146.19622499044408,146.19622499044408,203.3873156035335,2756711.342844952,382406.84607828426,2997580.357351943,13.40902588867607,8.0,8.541793041061169,0.15060806188720458
17.406907901948205,11.148026452428581,15.433926110405153,-4.7142024129803985,74.7142024129804,0.5153021877426941,145.85834273454924,145.85834273454924,203.87562230852137,2689904.763831089,399310.84119062766,2999853.9054330783,13.74690814457091,8.0,8.575693101791614,0.15032774958370118
17.515392261418736,11.652853947410382,15.436649434007576,-5.203049125540815,75.20304912554082,0.5185136844706553,146.2199494367273,146.2199494367273,203.3530266109377,2761527.08391051,381204.2472180154,2995379.9460118753,13.385301442392858,8.0,8.539412980533996,0.15089642071449563
17.48096284258368,10.770815184264364,15.426225124397464,-4.679931038824122,74.67993103882412,0.5174944595199431,146.10537121554586,146.10537121554586,203.51862391010613,2738423.5590234245,386992.9945396046,3000110.1877092985,13.49987966357429,8.0,8.550907871726793,0.1502149065718109
17.3654821539023,11.185398010143992,15.43424142078614,-4.64497205026305,74.64497205026305,0.5140758482505121,145.71981002592065,145.71981002592065,204.0758084797067,2663440.6775912503,406123.71168819163,3000494.133971375,13.885440853199498,8.0,8.589594037521579,0.15025437224553817
17.131273213685464,11.648205385270952,15.434098875490513,-4.384637237391701,74.3846372373917,0.5071424870836431,144.93185254478124,144.93185254478124,205.21415841772816,2522295.934749717,443645.36119762505,3002748.0719772032,14.673398334338913,8.0,8.668680713617505,0.14996621128863746
17.372788586418118,11.262190078583512,15.435114076353281,-4.6998443707436195,74.69984437074362,0.5142921428779786,145.74426176060462,145.74426176060462,204.04047555366915,2668073.812595468,404926.07914751675,2999991.9523550826,13.860989118515533,8.0,8.58714037468684,0.15032345806751504
17.38942915799614,10.71595802981222,15.42441429628963,-4.456114624901431,74.45611462490143,0.5147847589696903,145.7999221453627,145.7999221453627,203.96004435999325,2678680.739458123,402192.0939921154,3002200.5851997845,13.805328733757449,8.0,8.581555133405516,0.1499506873144826
18.07793872307474,11.057801781158584,15.427896397011917,-6.102590016617228,76.10259001661723,0.535166924898601,148.06832310699048,148.06832310699048,200.68106109090266,3196596.1026778654,280434.17406189005,2986441.3162808344,11.536927772129673,8.0,8.35407961705073,0.15181830218377132
17.40343421238603,12.460100217960125,15.423965175341026,-5.3786521154767115,75.37865211547671,0.5151993550143881,145.8467358811169,145.8467358811169,203.89239524759,2687667.3216482326,399884.2387159534,2993741.314242914,13.75851499800325,8.0,8.576857740380262,0.15096798377017812
17.602160132477685,11.9099504635412,15.434732194687337,-5.51851123525671,75.51851123525671,0.5210823011390671,146.50795132757082,146.50795132757082,202.9367545338465,2821358.6120701325,366436.0103100585,2992489.5282634203,13.097299551549327,8.0,8.510522829306296,0.15122959567036773
17.54264436648884,11.968005947308828,15.434087706694807,-5.421737265903403,75.4217372659034,0.519320437137029,146.3105213575039,146.3105213575039,203.22212011983336,2780067.734236664,376593.79243119864,2993389.4629503097,13.294729521616262,8.0,8.5303270002114,0.15111515215361607
17.16942426907127,11.710389499353479,15.434281335124883,-4.497645422173605,74.4976454221736,0.5082718848156089,145.06075826996477,145.06075826996477,205.02796723011397,2544354.000806727,437644.9286077345,3001735.2539107897,14.544492609155384,8.0,8.655740257507944,0.15009233442087014
17.449364963459026,9.57650205300893,15.359809082929528,-4.004298813608159,74.00429881360816,0.5165590575328308,146.00006574336805,146.00006574336805,203.6708129077085,2717528.1264198152,392270.8334184122,3006143.0721707013,13.605185135752095,8.0,8.561473126973453,0.14882939716206317
17.73210688771451,11.528571345816673,15.436180808939147,-5.601226901095572,75.60122690109557,0.524929155941815,146.93726946983355,146.93726946983355,202.31616462598393,2915522.1522799633,343818.7613161692,2991612.738786177,12.667981409286597,8.0,8.467465511460148,0.15133634682458927
17.565820927556324,14.387290446801593,15.33304520894159,-6.70861781957916,76.70861781957916,0.5200065401881683,146.3874645074053,146.3874645074053,203.11090851500413,2796015.210109337,372652.79101128754,2981486.896059509,13.217786371714851,8.0,8.522608586450303,0.15156712901478536
17.582807225936563,11.648205385270952,15.436631265689806,-5.344089425250104,75.3440894252501,0.5205093909395074,146.44380800328713,146.44380800328713,203.02946934138805,2807809.6788137667,369752.58138674655,2994069.575917659,13.161442875833018,8.0,8.516956798702836,0.1510533962693704
17.85531001085969,12.04293194356022,15.431617802850505,-6.12376052087626,76.12376052087626,0.5285763768756568,147.3421119905609,147.3421119905609,201.7309114430208,3010263.1684618373,321791.75315802486,2986834.7733699875,12.26313888855924,8.0,8.426872437784084,0.15187880236859863
17.35351554560508,10.53815988766755,15.418196361567631,-4.288407836390093,74.28840783639009,0.5137215969687708,145.67974571718833,145.67974571718833,204.13370076581907,2655883.9449423063,408081.56066230516,3003739.7520806883,13.925505161931824,8.0,8.59361444884621,0.1497060804601289
17.65605898618365,13.908081055969696,15.362695322097952,-6.65177234013953,76.65177234013953,0.5226778859142583,146.68631278743118,146.68631278743118,202.6789363686453,2859730.45685737,357129.22769813664,2982149.5906349462,12.918938091688972,8.0,8.492633287112028,0.15179583966900242
17.4607169198379,13.4399370735164,15.386987122335709,-6.002226699291953,76.00222669929195,0.5168951130798668,146.03791472284507,146.03791472284507,203.61611376957146,2725001.56705164,390378.505889821,2987972.3715972654,13.567336156275076,8.0,8.557675683899845,0.15130295787747775
17.296580918051507,11.835032876667313,15.434594311287604,-4.831529227944998,74.831529227945,0.5120361432223655,145.48884142907343,145.48884142907343,204.40953811757257,2620457.648975911,417335.10216516006,2998745.7690603277,14.116409450046717,8.0,8.6127726947268,0.15046400017973532
17.39556791022614,11.578615013120999,15.43652701606678,-4.9102833783200595,74.91028337832006,0.5149664863891693,145.8204452410697,145.8204452410697,203.93038723711697,2682613.0389547246,401181.28170720703,2998065.5400295127,13.784805638050443,8.0,8.579495786147845,0.15057006695675046
17.460039937419182,12.106657475972803,15.431896311926879,-5.317378076566342,75.31737807656634,0.5168750721556892,146.035658092757,146.035658092757,203.61937506317298,2724554.8337058155,390491.4755627435,2994341.4786122553,13.56959278636316,8.0,8.557902092663142,0.1509772837305049
17.484537779290534,11.69098275026628,15.436465768077305,-5.156902612018996,75.156902612019,0.5176002894994237,146.11727624690172,146.11727624690172,203.5014181790324,2740806.073161442,386393.77814837196,2995808.4955065995,13.487974632218425,8.0,8.549713483231358,0.15084327920999274
17.093243321781554,11.313446297927225,15.432986488453233,-4.131124222829271,74.13112422282927,0.5060166761924675,144.803140212705,144.803140212705,205.40005423970985,2500649.3094811686,449585.14152088674,3005093.3123995527,14.80211066641516,8.0,8.681602641628729,0.14967722536457112
17.795175365686077,11.724466845613406,15.43530638152946,-5.8347634035486635,75.83476340354866,0.5267961919978116,147.14477641303404,147.14477641303404,202.01618951312665,2963325.5653417907,332616.1159189735,2989462.4239362506,12.460474466086112,8.0,8.446657877530754,0.15158970225520485
17.636191440836058,11.325822643059855,15.435794314305017,-5.2938715157253,75.2938715157253,0.5220897406997057,146.62061538453378,146.62061538453378,202.77390216546445,2845475.8007549937,360571.8600793616,2994462.4147634744,12.984635494586371,8.0,8.499222488284204,0.1509892165435781
17.201239832173478,10.117242653211704,15.397151290174353,-3.746500814855665,73.74650081485566,0.5092137309702036,145.16809209731116,145.16809209731116,204.87292267909413,2563017.271304931,432608.50467688823,3008736.801428347,14.43715878180899,8.0,8.644966018854802,0.1489105946295841
17.530715074402693,12.215966117029062,15.430019788283248,-5.523016970229435,75.52301697022943,0.51896729053886,146.2708876679502,146.2708876679502,203.27940447535832,2771923.917290398,378615.0828683695,2992469.3760362966,13.334363211169943,8.0,8.53430291076711,0.15118846037806402
17.83534713458593,11.979221253145003,15.432668600570622,-6.049117060623416,76.04911706062342,0.527985409549613,147.2766585158946,147.2766585158946,201.82553475912238,2994530.6591808633,325400.8302784719,2987520.3000682914,12.328592363225539,8.0,8.43343474814111,0.1518049769371182
17.4918737095168,13.222512968209255,15.397226448812638,-5.956122481178454,75.95612248117845,0.5178174573569212,146.14170013733485,146.14170013733485,203.46611933201157,2745706.945906139,385162.82070916536,2988446.9649912748,13.463550741785298,8.0,8.54726314763775,0.15135185901852186
17.28938223340858,12.068093281917477,15.431574749725515,-4.936048654294723,74.93604865429472,0.5118230382891824,145.46467010672035,145.46467010672035,204.44446123285996,2616039.4502112926,418497.9403916862,2997761.2407931793,14.140580772399801,8.0,8.615198554880635,0.15055031175796524
17.290437603681564,11.893185903502104,15.433956689966564,-4.848379213408464,74.84837921340846,0.5118542807484181,145.46821424320444,145.46821424320444,204.43934063640737,2616686.339202262,418327.5609670935,2998582.883739793,14.137036635915706,8.0,8.614842859510134,0.15047643519450107
17.495310831694873,10.832650218339698,15.42790238946711,-4.742122531119321,74.74212253111932,0.517919207569416,146.15314085855636,146.15314085855636,203.44958441195263,2748008.662532008,384585.4565033057,2999539.0389922257,13.452110020563794,8.0,8.546115364496927,0.15029991875067214
17.496014710172876,11.40145195199992,15.43645410913952,-5.033552232344675,75.03355223234468,0.5179400447061242,146.1554835614856,146.1554835614856,203.44619856697938,2748480.458444356,384467.1707964346,2996921.3133250587,13.449767317634553,8.0,8.545880335198149,0.15070608957708953
17.501145510351755,11.554743778537969,15.436813429377564,-5.122682727709446,75.12268272770945,0.518091933402953,146.17255813391853,146.17255813391853,203.42152105935523,2751923.998759435,383604.44437273557,2996113.225572961,13.43269274520162,8.0,8.544167355149,0.1508086228053793
17.398287791310317,12.562685075010442,15.421084343579142,-5.4204167291671865,75.42041672916719,0.5150470038872207,145.82953660478938,145.82953660478938,203.9172495721851,2684358.6697700517,400733.03671985783,2993346.950526783,13.775714274330767,8.0,8.578583539579085,0.1509863630688509
17.748600974071813,12.719797670582658,15.416346038465068,-6.240778055793726,76.24077805579373,0.5254174355853112,146.9915920034743,146.9915920034743,202.23763607763738,2927886.772621023,340903.5333301174,2985917.472048858,12.613658875645854,8.0,8.462018116719037,0.15186049532430898
17.43681978768162,12.0261441304147,15.433093907107208,-5.226951693592298,75.2269516935923,0.5161876787353943,145.95821673028024,145.95821673028024,203.73129185480246,2709312.441043645,394357.1337959069,2995165.8326756433,13.647034148839907,8.0,8.565671990988164,0.15088826861083315
17.374384999638337,11.84671160581539,15.43499166828603,-5.002603892463867,75.00260389246387,0.514339402002319,145.74960328777587,145.74960328777587,204.03275695404375,2669088.0757746412,404664.17742246273,2997209.5590210943,13.85564759134428,8.0,8.586604371798387,0.15065746253722925
17.471978372548232,11.148026452428581,15.434082120250876,-4.853029355032334,74.85302935503233,0.5172284894182425,146.0754435581661,146.0754435581661,203.56187645862164,2732452.4928196794,388497.0534675713,2998564.391559687,13.529807320954035,8.0,8.553910439261585,0.15048280610133805
17.658850377836487,11.652853947410382,15.436410731419581,-5.508276873853845,75.50827687385384,0.5227605203622405,146.69553879086504,146.69553879086504,202.66560002766738,2861743.7090525273,356644.3977957709,2992532.362568789,12.909712088255105,8.0,8.491707973211874,0.15123459766740727
17.48096284258368,11.42595218312917,15.436546194145716,-5.01399113989828,75.01399113989828,0.5174944595199431,146.10537121554586,146.10537121554586,203.51862391010886,2738423.5590234245,386992.99453962705,2997105.7741547497,13.49987966357429,8.0,8.550907871723098,0.15068527392847209
17.3654821539023,10.230516584668521,15.404460844084028,-4.15694008144817,74.15694008144817,0.5140758482505121,145.71981002592065,145.71981002592065,204.07580847970442,2663440.6775912503,406123.7116881872,3004914.357288527,13.885440853199498,8.0,8.589594037524932,0.1494287961610008
17.750007796613644,11.648205385270952,15.435945170514298,-5.699981979638949,75.69998197963895,0.5254590821969699,146.99622353956704,146.99622353956704,202.23094070548206,2928945.8336155387,340654.41214318684,2990717.074614245,12.609027339553109,8.0,8.461553679865801,0.151444690527022
17.482931223899087,11.333875878722758,15.436033920881586,-4.971199586400644,74.97119958640064,0.5175527301331878,146.11192642420457,146.11192642420457,203.5091500133101,2739734.918286453,386663.11526158074,2997491.59573119,13.49332445491558,8.0,8.550250210516197,0.1506327942500021
17.38942915799614,11.389275829628367,15.436121626136995,-4.800322771324545,74.80032277132455,0.5147847589696903,145.7999221453627,145.7999221453627,203.96004435999788,2678680.739458123,402192.09399216383,2999072.305438952,13.805328733757449,8.0,8.58155513340563,0.15044435498282333
17.501650367343167,11.057801781158584,15.432717593554509,-4.870371451477638,74.87037145147764,0.5181068788437883,146.17423802136977,146.17423802136977,203.41909314595236,2752263.258934096,383519.50652787945,2998385.115012534,13.431012857750375,8.0,8.54399882391266,0.15048870215559673
17.40343421238603,11.531977511896965,15.436575318757425,-4.903146787686126,74.90314678768613,0.5151993550143881,145.8467358811169,145.8467358811169,203.89239524759807,2687667.3216482326,399884.2387161524,2998131.46318807,13.75851499800325,8.0,8.576857740374464,0.15056262959042088
17.66033873514393,11.9099504635412,15.434575442127644,-5.6421008641074195,75.64210086410742,0.5228045806732957,146.7004576023392,146.7004576023392,202.65848979190892,2862818.2264587046,356385.77348816866,2991338.5681302375,12.904793276780936,8.0,8.491214647287677,0.15136638270367805
17.54264436648884,12.417820644535347,15.425481372460196,-5.651378704080855,75.65137870408086,0.519320437137029,146.3105213575039,146.3105213575039,203.22212011982342,2780067.734236664,376593.792431004,2991297.720444789,13.294729521616262,8.0,8.530327000215095,0.15128758551734506
17.60870765268492,11.21415884690709,15.43481680965852,-5.178499087863429,75.17849908786343,0.5212761294459716,146.5296403563342,146.5296403563342,202.90540412142354,2825969.5976941143,365310.9570992786,2995520.6747588567,13.07561052278595,8.0,8.508347338415945,0.15085118871005043
17.504373461018893,11.83283190667903,15.43553515796215,-5.271486101136929,75.27148610113693,0.518187491445201,146.18329835278138,146.18329835278138,203.40599837307235,2754094.473361058,383061.2213545941,2994762.6640875335,13.421952526338771,8.0,8.543089867577919,0.15096173713678246
17.73210688771451,12.444756782460267,15.424401337468675,-6.066124879948006,76.066124879948,0.524929155941815,146.93726946983355,146.93726946983355,202.31616462598464,2915522.1522799633,343818.7613161764,2987491.923986975,12.667981409286597,8.0,8.467465511462649,0.15174281451350485
17.519038730542412,12.15100937609187,15.431239692225578,-5.46509591540854,75.46509591540854,0.5186216320468446,146.23207459506693,146.23207459506693,203.3355019783064,2763994.830015088,380588.81058160943,2992997.711963673,13.373176284053216,8.0,8.538196584371121,0.15113568505482775
17.582807225936563,11.84394926259008,15.43542880354877,-5.443781317767389,75.44378131776739,0.5205093909395074,146.44380800328713,146.44380800328713,203.0294693413859,2807809.6788137667,369752.5813866903,2993173.477328043,13.161442875833018,8.0,8.516956798703177,0.15115290178428675
17.400046675558055,12.04293194356022,15.432690921172615,-5.157592545164448,75.15759254516445,0.51509907269266,145.83541520725458,145.83541520725458,203.9087545454726,2685488.629007485,400443.0403188491,2995789.909891644,13.769835671865565,8.0,8.57799367064382,0.15080715908641815
17.649954396790243,11.677447797696026,15.436356551510466,-5.501841383478563,75.50184138347856,0.5224971698280119,146.6661322759321,146.6661322759321,202.70810752730281,2855336.6269039246,358188.53801659594,2992599.210553629,12.939118603188035,8.0,8.494657290410089,0.15122687145008293
17.65605898618365,11.505608782074308,15.436540380936268,-5.427538058411244,75.42753805841124,0.5226778859142583,146.68631278743118,146.68631278743118,202.6789363686436,2859730.45685737,357129.2276981615,2993252.457226195,12.918938091688972,8.0,8.49263328711271,0.15114564433317998
17.38408256005451,13.4399370735164,15.38648539626681,-5.841384390722226,75.84138439072223,0.5146264819435912,145.78204291705822,145.78204291705822,203.9858807000222,2675264.399445426,403071.4851853141,2989360.593051502,13.823207962061929,8.0,8.583349206085643,0.15111764851204548
17.296580918051507,12.11604057096288,15.430830171205542,-4.975942253638493,74.9759422536385,0.5120361432223655,145.48884142907343,145.48884142907343,204.40953811757234,2620457.648975911,417335.102165166,2997395.3615824413,14.116409450046717,8.0,8.612772694726175,0.15058727230228325
17.41926322506888,10.248329243657523,15.405558296170767,-4.281466198975238,74.28146619897524,0.5156679462720214,145.89961214486544,145.89961214486544,203.8159836111673,2697890.491608262,397268.20109699253,3003739.682749412,13.705638734254705,8.0,8.571552164411457,0.14957576212715712
17.460039937419182,11.658618373241318,15.43655020996346,-5.08828678893758,75.08828678893758,0.5168750721556892,146.035658092757,146.035658092757,203.6193750631771,2724554.8337058155,390491.4755628329,2996437.4697888745,13.56959278636316,8.0,8.557902092664733,0.15076782202257538
17.502868545285388,11.089741777791701,15.433244942519163,-4.889247903608464,74.88924790360846,0.5181429409498338,146.17829129910848,146.17829129910848,203.4132350046896,2753082.1795631475,383314.52321577666,2998214.787062038,13.426959580011669,8.0,8.543592187841966,0.15051474981614438
17.514961502685328,11.313446297927225,15.435902376188286,-5.029055959634832,75.02905595963483,0.518500932583935,146.218516961156,146.218516961156,203.35509697943206,2761235.833514416,381276.91919594136,2996949.6008520266,13.386733917964136,8.0,8.539556687053334,0.15069571136631607
17.795175365686077,11.671918348838332,15.435538077595579,-5.808168629092677,75.80816862909268,0.5267961919978116,147.14477641303404,147.14477641303404,202.0161895131267,2963325.5653417907,332616.11591896456,2989695.05607499,12.460474466086112,8.0,8.446657877530754,0.15156210305578283
17.636191440836058,11.101995847023542,15.43321011723837,-5.180219624290771,75.18021962429077,0.5220897406997057,146.62061538453378,146.62061538453378,202.7739021654609,2845475.8007549937,360571.86007927486,2995467.229744066,12.984635494586371,8.0,8.499222488285909,0.15083739978380914
17.27090909167345,10.117242653211704,15.397731036833983,-3.8960399974092184,73.89603999740922,0.5112761720448031,145.40260724004645,145.40260724004645,204.53412852272453,2604763.1248930544,421474.72933429823,3007344.5243766853,14.202643639073699,8.0,8.621427396622778,0.14907886141909252
17.366343671369115,11.66517772844557,15.436170114731276,-4.892494456588167,74.89249445658817,0.5141013520239525,145.72269358811332,145.72269358811332,204.07164173428282,2663986.2202216187,405982.58437799255,2998222.501751098,13.882557291006833,8.0,8.58930467846551,0.15054687471554143
17.57199314232159,11.549994545003905,15.436798297755887,-5.271067095035846,75.27106709503585,0.5201892582096385,146.40794249276985,146.40794249276985,203.0813096998154,2800290.4170755516,371600.11952187674,2994732.9408699493,13.1973083863503,8.0,8.520554429598974,0.15097362396074018
17.510039082832854,11.428031028752297,15.43658125465241,-5.076983561702036,75.07698356170204,0.5183552126356676,146.2021457042821,146.2021457042821,203.37875841145942,2757911.5939302584,382106.9193141131,2996521.3421310703,13.40310517483806,8.0,8.541199066124477,0.15075556654085107
17.4308121479693,12.068093281917477,15.432430850680493,-5.235691420497744,75.23569142049774,0.5160098326811515,145.93816798843608,145.93816798843608,203.76026531324965,2705394.1015477264,395354.3966436183,2995083.2272651317,13.667082890684071,8.0,8.56768358844505,0.15089151534710557
17.290437603681564,14.861996620030325,15.297469938661642,-6.3804169730444755,76.38041697304448,0.5118542807484181,145.46821424320444,145.46821424320444,204.43934063641828,2616686.339202262,418327.5609674062,2983870.2951558228,14.137036635915706,8.0,8.61484285950803,0.15084609573883065
17.586884617808856,10.832650218339698,15.427807561316685,-4.9380278611567405,74.93802786115674,0.520630095257811,146.4573265648475,146.4573265648475,203.0099293306925,2810654.357062483,369054.91739457735,2997679.7723838626,13.147924314272643,8.0,8.515600784878075,0.15051575213063179
17.502779714912528,11.40145195199992,15.436459312125727,-5.047964458632066,75.04796445863207,0.5181403112762737,146.17799573852636,146.17799573852636,203.41366217425448,2753022.4482930377,383329.4724301279,2996787.373813472,13.427255140593786,8.0,8.543621839266734,0.15072214327468123
17.501145510351755,11.848226577348889,15.435390650778023,-5.272491106074597,75.2724911060746,0.518091933402953,146.17255813391853,146.17255813391853,203.42152105934795,2751923.998759435,383604.4443725287,2994754.1157527342,13.43269274520162,8.0,8.54416735515133,0.15096144353880084
17.48458077126945,10.264936271546155,15.406496734006787,-4.430152941225742,74.43015294122574,0.5176015622045426,146.11741940489992,146.11741940489992,203.50121127962734,2740834.7481210926,386386.5694087174,3002327.1909215343,13.48783147422023,8.0,8.549699120761602,0.14974798238666542
17.748600974071813,11.662612831441006,15.435909406734321,-5.704286959934848,75.70428695993485,0.5254174355853112,146.9915920034743,146.9915920034743,202.2376360776375,2927886.772621023,340903.5333301359,2990681.3846642445,12.613658875645854,8.0,8.462018116720742,0.15144916703214842
17.43681978768162,11.878460726805486,15.434944870169748,-5.151372339993429,75.15137233999343,0.5161876787353943,145.95821673028024,145.95821673028024,203.7312918547995,2709312.441043645,394357.1337958312,2995860.1940139523,13.647034148839907,8.0,8.565671990990552,0.1508222667528097
17.508259132850572,11.786902243757577,15.435916042990513,-5.256292563122429,75.25629256312243,0.518302520214641,146.19622499044408,146.19622499044408,203.38731560353818,2756711.342844952,382406.8460783804,2994899.803160432,13.40902588867607,8.0,8.541793041060544,0.15094853618857068
17.552717417160224,11.148026452428581,15.434091133254716,-5.025352664511274,75.02535266451127,0.5196186328348201,146.34397201659903,146.34397201659903,203.1737717684577,2786978.4120497606,374883.22103281267,2996948.781642432,13.261278862521124,8.0,8.526971417072957,0.15067391822231757
17.443835924744473,11.652853947410382,15.43652894959061,-5.050889935040175,75.05088993504017,0.5163953796549577,145.98162442289316,145.98162442289316,203.69746388788735,2713901.643330784,393190.9657787904,2996780.177680203,13.623626456226987,8.0,8.563323400002105,0.15072607201215502
17.48096284258368,11.483819200331592,15.43672322791924,-5.043526781811352,75.04352678181135,0.5174944595199431,146.10537121554586,146.10537121554586,203.51862391011946,2738423.5590234245,386992.99453987624,2996838.376412894,13.49987966357429,8.0,8.550907871722757,0.15071979224536772
17.3654821539023,11.423871239402843,15.436168856392088,-4.767052042653177,74.76705204265318,0.5140758482505121,145.71981002592065,145.71981002592065,204.07580847969606,2663440.6775912503,406123.711687994,2999376.1400766387,13.885440853199498,8.0,8.589594037524932,0.1504080142193428
17.609718202866347,11.648205385270952,15.436578629521385,-5.401351133715821,75.40135113371582,0.521306045081893,146.5329873165909,146.5329873165909,202.90056623937716,2826682.488504526,365137.1804603654,2993534.661077918,13.072263562529258,8.0,8.50801162809455,0.151116778922476
17.606943624921303,11.681456528323636,15.436465483504842,-5.412366020090531,75.41236602009053,0.5212239083754087,146.5237975162931,146.5237975162931,202.91384967546873,2824725.954699848,365614.21703936235,2993438.4998787176,13.081453362827062,8.0,8.508933394587075,0.15112796884615745
17.38942915799614,12.429220940163027,15.4246947637038,-5.333209188181456,75.33320918818146,0.5147847589696903,145.7999221453627,145.7999221453627,203.96004435999808,2678680.739458123,402192.09399215446,2994151.776754718,13.805328733757449,8.0,8.581555133406653,0.15092446736819687
17.44423733246296,11.057801781158584,15.432645087260157,-4.747781808870286,74.74778180887029,0.5164072626543209,145.98296340998536,145.98296340998536,203.69552882098796,2714164.6290307627,393124.1980668603,2999531.669914144,13.62228746913479,8.0,8.563189054779855,0.1503523772622693
17.40343421238603,11.149326640098934,15.433931773032265,-4.707457345937087,74.70745734593709,0.5151993550143881,145.8467358811169,145.8467358811169,203.89239524759907,2687667.3216482326,399884.2387161741,2999916.380964701,13.75851499800325,8.0,8.576857740374692,0.15032035310653458
17.489281560927985,11.9099504635412,15.434737353794647,-5.278829015918632,75.27882901591863,0.5177407211642387,146.1330708492464,146.1330708492464,203.47859092647425,2743973.40068551,385597.9850206434,2994697.685496167,13.472180029873755,8.0,8.548128880307559,0.15096211547664432
17.44820467350239,11.968005947308828,15.433935836167342,-5.221345120350634,75.22134512035063,0.5165247091030902,145.9961961281931,145.9961961281931,203.6764052054994,2716766.363834935,392464.01004754665,2995220.3677834384,13.609054750927044,8.0,8.561861375526007,0.15089025870309786
17.77479560461606,11.710389499353479,15.435532141948688,-5.78425500551441,75.78425500551441,0.5261928834995873,147.07778427421795,147.07778427421795,202.1130353180273,2947722.1132279737,336252.6653582323,2989938.3043043483,12.527466604902202,8.0,8.45337520751525,0.1515351920807884
17.504373461018893,11.525716036654153,15.436808302136617,-5.114743080980531,75.11474308098053,0.518187491445201,146.18329835278138,146.18329835278138,203.40599837306763,2754094.473361058,383061.2213544901,2996183.5343683874,13.421952526338771,8.0,8.543089867579113,0.1507997463268126
17.73210688771451,11.792818571243366,15.435311329065257,-5.735193147246548,75.73519314724655,0.524929155941815,146.93726946983355,146.93726946983355,202.31616462598515,2915522.1522799633,343818.7613161594,2990432.510981292,12.667981409286597,8.0,8.467465511460716,0.15147796344970005
17.587089442853404,12.15100937609187,15.431244594939514,-5.60935398301018,75.60935398301018,0.5206361587582417,146.4580055981154,146.4580055981154,203.0089478397286,2810797.3964463235,369019.85536938166,2991676.724326567,13.147245281004757,8.0,8.515532672979248,0.15129704952817963
17.582807225936563,11.531506629694611,15.436775818835907,-5.284680520648976,75.28468052064898,0.5205093909395074,146.44380800328713,146.44380800328713,203.02946934139405,2807809.6788137667,369752.58138684614,2994602.0314976657,13.161442875833018,8.0,8.516956798701756,0.15098857388947515
17.855080916346715,12.506082569942382,15.421958254643172,-6.35763921129103,76.35763921129103,0.5285695949184936,147.3413611595002,147.3413611595002,201.73199689003374,3010081.760127218,321833.2604851005,2984782.4011141816,12.263889719619954,8.0,8.426947714090431,0.15204788119624305
17.649954396790243,11.682415063242164,15.436336591239547,-5.504365800825326,75.50436580082533,0.5224971698280119,146.6661322759321,146.6661322759321,202.7081075273036,2855336.6269039246,358188.5380165498,2992576.734930129,12.939118603188035,8.0,8.494657290410316,0.15122949832139307
17.65605898618365,12.777464989437334,15.41476582087044,-6.074618442314261,76.07461844231426,0.5226778859142583,146.68631278743118,146.68631278743118,202.6789363686436,2859730.45685737,357129.2276981615,2987445.729021347,12.918938091688972,8.0,8.49263328711271,0.15165758569167653
17.60870765268492,11.925879097966778,15.434539889904707,-5.540528545675443,75.54052854567544,0.5212761294459716,146.5296403563342,146.5296403563342,202.90540412143122,2825969.5976941143,365310.9570994769,2992287.5258973786,13.07561052278595,8.0,8.5083473384135,0.15125233471866253
17.317833143445647,11.27663494248857,15.43494533631491,-4.590160137319344,74.59016013731934,0.5126652795573016,145.56015656621014,145.56015656621014,204.30649819987764,2633580.5259944596,413892.80052471097,3000994.077405187,14.04509431291001,8.0,8.605615614982582,0.15020075118133366
17.35686499202544,11.578615013120999,15.436338648518765,-4.827991167945925,74.82799116794592,0.513820751688142,145.69096179799777,145.69096179799777,204.11749382406444,2657995.1413089405,407534.0163243246,2998813.8976433733,13.914289081122377,8.0,8.592488918086019,0.15047708862743284
17.546912352645524,11.658618373241318,15.436632115317876,-5.273031422708641,75.27303142270864,0.5194467836780794,146.3246962913289,146.3246962913289,203.20163225929537,2782991.989726566,375869.44341840467,2994732.339171909,13.280554587791244,8.0,8.528905042500014,0.15097418736585655
17.502868545285388,11.06217869733715,15.432792462899556,-4.875203104504635,74.87520310450464,0.5181429409498338,146.17829129910848,146.17829129910848,203.41323500469468,2753082.1795631475,383314.5232158468,2998340.7051483532,13.426959580011669,8.0,8.543592187840602,0.15049478248121798
17.488195296977576,11.313446297927225,15.435886105643979,-4.971997254113148,74.97199725411315,0.517708564149721,146.12945437810868,146.12945437810868,203.48381766751365,2743247.5354471426,385780.2777272571,2997481.3507806337,13.475796501011473,8.0,8.548491703721595,0.15063223655419325
17.795175365686077,11.514742098477807,15.435710534900462,-5.728644577500745,75.72864457750075,0.5267961919978116,147.14477641303404,147.14477641303404,202.01618951313446,2963325.5653417907,332616.1159192153,2990389.307593301,12.460474466086112,8.0,8.446657877530356,0.15147453472819516
17.374880010753138,11.325822643059855,15.435660860802107,-4.73686620322195,74.73686620322195,0.5143540559725618,145.75125949741243,145.75125949741243,204.03036369827817,2669402.7178494316,404582.95122519945,2999653.2300077933,13.853991381707715,8.0,8.586438177479522,0.1503696923615495
17.459951939214612,10.117242653211704,15.398521505111306,-4.302102974983427,74.30210297498343,0.5168724671170696,146.0353647576831,146.0353647576831,203.61979899234015,2724496.774441669,390506.1589203663,3003499.07235773,13.569886121437037,8.0,8.557931523129866,0.1495300457510295
17.366343671369115,11.478485250075842,15.436339932487243,-4.796854457404663,74.79685445740466,0.5141013520239525,145.72269358811332,145.72269358811332,204.07164173427344,2663986.2202216187,405982.584377751,2999102.6087486637,13.882557291006833,8.0,8.589304678465908,0.15044264542321667
17.42769057039772,11.84680768877864,15.435226532756552,-5.115796589526667,75.11579658952667,0.5159174236352196,145.92774857165932,145.92774857165932,203.77532284326153,2703362.1964084595,395872.1104477487,2996184.933654534,13.677502307460827,8.0,8.568729032957606,0.1507854652609906
17.402315367923123,11.428031028752297,15.43634882164775,-4.847585898149589,74.84758589814959,0.5151662335086774,145.84299704390662,145.84299704390662,203.89779818201882,2686947.3819801756,400068.8420652582,2998639.609908876,13.762253835213528,8.0,8.577232899101716,0.15049887941551804
17.47966281477754,11.379799088043562,15.436322561049302,-4.98766798299215,74.98766798299215,0.5174559743865464,146.1010414871829,146.1010414871829,203.5248814243258,2737558.09186271,387210.7941336365,2997344.499674979,13.504209391937252,8.0,8.55134225956175,0.15065388010784755
17.555251738998013,11.893185903502104,15.434964974135763,-5.410341241696301,75.4103412416963,0.5196936571639436,146.35238572271192,146.35238572271192,203.16161082150828,2788722.0377147817,374452.3010560156,2993488.5573087838,13.252865156408234,8.0,8.526127410888819,0.15111101788036635
17.495310831694873,11.628366361206005,15.4367045698197,-5.147841593285307,75.1478415932853,0.517919207569416,146.15314085855636,146.15314085855636,203.44958441193836,2748008.662532008,384585.4565029954,2995887.648954088,13.452110020563794,8.0,8.546115364498348,0.15083553476350212
17.502779714912528,11.430528128402589,15.436586890844058,-5.062794060723945,75.06279406072395,0.5181403112762737,146.17799573852636,146.17799573852636,203.41366217425167,2753022.4482930377,383329.4724300225,2996653.5740306145,13.427255140593786,8.0,8.543621839270713,0.15073985902274253
17.501145510351755,11.04959802815852,15.4325759516842,-4.865113117338694,74.8651131173387,0.518091933402953,146.17255813391853,146.17255813391853,203.42152105934855,2751923.998759435,383604.44437256345,2998432.7047441667,13.43269274520162,8.0,8.544167355152581,0.15048149875268324
17.48458077126945,11.402047220604054,15.436444943660357,-5.009498221809565,75.00949822180957,0.5176015622045426,146.11741940489992,146.11741940489992,203.50121127963686,2740834.7481210926,386386.5694089581,2997144.670649982,13.48783147422023,8.0,8.549699120756827,0.1506792989217017
17.515683630476342,11.526849692748321,15.436815658120159,-5.139396965173148,75.13939696517315,0.5185223099608153,146.22091836089072,146.22091836089072,203.3516262164034,2761724.1200475683,381155.087676687,2995955.0584032084,13.384332518229428,8.0,8.539315777739262,0.15082722897359913
17.43681978768162,11.427045971506484,15.436459242305979,-4.920544470039374,74.92054447003937,0.5161876787353943,145.95821673028024,145.95821673028024,203.73129185479812,2709312.441043645,394357.1337957908,2997969.1254005823,13.647034148839907,8.0,8.56567199098771,0.15058077824758528
17.42771267180802,11.746900563697416,15.436016971378248,-5.064722762453982,75.06472276245398,0.5159180779102434,145.92782234823267,145.92782234823267,203.77521622592533,2703376.5729519934,395868.44604463666,2996653.3390922532,13.677428530887482,8.0,8.568721630476148,0.15073643594511682
17.552717417160224,11.193696998438831,15.43468439519507,-5.048596344629402,75.0485963446294,0.5196186328348201,146.34397201659903,146.34397201659903,203.17377176845943,2786978.4120497606,374883.22103291395,2996741.308154309,13.261278862521124,8.0,8.52697141707364,0.1507055145470681
17.515392261418736,11.82593240116963,15.435606399552341,-5.291369510092295,75.2913695100923,0.5185136844706553,146.2199494367273,146.2199494367273,203.35302661093164,2761527.08391051,381204.2472177812,2994579.5206950163,13.385301442392858,8.0,8.539412980532234,0.15098458995802852
17.56979429085687,11.483819200331592,15.436727728682147,-5.232691208349422,75.23269120834942,0.5201241649158339,146.40064783516613,146.40064783516613,203.09185339711436,2798766.006618248,371975.2854296115,2995078.7210894288,13.204603043954023,8.0,8.521286157640134,0.1509301873069144
18.33000795010514,10.168463055346724,15.39113238325048,-6.2002635612320205,76.20026356123202,0.5426290097722066,148.88241810249923,148.88241810249923,199.50431838732797,3434950.5632701386,230936.36064039485,2984548.676447517,10.722832776620919,8.0,8.272514121111612,0.1515664725386542
17.478408501502116,11.648205385270952,15.436622620552036,-5.122024188232388,75.12202418823239,0.5174188425548287,146.09686377958116,146.09686377958116,203.53091922124446,2736723.5305112754,387420.8815283029,2996126.955696798,13.508387099538993,8.0,8.551761396620805,0.1508060265953889
17.53231130103979,11.681456528323636,15.436546842970783,-5.253620533100332,75.25362053310033,0.5190145441397215,146.2761921286761,146.2761921286761,203.2717377455637,2773011.095876975,378344.90142261307,2994915.137911749,13.329058750444062,8.0,8.533770781112594,0.150951728364006
17.44897841451874,11.53846569334203,15.43672443027395,-5.003361367744674,75.00336136774467,0.5165476144025678,145.99877660823034,145.99877660823034,203.67267594348618,2717274.303110533,392335.194856641,2997212.7721947003,13.606474270889805,8.0,8.561602469163347,0.15067521625416697
17.501650367343167,11.691256353816165,15.43648689414696,-5.193423941493279,75.19342394149328,0.5181068788437883,146.17423802136977,146.17423802136977,203.41909314596015,2752263.258934096,383519.50652806053,2995472.2029069113,13.431012857750375,8.0,8.543998823910556,0.15088411920882142
17.40343421238603,11.453369427159558,15.43644043164455,-4.862929481353092,74.86292948135309,0.5151993550143881,145.8467358811169,145.8467358811169,203.89239524760106,2687667.3216482326,399884.2387162391,2998499.32637423,13.75851499800325,8.0,8.57685774037634,0.15051676263810349
17.635773660055634,11.9099504635412,15.434654316412109,-5.589912544888477,75.58991254488848,0.5220773730034232,146.61923327797228,146.61923327797228,202.775899987535,2845177.4451769283,360644.10062113346,2991825.5846297923,12.986017601147864,8.0,8.499361110942061,0.15130871498140291
17.54264436648884,12.442715403683167,15.424846547777205,-5.664096467953129,75.66409646795313,0.519320437137029,146.3105213575039,146.3105213575039,203.2221201198296,2780067.734236664,376593.7924311154,2991181.366985718,13.294729521616262,8.0,8.530327000213902,0.15129560076147414
17.39789001614211,11.710389499353479,15.436114028704118,-4.982678705640637,74.98267870564064,0.5150352284233899,145.82820708483234,145.82820708483234,203.91917082622163,2684103.247106187,400798.6061773544,2997401.3208022364,13.777043794287806,8.0,8.57871694612652,0.15064630965919681
17.55786520399638,11.525716036654153,15.436803956002034,-5.228622702393636,75.22862270239364,0.5197710243930248,146.3610612135828,146.3610612135828,203.14907146218403,2790522.2009539525,374007.69195538526,2995124.6755855638,13.244189665537363,8.0,8.525257148334958,0.15092640215549932
17.313189440043157,11.528571345816673,15.43608814065519,-4.709474044769536,74.70947404476954,0.5125278105400579,145.5445795512676,145.5445795512676,204.32900503807943,2630702.953000467,414646.15215251164,2999891.01580264,14.06067132785256,8.0,8.607178877153899,0.15034358345567553
17.500580836567075,12.15100937609187,15.431213416696403,-5.425977191315496,75.4259771913155,0.5180752171867103,146.1706791655027,146.1706791655027,203.42423669933214,2751544.6324525997,383699.43570899963,2993353.880024045,13.434571713617458,8.0,8.544355858958454,0.15109174323603491
17.582807225936563,11.562883178477001,15.436780046897825,-5.3006517993385955,75.3006517993386,0.5205093909395074,146.44380800328713,146.44380800328713,203.0294693413892,2807809.6788137667,369752.5813867578,2994459.0018331925,13.161442875833018,8.0,8.516956798702438,0.15100641636715328
17.416649733248473,12.04293194356022,15.432765120589425,-5.192785945703179,75.19278594570318,0.5155905782489186,145.89088437264218,145.89088437264218,203.8285962649409,2696197.6959404303,397700.68836206064,2995472.9111490906,13.714366506477973,8.0,8.572427893830934,0.15084703083870163
17.42650390796466,11.677447797696026,15.436381246247105,-5.026624159246865,75.02662415924686,0.515882294492737,145.92378727761644,145.92378727761644,203.78104745499363,2702590.4994722824,396068.8351275032,2997002.130849226,13.681463601503708,8.0,8.56912649564498,0.15069768675488565
17.40320373189596,11.505608782074308,15.436551931096336,-4.889164711729336,74.88916471172934,0.5151925320277075,145.84596570043112,145.84596570043112,203.89350822425752,2687518.9863339877,399922.2700644627,2998259.415965045,13.759285178689026,8.0,8.576935021029328,0.1505469094907557
17.60870765268492,11.669871449305234,15.436507068786364,-5.4102242406495975,75.4102242406496,0.5212761294459716,146.5296403563342,146.5296403563342,202.905404121428,2825969.5976941143,365310.95709934534,2993456.171459116,13.07561052278595,8.0,8.50834733841765,0.15112598462498603
17.514600998816647,11.27663494248857,15.435587629444086,-5.009525347702265,75.00952534770227,0.5184902604741458,146.21731809558702,146.21731809558702,203.35682970867114,2760992.1278389175,381337.73385911365,2997125.4281696375,13.387932783533131,8.0,8.539676957810684,0.15067096055066098
17.35355216855957,11.578615013120999,15.43632030047383,-4.820948170008705,74.8209481700087,0.5137226811296498,145.67986836302725,145.67986836302725,204.13352354629737,2655907.0123599633,408075.5757101174,2998877.756843573,13.925382516092895,8.0,8.59360214133335,0.15046911463562215
18.1812818709471,11.658618373241318,15.430314598341221,-6.624237256093409,76.62423725609341,0.5382262247172025,148.40312170111457,148.40312170111457,200.19708923718395,3290497.275772356,260503.58644197608,2981738.6747923438,11.202129178005578,8.0,8.3205308901899,0.15243267038941044
17.619543390909136,11.69098275026628,15.436394246524609,-5.44401782688044,75.44401782688044,0.5215969032240715,146.56552093588562,146.56552093588562,202.85354010225487,2833630.8228942435,363445.7319929164,2993144.490928826,13.039729943234533,8.0,8.50474843943806,0.1511626201717903
17.49813087496831,11.313446297927225,15.435894759725798,-4.993176410923866,74.99317641092387,0.5180026902003644,146.1625263157045,146.1625263157045,203.4360198471659,2749899.7717497707,384111.4522464743,2997284.1862049005,13.442724563415652,8.0,8.545173779829554,0.15065581648074938
17.795175365686077,11.463345576463652,15.435593594612055,-5.702647667777512,75.70264766777751,0.5267961919978116,147.14477641303404,147.14477641303404,202.01618951312523,2963325.5653417907,332616.11591891537,2990615.818425369,12.460474466086112,8.0,8.446657877532289,0.15144423022746004
17.40504254065815,11.479045735406103,15.436513205682996,-4.879487677261693,74.8794876772617,0.51524696686377,145.85211010551933,145.85211010551933,203.88462902479236,2688702.842878527,399618.8024240449,2998347.8966127383,13.753140773600819,8.0,8.576318486584285,0.1505358116831135
17.469487484986054,11.256491695730979,15.43535707401729,-4.903055716166705,74.9030557161667,0.5171547508876866,146.06714424242506,146.06714424242506,203.57387084220642,2730801.2503977064,388913.5687576035,2998114.5732607753,13.53810663669509,8.0,8.554743097748997,0.15055064637427645
17.366343671369115,11.477065053890872,15.436336858125129,-4.796127098697696,74.7961270986977,0.5141013520239525,145.72269358811332,145.72269358811332,204.07164173428228,2663986.2202216187,405982.5843779437,2999109.2904768893,13.882557291006833,8.0,8.589304678463805,0.1504418107599383
17.57199314232159,11.601722712777377,15.436756653902002,-5.297408115684789,75.29740811568479,0.5201892582096385,146.40794249276985,146.40794249276985,203.08130969982466,2800290.4170755516,371600.1195221109,2994496.6035478497,13.1973083863503,8.0,8.520554429597212,0.15100257187775087
17.510039082832854,11.601510005648269,15.436775570297273,-5.165467532497928,75.16546753249793,0.5183552126356676,146.2021457042821,146.2021457042821,203.3787584114594,2757911.5939302584,382106.9193141131,2995722.2467417927,13.40310517483806,8.0,8.541199066124477,0.1508558340654093
17.784155485771795,11.379799088043562,15.435305918418708,-5.636884330371913,75.63688433037191,0.5264699670151508,147.1085592033915,147.1085592033915,202.06854627844106,2954869.590152497,334584.4746172229,2991209.6781321377,12.496691675728641,8.0,8.450289360802913,0.15136770261111274
17.52079739937522,11.893185903502104,15.434959158872314,-5.3371764487783935,75.3371764487784,0.5186736944752877,146.23792179891961,146.23792179891961,203.3270509187685,2765186.4463404384,380291.8281033876,2994162.291051105,13.367329080200534,8.0,8.53760999565884,0.15102932444736689
17.507148832439483,11.628366361206005,15.436716103707386,-5.173021590895587,75.17302159089559,0.5182696516411925,146.19253152616795,146.19253152616795,203.39265374813496,2755963.1303093126,382593.8807228067,2995655.1059123543,13.412719352952195,8.0,8.542163575948052,0.15086365694151121
17.609301262105305,11.430528128402589,15.436484462822856,-5.2897497260779005,75.2897497260779,0.5212937022529693,146.53160641896557,146.53160641896557,202.902562265989,2826388.318563957,365208.88297280495,2994531.064532452,13.073644460154583,8.0,8.508150136262032,0.15099137352970324
17.480512242987132,11.597480597154451,15.436749008194392,-5.100595289953674,75.10059528995367,0.5174811202778902,146.10387052611912,146.10387052611912,203.52079277380994,2738123.525028434,387068.4919328552,2996321.033675864,13.501380353001025,8.0,8.55105843099193,0.15078344185119402
17.993086575970892,10.958274425849318,15.427296179490066,-5.871012814538858,75.87101281453886,0.5326550200109796,147.7923413764508,147.7923413764508,201.08003013664577,3123128.8255510284,296443.3564373183,2988665.7905220566,11.812909502669356,8.0,8.381739463232407,0.15155175172951346
17.515683630476342,11.454576112311113,15.436677650915987,-5.102541910068112,75.10254191006811,0.5185223099608153,146.22091836089072,146.22091836089072,203.35162621640757,2761724.1200475683,381155.0876768192,2996287.5139111797,13.384332518229428,8.0,8.539315777738977,0.15078490830369537
17.549308399410336,11.427045971506484,15.436571503334383,-5.16013947975938,75.16013947975938,0.5195177146065819,146.33265295310537,146.33265295310537,203.1901319875365,2784636.1278446107,375462.51961652166,2995745.9699542494,13.272597926014782,8.0,8.528106875299386,0.1508479129008989
17.451129845904426,11.746900563697416,15.436088870418036,-5.11447326533721,75.11447326533721,0.5166113039048084,146.0059513263352,146.0059513263352,203.66230715226777,2718687.566680592,391976.9132520315,2996199.233726622,13.599299552784942,8.0,8.560882612707474,0.150792418394035
17.552717417160224,11.938026965775272,15.43445907662298,-5.42782724125334,75.42782724125334,0.5196186328348201,146.34397201659903,146.34397201659903,203.17377176846426,2786978.4120497606,374883.2210330115,2993331.249022244,13.261278862521124,8.0,8.526971417073582,0.15112558832593084
17.515392261418736,11.41682425727377,15.436536405404654,-5.0826729792406695,75.08267297924067,0.5185136844706553,146.2199494367273,146.2199494367273,203.35302661092976,2761527.08391051,381204.2472177666,2996466.745135247,13.385301442392858,8.0,8.539412980535246,0.15076144960429735
17.63116431915772,11.483819200331592,15.436587932397636,-5.363427724195731,75.36342772419573,0.5219409212302463,146.6039829640534,146.6039829640534,202.7979441248381,2841889.506813105,361440.7100661775,2993851.1924541374,13.001267915066762,8.0,8.500890695518535,0.15107454553743566
17.3654821539023,11.652253056151483,15.436213442643448,-4.884041002851745,74.88404100285175,0.5140758482505121,145.71981002592065,145.71981002592065,204.0758084797077,2663440.6775912503,406123.711688282,2998300.1313857664,13.885440853199498,8.0,8.589594037521977,0.1505379322582618
17.478408501502116,11.588503388904613,15.436758793207732,-5.091536005208241,75.09153600520824,0.5174188425548287,146.09686377958116,146.09686377958116,203.53091922124065,2736723.5305112754,387420.88152818545,2996403.9037766093,13.508387099538993,8.0,8.551761396619895,0.15077346978649422
17.547801562969703,11.681456528323636,15.436544171097223,-5.286563749284824,75.28656374928482,0.5194731072519154,146.32764922858132,146.32764922858132,203.1973641939955,2783601.9482246595,375718.4506914341,2994609.841395939,13.277601650538827,8.0,8.528608820165346,0.15098840686004222
17.44897841451874,11.539146617891141,15.436724601014038,-5.003709320746452,75.00370932074645,0.5165476144025678,145.99877660823034,145.99877660823034,203.67267594348507,2717274.303110533,392335.19485664996,2997209.6046384987,13.606474270889805,8.0,8.5616024691642,0.1506756040697622
17.56244646298063,11.691256353816165,15.436492368210157,-5.322704790157275,75.32270479015727,0.5199066448484497,146.37626650870538,146.37626650870538,203.1270939840725,2793682.9107579514,373227.7473621776,2994275.685238367,13.228984370414764,8.0,8.523731873105135,0.15102818836192808
17.40343421238603,11.460962449632078,15.436462407552032,-4.866813828858824,74.86681382885882,0.5151993550143881,145.8467358811169,145.8467358811169,203.89239524759154,2687667.3216482326,399884.23871603893,2998463.820050391,13.75851499800325,8.0,8.576857740376113,0.1505212787060999
17.489281560927985,11.208716053941288,15.434869555985186,-4.920899175429497,74.9208991754295,0.5177407211642387,146.1330708492464,146.1330708492464,203.4785909264803,2743973.40068551,385597.98502081673,2997941.146678823,13.472180029873755,8.0,8.548128880306422,0.15056566416176823
17.54264436648884,11.417584085763451,15.4365359597954,-5.1411211207453675,75.14112112074537,0.519320437137029,146.3105213575039,146.3105213575039,203.2221201198253,2780067.734236664,376593.79243105365,2995921.88438306,13.294729521616262,8.0,8.530327000211798,0.1508264134482779
17.60870765268492,11.458730206884162,15.436585912803407,-5.3028251996743165,75.30282519967432,0.5212761294459716,146.5296403563342,146.5296403563342,202.90540412142423,2825969.5976941143,365310.95709925576,2994415.202887232,13.07561052278595,8.0,8.508347338416911,0.15100694000553386
16.28439181231159,11.525716036654153,15.411077529366331,-2.529473275116402,72.5294732751164,0.4820719897072703,142.01298696200894,142.01298696200894,209.4246809453757,2108408.583483441,567152.5964248397,3017861.3131735134,17.59226391711121,8.0,8.961928493948392,0.14773355242676955
17.551999544316097,11.528571345816673,15.436810927258897,-5.217588249856419,75.21758824985642,0.5195973814184753,146.34158858027655,146.34158858027655,203.17721671768382,2786484.873700261,375005.2433224476,2995228.0774194202,13.263662298843599,8.0,8.527210508027906,0.15091418436624013
17.587089442853404,11.582559553666094,15.43675921404151,-5.319783594117382,75.31978359411738,0.5206361587582417,146.4580055981154,146.4580055981154,203.008947839724,2810797.3964463235,369019.8553692766,2994284.0670367763,13.147245281004757,8.0,8.515532672980328,0.1510275418744242
17.492946621626707,11.562883178477001,15.436802258688465,-5.109388820860659,75.10938882086066,0.5178492191126911,146.14527158910136,146.14527158910136,203.46095763120843,2746425.0590552054,384982.6366141089,2996236.991687404,13.459979290018794,8.0,8.546904843217021,0.15079373562905707
17.416649733248473,11.489439670844959,15.436576403845583,-4.909505502367438,74.90950550236744,0.5155905782489186,145.89088437264218,145.89088437264218,203.82859626492763,2696197.6959404303,397700.6883617533,2998072.973804767,13.714366506477973,8.0,8.572427893834003,0.1505696866366441
17.42650390796466,11.844983331555351,15.435239416986223,-5.112343797316214,75.11234379731621,0.515882294492737,145.92378727761644,145.92378727761644,203.78104745500414,2702590.4994722824,396068.8351277247,2996216.391726737,13.681463601503708,8.0,8.569126495642195,0.15078175336333557
17.40320373189596,11.543031881260799,15.436577051836371,-4.908312835524555,74.90831283552455,0.5151925320277075,145.84596570043112,145.84596570043112,203.89350822426505,2687518.9863339877,399922.2700646647,2998084.162557907,13.759285178689026,8.0,8.576935021026088,0.15056837124264724
17.60870765268492,11.668028928048912,15.436513931734556,-5.4092867554482496,75.40928675544825,0.5212761294459716,146.5296403563342,146.5296403563342,202.90540412142704,2825969.5976941143,365310.957099325,2993464.5591860497,13.07561052278595,8.0,8.508347338414524,0.15112500511050117
17.535140311390368,11.61987581723514,15.43674629741961,-5.228238494684547,75.22823849468455,0.5190982922258842,146.28559238584825,146.28559238584825,203.25815117718994,2774939.826982689,377865.842007837,2995142.821690304,13.319658493271902,8.0,8.532827775684382,0.1509254106090607
17.41926322506888,11.489309365912462,15.436585135748148,-4.915000692768444,74.91500069276844,0.5156679462720214,145.89961214486544,145.89961214486544,203.81598361116679,2697890.491608262,397268.20109696453,2998022.5759936585,13.705638734254705,8.0,8.571552164412822,0.15057586188990058
17.505480572416126,11.658618373241318,15.436622527202884,-5.184910748712127,75.18491074871213,0.518220265613266,146.1869816508248,146.1869816508248,203.40067494008935,2754839.6141805463,382874.8276895796,2995548.0692632594,13.418269228295344,8.0,8.542720350703576,0.15087597113354234
17.502868545285388,11.454771986422777,15.436671607780196,-5.075349136525347,75.07534913652535,0.5181429409498338,146.17829129910848,146.17829129910848,203.4132350047,2753082.1795631475,383314.52321596886,2996540.1914288094,13.426959580011669,8.0,8.543592187842648,0.15075463314190768
17.514961502685328,11.40006141360173,15.436458237972706,-5.073209041004532,75.07320904100453,0.518500932583935,146.218516961156,146.218516961156,203.3550969794281,2761235.833514416,381276.91919579776,2996552.2685420807,13.386733917964136,8.0,8.539556687054755,0.15075017188689432
17.47815010892409,11.514742098477807,15.436767979980614,-5.05332504933682,75.05332504933682,0.5174111932778002,146.09600313016642,146.09600313016642,203.53216306635707,2736551.665764247,387464.15369265334,2996750.665058682,13.509247748953726,8.0,8.551847743151768,0.15073111035234033
17.40504254065815,11.663529494005985,15.436357244109512,-4.973888842048041,74.97388884204804,0.51524696686377,145.85211010551933,145.85211010551933,203.88462902479802,2688702.842878527,399618.8024241631,2997483.332740088,13.753140773600819,8.0,8.57631848658076,0.15063893242214665
17.469487484986054,11.58666671247546,15.436745295259284,-5.0716200375136395,75.07162003751364,0.5171547508876866,146.06714424242506,146.06714424242506,203.57387084220505,2730801.2503977064,388913.5687574967,2996587.2714373963,13.53810663669509,8.0,8.554743097748656,0.1507512099995916
17.366343671369115,11.569516932720923,15.436398255835938,-4.843482598149706,74.8434825981497,0.5141013520239525,145.72269358811332,145.72269358811332,204.07164173427347,2663986.2202216187,405982.584377751,2998673.902664267,13.882557291006833,8.0,8.589304678465908,0.15049481843757798
17.57199314232159,11.544183534959409,15.436797569890716,-5.268108245578844,75.26810824557884,0.5201892582096385,146.40794249276985,146.40794249276985,203.0813096998121,2800290.4170755516,371600.11952179845,2994759.474078226,13.1973083863503,8.0,8.520554429599372,0.15097032012636755
17.46362268392955,11.453707022845975,15.436615978645955,-4.991234147097487,74.99123414709749,0.5169811333312477,146.0475999458514,146.0475999458514,203.60211660023555,2726920.5653156224,389893.44187022606,2997318.986828455,13.557650933268746,8.0,8.55670396408641,0.15066070055248829
17.47966281477754,11.513421514969451,15.436768859992986,-5.055870646389053,75.05587064638905,0.5174559743865464,146.1010414871829,146.1010414871829,203.5248814243184,2737558.09186271,387210.79413345404,2996727.029823522,13.504209391937252,8.0,8.551342259562148,0.15073394613864372
17.526062391428777,11.72324666860181,15.43634216579875,-5.261648036283361,75.26164803628336,0.5188295556965298,146.25542413449978,146.25542413449978,203.30175439972496,2768759.4401744744,379402.1121327015,2994845.321845715,13.349826744620373,8.0,8.535854180979925,0.15095866914815084
17.489359387345218,11.628366361206005,15.436697112261951,-5.135183206094553,75.13518320609455,0.5177430250842279,146.13332994824628,146.13332994824628,203.47821646077952,2744025.4194308054,385584.92296860967,2996004.4164602347,13.471920930873864,8.0,8.548102886158802,0.150821385069926
17.502779714912528,11.63620848815425,15.436691213896284,-5.167730138877687,75.16773013887769,0.5181403112762737,146.17799573852636,146.17799573852636,203.41366217426088,2753022.4482930377,383329.4724302875,2995704.721356188,13.427255140593786,8.0,8.54362183926736,0.1508575267759299
17.501145510351755,11.415987228873874,15.436525501899832,-5.051896459855982,75.05189645985598,0.518091933402953,146.17255813391853,146.17255813391853,203.42152105934795,2751923.998759435,383604.4443725287,2996752.847026055,13.43269274520162,8.0,8.54416735515133,0.15072715614465299
17.48458077126945,13.832517202596094,15.36650116359093,-6.253907866873874,76.25390786687387,0.5176015622045426,146.11741940489992,146.11741940489992,203.50121127963467,2740834.7481210926,386386.5694089699,2985637.3343361113,13.48783147422023,8.0,8.549699120758987,0.1513842699190124
17.515683630476342,11.756428167234095,15.436136460722095,-5.256516312862004,75.256516312862,0.5185223099608153,146.22091836089072,146.22091836089072,203.35162621640617,2761724.1200475683,381155.08767683525,2994895.5994525817,13.384332518229428,8.0,8.539315777741535,0.15095094090340755
17.549308399410336,11.525856789247158,15.436810747095318,-5.21047550392484,75.21047550392484,0.5195177146065819,146.33265295310537,146.33265295310537,203.19013198754666,2784636.1278446107,375462.51961676026,2995293.912467782,13.272597926014782,8.0,8.528106875295862,0.15090626422408693
17.550433551153304,11.746900563697416,15.436202057015947,-5.325520524869603,75.3255205248696,0.5195510228286946,146.33638901206518,146.33638901206518,203.18473201208184,2785408.805115146,375271.36544300907,2994257.027935244,13.268861867054966,8.0,8.527732096255818,0.151028487695039
17.524143150286868,11.193696998438831,15.43470321933373,-4.987620688313655,74.98762068831365,0.5187727397953483,146.2490444904226,146.2490444904226,203.31097506116458,2767456.0061858976,379726.5484350817,2997314.112789578,13.356206388697558,8.0,8.536494177754207,0.1506380233511173
17.446882717560996,11.652853947410382,15.436537365549995,-5.057367453812162,75.05736745381216,0.5164855748241858,145.99178711296702,145.99178711296702,203.6827770233177,2715898.93671026,392684.04847335105,2996720.8401687667,13.613463766153131,8.0,8.56230374449558,0.15073334809777053
18.15634317260156,9.091077092958479,15.304404076646343,-5.289605771886556,75.28960577188656,0.5374879565601409,148.3224608943973,148.3224608943973,200.31368601904634,3267373.3332237503,265357.94714924786,2992713.939087182,11.282789984722854,8.0,8.328612963458909,0.1496992752955002
17.3654821539023,11.516691928487347,15.436393149720939,-4.814590722828541,74.81459072282854,0.5140758482505121,145.71981002592065,145.71981002592065,204.07580847970655,2663440.6775912503,406123.7116881882,2998939.4501160826,13.885440853199498,8.0,8.589594037521579,0.1504627890493933
17.553041578745372,11.588503388904613,15.436794142204288,-5.250340879541227,75.25034087954123,0.5196282290925214,146.34504825334722,146.34504825334722,203.17221620641376,2787201.3257833365,374828.1150099448,2994932.882121384,13.260202625772934,8.0,8.52686345605008,0.15095049347555722
17.43606226493401,11.681456528323636,15.43639508179744,-5.048990190861787,75.04899019086179,0.5161652535504443,145.95568900744917,145.95568900744917,203.7349448097591,2708817.7959775724,394482.9469140709,2996797.7751027215,13.649561871670983,8.0,8.565925609719159,0.15072265519575323
17.44897841451874,11.491792200579965,15.436676495804361,-4.979512726116354,74.97951272611635,0.5165476144025678,145.99877660823034,145.99877660823034,203.6726759434759,2717274.303110533,392335.1948563906,2997429.7806245023,13.606474270889805,8.0,8.56160246916528,0.15064828663207105
17.56244646298063,11.514039587534512,15.436787747385477,-5.232430699513088,75.23243069951309,0.5199066448484497,146.37626650870538,146.37626650870538,203.1270939840718,2793682.9107579514,373227.747362219,2995087.0062007247,13.228984370414764,8.0,8.523731873105874,0.15093048403493237
17.502843659597673,11.531977511896965,15.436811116629192,-5.114681233005626,75.11468123300563,0.5181422042509672,146.17820849839575,146.17820849839575,203.4133546754104,2753065.445704554,383318.7112413443,2996184.823323935,13.427042380724401,8.0,8.543600494627697,0.1507997050697417
17.489281560927985,11.578786990099996,15.436786015574475,-5.109707917283856,75.10970791728386,0.5177407211642387,146.1330708492464,146.1330708492464,203.47859092647522,2743973.40068551,385597.98502065055,2996235.4796870304,13.472180029873755,8.0,8.548128880307047,0.15079393164473986
17.407180123074106,11.544978116949302,15.43659262479557,-4.917767006638655,74.91776700663866,0.5153102463905893,145.859252249772,145.859252249772,203.87430797409192,2690080.247636793,399265.8895343163,2997997.7378143454,13.74599862934815,8.0,8.575601840806314,0.15057900091744636
17.58205179009995,11.458730206884162,15.436643204037795,-5.246031736498026,75.24603173649803,0.5204870275340423,146.44130310093806,146.44130310093806,203.03308997052548,2807283.2105235676,369881.7767637836,2994948.502001067,13.163947778182091,8.0,8.517208060444148,0.1509442178925842
17.504373461018893,11.35442302120164,15.436193195867546,-5.027377509874668,75.02737750987467,0.518187491445201,146.18329835278138,146.18329835278138,203.40599837307406,2754094.473361058,383061.2213546347,2996971.986439177,13.421952526338771,8.0,8.543089867576214,0.150696687224865
18.54360896681163,10.791982538492718,15.410964063391669,-6.968208001861342,76.96820800186134,0.5489523080761287,149.56563884183964,149.56563884183964,198.5170628727699,3664255.645101741,186487.05619352494,2977355.8082881183,10.039612037280506,8.0,8.20409148527068,0.15263298627782726
17.587089442853404,11.572501928457552,15.436767683090608,-5.314664278635405,75.3146642786354,0.5206361587582417,146.4580055981154,146.4580055981154,203.00894783972527,2810797.3964463235,369019.8553693057,2994329.914328621,13.147245281004757,8.0,8.515532672978566,0.15102191680530005
17.52642497826345,11.562883178477001,15.436823381582531,-5.180634851220759,75.18063485122076,0.5188402894690186,146.2566293300967,146.2566293300967,203.30001249757902,2769005.8132738476,379340.8048993762,2995577.0538319163,13.348621549023449,8.0,8.535733277736597,0.15087317626539606
17.06868758756641,11.515402196484686,15.433438577848245,-4.183243071083723,74.18324307108372,0.5052897450434105,144.7199162703111,144.7199162703111,205.5202435446665,2486849.5523888213,453398.6717294887,3004558.118066838,14.885334608809046,8.0,8.689958284395402,0.14973871593143084
17.42650390796466,11.496374354837666,15.436621116795385,-4.934022328475066,74.93402232847507,0.515882294492737,145.92378727761644,145.92378727761644,203.78104745499348,2702590.4994722824,396068.8351274515,2997848.2185438364,13.681463601503708,8.0,8.569126495645207,0.15059729761624072
17.611712590194564,11.543031881260799,15.436720047504819,-5.352097708182271,75.35209770818227,0.5213650855593417,146.53959233631133,146.53959233631133,202.8910189638686,2828090.390435255,364794.11480830715,2993972.7574142087,13.06565854280882,8.0,8.507349126302074,0.1510631981857602
17.53411004594195,11.668028928048912,15.436600615227169,-5.250598770948386,75.25059877094839,0.5190677929526925,146.28216914487297,146.28216914487297,203.26309892973646,2774237.1408073595,378040.33693241514,2994941.553981721,13.323081734247182,8.0,8.533171184321986,0.15094888830342468
17.542628695859666,11.61987581723514,15.436744710370979,-5.244170840463255,75.24417084046325,0.5193199732344483,146.31046930703985,146.31046930703985,203.22219535122613,2780057.007673557,376596.4508480462,2994994.9324821807,13.294781572080296,8.0,8.530332221673746,0.15094313782815907
17.41926322506888,11.501558671863755,15.436605233690598,-4.921264799298513,74.92126479929851,0.5156679462720214,145.89961214486544,145.89961214486544,203.81598361116406,2697890.491608262,397268.2010968392,2997965.3877917263,13.705638734254705,8.0,8.571552164413788,0.15058300078928213
17.55138653666487,11.658618373241318,15.43662995042797,-5.282548671784696,75.2825486717847,0.5195792343595285,146.33955325236673,146.33955325236673,203.18015851899162,2786063.556544745,375109.4268244086,2994643.979706167,13.265697626753422,8.0,8.527414679239598,0.15098477138400015
17.502868545285388,11.43474482888966,15.436603091230168,-5.065133989576623,75.06513398957662,0.5181429409498338,146.17829129910848,146.17829129910848,203.41323500469855,2753082.1795631475,383314.52321599924,2996632.4056906374,13.426959580011669,8.0,8.543592187841568,0.1507426163299611
16.149668410827267,11.40006141360173,15.404833898996026,-2.1790609490892052,72.1790609490892,0.478083730338285,141.53816845912195,141.53816845912195,210.10837935248912,2053592.2592786078,585299.3987863179,3020614.9273502617,18.0670824199982,8.0,9.009672380351788,0.14730048651865515
17.487688512713994,11.394333088525656,15.436410265248515,-5.01218252737857,75.01218252737857,0.5176935616552396,146.12776709590327,146.12776709590327,203.48625622646185,2742909.010862543,385865.310828132,2997118.818089946,13.477483783216883,8.0,8.548660980997852,0.15068193965104598
17.465530227540935,11.479045735406103,15.43668698604287,-5.0082349920416505,75.00823499204165,0.5170376029467417,146.05395733009448,146.05395733009448,203.59292882244472,2728181.66664236,389574.8604326898,2997164.074436727,13.551293549025672,8.0,8.556066129624298,0.15068025955578318
17.33803095847922,11.101833543630008,15.432946687603213,-4.543656148836476,74.54365614883648,0.5132632018495921,145.62787216439403,145.62787216439403,204.20865549614112,2646163.2833499573,410608.2805102584,3001422.8391051353,13.977378714726115,8.0,8.59882003548006,0.1501300394340355
17.51841332396549,11.569516932720923,15.43681781701162,-5.166967132242917,75.16696713224292,0.5186031179385876,146.2299951426952,146.2299951426952,203.33850744055664,2763571.300750973,380694.3962804103,2995704.7007462163,13.375255736424947,8.0,8.53840519450057,0.1508579151861415
17.57422477418266,11.549994545003905,15.43679526794708,-5.275818297623914,75.27581829762391,0.5202553219118609,146.41534519228298,146.41534519228298,203.0706098137171,2801839.1044756235,371219.1887651169,2994688.5611623935,13.189905686837164,8.0,8.519811866884538,0.1509788883674308
17.574635180967178,11.601510005648269,15.436753558461758,-5.302922748638423,75.30292274863842,0.5202674713134156,146.4167065033742,146.4167065033742,203.06864216748224,2802124.08510173,371149.1150811861,2994445.1282462724,13.188544375745948,8.0,8.519675314482072,0.15100868872492745
17.47966281477754,11.547421729403894,15.436787941162429,-5.073228798307525,75.07322879830753,0.5174559743865464,146.1010414871829,146.1010414871829,203.52488142432023,2737558.09186271,387210.794133533,2996569.633738153,13.504209391937252,8.0,8.551342259561295,0.15075341366855285
17.50493318975275,11.72324666860181,15.436328500670205,-5.21673157762126,75.21673157762126,0.5182040612715438,146.18516056118347,146.18516056118347,203.40330694324112,2754471.152595816,382966.9903956172,2995259.7651748317,13.420090317936683,8.0,8.54290304648157,0.1509085143222938
17.6163796381531,11.576645084231124,15.436699842975878,-5.379130151380082,75.37913015138008,0.5215032456528448,146.5550464706813,146.5550464706813,202.8686805991766,2831390.0238454863,363990.75935265364,2993726.956605934,13.050204408438844,8.0,8.505799043298225,0.15109316270965523
17.502779714912528,11.577554019385243,15.436801742070806,-5.137799171943811,75.13779917194381,0.5181403112762737,146.17799573852636,146.17799573852636,203.4136621742582,2753022.4482930377,383329.47243016184,2995975.7328881,13.427255140593786,8.0,8.54362183926736,0.1508253162362232
17.501145510351755,11.46582130821389,15.436702368242315,-5.0773160775485735,75.07731607754857,0.518091933402953,146.17255813391853,146.17255813391853,203.42152105935583,2751923.998759435,383604.44437275984,2996523.346382447,13.43269274520162,8.0,8.544167355149227,0.15075711877276798
17.531648437595717,11.402047220604054,15.436468365023481,-5.109775840616294,75.1097758406163,0.5189949211840058,146.27398939494327,146.27398939494327,203.27492143839797,2772559.5298766596,378457.1099633593,2996211.726253279,13.331261484176878,8.0,8.533991753423834,0.15079090417937838
17.515683630476342,11.493419833296478,15.43677326749534,-5.122348897103905,75.1223488971039,0.5185223099608153,146.22091836089072,146.22091836089072,203.35162621640862,2761724.1200475683,381155.0876768572,2996108.8981262348,13.384332518229428,8.0,8.53931577773966,0.15080785931255583
17.532483899807275,11.525856789247158,15.436817241169278,-5.174655662508826,75.17465566250883,0.5190196536355025,146.27676567406314,146.27676567406314,203.27090877871655,2773128.6982744765,378315.6816970541,2995627.380008588,13.328485205057007,8.0,8.533713244631883,0.15086646342979193
17.550433551153304,11.550680918770333,15.436819615936574,-5.225518686415512,75.22551868641551,0.5195510228286946,146.33638901206518,146.33638901206518,203.18473201209014,2785408.805115146,375271.3654432638,2995157.8849458476,13.268861867054966,8.0,8.527732096252691,0.15092309899279588
17.433949279637947,11.193696998438831,15.434595346838398,-4.795213125192845,74.79521312519284,0.5161027021799274,145.94863790062834,145.94863790062834,203.7451347411354,2707438.933089972,394833.7827451472,2999108.131484523,13.656612978491808,8.0,8.5666330834257,0.15042382704096965
17.537866688836893,11.652853947410382,15.436654165480597,-5.250851723144251,75.25085172314425,0.5191790020378002,146.2946505274357,146.2946505274357,203.2450590398646,2776800.9035075023,377403.9033031833,2994937.339639171,13.310600351684457,8.0,8.53191909489459,0.15094969370631034
17.56979429085687,11.602375339379186,15.436758276982145,-5.293060820575988,75.29306082057599,0.5201241649158339,146.40064783516613,146.40064783516613,203.091853397119,2798766.006618248,371975.28542976244,2994537.2549952706,13.204603043954023,8.0,8.521286157637348,0.1509977422072172
17.3654821539023,11.5627971899875,15.43639875770561,-4.838208325347523,74.83820832534752,0.5140758482505121,145.71981002592065,145.71981002592065,204.07580847970655,2663440.6775912503,406123.7116881882,2998722.220069289,13.885440853199498,8.0,8.589594037521579,0.1504889843584535
17.553041578745372,11.506886995011769,15.436787131922468,-5.208760415656684,75.20876041565668,0.5196282290925214,146.34504825334722,146.34504825334722,203.17221620641376,2787201.3257833365,374828.1150099448,2995306.630771197,13.260202625772934,8.0,8.52686345605008,0.15090412414679477
17.53231130103979,11.5807607328966,15.43681055829753,-5.202277045004678,75.20227704500468,0.5190145441397215,146.2761921286761,146.2761921286761,203.2717377455644,2773011.095876975,378344.90142269345,2995378.545510203,13.329058750444062,8.0,8.533770781112935,0.15089713635198745
17.532310998891028,11.539146617891141,15.436824628655133,-5.181062046321301,75.1810620463213,0.5190145351951162,146.27619112463248,146.27619112463248,203.27173919673828,2773010.890011975,378344.95257319766,2995569.771231814,13.329059754487673,8.0,8.533770881837029,0.1508736638008548
17.56244646298063,11.61149669929225,15.436749648784302,-5.282069847374487,75.28206984737449,0.5199066448484497,146.37626650870538,146.37626650870538,203.12709398406818,2793682.9107579514,373227.74736206344,2994641.215299296,13.228984370414764,8.0,8.523731873104737,0.1509854085463655
17.521337313367706,11.599505777230004,15.436784423968627,-5.188483660765883,75.18848366076588,0.5186896777195886,146.2397168102247,146.2397168102247,203.3244565559242,2765552.4623567816,380200.63295499847,2995508.892298239,13.365534068895442,8.0,8.537429921360115,0.15088152947098168
17.489281560927985,11.57088390870053,15.436792901779546,-5.1056737941146935,75.1056737941147,0.5177407211642387,146.1330708492464,146.1330708492464,203.4785909264766,2743973.40068551,385597.9850206676,2996272.046052863,13.472180029873755,8.0,8.548128880308639,0.15078951497818854
17.407180123074106,11.538204792970266,15.436591877820609,-4.914301566957818,74.91430156695782,0.5153102463905893,145.859252249772,145.859252249772,203.87430797409186,2690080.247636793,399265.8895343163,2998029.449877733,13.74599862934815,8.0,8.575601840806314,0.15057515281646705
17.58205179009995,11.658961571056725,15.436597209691893,-5.347958934813676,75.34795893481368,0.5204870275340423,146.44130310093806,146.44130310093806,203.03308997052548,2807283.2105235676,369881.7767637836,2994035.4159617373,13.163947778182091,8.0,8.517208060444148,0.15105737924619053
17.504373461018893,11.536338094918182,15.43681435568734,-5.120162062067266,75.12016206206727,0.518187491445201,146.18329835278138,146.18329835278138,203.40599837307406,2754094.473361058,383061.2213546347,2996134.546689198,13.421952526338771,8.0,8.543089867576214,0.15080582955372743
17.514828055191757,11.528571345816673,15.436816492350731,-5.138453729623961,75.13845372962396,0.5184969820956707,146.2180731800088,146.2180731800088,203.355738379681,2761145.616562785,381299.43143535085,2995964.031345201,13.387177699111362,8.0,8.539601207378666,0.15082618822697846
17.546843204115945,11.572501928457552,15.436813590454431,-5.228995160808154,75.22899516080815,0.519444736652337,146.32446665444263,146.32446665444263,203.20196416769568,2782944.5671513677,375881.18407378433,2995129.0066322056,13.280784224677518,8.0,8.528928078425736,0.1509269110889217
17.547165788343115,11.562883178477001,15.43681892110466,-5.224780252522066,75.22478025252207,0.5194542862150122,146.32553792570405,146.32553792570405,203.20041579281738,2783165.8104195464,375826.4114350105,2995166.7241900233,13.279712953416094,8.0,8.528820614346046,0.15092226998917133
17.5225824444242,11.489439670844959,15.436767496008956,-5.135009071024854,75.13500907102485,0.5187265377271817,146.24385624388356,146.24385624388356,203.31847374994314,2766396.892855508,379990.2840746389,2995990.686186963,13.361394635236593,8.0,8.537014656891074,0.1508218791111046
17.485971838389354,11.496374354837666,15.43675382011957,-5.0605988130431,75.0605988130431,0.5176427424034741,146.12205134345692,146.12205134345692,203.49451695431307,2741762.8626697087,386153.2869561729,2996681.691653567,13.483199535663232,8.0,8.54923441736048,0.15073905076071106
17.611712590194564,11.621900369999501,15.436643572948407,-5.392213414191019,75.39221341419102,0.5213650855593417,146.53959233631133,146.53959233631133,202.8910189638742,2828090.390435255,364794.11480850267,2993614.5519705834,13.06565854280882,8.0,8.507349126303438,0.15110721429871776
17.53411004594195,11.584216798463302,15.43680673070314,-5.207866875545051,75.20786687554505,0.5190677929526925,146.28216914487297,146.28216914487297,203.26309892972773,2774237.1408073595,378040.3369321557,2995327.1149678095,13.323081734247182,8.0,8.533171184322327,0.1509033210739107
17.513842353701715,11.61987581723514,15.436741254380511,-5.182928285202479,75.18292828520248,0.5184678020634018,146.21479513930313,146.21479513930313,203.36047615349267,2760479.4011990624,381465.6979849764,2995562.633466015,13.390455739817014,8.0,8.539930062231065,0.15087492555165688
17.49922396354438,11.578615013120999,15.43679744795238,-5.1307746641488166,75.13077466414882,0.5180350492464293,146.1661639435187,146.1661639435187,203.43076246225877,2750633.430481635,383927.64959682507,2996040.804739405,13.439086935601438,8.0,8.544808840513724,0.15081746343127375
17.546912352645524,11.64075342431174,15.436689167264324,-5.26392573144517,75.26392573144517,0.5194467836780794,146.3246962913289,146.3246962913289,203.2016322592891,2782991.989726566,375869.44341830426,2994814.4039589018,13.280554587791244,8.0,8.528905042502515,0.150964600131865
17.502868545285388,11.624633909675737,15.436721815669978,-5.162012283082618,75.16201228308262,0.5181429409498338,146.17829129910848,146.17829129910848,203.41323500469423,2753082.1795631475,383314.52321585274,2995756.4826890393,13.426959580011669,8.0,8.543592187843501,0.15085146504123118
17.599516159590266,11.594876251404347,15.436720439152541,-5.352504211836617,75.35250421183662,0.5210040307753186,146.4991912871938,146.4991912871938,202.94941668042233,2819500.532133753,366889.8926766684,2993980.531368953,13.10605959192634,8.0,8.511401501639625,0.15106365549728717
17.214156991075964,11.490284749341065,15.43521724659708,-4.479283237687866,74.47928323768787,0.509596121701479,145.21162695369213,145.21162695369213,204.81003328767085,2570665.42385859,430555.19064952375,3001961.6152626937,14.393623925428017,8.0,8.640596138508954,0.1500812152815134
17.540353175278064,11.479045735406103,15.436742768641025,-5.167554851494003,75.167554851494,0.5192526102805821,146.3029107236319,146.3029107236319,203.23312017278147,2778500.2126457985,376982.388208561,2995686.0720417355,13.302340155488253,8.0,8.531090465131854,0.15085783559713953
17.469487484986054,11.579534486735277,15.436753581674884,-5.067977206957721,75.06797720695772,0.5171547508876866,146.06714424242506,146.06714424242506,203.5738708422076,2730801.2503977064,388913.5687575695,2996620.3769217925,13.53810663669509,8.0,8.554743097750588,0.1507472442062665
17.52348307658327,11.569516932720923,15.436819270728684,-5.177756342861528,75.17775634286153,0.5187531994252004,146.24685025345678,146.24685025345678,203.31414644264788,2767007.9821777116,379838.1009988025,2995604.6365345633,13.358400625663364,8.0,8.536714300989559,0.1508699332035524
17.530515825372348,11.549994545003905,15.436826486213423,-5.182770810681632,75.18277081068163,0.5189613921069375,146.27022551284063,146.27022551284063,203.2803615111757,2771788.2647857023,378648.8021682789,2995555.4467972443,13.335025366279524,8.0,8.534369336553425,0.1508755833569363
17.510039082832854,11.500887342825127,15.436783332859713,-5.114139224377254,75.11413922437725,0.5183552126356676,146.2021457042821,146.2021457042821,203.3787584114587,2757911.5939302584,382106.91931411595,2996186.1046643467,13.40310517483806,8.0,8.541199066126467,0.15079883115120163
17.47966281477754,11.55949871339287,15.43678564409248,-5.079394858997432,75.07939485899743,0.5174559743865464,146.1010414871829,146.1010414871829,203.5248814243239,2737558.09186271,387210.7941335819,2996513.698686622,13.504209391937252,8.0,8.551342259562261,0.1507602416151013
17.566635389143585,11.72324666860181,15.436329372081609,-5.347912475589851,75.34791247558985,0.5200306509515566,146.39016701510718,146.39016701510718,203.10700233010616,2796578.667112149,372513.96028353187,2994046.1983577497,13.215083864012968,8.0,8.522337495225827,0.15105470645356242
17.507148832439483,11.526646834975743,15.436810953067297,-5.121125636602983,75.12112563660298,0.5182696516411925,146.19253152616795,146.19253152616795,203.3926537481439,2755963.1303093126,382593.88072304527,2996124.4907361493,13.412719352952195,8.0,8.542163575948905,0.15080686753538314
17.54449657875329,11.577554019385243,15.436810615356999,-5.226575313501087,75.22657531350109,0.5193752687611985,146.31667328808908,146.31667328808908,203.21322838710097,2781336.1078526243,376279.5177001023,2995152.291044301,13.288577591031071,8.0,8.529709868262955,0.15092418751389677
17.551417760667835,11.554743778537969,15.436818626752322,-5.229683843577959,75.22968384357796,0.5195801586935416,146.33965692461584,146.33965692461584,203.180008674318,2786085.01383845,375104.12047286466,2995119.75723566,13.265593954504311,8.0,8.527404279488621,0.15092772719200787
17.54335764274231,11.402047220604054,15.436463458652828,-5.134726180264863,75.13472618026486,0.51934155247905,146.31289048868035,146.31289048868035,203.21869588295468,2780556.0525957462,376472.7809880254,2995978.7333525475,13.292360390439796,8.0,8.530089340173163,0.15081859402014236
17.533965860160343,11.526849692748321,15.436817774635395,-5.178316769606397,75.1783167696064,0.5190635245754986,146.2816900497147,146.2816900497147,203.26379138541796,2774138.82568346,378064.7546250275,2995593.478611085,13.323560829405437,8.0,8.533219245673763,0.1508705421513975
17.510289095210958,11.525856789247158,15.436812315971945,-5.1274071837046336,75.12740718370463,0.5183626138309934,146.20297729327098,146.20297729327098,203.37755651658713,2758080.257927241,382064.7829212746,2996066.15632346,13.402273585849173,8.0,8.541115640018688,0.15081386453328002
17.537175276124444,11.550680918770333,15.436825549855639,-5.197295899874973,75.19729589987497,0.5191585339290836,146.29235347234595,146.29235347234595,203.24837908027567,2776328.7166798133,377521.0756067777,2995420.5383117376,13.312897406774198,8.0,8.532149526921273,0.15089173872800682
17.524723553936788,9.381562330334916,15.341847388869827,-4.068030304729007,74.068030304729,0.5187899216677557,146.25097383410048,146.25097383410048,203.30818653402753,2767850.063609813,379628.4478747166,3005415.878737085,13.354277045019671,8.0,8.53630062851505,0.1487246479886711
17.537866688836893,11.350553162760292,15.436169070703734,-5.0967921241187355,75.09679212411874,0.5191790020378002,146.2946505274357,146.2946505274357,203.24505903987807,2776800.9035075023,377403.90330353274,2996323.5306144585,13.310600351684457,8.0,8.531919094890327,0.15077355063670955
17.56979429085687,11.45432854073022,15.436648529901191,-5.217677404066649,75.21767740406665,0.5201241649158339,146.40064783516613,146.40064783516613,203.09185339711377,2798766.006618248,371975.28542958933,2995213.196991142,13.204603043954023,8.0,8.52128615764093,0.15091269598509163
17.536135532622673,11.5627971899875,15.436822997548319,-5.201258669206709,75.20125866920671,0.5191277540740874,146.28889904159456,146.28889904159456,203.25337192448205,2775618.919888254,377697.248018062,2995385.47806436,13.316351837525588,8.0,8.532496063123688,0.15089612443043407
17.501875316027732,11.588503388904613,15.436788678119894,-5.141461943652757,75.14146194365276,0.5181135380706847,146.17498651552955,146.17498651552955,203.41801135929353,2752414.447347695,383481.65808246896,2995942.9612393854,13.430264363590595,8.0,8.543923732834173,0.15082926170873173
17.49869913143693,11.5807607328966,15.43679474937889,-5.130752940127934,75.13075294012793,0.5180195124759304,146.16441740581485,146.16441740581485,203.43328669639084,2750281.129362627,384015.9050388179,2996041.215017348,13.440833473305304,8.0,8.544984059083959,0.1508174129116227
17.532310998891028,11.490254509427434,15.436769001484857,-5.156140554046544,75.15614055404654,0.5190145351951162,146.27619112463248,146.27619112463248,203.27173919674513,2773010.890011975,378344.9525733586,2995794.2169216825,13.329059754487673,8.0,8.533770881837142,0.15084539472619407
17.56244646298063,11.585659680134551,15.436789631980746,-5.268908636672961,75.26890863667296,0.5199066448484497,146.37626650870538,146.37626650870538,203.12709398407253,2793682.9107579514,373227.7473621776,2994759.4901212608,13.228984370414764,8.0,8.523731873105135,0.15097113426607617
17.675154823536246,11.558768327222879,15.436498002854796,-5.495210052648815,75.49521005264882,0.5232431860135064,146.7494055769302,146.7494055769302,202.5877341099919,2873555.077501194,353806.8746254178,2992628.852242204,12.855845302189948,8.0,8.486305546561766,0.15122084350845255
17.489281560927985,11.552376165425802,15.436801117245494,-5.096226870316173,75.09622687031617,0.5177407211642387,146.1330708492464,146.1330708492464,203.47859092648034,2743973.40068551,385597.98502081673,2996357.6544830566,13.472180029873755,8.0,8.548128880306422,0.1507790960066432
17.407180123074106,11.554212762881818,15.43659123295653,-4.922491837918187,74.92249183791819,0.5153102463905893,145.859252249772,145.859252249772,203.87430797408706,2690080.247636793,399265.88953423116,2997954.4947118745,13.74599862934815,8.0,8.575601840804438,0.15058422428218246
15.527450257334008,11.05225798472112,15.364444248858483,-0.6855921170533747,70.68559211705337,0.4596640099862051,139.30578553086622,139.30578553086622,213.31696320391245,1829913.6304118724,664707.8386484521,3031127.186008653,20.299465348253932,8.0,9.234286916950794,0.14534888854236896
17.52744672165761,11.536338094918182,15.436823702254223,-5.169275559492348,75.16927555949235,0.5188705364611489,146.26002538233462,146.26002538233462,203.29510408641244,2769700.289966838,379168.02147317247,2995678.906598108,13.345225496785531,8.0,8.535392591777452,0.1508605408381359
17.514828055191757,11.713814059302123,15.436387491634546,-5.232952257485522,75.23295225748552,0.5184969820956707,146.2180731800088,146.2180731800088,203.35573837968926,2761145.616562785,381299.43143562373,2995109.434520983,13.387177699111362,8.0,8.539601207375085,0.15092715138319182
17.552151919531926,12.093746089948631,15.432246612863452,-5.506064065057217,75.50606406505722,0.5196018922300748,146.34209449306576,146.34209449306576,203.17648548635367,2786589.618486528,374979.34443663363,2992621.9582328,13.26315638605439,8.0,8.527159758093887,0.1511913271770249
17.52642497826345,11.522858666673173,15.436814982274234,-5.160228306320732,75.16022830632073,0.5188402894690186,146.2566293300967,146.2566293300967,203.30001249757922,2769005.8132738476,379340.8048993712,2995761.0676544434,13.348621549023449,8.0,8.535733277735858,0.15085039101276723
17.5225824444242,11.652306188192114,15.43665447841705,-5.218062459848852,75.21806245984885,0.5187265377271817,146.24385624388356,146.24385624388356,203.3184737499431,2766396.892855508,379990.28407456464,2995241.0146826683,13.361394635236593,8.0,8.537014656891643,0.1509131828291902
17.600991751738714,11.496374354837666,15.436696583527265,-5.305532601906407,75.3055326019064,0.5210477131953438,146.50408035838257,146.50408035838257,202.94234980650478,2820537.2442762307,366636.6128632688,2994398.8887146744,13.101170520737583,8.0,8.510911104788931,0.15101104072535781
17.611712590194564,11.530820963762004,15.436713918977825,-5.345887516087203,75.3458875160872,0.5213650855593417,146.53959233631133,146.53959233631133,202.89101896387547,2828090.390435255,364794.11480850354,2994028.163019807,13.06565854280882,8.0,8.507349126302927,0.15105621072059755
17.53411004594195,11.539606354698279,15.436824544999196,-5.185126100689899,75.1851261006899,0.5190677929526925,146.28216914487297,146.28216914487297,203.2630989297234,2774237.1408073595,378040.33693200356,2995532.055269585,13.323081734247182,8.0,8.533171184324658,0.15087818527546396
17.535140311390368,11.486430508887896,15.436760746558834,-5.160216627843965,75.16021662784397,0.5190982922258842,146.28559238584825,146.28559238584825,203.25815117718642,2774939.826982689,377865.8420076691,2995755.658240408,13.319658493271902,8.0,8.53282777568569,0.15084984802412318
17.49922396354438,11.567412562240627,15.436806416397221,-5.125058069529871,75.12505806952987,0.5180350492464293,146.1661639435187,146.1661639435187,203.4307624622507,2750633.430481635,383927.64959660225,2996092.556113038,13.439086935601438,8.0,8.54480884051884,0.1508111951278669
17.546912352645524,11.504409267898396,15.43678776690503,-5.194446380324507,75.19444638032451,0.5194467836780794,146.3246962913289,146.3246962913289,203.2016322592919,2782991.989726566,375869.4434183558,2995439.686950394,13.280554587791244,8.0,8.5289050425053,0.15088819799704914
17.502868545285388,11.509877539648059,15.43679127297133,-5.103459431028455,75.10345943102845,0.5181429409498338,146.17829129910848,146.17829129910848,203.4132350046923,2753082.1795631475,383314.5232158225,2996286.2566202856,13.426959580011669,8.0,8.543592187839806,0.15078703791444015
17.599516159590266,11.562465368503158,15.436748434637654,-5.336013041576564,75.33601304157656,0.5210040307753186,146.4991912871938,146.4991912871938,202.94941668042236,2819500.532133753,366889.8926766684,2994127.9982051705,13.10605959192634,8.0,8.511401501639625,0.15104553476011764
17.534922728557163,11.514742098477807,15.436806215975192,-5.1741827195210135,75.17418271952101,0.5190918510526099,146.28486944070238,146.28486944070238,203.25919608036608,2774791.398910221,377902.69679535535,2995630.0964384084,13.320381438417769,8.0,8.532900299185428,0.15086582947837224
17.559391594948877,11.479045735406103,15.436729090691706,-5.208103339118622,75.20810333911862,0.5198162106260769,146.36612767093595,146.36612767093595,203.14174850205146,2791574.565622715,373747.90943107463,2995307.656514062,13.239123208184196,8.0,8.52474891988254,0.15090282532168126
17.496631291432777,11.579534486735277,15.436793891097054,-5.125727351763828,75.12572735176383,0.5179582975557364,146.1575356564394,146.1575356564394,203.44323272734337,2748893.862077993,384363.5415766169,2996087.553021297,13.447715222680756,8.0,8.54567446109479,0.1508118168654649
17.561583925242275,11.569516932720923,15.436804579306978,-5.258850088380655,75.25885008838065,0.519881110871589,146.3734039572425,146.3734039572425,203.1312314762469,2793087.3279760242,373374.64711159444,2994850.4707121197,13.231846921877661,8.0,8.524019020700166,0.15096007428172376
17.51222097263431,11.549994545003905,15.43682190096288,-5.1438311570903466,75.14383115709035,0.518419803808002,146.2094027841037,146.2094027841037,203.36826974749937,2759384.180525057,381739.11837083177,2995916.8124887203,13.395848095016447,8.0,8.54047102758301,0.1508322210831106
17.58676013869744,11.500887342825127,15.436733708648397,-5.277515259521749,75.27751525952175,0.5206264102633937,146.45691389042514,146.45691389042514,203.0105258201052,2810567.433684557,369076.2250566149,2994662.653351117,13.148336988695007,8.0,8.515642179088502,0.15098017721662563
17.47966281477754,11.618788039237536,15.436706021171418,-5.109668760867066,75.10966876086707,0.5174559743865464,146.1010414871829,146.1010414871829,203.52488142432935,2737558.09186271,387210.7941337408,2996238.8887551036,13.504209391937252,8.0,8.55134225955834,0.15079310669756535
17.526062391428777,11.55347587687546,15.436826055086508,-5.175066577012217,75.17506657701222,0.5188295556965298,146.25542413449978,146.25542413449978,203.30175439972444,2768759.4401744744,379402.1121326823,2995627.483993971,13.349826744620373,8.0,8.535854180979015,0.15086700676022854
17.507148832439483,11.508451333087393,15.436792494050735,-5.11184406050927,75.11184406050927,0.5182696516411925,146.19253152616795,146.19253152616795,203.39265374813394,2755963.1303093126,382593.88072278094,2996208.346546558,13.412719352952195,8.0,8.542163575948166,0.15079636936528873
17.56329097508731,11.577554019385243,15.43679690689351,-5.266577405767066,75.26657740576707,0.5199316452068475,146.37906913439508,146.37906913439508,203.12304310402743,2794266.271523251,373083.89262354205,2994779.826135426,13.226181744725068,8.0,8.523450737211306,0.15096860805555115
17.52684096011995,11.554743778537969,15.43682593254018,-5.177370178582805,75.1773701785828,0.5188526039111886,146.25801198116255,146.25801198116255,203.29801411328174,2769288.5168679194,379270.4639655559,2995606.2667126423,13.347238897957595,8.0,8.53559457254363,0.1508695686415765
17.549271444469305,11.402047220604054,15.436459360829149,-5.14732807098261,75.14732807098261,0.5195166206178006,146.33253024139117,146.33253024139117,203.19030935085632,2784610.756354083,375468.7972228043,2995860.924024377,13.27272063772898,8.0,8.52811918501402,0.15083256766295508
17.497052952586607,11.526849692748321,15.436802761740088,-5.0997393138084135,75.09973931380841,0.5179707801239374,146.1589389901984,146.1589389901984,203.44120452409416,2749176.6415045355,384292.66535104014,2996322.6234184178,13.446311888921741,8.0,8.545533673359614,0.15078301559354992
16.807185225470292,11.525856789247158,15.428398390103963,-3.634147768877824,73.63414776887782,0.49754840809562734,143.82798106630247,143.82798106630247,206.80786375506196,2347983.1676844778,492996.3876513562,3009214.4490001258,15.777269812817678,8.0,8.77953107382092,0.14909057682922935
17.53060227583047,11.543349630681913,15.43682588196889,-5.17956728534682,75.17956728534682,0.5189639513271306,146.27051281035915,146.27051281035915,203.27994627010298,2771847.120403654,378634.1721559354,2995584.270273516,13.334738068760998,8.0,8.534340515563542,0.15087201281799945
17.524143150286868,11.565404384049174,15.436821833367723,-5.177064033517183,75.17706403351718,0.5187727397953483,146.2490444904226,146.2490444904226,203.31097506116157,2767456.0061858976,379726.5484349935,2995610.5274393647,13.356206388697558,8.0,8.536494177757447,0.15086918794471996
17.918828269339254,11.514520140205004,15.434475052331685,-5.992186655483067,75.99218665548307,0.5304567279259697,147.550004595117,147.550004595117,201.43036800164992,3061347.654087176,310202.3059730567,2987844.9425456356,12.055246284003147,8.0,8.406030922963055,0.1517586078156273
17.461857597532756,11.602375339379186,15.436705558789695,-5.063414694129563,75.06341469412956,0.5169288809216328,146.04171686919665,146.04171686919665,203.6106188809321,2725754.589700175,390188.1239876777,2996663.6305768923,13.563534009923501,8.0,8.557294213395721,0.15074170720044291
17.50410528285748,11.5627971899875,15.436813234038128,-5.1330905008457535,75.13309050084575,0.5181795524824594,146.1824061124275,146.1824061124275,203.40728791781612,2753914.0314560994,383106.36570413155,2996017.754778868,13.422844766692663,8.0,8.543179379280332,0.15082019265095897
17.545237052175167,11.588503388904613,15.43679858072302,-5.2337313666740215,75.23373136667402,0.5193971892295787,146.3191325560619,146.3191325560619,203.2096738629659,2781843.4710468603,376153.84466908465,2995087.3952184296,13.286118323058247,8.0,8.529463166973187,0.15093203835531885
17.50901457741609,11.5807607328966,15.436803356354192,-5.152702027835744,75.15270202783574,0.5183248838785106,146.19873790944496,146.19873790944496,203.38368369064656,2757220.6358348452,382279.5645442741,2995838.161975851,13.406512969675191,8.0,8.541540941002495,0.15084190584312449
17.480369727349405,13.364740681781011,15.390686921496751,-6.0048975536971625,76.00489755369716,0.5174769013424927,146.1033958819828,146.1033958819828,203.5214787505436,2738028.642746218,387092.36883753486,2987975.80459905,13.501854997137343,8.0,8.551106050514193,0.15134233836484998
17.534539652628936,11.585659680134551,15.436805032953789,-5.209516681489731,75.20951668148973,0.5190805107350188,146.28359660833212,146.28359660833212,203.26103575815094,2774530.111923137,377967.5793316076,2995311.993544554,13.32165427078803,8.0,8.533027985652666,0.15090514100399452
17.502843659597673,11.716469463272361,15.436363311313473,-5.208830508725214,75.20883050872521,0.5181422042509672,146.17820849839575,146.17820849839575,203.41335467541336,2753065.445704554,383318.7112414739,2995332.0753113125,13.427042380724401,8.0,8.543600494629402,0.15090005906259782
17.529043845232483,11.552376165425802,15.436826365198478,-5.180851842380321,75.18085184238032,0.5189178166143423,146.26533357265617,146.26533357265617,203.28743199564445,2770786.4880008497,378897.8662597152,2995573.607210216,13.339917306463974,8.0,8.534860084782224,0.1508734468753516
17.407180123074106,11.58656692074733,15.436564513764562,-4.939046526032996,74.939046526033,0.5153102463905893,145.859252249772,145.859252249772,203.87430797408507,2690080.247636793,399265.889534217,2997802.922770506,13.74599862934815,8.0,8.575601840805973,0.15060231551118644
17.58205179009995,11.558983924509153,15.43678249559264,-5.2970586095434555,75.29705860954346,0.5204870275340423,146.44130310093806,146.44130310093806,203.03308997053074,2807283.2105235676,369881.77676395036,2994491.81812253,13.163947778182091,8.0,8.517208060443465,0.15100243508553934
17.52744672165761,11.50780135597444,15.436798304512642,-5.154727333256687,75.15472733325669,0.5188705364611489,146.26002538233462,146.26002538233462,203.29510408641235,2769700.289966838,379168.02147317247,2995810.0263368157,13.345225496785531,8.0,8.535392591777452,0.1508441091543687
17.609967626948595,10.680690095772668,15.423351945065722,-4.91029990715225,74.91029990715225,0.521313428861711,146.53381339122825,146.53381339122825,202.89937218456797,2826858.494857336,365094.28333812975,2997886.0513014514,13.071437487891899,8.0,8.507928770380033,0.1504415737534411
17.542035142194916,11.572501928457552,15.436815713802796,-5.218761802214999,75.218761802215,0.5193024020780023,146.30849777485327,146.30849777485327,203.22504491402307,2779650.7751297764,376697.13703498937,2995224.191274549,13.296753104266884,8.0,8.530529996702285,0.15091553771823046
17.535349789368098,11.560905049847513,15.43682389141541,-5.198621767529119,75.19862176752912,0.5191044934685641,146.28628839522122,146.28628839522122,203.25714520516013,2775082.739868712,377830.35851344315,2995409.71169643,13.318962483898929,8.0,8.53275795431955,0.150893198208457
17.5225824444242,11.552502759031206,15.436825610570839,-5.167163536552778,75.16716353655278,0.5187265377271817,146.24385624388356,146.24385624388356,203.31847374994263,2766396.892855508,379990.2840745607,2995700.7170980885,13.361394635236593,8.0,8.537014656893291,0.1508582098469576
17.485971838389354,11.79143527981995,15.43585249173189,-5.211255687791322,75.21125568779132,0.5176427424034741,146.12205134345692,146.12205134345692,203.49451695431313,2741762.8626697087,386153.2869561729,2995313.7841215204,13.483199535663232,8.0,8.54923441736048,0.15089776502534666
17.527322167813487,11.543031881260799,15.436825799009592,-5.17242313487759,75.17242313487759,0.5188668492543957,146.25961140053744,146.25961140053744,203.2957024264367,2769615.6139935944,379189.08623881877,2995650.601431944,13.345639478582711,8.0,8.535434121664935,0.15086406316684375
17.516113436373324,11.539606354698279,15.43682235535549,-5.146817691508204,75.1468176915082,0.5185350336404181,146.22234762326252,146.22234762326252,203.34956049015793,2762014.819866287,381082.56593582244,2995887.838403006,13.382903255857627,8.0,8.539172393758747,0.15083554692945988
17.535140311390368,11.509556471096847,15.436799822416,-5.172002978060334,75.17200297806033,0.5190982922258842,146.28559238584825,146.28559238584825,203.25815117718267,2774939.826982689,377865.8420076181,2995649.5792124085,13.319658493271902,8.0,8.532827775684154,0.15086334184312725
17.52081758414318,11.53191262823422,15.436820559853215,-5.152907579096734,75.15290757909673,0.5186742920113434,146.2379889064477,146.2379889064477,203.32695392705847,2765200.1283158795,380288.418936967,2995830.3191574365,13.367261972672452,8.0,8.537603263473557,0.15084230257306713
17.546912352645524,12.103662647580663,15.432081755133368,-5.500013336622487,75.50001333662249,0.5194467836780794,146.3246962913289,146.3246962913289,203.20163225929682,2782991.989726566,375869.44341843564,2992677.840654179,13.280554587791244,8.0,8.52890504250314,0.15118294891917694
17.502868545285388,11.569740625454997,15.436808200098163,-5.134001441231987,75.13400144123199,0.5181429409498338,146.17829129910848,146.17829129910848,203.4132350046981,2753082.1795631475,383314.52321595827,2996010.059881582,13.426959580011669,8.0,8.543592187841739,0.15082115637145962
17.599516159590266,11.550037539248656,15.43675017371925,-5.329689953827028,75.32968995382703,0.5210040307753186,146.4991912871938,146.4991912871938,202.94941668043035,2819500.532133753,366889.8926768816,2994184.5166897625,13.10605959192634,8.0,8.511401501637181,0.15103850003243582
17.541651934475816,11.514742098477807,15.436804078168084,-5.188510307519266,75.18851030751927,0.5192910578589643,146.30722489538294,146.30722489538294,203.22688467498716,2779388.562455633,376762.1352243648,2995496.714371285,13.298025983737205,8.0,8.530657686227073,0.1508817512278067
17.55275599312701,11.479045735406103,15.436735135792832,-5.193970218510685,75.19397021851069,0.5196197748113384,146.34410009201156,146.34410009201156,203.1735866519255,2787004.937585755,374876.66348061466,2995439.6548372284,13.26115078710859,8.0,8.526958569384476,0.1508871536141139
17.496631291432777,11.56796395515017,15.436803464927667,-5.119822466858636,75.11982246685864,0.5179582975557364,146.1575356564394,146.1575356564394,203.44323272734584,2748893.862077993,384363.5415767343,2996141.0268140105,13.447715222680756,8.0,8.545674461093142,0.150805345629286
17.539157367862664,11.569516932720923,15.436818695474923,-5.2111154878805905,75.21111548788059,0.5192172104163014,146.29893831960374,146.29893831960374,203.23886168760234,2777682.7397694695,377185.1307610446,2995294.8385861693,13.306312559516414,8.0,8.531488960305808,0.15090705436397894
17.530515825372348,11.54307992133447,15.436825831048168,-5.179245767049622,75.17924576704962,0.5189613921069375,146.27022551284063,146.27022551284063,203.2803615111757,2771788.2647857023,378648.8021682789,2995587.219590194,13.335025366279524,8.0,8.534369336553425,0.1508716545692372
17.534529636149653,11.500887342825127,15.436787377050559,-5.1662842626508905,75.16628426265089,0.5190802142140217,146.28356332666044,146.28356332666044,203.26108386152458,2774523.2805228713,377969.2757805081,2995701.4555895207,13.321687552459707,8.0,8.533031324367357,0.15085685803103652
17.5033762716648,11.547421729403894,15.436815955002249,-5.123694386861928,75.12369438686193,0.5181579713340674,146.17998060833816,146.17998060833816,203.4107934688598,2753423.6300043156,383229.0731201885,2996103.070978605,13.425270270781994,8.0,8.543422711921494,0.15080977220141467
18.027777510354017,10.940535327090817,15.426393898401532,-5.9363978087799865,75.93639780877999,0.533681986688988,147.90529281248047,147.90529281248047,200.91674196656237,3152784.7436423977,289935.87875966035,2988002.4817550406,11.699958066639681,8.0,8.37041854517588,0.15161638396158866
17.532255798874637,11.526646834975743,15.436817867855636,-5.174572769785243,75.17457276978524,0.5190129010916115,146.27600769417506,146.27600769417506,203.27200431568247,2772973.2806938896,378354.29732226586,2995628.268247117,13.329243184945085,8.0,8.533789283077795,0.15086637732700456
17.531251815442282,14.134640797131624,15.348950117177615,-6.506714316803368,76.50671431680337,0.518983179853235,146.27267136634083,146.27267136634083,203.27682643286667,2772289.40099741,378524.2423992613,2983331.6228106203,13.332579512779319,8.0,8.534123974630404,0.15149613626900757
17.52684096011995,11.551398806490383,15.436826340388588,-5.175664713581682,75.17566471358168,0.5188526039111886,146.25801198116255,146.25801198116255,203.29801411328478,2769288.5168679194,379270.4639656012,2995621.6476871124,13.347238897957595,8.0,8.535594572543744,0.15086767505071494
17.531648437595717,11.545793399595752,15.436826208686252,-5.1830399809144865,75.18303998091449,0.5189949211840058,146.27398939494327,146.27398939494327,203.27492143838404,2772559.5298766596,378457.10996302037,2995552.347735763,13.331261484176878,8.0,8.533991753424914,0.15087588016386458
17.533965860160343,13.015869862152698,15.406004455933864,-5.938859902739068,75.93885990273907,0.5190635245754986,146.2816900497147,146.2816900497147,203.2637913854163,2774138.82568346,378064.75462500774,2988648.171380754,13.323560829405437,8.0,8.533219245672967,0.15141875413598566
17.527504137383964,11.525856789247158,15.436817473209116,-5.1640542163492,75.1640542163492,0.5188722361570149,146.260216215242,146.260216215242,203.29482827000183,2769739.324736225,379158.3110465615,2995725.9390753615,13.345034663878153,8.0,8.535373447773452,0.15085467131898994
17.53060227583047,11.52382564493864,15.436815789410971,-5.169614425060047,75.16961442506005,0.5189639513271306,146.27051281035915,146.27051281035915,203.2799462701132,2771847.120403654,378634.1721561603,2995673.9572800063,13.334738068760998,8.0,8.53434051556144,0.15086084050476162
17.1440343559865,11.565404384049174,15.434453814020152,-4.369013597375215,74.36901359737521,0.5075202592062314,144.97499432282405,144.97499432282405,205.15184626991473,2529635.554135883,441642.9618210098,3002915.1683492116,14.630256556296104,8.0,8.664349741900253,0.14995248455194013
17.537866688836893,11.585453335832277,15.436804707638089,-5.216491720484385,75.21649172048438,0.5191790020378002,146.2946505274357,146.2946505274357,203.24505903986736,2776800.9035075023,377403.9033032549,2995247.178660941,13.310600351684457,8.0,8.53191909489243,0.15091290277808747
17.59222690175053,11.602375339379186,15.436723726851978,-5.34080492488107,75.34080492488107,0.520788244575208,146.47503527535702,146.47503527535702,202.9843326693925,2814389.491305868,368139.94249739015,2994091.5123909847,13.130215603763133,8.0,8.513824482871371,0.15105063752124945
16.78255434317831,11.5627971899875,15.427774022577575,-3.601234712473115,73.60123471247311,0.4968192523143372,143.7434315008399,143.7434315008399,206.9298715546099,2335620.093638114,496634.4589411206,3009455.3475004816,15.861819378280245,8.0,8.788024138322612,0.14904878011342348
17.543941717947593,11.588503388904613,15.436799134168478,-5.230974715720663,75.23097471572066,0.5193588430416695,146.31483042715627,146.31483042715627,203.21589198005245,2780956.034788594,376373.6762466774,2995113.0247702016,13.290420451963882,8.0,8.529894734949437,0.15092897404337696
17.53231130103979,11.552162665706817,15.436826263562718,-5.18769784760309,75.18769784760309,0.5190145441397215,146.2761921286761,146.2761921286761,203.27173774556374,2773011.095876975,378344.90142261307,2995509.9738683873,13.329058750444062,8.0,8.533770781112594,0.1508810639357871
17.54066476998141,11.539146617891141,15.436822678837993,-5.1988454004956,75.1988454004956,0.5192618345169157,146.30394578979542,146.30394578979542,203.23162413842618,2778713.2958212625,376929.55099631095,2995404.370249441,13.301305089324728,8.0,8.53098663171545,0.1508934352621101
17.534539652628936,11.554484560324411,15.436825708759994,-5.19362458746258,75.19362458746258,0.5190805107350188,146.28359660833212,146.28359660833212,203.26103575814545,2774530.111923137,377967.57933142985,2995455.2275383873,13.32165427078803,8.0,8.533027985654769,0.1508876542604905
17.502843659597673,11.59317386932544,15.436783137990727,-5.145905449520171,75.14590544952017,0.5181422042509672,146.17820849839575,146.17820849839575,203.41335467540193,2753065.445704554,383318.71124117385,2995902.3369001965,13.427042380724401,8.0,8.543600494629914,0.15083414918826551
17.529043845232483,11.537312778757759,15.436824133302261,-5.1731723022701885,75.17317230227019,0.5189178166143423,146.26533357265617,146.26533357265617,203.2874319956356,2770786.4880008497,378897.86625956954,2995642.8367548147,13.339917306463974,8.0,8.534860084786942,0.15086488039881554
17.536401845999926,11.544978116949302,15.436825387220313,-5.192742792742365,75.19274279274237,0.5191356378330351,146.28978385258353,146.28978385258353,203.2520930679225,2775800.691240082,377652.1278460267,2995462.0278498665,13.315467026536624,8.0,8.532407301969727,0.15088666974941375
17.550950386237645,11.558983924509153,15.436818022294723,-5.230849316919944,75.23084931691994,0.5195663228607946,146.33810509879027,146.33810509879027,203.18225163508257,2785763.863282523,375183.54473701754,2995109.596744232,13.267145780329884,8.0,8.52755994898007,0.15092901907924788
17.52744672165761,11.576184942191546,15.436814769327405,-5.189591662451221,75.18959166245122,0.5188705364611489,146.26002538233462,146.26002538233462,203.29510408642494,2769700.289966838,379168.02147342707,2995495.6858362528,13.345225496785531,8.0,8.535392591772563,0.15088305911288508
17.514828055191757,11.547545071384928,15.436823183692846,-5.148130654078329,75.14813065407833,0.5184969820956707,146.2180731800088,146.2180731800088,203.35573837969034,2761145.616562785,381299.43143564695,2995876.6533413297,13.387177699111362,8.0,8.539601207377359,0.15083701525168136
17.559800182130687,11.572501928457552,15.436804291907396,-5.256573752417069,75.25657375241707,0.5198283061613583,146.36748381313612,146.36748381313612,203.13978835809684,2791856.387501313,373678.35669576394,2994872.2001466546,13.23776706598403,8.0,8.524612882258225,0.15095753565227646
17.535349789368098,11.514187252187693,15.436805485167328,-5.17480919389584,75.17480919389584,0.5191044934685641,146.28628839522122,146.28628839522122,203.2571452051692,2775082.739868712,377830.3585136388,2995624.1809147117,13.318962483898929,8.0,8.5327579543208,0.1508665193576588
17.5225824444242,11.531930933264501,15.436820956756302,-5.156673809062113,75.15667380906211,0.5187265377271817,146.24385624388356,146.24385624388356,203.318473749943,2766396.892855508,379990.28407456464,2995795.3508850257,13.361394635236593,8.0,8.537014656891643,0.1508464955693802
17.485971838389354,11.543546342837441,15.43679681906697,-5.084676427082115,75.08467642708212,0.5176427424034741,146.12205134345692,146.12205134345692,203.49451695430855,2741762.8626697087,386153.2869560863,2996463.578933658,13.483199535663232,8.0,8.549234417362186,0.1507662189823395
17.504191582241223,11.543031881260799,15.436816137375024,-5.123189962559309,75.12318996255931,0.51818210723035,146.18269323534253,146.18269323534253,203.40687294240607,2753972.0950745204,383091.83857569913,2996107.255247657,13.422557643777623,8.0,8.543150574414938,0.1508092131822271
17.49427447952063,11.539606354698279,15.43680611001795,-5.100335279276294,75.1003352792763,0.5178885281089588,146.14969146106364,146.14969146106364,203.4545697269838,2747314.284656875,384759.58362075954,2996318.435218932,13.45555941805651,8.0,8.546461422366008,0.15078371064031967
17.78533080878241,11.509556471096847,15.435781538131101,-5.705035421818934,75.70503542181893,0.5265047604731322,147.11242275261606,147.11242275261606,202.06296101839544,2955769.349250653,334374.7621552003,2990613.391997507,12.492828126504094,8.0,8.449901960920329,0.15144875176401612
17.54714931904099,11.53191262823422,15.436816248929691,-5.208964174815264,75.20896417481526,0.5194537986690643,146.32548323309322,146.32548323309322,203.20049484344648,2783154.5142284473,375829.2078985113,2995309.001815559,13.279767646026926,8.0,8.528826100810022,0.15090463560432746
17.546912352645524,11.485029399357451,15.436752670144465,-5.184572739682665,75.18457273968266,0.5194467836780794,146.3246962913289,146.3246962913289,203.20163225929187,2782991.989726566,375869.44341835397,2995528.41655034,13.280554587791244,8.0,8.528905042501663,0.15087686700900796
17.536417974076407,11.569740625454997,15.436819203249865,-5.2053991390836245,75.20539913908362,0.5191361152775728,146.28983743687024,146.28983743687024,203.25201562016784,2775811.7001051344,377649.3952671231,2995348.000844163,13.315413442249906,8.0,8.532401926583873,0.1509006960535613
17.532197617537285,11.550037539248656,15.436826383066235,-5.186372527532399,75.1863725275324,0.5190111787311216,146.2758143562716,146.2758143562716,203.2722837542074,2772933.6411256343,378364.14666296926,2995521.9858819707,13.329436522848539,8.0,8.533808678207151,0.15087959026194542
17.536522164845355,11.514742098477807,15.436805835525755,-5.177588136828376,75.17758813682838,0.5191391996697855,146.29018360174138,146.29018360174138,203.2515152926081,2775882.8216101797,377631.74201713054,2995598.4041104605,13.315067277378773,8.0,8.532367200544343,0.150869614739624
17.513869888859848,11.479045735406103,15.436743039247933,-5.111156851239116,75.11115685123912,0.5184686171953774,146.21488671189275,146.21488671189275,203.36034380309417,2760498.007666087,381461.05384520866,2996210.8967171563,13.390364167227403,8.0,8.539920875613575,0.15079512238435405
17.496631291432777,11.543744653546206,15.436809464381314,-5.107463038119761,75.10746303811976,0.5179582975557364,146.1575356564394,146.1575356564394,203.4432327273473,2748893.862077993,384363.54157673276,2996252.9148238576,13.447715222680756,8.0,8.545674461093313,0.15079166548123685
17.52348307658327,11.528942692428721,15.43681928957521,-5.157067380710885,75.15706738071088,0.5187531994252004,146.24685025345678,146.24685025345678,203.31414644264692,2767007.9821777116,379838.10099878174,2995791.2869732683,13.358400625663364,8.0,8.536714300989274,0.15084691705495157
17.530515825372348,11.557811691917525,15.4368253558939,-5.186756037075725,75.18675603707572,0.5189613921069375,146.27022551284063,146.27022551284063,203.28036151118457,2771788.2647857023,378648.80216843984,2995519.521249762,13.335025366279524,8.0,8.534369336548991,0.1508800069961969
17.532617939603668,11.547464833854228,15.436826278864139,-5.185955732991033,75.18595573299103,0.5190236216578943,146.27721108511207,146.27721108511207,203.2702650091563,2773220.0342968344,378292.9890249639,2995525.489760629,13.328039794008077,8.0,8.533668562245964,0.15087912543244852
17.5033762716648,11.54608784803878,15.436815880579692,-5.1230138407370305,75.12301384073703,0.5181579713340674,146.17998060833816,146.17998060833816,203.4107934688658,2753423.6300043156,383229.0731204046,2996109.2256847564,13.425270270781994,8.0,8.543422711921323,0.15080901486853746
17.526062391428777,11.583013167234405,15.436807912758166,-5.190127407572561,75.19012740757256,0.5188295556965298,146.25542413449978,146.25542413449978,203.30175439972496,2768759.4401744744,379402.1121327015,2995491.604371039,13.349826744620373,8.0,8.535854180979925,0.1508835883071234
17.54491821437137,11.526646834975743,15.436813901343077,-5.201530938971871,75.20153093897187,0.5193877505734568,146.31807363828835,146.31807363828835,203.2112043792577,2781624.9866380333,376207.96007904236,2995377.3777464787,13.287177240831795,8.0,8.529569392191831,0.15089633856605353
17.54094080598072,11.577554019385243,15.436811974071128,-5.219007631489774,75.21900763148977,0.5192700060977122,146.30486272418858,146.30486272418858,203.23029884555947,2778902.0871862755,376882.74070471735,2995222.6557395034,13.300388154931568,8.0,8.530894648818787,0.15091577485063812
17.524177784276244,11.551398806490383,15.436826012756839,-5.1699962102482,75.1699962102482,0.5187737650762654,146.24915962005014,146.24915962005014,203.31080866158774,2767479.5176063636,379720.69487610226,2995674.2779705245,13.356091259070013,8.0,8.53648262809537,0.15086136516424767
17.532149553276,11.545793399595752,15.43682616722718,-5.184106671262043,75.18410667126204,0.5190097558696269,146.2756546372749,146.2756546372749,203.2725146020592,2772900.8952093995,378372.2832279039,2995542.434210762,13.329596241845252,8.0,8.533824700778553,0.15087706673107878
17.533965860160343,11.60472337175316,15.4367770118087,-5.218014516384301,75.2180145163843,0.5190635245754986,146.2816900497147,146.2816900497147,203.2637913854164,2774138.82568346,378064.75462500774,2995235.689555055,13.323560829405437,8.0,8.533219245672967,0.15091432737401406
17.549875074340008,11.525856789247158,15.436810375143896,-5.211682026128415,75.21168202612841,0.5195344900633513,146.334534616145,146.334534616145,203.1874122951753,2785025.2325260174,375366.25158022606,2995282.6679671654,13.270716262975156,8.0,8.527918118040304,0.15090760370938627
17.52776792167412,11.543349630681913,15.436825884861122,-5.1735339753792005,75.1735339753792,0.5188800450465991,146.26109295019046,146.26109295019046,203.293561098921,2769918.674543365,379113.69712121156,2995640.326770494,13.34415792892969,8.0,8.535285495384358,0.15086529991162959
17.524143150286868,11.550481103926032,15.436826058315033,-5.169454559939197,75.1694545599392,0.5187727397953483,146.2490444904226,146.2490444904226,203.31097506116492,2767456.0061858976,379726.5484350986,2995679.1836537514,13.356206388697558,8.0,8.536494177757504,0.15086076300606507
17.537866688836893,11.559800037230616,15.436823740079372,-5.2034156548574515,75.20341565485745,0.5191790020378002,146.2946505274357,146.2946505274357,203.24505903987603,2776800.9035075023,377403.9033034949,2995364.9891723245,13.310600351684457,8.0,8.531919094890668,0.15089853257156413
17.530233937377695,11.602375339379186,15.436781181548698,-5.2088766803425415,75.20887668034254,0.518953047287676,146.26928871774368,146.26928871774368,203.28171549336028,2771596.370798874,378696.5043068917,2995320.168150553,13.335962161376472,8.0,8.534463313585263,0.15090419540147365
17.53352751336073,11.5627971899875,15.43682339941877,-5.1957077318865,75.1957077318865,0.51905054805686,146.28023350894017,146.28023350894017,203.2658965822162,2773839.97172555,378138.9837772388,2995437.0611317735,13.325017370179978,8.0,8.533365361444396,0.15088995011463718
17.543941717947593,11.568069722509783,15.43681788013944,-5.220560898749909,75.22056089874991,0.5193588430416695,146.31483042715627,146.31483042715627,203.2158919800565,2780956.034788594,376373.6762468075,2995206.7888206886,13.290420451963882,8.0,8.529894734948073,0.1509175619398285
17.532105334135657,11.552162665706817,15.43682628104922,-5.187259438875969,75.18725943887597,0.5190084468364611,146.27550769543893,146.27550769543893,203.2727269825868,2772870.769575979,378379.76880126324,2995514.04773732,13.329743183681217,8.0,8.533839441584405,0.15088057623374068
17.532310998891028,11.536752019273841,15.436823727099993,-5.179841383565474,75.17984138356547,0.5190145351951162,146.27619112463248,146.27619112463248,203.2717391967373,2773010.890011975,378344.95257313276,2995580.769410872,13.329059754487673,8.0,8.533770881838109,0.15087229674578448
17.536275483783633,11.554484560324411,15.436825393145282,-5.197319375798145,75.19731937579814,0.5191318970924699,146.28936402260365,146.28936402260365,203.25269986687016,2775714.4404019187,377673.5370806218,2995420.8824216803,13.3158868565165,8.0,8.532449417844362,0.15089176332465729
17.502843659597673,11.547995180730162,15.436815533081583,-5.122853421063496,75.1228534210635,0.5181422042509672,146.17820849839575,146.17820849839575,203.41335467540966,2753065.445704554,383318.7112413369,2996110.920331236,13.427042380724401,8.0,8.543600494628322,0.150808833126175
17.529043845232483,11.531284261389402,15.436821168558689,-5.170098962735096,75.1700989627351,0.5189178166143423,146.26533357265617,146.26533357265617,203.28743199564644,2770786.4880008497,378897.866259834,2995670.536872966,13.339917306463974,8.0,8.534860084780291,0.15086143213872336
17.536401845999926,11.536491338697811,15.436822921646993,-5.188417083813022,75.18841708381302,0.5191356378330351,146.28978385258353,146.28978385258353,203.252093067924,2775800.691240082,377652.12784601,2995500.9848201857,13.315467026536624,8.0,8.532407301968874,0.15088183166359526
17.550950386237645,11.540985860937333,15.43681790153075,-5.221679367987463,75.22167936798746,0.5195663228607946,146.33810509879027,146.33810509879027,203.18225163508367,2785763.863282523,375183.54473698925,2995192.04624791,13.267145780329884,8.0,8.527559948981718,0.15091880743536082
17.5131888356391,11.536338094918182,15.436819889705676,-5.138925653645003,75.138925653645,0.5184484557619626,146.21262172807172,146.21262172807172,203.36361739589304,2760037.86336251,381575.9142233307,2995960.630482904,13.392629151048425,8.0,8.540148100376655,0.15082674620861114
17.519880614107088,11.547545071384928,15.43682506830061,-5.158884718863476,75.15888471886348,0.5186465545916841,146.23487373622186,146.23487373622186,203.3314563359603,2764565.1458250824,380446.6566901526,2995776.8982104748,13.370377142898292,8.0,8.537915775627368,0.1508489950169919
17.542035142194916,11.52892227578607,15.43681688055071,-5.196552305915304,75.1965523059153,0.5193024020780023,146.30849777485327,146.30849777485327,203.22504491401435,2779650.7751297764,376697.13703471597,2995424.1059415718,13.296753104266884,8.0,8.5305299967074,0.15089082638006165
17.535349789368098,11.543349630681913,15.436825316339469,-5.18967322004454,75.18967322004454,0.5191044934685641,146.28628839522122,146.28628839522122,203.25714520516647,2775082.739868712,377830.35851357,2995490.329137035,13.318962483898929,8.0,8.532757954320005,0.15088325296424554
17.52226832722736,11.552502759031206,15.436825541299216,-5.1664949621397795,75.16649496213978,0.5187172388166773,146.24281198340623,146.24281198340623,203.31998304127063,2766183.8186060917,380043.3551064539,2995706.921964946,13.362438895713922,8.0,8.537119416124142,0.15085746539156988
17.485971838389354,11.567021809674852,15.436791141985676,-5.096659980739162,75.09665998073916,0.5176427424034741,146.12205134345692,146.12205134345692,203.4945169543063,2741762.8626697087,386153.28695605125,2996354.9518488236,13.483199535663232,8.0,8.549234417362413,0.15077947989538956
17.52527443358381,11.543031881260799,15.436825617566635,-5.168064310295847,75.16806431029585,0.5188062295317883,146.25280499108783,146.25280499108783,203.30553991669223,2768224.1707828194,379535.326893139,2995691.0854995186,13.352445888032321,8.0,8.536116929431557,0.15085921202355
17.53666530598035,11.539606354698279,15.436824037457795,-5.190565642150773,75.19056564215077,0.519143437121976,146.29065917331639,146.29065917331639,203.25082792766392,2775980.5363883404,377607.4887233039,2995481.4704029746,13.314591705803764,8.0,8.53231949288579,0.1508842336143009
17.54492649830859,11.509556471096847,15.436796123546712,-5.192840328043928,75.19284032804393,0.5193879958054645,146.3181011509202,146.3181011509202,203.21116461363204,2781630.66283063,376206.55411460175,2995455.5235710857,13.28714972819995,8.0,8.529566632265016,0.15088649226101644
17.52081758414318,11.065616078002584,15.43285137856349,-4.915285572971868,74.91528557297187,0.5186742920113434,146.2379889064477,146.2379889064477,203.3269539270592,2765200.1283158795,380288.41893699474,2997964.82469789,13.367261972672452,8.0,8.537603263475773,0.15053975668749392
17.430221533251178,11.504409267898396,15.43664465270964,-4.946041643355613,74.94604164335561,0.5159923485272699,145.9361967022042,145.9361967022042,203.76311410577605,2705009.4439858887,395452.37450897734,2997738.121750185,13.66905417691595,8.0,8.567881379323183,0.15061085327408097
17.536417974076407,11.567593088403846,15.436820525965196,-5.204304456572629,75.20430445657263,0.5191361152775728,146.28983743687024,146.28983743687024,203.25201562015752,2775811.7001051344,377649.3952668151,2995357.8645683425,13.315413442249906,8.0,8.532401926583532,0.15089949047644755
17.528434737771462,11.550037539248656,15.43682649006181,-5.17836305018659,75.17836305018659,0.5188997850139568,146.2633091899428,146.2633091899428,203.29035789996885,2770372.1445397045,379000.907716163,2995596.399782092,13.34194168917736,8.0,8.53506316660497,0.1508706788261887
17.534922728557163,11.560381992217977,15.43682414949631,-5.197446164609346,75.19744616460935,0.5190918510526099,146.28486944070238,146.28486944070238,203.25919608036548,2774791.398910221,377902.696795294,2995420.561847661,13.320381438417769,8.0,8.532900299186053,0.15089189228304956
17.522723694443975,11.479045735406103,15.436745381817266,-5.130010762977861,75.13001076297786,0.5187307191960916,146.24432581499872,146.24432581499872,203.3177950688733,2766492.716348572,379966.4183711359,2996035.643333555,13.360925064121432,8.0,8.53696754998009,0.1508161053832262
17.52893973945694,11.543744653546206,15.436825989156699,-5.176229727007751,75.17622972700775,0.5189147347382161,146.2649875784794,146.2649875784794,203.28793207211586,2770715.662360367,378915.4785160602,2995615.3382153907,13.340263300640743,8.0,8.534894794173681,0.15086830027198395
17.52348307658327,11.538310594428786,15.43682404154196,-5.161843905699527,75.16184390569953,0.5187531994252004,146.24685025345678,146.24685025345678,203.31414644264473,2767007.9821777116,379838.10099871573,2995748.206911576,13.358400625663364,8.0,8.536714300993367,0.15085227671428306
17.527535137968346,11.549994545003905,15.436826451213694,-5.1764263105112605,75.17642631051126,0.5188731538770973,146.26031925182673,146.26031925182673,203.29467934818078,2769760.401272102,379153.0680302429,2995614.3822436696,13.34493162729342,8.0,8.535363111338597,0.15086852351481383
17.416806718894758,11.303178338503514,15.435650701927587,-4.814607463834136,74.81460746383414,0.5155952255445458,145.8914086551536,145.8914086551536,203.82783861665655,2696299.3232139763,397674.7162358426,2998938.000269066,13.713842223966537,8.0,8.572375288122657,0.15045557073089955
17.52790870945555,11.547421729403894,15.436826416533773,-5.1759097480302785,75.17590974803028,0.5188842128317214,146.26156087983838,146.26156087983838,203.29288478613233,2770014.406358123,379089.8846660876,2995618.824485903,13.343689999281764,8.0,8.535238553587078,0.1508679484282519
17.526062391428777,11.551876077177496,15.436826231081106,-5.174250886659763,75.17425088665976,0.5188295556965298,146.25542413449978,146.25542413449978,203.30175439972442,2768759.4401744744,379402.1121326823,2995634.841065347,13.349826744620373,8.0,8.535854180979015,0.1508661009317139
17.532255798874637,11.547915469422204,15.436826340897134,-5.185414596840587,75.18541459684059,0.5190129010916115,146.27600769417506,146.27600769417506,203.27200431567695,2772973.2806938896,378354.29732213216,2995530.5838650237,13.329243184945085,8.0,8.533789283077624,0.1508785238640804
17.522033584419674,11.577554019385243,15.436812585430866,-5.178770159753128,75.17877015975313,0.5187102896512633,146.24203158823923,146.24203158823923,203.32111096222343,2766024.605709389,380083.0134097802,2995596.253036992,13.36321929088092,8.0,8.537197704676771,0.15087099591212316
17.52987190409106,11.551398806490383,15.436826444191654,-5.182116100295332,75.18211610029533,0.5189423299020444,146.26808556000293,146.26808556000293,203.283454457972,2771349.953813661,378757.7649538304,2995561.7268512174,13.337165319117219,8.0,8.534584011553875,0.15087485442169507
17.54186357062791,11.545793399595752,15.436823818526248,-5.204784789021119,75.20478478902112,0.5192973229907611,146.30792787785703,146.30792787785703,203.22586861681464,2779533.370453979,376726.2389535084,2995350.133122335,13.297323001263123,8.0,8.530587166186251,0.1509000573249626
17.533965860160343,11.551262276058143,15.436826137652469,-5.190760684969632,75.19076068496963,0.5190635245754986,146.2816900497147,146.2816900497147,203.26379138541157,2774138.82568346,378064.75462489075,2995481.3794903965,13.323560829405437,8.0,8.533219245674161,0.15088447120141138
17.523385354190076,11.525856789247158,15.436817081029382,-5.15528592646092,75.15528592646092,0.5187503065183563,146.2465253964058,146.2465253964058,203.3146159658503,2766941.6644970784,379854.61483959836,2995807.4086276777,13.358725482714362,8.0,8.53674689028577,0.15084491394949298
17.525112891598035,11.543349630681913,15.436825660384912,-5.167882463933438,75.16788246393344,0.5188014473534054,146.25226802035274,146.25226802035274,203.3063160142148,2768114.4566537123,379562.63510499574,2995692.817581039,13.352982858767405,8.0,8.536170797555599,0.15085901013735328
17.53067867637172,11.550481103926032,15.436826467797319,-5.183365494641919,75.18336549464192,0.5189662130364631,146.2707667084785,146.2707667084785,203.27957930230934,2771899.1359190056,378621.24267896713,2995549.9903003876,13.334484170641645,8.0,8.534315045127357,0.1508762449136422
17.757573477975335,11.559800037230616,15.43602555920677,-5.671313112512053,75.67131311251205,0.5256830514498323,147.02112647880466,147.02112647880466,202.19494080586767,2934653.375975433,339313.392860665,2990956.6186568337,12.584124400315488,8.0,8.459056506974889,0.15141333909088808
17.530233937377695,11.529429577015122,15.436819980399951,-5.171686980733739,75.17168698073374,0.518953047287676,146.26928871774368,146.26928871774368,203.28171549336247,2771596.370798874,378696.5043069614,2995655.50802677,13.335962161376472,8.0,8.534463313585661,0.15086318727826964
17.52533803404853,11.5627971899875,15.436823283643054,-5.178277653627617,75.17827765362762,0.5188081123164159,146.25301640004187,146.25301640004187,203.30523436190188,2768267.368352312,379524.5751726529,2995598.9221265637,13.352234479078277,8.0,8.536095721195977,0.15087055246991637
17.552910182855367,11.568069722509783,15.436812760907076,-5.23965014553653,75.23965014553653,0.5196243393385248,146.34461201258324,146.34461201258324,203.17284673650155,2787110.9658480915,374850.4521615308,2995029.1203927607,13.260638866536908,8.0,8.526907216856728,0.1509387684065075
17.51425076686474,11.552162665706817,15.436822768913231,-5.14925711757661,75.14925711757661,0.5184798924471504,146.21615337167464,146.21615337167464,203.35851309199512,2760755.403685342,381396.81149986724,2995866.774516101,13.389097507445513,8.0,8.539793803540192,0.15083826403255085
17.524918363376923,12.050269689950241,15.432923923366172,-5.426114228461017,75.42611422846102,0.5187956886730882,146.25162139734306,146.25162139734306,203.3072505947526,2767982.34985916,379595.5183663344,2993352.8697156915,13.35362948177709,8.0,8.536235665864922,0.15110864433529866
17.520700150140957,11.554484560324411,15.436824866269275,-5.164167856155757,75.16416785615576,0.5186708155755168,146.23759847727996,146.23759847727996,203.32751822130683,2765120.5289760022,380308.2531084808,2995728.773402569,13.36765240184019,8.0,8.537642431079632,0.1508548699842403
17.531169757157002,11.547995180730162,15.43682642568476,-5.183143487230211,75.18314348723021,0.5189807506559208,146.2723986728372,146.2723986728372,203.27722056655392,2772233.5192599506,378538.13094949163,2995551.70053176,13.33285220628295,8.0,8.534151330547331,0.15087599746181582
17.529043845232483,11.549867492586458,15.436826505744202,-5.179572861370161,75.17957286137016,0.5189178166143423,146.26533357265617,146.26533357265617,203.28743199564772,2770786.4880008497,378897.8662598337,2995585.1383194504,13.339917306463974,8.0,8.534860084781712,0.15087202511888817
17.533933318323214,11.544978116949302,15.436825845127407,-5.187488087211875,75.18748808721188,0.5190625612292248,146.28158192049494,146.28158192049494,203.26394766895191,2774116.6374487053,378070.26544863265,2995510.885007857,13.323668958625206,8.0,8.5332300928672,0.1508808264185934
17.550950386237645,11.544796886413142,15.436818805677493,-5.223621034044868,75.22362103404487,0.5195663228607946,146.33810509879027,146.33810509879027,203.18225163507844,2785763.863282523,375183.54473686084,2995174.5905061667,13.267145780329884,8.0,8.527559948981832,0.15092097814531502
17.728454043389462,8.166045810684352,15.168756740201493,-3.8968231574160086,73.89682315741601,0.5248210196385276,146.92523381242955,146.92523381242955,202.33356324944404,2912796.7769737174,344462.9985632329,3006141.4946618956,12.680017066690596,8.0,8.468672454459352,0.14686280171986152
17.519880614107088,11.557706510465287,15.43682389346792,-5.164066669193971,75.16406666919397,0.5186465545916841,146.23487373622186,146.23487373622186,203.3314563359687,2764565.1458250824,380446.6566904457,2995730.124223467,13.370377142898292,8.0,8.537915775622537,0.15085474791330433
17.542035142194916,11.537775849412483,15.436821642867011,-5.201064137337767,75.20106413733777,0.5193024020780023,146.30849777485327,146.30849777485327,203.22504491402293,2779650.7751297764,376697.13703498757,2995383.50665119,13.296753104266884,8.0,8.530529996706548,0.15089589466394576
17.529145827384,11.543349630681913,15.436825914731271,-5.176467024512306,75.1764670245123,0.5189208356241563,146.26567250748815,146.26567250748815,203.2869421222098,2770855.872091745,378880.6129124833,2995613.0778406747,13.339578371632001,8.0,8.534826083573307,0.15086856357178918
17.536066695296366,11.552502759031206,15.43682568339946,-5.195864790182554,75.19586479018255,0.5191257162609937,146.28867033185446,146.28867033185446,203.2537024887543,2775571.938721755,377708.9103949131,2995434.1139554786,13.316580547265687,8.0,8.53251900649559,0.15089014724012692
17.530991638881314,11.543546342837441,15.436825900531828,-5.1804963856098425,75.18049638560984,0.5189754777643965,146.27180675248042,146.27180675248042,203.27807609012402,2772112.2276873845,378568.2770793581,2995575.6642250735,13.333444126639733,8.0,8.534210710496097,0.15087304681222424
17.532892359792825,11.543031881260799,15.436825631190201,-5.184280133824927,75.18428013382493,0.519031745405353,146.27812296882013,146.27812296882013,203.2689470285915,2773407.044006962,378246.52831659105,2995540.4221611884,13.327127910300021,8.0,8.533577084657736,0.15087725451625184
17.917088488292478,10.882319763574419,15.42659417322602,-5.670076756621995,75.670076756622,0.5304052246386168,147.54431781501557,147.54431781501557,201.43858920763725,3059927.2115807245,310521.9214056016,2990598.4234999516,12.060933064104574,8.0,8.40660099744241,0.1513194408930368
17.535140311390368,11.560339983576434,15.436824128637824,-5.1978878649214835,75.19788786492148,0.5190982922258842,146.28559238584825,146.28559238584825,203.25815117718267,2774939.826982689,377865.84200764325,2995416.450823506,13.319658493271902,8.0,8.53282777568387,0.15089238368969135
17.521587597955246,11.53191262823422,15.436820740487777,-5.154546719831728,75.15454671983173,0.5186970869732163,146.24054889830262,146.24054889830262,203.32325392316395,2765722.1641134056,380158.35482433985,2995815.1001334805,13.364701980817529,8.0,8.537346446912295,0.15084412749949905
17.511647580532095,11.504409267898396,15.436789488394353,-5.119360045857718,75.11936004585772,0.5184028295006541,146.2074957182149,146.2074957182149,203.37102603427346,2758997.051665063,381835.7906207859,2996138.1072839475,13.397755160905263,8.0,8.540662346327622,0.15080469501690186
17.536417974076407,11.539255914928034,15.43682397877964,-5.189860509742687,75.18986050974269,0.5191361152775728,146.28983743687024,146.28983743687024,203.25201562015752,2775811.7001051344,377649.3952668151,2995487.9759997595,13.315413442249906,8.0,8.532401926583532,0.1508834483186764
17.528434737771462,11.58403631339285,15.436807034412078,-5.19569749816867,75.19569749816867,0.5188997850139568,146.2633091899428,146.2633091899428,203.2903578999689,2770372.1445397045,379000.907716163,2995440.056835151,13.34194168917736,8.0,8.53506316660497,0.15088977876225435
17.534922728557163,11.560806744997308,15.436823998101048,-5.197662682145619,75.19766268214562,0.5190918510526099,146.28486944070238,146.28486944070238,203.25919608036548,2774791.398910221,377902.696795294,2995418.610831328,13.320381438417769,8.0,8.532900299186053,0.1508921317858626
17.728822899437777,11.479045735406103,15.4361160949514,-5.569129183839323,75.56912918383932,0.5248319390005263,146.92644923147742,146.92644923147742,202.33180625377364,2913071.7672566315,344397.96757851366,2991899.932101322,12.678801647642729,8.0,8.46855057113271,0.15129978204740305
17.53009825587544,11.036967611202499,15.43235066834464,-4.920520980009087,74.92052098000909,0.5189490306653476,146.26883780491886,146.26883780491886,203.28236721301198,2771504.0148655046,378719.46387035144,2997908.5270256023,13.336413074201289,8.0,8.534508548095744,0.15054067358036657
17.52888324522423,11.538310594428786,15.436824509650528,-5.17333912312688,75.17333912312688,0.5189130623216172,146.26479981998847,146.26479981998847,203.28820344545278,2770677.229369704,378925.03586092126,2995641.4283470227,13.34045105913168,8.0,8.534913629704931,0.1508650696802141
17.527033314832135,11.549994545003905,15.436826418080743,-5.17535817187661,75.17535817187661,0.518858298248435,146.25865132624466,146.25865132624466,203.29709004959068,2769419.2600079766,379237.9355292321,2995624.302218029,13.346599552875489,8.0,8.535530434577254,0.1508673347430671
17.532617939603668,11.54742280476788,15.436826276018522,-5.185934308009678,75.18593430800968,0.5190236216578943,146.27721108511207,146.27721108511207,203.27026500916105,2773220.0342968344,378292.9890251599,2995525.6828270545,13.328039794008077,8.0,8.533668562244884,0.15087910156289144
17.52790870945555,11.540809745401557,15.436825289268455,-5.172538754617847,75.17253875461785,0.5188842128317214,146.26156087983838,146.26156087983838,203.29288478612983,2770014.406358123,379089.8846659365,2995649.2171829506,13.343689999281764,8.0,8.535238553587874,0.15086418682110922
17.53335383205186,11.446660227482774,15.436652612790247,-5.136143663994574,75.13614366399457,0.5190454065142646,146.27965639225897,146.27965639225897,203.26673071180534,2773721.5763710705,378168.3929578423,2995973.4394001425,13.325594486861178,8.0,8.533423256078493,0.15082201828200736
17.53168813692939,11.547915469422204,15.43682638774183,-5.184206271494986,75.18420627149499,0.5189960964159085,146.27412131990985,146.27412131990985,203.27473076240534,2772586.5706886505,378450.39014110767,2995541.813132101,13.331129559210297,8.0,8.533978519058905,0.15087717971866027
17.522033584419674,11.59174321987716,15.436796288001991,-5.186006297590154,75.18600629759015,0.5187102896512633,146.24203158823923,146.24203158823923,203.3211109622264,2766024.605709389,380083.0134098388,2995530.9157606903,13.36321929088092,8.0,8.53719770467626,0.15087888857084306
17.52987190409106,11.544964746473106,15.436826183528405,-5.1788359693968005,75.1788359693968,0.5189423299020444,146.26808556000293,146.26808556000293,203.28345445797223,2771349.953813661,378757.7649538022,2995591.2953946185,13.337165319117219,8.0,8.534584011553477,0.15087120203777304
17.531648437595717,11.54698224587398,15.436826328664832,-5.183646029051147,75.18364602905115,0.5189949211840058,146.27398939494327,146.27398939494327,203.27492143838407,2772559.5298766596,378457.10996302037,2995546.885933227,13.331261484176878,8.0,8.533991753424914,0.1508765557214927
17.526031540798648,11.551262276058143,15.436826273267071,-5.17387226360529,75.17387226360529,0.5188286424155906,146.2553215897962,146.2553215897962,203.30190261034718,2768738.4794132607,379407.3282397976,2995638.2734365384,13.349929289323939,8.0,8.535864468103,0.1508656800864225
17.527504137383964,11.544430117972585,15.43682606401876,-5.173523351036749,75.17352335103675,0.5188722361570149,146.260216215242,146.260216215242,203.29482827000504,2769739.324736225,379158.31104669604,2995640.5758394166,13.345034663878153,8.0,8.535373447773964,0.15086528984195635
17.525946449629828,11.543349630681913,15.436825754532956,-5.169656771459927,75.16965677145993,0.5188261234348676,146.25503875374096,146.25503875374096,203.30231140091084,2768680.667647925,379421.71496336703,2995676.339857706,13.350212125379187,8.0,8.535892841764507,0.1508609850035273
17.53067867637172,11.552012706541163,15.436826378706366,-5.184146305048216,75.18414630504822,0.5189662130364631,146.2707667084785,146.2707667084785,203.27957930230792,2771899.1359190056,378621.24267889216,2995542.952032743,13.334484170641645,8.0,8.53431504512605,0.15087711290137026
17.52559642983021,11.559800037230616,15.436824488894382,-5.177299382522563,75.17729938252256,0.5188157616882833,146.25387530574835,146.25387530574835,203.30399296315522,2768442.883957795,379480.89169687213,2995607.6044105776,13.351375573371797,8.0,8.536009557059344,0.15086947576049867
17.5250921108667,11.529429577015122,15.436819825105255,-5.160740924476556,75.16074092447656,0.518800832174858,146.25219894426425,146.25219894426425,203.30641585162684,2768100.343624141,379566.147963501,2995757.230369941,13.353051934855898,8.0,8.536177727175186,0.1508510085628972
17.527678945235618,11.5627971899875,15.43682353013889,-5.183259854186588,75.18325985418659,0.5188774110490117,146.26079722196988,146.26079722196988,203.29398852374894,2769858.1761276075,379128.7460010494,2995552.6731251027,13.344453657150268,8.0,8.535315162277072,0.1508760986493996
17.543941717947593,11.549560592026783,15.436823211235026,-5.21112840649846,75.21112840649846,0.5193588430416695,146.31483042715627,146.31483042715627,203.2158919800508,2780956.034788594,376373.67624668905,2995291.686434753,13.290420451963882,8.0,8.529894734947334,0.1509071128903395
17.519609722812355,11.552162665706817,15.436824867882907,-5.16066293527382,75.16066293527382,0.5186385353112005,146.2339730729342,146.2339730729342,203.33275807909303,2764381.6129594385,380492.399906995,2995760.9934446206,13.371277806185958,8.0,8.538006129768917,0.15085097108789222
17.534572133255317,11.539146617891141,15.436824315363035,-5.185875429940211,75.18587542994021,0.5190814722692515,146.2837045313376,146.2837045313376,203.26087977255733,2774552.264444725,377962.07820064796,2995525.019748043,13.321546347782544,8.0,8.533017159157225,0.1508790168799554
17.534539652628936,11.54783144322547,15.436826046286608,-5.190233213963609,75.19023321396361,0.5190805107350188,146.28359660833212,146.28359660833212,203.26103575814696,2774530.111923137,377967.57933151413,2995485.782923035,13.32165427078803,8.0,8.5330279856542,0.15088388329812064
17.52645869198998,11.547995180730162,15.43682635038201,-5.173115687031725,75.17311568703172,0.5188412875071042,146.25674138956265,146.25674138956265,203.29985053493277,2769028.7233502986,379335.1042572752,2995644.85376413,13.3485094895575,8.0,8.535722036117818,0.1508648390769588
17.514362451091284,11.549867492586458,15.436822982055604,-5.148324184004309,75.14832418400431,0.518483198670553,146.21652478827184,146.21652478827184,203.35797628115895,2760830.8877924676,381377.9728914754,2995875.1441718983,13.388726090848309,8.0,8.539756542818509,0.1508372285206814
17.141909152664812,11.679769722731795,15.434103140185881,-4.423486073849006,74.423486073849,0.5074573461416463,144.967811301195,144.967811301195,205.16222124440108,2528410.5592077477,441976.7611248447,3002396.3020373536,14.637439577925136,8.0,8.66507083331038,0.15000897663761342
17.550950386237645,11.519817051343942,15.436804255966077,-5.210894514433164,75.21089451443316,0.5195663228607946,146.33810509879027,146.33810509879027,203.1822516350815,2785763.863282523,375183.54473700956,2995288.9804474497,13.267145780329884,8.0,8.527559948978876,0.1509066672153146
17.52871256458483,11.536338094918182,15.43682373421611,-5.171970195257643,75.17197019525764,0.5189080096087871,146.26423256037754,146.26423256037754,203.2890233237563,2770561.1213464644,378953.9098947441,2995653.868796222,13.341018318742613,8.0,8.53497053599233,0.1508635390592181
17.519880614107088,11.548846313327214,15.43682510515279,-5.159548295056027,75.15954829505603,0.5186465545916841,146.23487373622186,146.23487373622186,203.3314563359631,2764565.1458250824,380446.6566902458,2995770.909047727,13.370377142898292,8.0,8.53791577562447,0.1508497335113047
17.540220905228658,11.537775849412483,15.436822331232428,-5.197201891460907,75.1972018914609,0.5192486946485689,146.30247134015576,146.30247134015576,203.23375523615042,2778409.7691534287,377004.8162763221,2995419.4514330174,13.302779538964387,8.0,8.53113454222455,0.15089160263633916
17.13612854051885,11.622814312548371,15.434244050055577,-4.381840798234464,74.38184079823446,0.5072862208560939,144.94826987849893,144.94826987849893,205.1904461304787,2525083.9551348146,442884.0458316527,3002782.1010543136,14.656981000621215,8.0,8.667032577697114,0.14996454742864654
17.536066695296366,11.558251570571368,15.436824614605138,-5.198795104468388,75.19879510446839,0.5191257162609937,146.28867033185446,146.28867033185446,203.25370248875242,2775571.938721755,377708.91039485805,2995407.715506114,13.316580547265687,8.0,8.532519006493317,0.1508933982038144
17.530991638881314,11.537507446672524,15.43682414344788,-5.1774178773799235,75.17741787737992,0.5189754777643965,146.27180675248042,146.27180675248042,203.27807609011654,2772112.2276873845,378568.27707923355,2995603.407459201,13.333444126639733,8.0,8.534210710499394,0.15086960422866716
17.527322167813487,11.551925094172617,15.436826336209107,-5.1769572886117885,75.17695728861179,0.5188668492543957,146.25961140053744,146.25961140053744,203.29570242643064,2769615.6139935944,379189.0862386205,2995609.716220476,13.345639478582711,8.0,8.535434121666356,0.15086911318244137
17.53411004594195,11.556100753984346,15.436825472605829,-5.19353401866266,75.19353401866266,0.5190677929526925,146.28216914487297,146.28216914487297,203.26309892973202,2774237.1408073595,378040.33693226735,2995456.3027702547,13.323081734247182,8.0,8.533171184322214,0.15088755115564156
17.267879387607145,7.891233662933942,15.110888743988841,-2.7537655894147406,72.75376558941474,0.5111864827592405,145.39242377500432,145.39242377500432,204.54884110811787,2602922.1490285136,421961.94609611126,3017493.465517412,14.212827104115831,8.0,8.62244946395856,0.1450911989493684
17.521587597955246,11.543359468678624,15.436825024397946,-5.160383645358479,75.16038364535848,0.5186970869732163,146.24054889830262,146.24054889830262,203.32325392315818,2765722.1641134056,380158.35482421203,2995762.439924172,13.364701980817529,8.0,8.537346446913716,0.1508506619410008
17.52695224431638,11.504409267898396,15.436793501573073,-5.151945261134188,75.15194526113419,0.5188558982923736,146.25838186619143,146.25838186619143,203.29747950792077,2769364.155156488,379251.6452358803,2995835.3973761043,13.346869012928721,8.0,8.53555746633208,0.15084096783921763
17.529913313689875,11.539255914928034,15.436824823253245,-5.176013762589264,75.17601376258926,0.5189435557634657,146.26822317890742,146.26822317890742,203.28325555273952,2771378.137121669,378750.7581480824,2995616.708483052,13.33702770021273,8.0,8.534570205944306,0.1508680485870251
17.528434737771462,11.546397748116718,15.436826353019628,-5.176507379990426,75.17650737999043,0.5188997850139568,146.2633091899428,146.2633091899428,203.29035789996257,2770372.1445397045,379000.90771606733,2995613.13059413,13.34194168917736,8.0,8.53506316660662,0.1508686127566111
17.541429042004637,11.560381992217977,15.436822450928382,-5.21129475388102,75.21129475388102,0.5192844595028016,146.3064845163487,146.3064845163487,203.22795478413843,2779236.0674199066,376799.9390538345,2995291.807991614,13.29876636277146,8.0,8.530731957751584,0.15090729063904354
17.522723694443975,11.549101835634495,15.436825821192423,-5.165729986858025,75.16572998685803,0.5187307191960916,146.24432581499872,146.24432581499872,203.31779506887537,2766492.716348572,379966.4183711738,2995713.5741891866,13.360925064121432,8.0,8.536967549978897,0.15085661711306456
17.52893973945694,11.543655235509345,15.436825972594798,-5.17618414035968,75.17618414035968,0.5189147347382161,146.2649875784794,146.2649875784794,203.287932072113,2770715.662360367,378915.4785159602,2995615.7491660994,13.340263300640743,8.0,8.53489479417675,0.15086824938860544
17.52888324522423,11.550484224288006,15.43682648785818,-5.179545443435302,75.1795454434353,0.5189130623216172,146.26479981998847,146.26479981998847,203.28820344544067,2770677.229369704,378925.0358606382,2995585.4789416655,13.34045105913168,8.0,8.534913629709138,0.15087199443626817
17.530515825372348,11.562377647144825,15.436823778675553,-5.189083826837191,75.18908382683719,0.5189613921069375,146.27022551284063,146.27022551284063,203.28036151117982,2771788.2647857023,378648.8021683865,2995498.5345474295,13.335025366279524,8.0,8.534369336550526,0.15088258202374027
17.532617939603668,11.556917606468964,15.436825460911086,-5.190774492494143,75.19077449249414,0.5190236216578943,146.27721108511207,146.27721108511207,203.2702650091643,2773220.0342968344,378292.98902516835,2995482.0628505247,13.328039794008077,8.0,8.533668562241132,0.1508844799528611
17.52790870945555,11.550292091262204,15.436826463173455,-5.177373166087136,75.17737316608714,0.5188842128317214,146.26156087983838,146.26156087983838,203.292884786123,2770014.406358123,379089.884665788,2995605.6292220494,13.343689999281764,8.0,8.53523855359174,0.1508695771517249
17.53867496988661,11.551876077177496,15.436825093397907,-5.2010973365854625,75.20109733658546,0.5192029298367854,146.2973357630085,146.2973357630085,203.24117794082454,2777353.0890996205,377266.90480982163,2995385.3660649564,13.307915116111644,8.0,8.531649722411487,0.15089596534560357
17.52855657734814,11.547915469422204,15.436826465669013,-5.1775404986611875,75.17754049866119,0.5189033918693943,146.26371413084985,146.26371413084985,203.28977262624485,2770455.016489872,378980.29737767135,2995603.7452584943,13.3415367482703,8.0,8.535022543767582,0.15086976336045632
17.528105260904034,11.577554019385243,15.436813603670126,-5.19169117739375,75.19169117739375,0.5188900314062769,146.26221414377426,146.26221414377426,203.29194060392632,2770148.066026519,379056.63936849893,2995476.3818660146,13.34303673534589,8.0,8.535173019433728,0.1508853842241312
17.52987190409106,11.549314165134291,15.436826507118099,-5.1810533285329825,75.18105332853298,0.5189423299020444,146.26808556000293,146.26808556000293,203.28345445797163,2771349.953813661,378757.76495378785,2995571.30753123,13.337165319117219,8.0,8.534584011552624,0.15087367245978356
17.53589773551743,11.54698224587398,15.436825734953919,-5.192691231034075,75.19269123103408,0.5191207144913389,146.2881089656953,146.2881089656953,203.2545138558831,2775456.630581362,377737.5347673242,2995462.8051899425,13.317141913424848,8.0,8.53257532082148,0.15088661576459125
17.526031540798648,11.549449480855284,15.436826336127739,-5.172947978225977,75.17294797822598,0.5188286424155906,146.2553215897962,146.2553215897962,203.3019026103445,2768738.4794132607,379407.32823977,2995646.6096463795,13.349929289323939,8.0,8.535864468102318,0.1508646523470072
17.527504137383964,11.547089746187932,15.436826373849023,-5.17487933367488,75.17487933367488,0.5188722361570149,146.260216215242,146.260216215242,203.29482827000203,2769739.324736225,379158.31104655337,2995628.349386383,13.345034663878153,8.0,8.535373447774816,0.1508668015450096
17.650286879398855,11.551826738094853,15.43660036269402,-5.438718968472585,75.43871896847259,0.5225070124155966,146.6672315308685,146.6672315308685,202.70651854556942,2855575.6159614217,358130.8779595798,2993160.1440793206,12.938019348251657,8.0,8.494547040105601,0.15115871957494167
17.52939939003875,11.550481103926032,15.436826492460735,-5.180642482299618,75.18064248229962,0.518928341919442,146.26651520942005,146.26651520942005,203.28572413770465,2771028.398510296,378837.7136283537,2995575.287865599,13.3387356697001,8.0,8.53474154556693,0.15087321516104577
17.52559642983021,11.525820747020052,15.43681732978671,-5.159974584947747,75.15997458494775,0.5188157616882833,146.25387530574835,146.25387530574835,203.303992963144,2768442.883957795,379480.89169652574,2995763.8447361654,13.351375573371797,8.0,8.53600955706122,0.15085013172039796
17.53612310213242,11.542817378703951,15.436825043987373,-5.19104808650485,75.19104808650485,0.5191273860903618,146.2888577417521,146.2888577417521,203.25343161696458,2775610.4360270575,377699.3539958772,2995477.4651093963,13.316393137368038,8.0,8.532500206181396,0.15088478035600641
17.522931485218198,11.5627971899875,15.43682285205429,-5.173155820480986,75.17315582048099,0.5187368704919537,146.24501658877847,146.24501658877847,203.31679667871904,2766633.691848788,379931.30866185937,2995646.4529162194,13.36023429034168,8.0,8.536898252254446,0.15086484953965174
17.53430271332269,11.554269091100558,15.436825778077784,-5.193010419545828,75.19301041954583,0.5190734965459647,146.2828093282326,146.2828093282326,203.2621736465538,2774368.5237215757,378007.70782864926,2995460.904681243,13.32244155088756,8.0,8.533106963113198,0.15088697141606006
17.532105334135657,11.551049743659377,15.436826356911146,-5.186692094711816,75.18669209471182,0.5190084468364611,146.27550769543893,146.27550769543893,203.2727269825882,2772870.769575979,378379.76880134124,2995519.160941415,13.329743183681217,8.0,8.533839441582359,0.1508799456241968
17.532310998891028,11.546120004486443,15.436826189998685,-5.184616822705607,75.1846168227056,0.5190145351951162,146.27619112463248,146.27619112463248,203.27173919674118,2773010.890011975,378344.9525732417,2995537.739882969,13.329059754487673,8.0,8.533770881838848,0.1508776346374187
17.52836139523405,11.54783144322547,15.43682645631026,-5.177082202726638,75.17708220272664,0.518897613831677,146.2630654307343,146.2630654307343,203.29071021271,2770322.2611306123,379013.3140689426,2995607.9907186357,13.342185448385862,8.0,8.53508762003446,0.1508692533423134
17.531169757157002,11.548659893701696,15.43682645046609,-5.183482350064253,75.18348235006425,0.5189807506559208,146.2723986728372,146.2723986728372,203.27722056655605,2772233.5192599506,378538.1309494965,2995548.6463552685,13.33285220628295,8.0,8.534151330546706,0.15087637477623508
17.529043845232483,11.529259530352931,15.436819906619254,-5.169066765802938,75.16906676580294,0.5189178166143423,146.26533357265617,146.26533357265617,203.2874319956353,2770786.4880008497,378897.8662595434,2995679.8394017024,13.339917306463974,8.0,8.534860084786487,0.15086027145657005
17.51745261295072,11.544978116949302,15.436824035272858,-5.152407709547845,75.15240770954784,0.5185746777072445,146.22680070674863,146.22680070674863,203.343124400081,2762920.931726543,380856.5646627861,2995836.6625110568,13.378450172371515,8.0,8.538725659966758,0.15084178055403472
17.532120536035727,11.544796886413142,15.4368260332989,-5.183536911836029,75.18353691183603,0.5190088968631061,146.27555821194585,146.27555821194585,203.27265396919515,2772881.1262651244,378377.1953771653,2995547.5860215183,13.3296926671743,8.0,8.533834373906018,0.15087643141313192
17.527832890726202,11.536338094918182,15.436823717300022,-5.1700976066184126,75.17009760661841,0.5188819683459504,146.26130888508993,146.26130888508993,203.29324900173188,2769962.85095988,379102.7085197091,2995671.2687935214,13.343941994030217,8.0,8.535263833213776,0.1508614555384065
17.528637503924877,11.548846313327214,15.436826497825589,-5.178187324297539,75.17818732429754,0.5189057875643835,146.26398309384865,146.26398309384865,203.28938388557864,2770510.063035111,378966.60758750484,2995597.866478057,13.341267785271498,8.0,8.534995561956748,0.15087048337642825
17.44987677525243,11.556938997090384,15.436725967040289,-5.01471273140578,75.01471273140578,0.5165742088588642,146.0017725950695,146.0017725950695,203.66834619363144,2717864.2686941293,392185.6078123474,2997109.253727389,13.603478284050652,8.0,8.56130187436736,0.15068782973043687
17.529145827384,11.55274359506275,15.436826328755812,-5.18125623606403,75.18125623606403,0.5189208356241563,146.26567250748815,146.26567250748815,203.28694212220245,2770855.872091745,378880.61291228834,2995569.902011012,13.339578371632001,8.0,8.53482608357649,0.1508738964961769
17.536066695296366,11.539270809743815,15.436824063079762,-5.189120307399833,75.18912030739983,0.5191257162609937,146.28867033185446,146.28867033185446,203.25370248874592,2775571.938721755,377708.91039473045,2995494.862540513,13.316580547265687,8.0,8.532519006496955,0.15088262540108965
17.530991638881314,11.55237570661376,15.43682633331899,-5.184997510098469,75.18499751009847,0.5189754777643965,146.27180675248042,146.27180675248042,203.27807609011762,2772112.2276873845,378568.2770792006,2995535.094891155,13.333444126639733,8.0,8.53421071049911,0.1508780596604585
17.527322167813487,11.549101835634495,15.436826444282136,-5.175517854404745,75.17551785440475,0.5188668492543957,146.25961140053744,146.25961140053744,203.29570242643663,2769615.6139935944,379189.08623881877,2995622.6965691457,13.345639478582711,8.0,8.535434121664935,0.15086751266623316
17.53411004594195,11.566969686938123,15.436821257341016,-5.1990745979531425,75.19907459795314,0.5190677929526925,146.28216914487297,146.28216914487297,203.26309892973552,2774237.1408073595,378040.3369323039,2995406.371314233,13.323081734247182,8.0,8.533171184319315,0.15089367646776294
17.52928318545184,11.560339983576434,15.436824570121814,-5.185421452176399,75.1854214521764,0.5189249018783848,146.26612901083098,146.26612901083098,203.2862823231328,2770949.3293823185,378857.3741048762,2995532.2667601723,13.339121868289169,8.0,8.534780288157663,0.15087851418520928
17.3089248285092,11.550970540598051,15.436059898662618,-4.711900010920601,74.7119000109206,0.5124015638990289,145.53027139361927,145.53027139361927,204.34967837202592,2628065.314198078,415337.4143269392,2999866.382875525,14.074979485500876,8.0,8.608614812262317,0.1503459888425659
17.527039429295,11.504409267898396,15.436793503502289,-5.152130894620257,75.15213089462026,0.5188584792568088,146.2586716492978,146.2586716492978,203.29706067610755,2769423.416181691,379236.9015132184,2995833.6711897994,13.34657922982234,8.0,8.535528395801407,0.15084117432641303
17.53049794456163,11.539255914928034,15.436824801265043,-5.1772582716198485,75.17725827161985,0.5189608627756551,146.270166090089,146.270166090089,203.28044739694704,2771776.091784137,378651.82810662047,2995605.1426914344,13.335084789031157,8.0,8.53437529769667,0.15086943307105297
17.528434737771462,11.553686178348357,15.436826195338567,-5.180223249922449,75.18022324992245,0.5188997850139568,146.2633091899428,146.2633091899428,203.29035789996928,2770372.1445397045,379000.9077161665,2995579.6269944315,13.34194168917736,8.0,8.53506316660554,0.15087274577310686
17.531356088241495,11.560381992217977,15.436824521252403,-5.189854827639351,75.18985482763935,0.5189862666738156,146.27301788102238,146.27301788102238,203.27632560273284,2772360.4137960877,378506.5936607752,2995491.0953992023,13.332232998097766,8.0,8.534089213169523,0.15088344729752373
17.528640459092152,11.549101835634495,15.436826501289792,-5.178323886620717,75.17832388662072,0.5189058750471329,146.2639929154579,146.2639929154579,203.2893696901047,2770512.0731881694,378966.1076781992,2995596.6335217725,13.341257963662258,8.0,8.534994576673284,0.1508706353595936
17.52893973945694,11.545763033123364,15.436826293754223,-5.177258730018252,75.17725873001825,0.5189147347382161,146.2649875784794,146.2649875784794,203.28793207211353,2770715.662360367,378915.47851598565,2995606.0618513073,13.340263300640743,8.0,8.534894794174761,0.15086944816770517
17.529488160938122,11.550484224288006,15.43682649228805,-5.1808330249318715,75.18083302493187,0.5189309698323896,146.26681023257936,146.26681023257936,203.28529773105586,2771088.8036977993,378822.6943052685,2995573.518240522,13.33844064654079,8.0,8.534711949501343,0.15087342717898944
17.529241506980398,11.549994545003905,15.436826505140303,-5.180058365891682,75.18005836589168,0.5189236680574422,146.26599049459736,146.26599049459736,203.2864825251465,2770920.9710882073,378864.4255095196,2995580.646023323,13.339260384522788,8.0,8.53479418380033,0.15087256533368107
17.526387414394613,11.547036164762499,15.43682628823842,-5.172475007891137,75.17247500789114,0.5188391774539554,146.2565044731321,146.2565044731321,203.30019295680714,2768980.2872503134,379347.1565153367,2995650.67227599,13.348746405988038,8.0,8.535745803173768,0.15086412566081964
17.52790870945555,11.550841811821627,15.436826441552467,-5.177653435542311,75.17765343554231,0.5188842128317214,146.26156087983838,146.26156087983838,203.29288478612787,2770014.406358123,379089.8846659441,2995603.1020249976,13.343689999281764,8.0,8.535238553588215,0.15086988878542615
17.526062391428777,11.54810656624953,15.43682631698425,-5.172328939151214,75.17232893915121,0.5188295556965298,146.25542413449978,146.25542413449978,203.30175439972814,2768759.4401744744,379402.1121327435,2995652.175092681,13.349826744620373,8.0,8.535854180979186,0.15086396342908637
17.52855657734814,11.543567330009683,15.436825951135587,-5.175323715092077,75.17532371509208,0.5189033918693943,146.26371413084985,146.26371413084985,203.28977262624718,2770455.016489872,378980.2973777353,2995623.730664883,13.3415367482703,8.0,8.535022543763944,0.15086729184201764
17.52895791199728,11.577554019385243,15.43681365459273,-5.193505721385748,75.19350572138575,0.5189152727056625,146.26504797479032,146.26504797479032,203.28784477939644,2770728.025334742,378912.404174979,2995459.5404946688,13.340202904329828,8.0,8.534888735347181,0.15088740414746646
17.52987190409106,11.548403560022123,15.436826490284812,-5.180589094515028,75.18058909451503,0.5189423299020444,146.26808556000293,146.26808556000293,203.28345445797225,2771349.953813661,378757.7649538022,2995575.4923936627,13.337165319117219,8.0,8.534584011553477,0.15087315573450266
17.531648437595717,11.548650808602005,15.436826419530345,-5.184496629592957,75.18449662959296,0.5189949211840058,146.27398939494327,146.27398939494327,203.27492143838407,2772559.5298766596,378457.10996302037,2995539.219981857,13.331261484176878,8.0,8.533991753424914,0.1508775031325467
17.526031540798648,11.539042103983,15.43682462847441,-5.167641683822467,75.16764168382247,0.5188286424155906,146.2553215897962,146.2553215897962,203.30190261034718,2768738.4794132607,379407.3282397976,2995694.462135757,13.349929289323939,8.0,8.535864468103,0.15085873218507392
17.531792085737266,11.547089746187932,15.436826326381688,-5.18400660129771,75.18400660129771,0.5189991736452713,146.27446675141283,146.27446675141283,203.27423149757814,2772657.3766796705,378432.79469227523,2995543.5504685985,13.330784127707318,8.0,8.533943866287302,0.15087695693177022
17.52776792167412,11.571067265896197,15.436818821803337,-5.187665846592779,75.18766584659278,0.5188800450465991,146.26109295019046,146.26109295019046,203.29356109891475,2769918.674543365,379113.6971211225,2995512.881315296,13.34415792892969,8.0,8.535285495388564,0.1508809555876247
17.531862121930455,11.5486234253978,15.43682640275626,-5.184937515883803,75.1849375158838,0.5190012469487997,146.2746994872865,146.2746994872865,203.27389511583405,2772705.0845421082,378420.9394345235,2995535.118999664,13.330551391833637,8.0,8.533920518845832,0.1508779935784616
17.52559642983021,11.549497469819912,15.43682628741825,-5.17204630950863,75.17204630950863,0.5188157616882833,146.25387530574835,146.25387530574835,203.30399296315704,2768442.883957795,379480.89169683715,2995654.9886632673,13.351375573371797,8.0,8.536009557058946,0.15086364869401417
17.53094911916021,11.542817378703951,15.436825753909027,-5.180034261368974,75.18003426136897,0.5189742190396746,146.27166545081866,146.27166545081866,203.27828031841972,2772083.2748533636,378575.47328936047,2995579.8544913633,13.33358542830149,8.0,8.534224885522974,0.15087253117030303
17.523422535383474,11.5627971899875,15.436822954792342,-5.174200912127162,75.17420091212716,0.5187514072049578,146.2466489974376,146.2466489974376,203.31443732250855,2766966.8965553306,379848.33172949037,2995636.75561674,13.358601881682546,8.0,8.536734490767742,0.15086601331012284
17.53430271332269,11.55000379928006,15.436826131240327,-5.190836200108379,75.19083620010838,0.5190734965459647,146.2828093282326,146.2828093282326,203.26217364655352,2774368.5237215757,378007.7078285863,2995480.4947578833,13.32244155088756,8.0,8.533106963115074,0.15088455517816274
17.532105334135657,11.549559004776341,15.436826395478842,-5.185932150228211,75.18593215022821,0.5190084468364611,146.27550769543893,146.27550769543893,203.27272698258437,2772870.769575979,378379.7688012127,2995526.0097936736,13.329743183681217,8.0,8.5338394415852,0.15087910032931207
17.532310998891028,11.550303918988885,15.436826367323722,-5.186749661305839,75.18674966130584,0.5190145351951162,146.27619112463248,146.27619112463248,203.27173919673967,2773010.890011975,378344.95257323893,2995518.519324359,13.329059754487673,8.0,8.533770881836631,0.15088000978688546
17.533548969446827,11.54783144322547,15.436826192091067,-5.188124421076793,75.1881244210768,0.5190511832281476,146.28030480396387,146.28030480396387,203.26579353667304,2773854.5985847586,378135.3505803557,2995505.3856566814,13.324946075156276,8.0,8.533358209342623,0.1508815379426514
17.531169757157002,11.554557101182453,15.436826041639613,-5.186488704009037,75.18648870400904,0.5189807506559208,146.2723986728372,146.2723986728372,203.27722056656327,2772233.5192599506,378538.1309497177,2995521.548379486,13.33285220628295,8.0,8.534151330542272,0.15087971620710577
17.529043845232483,11.544784815897518,15.436826163381859,-5.1769816190353595,75.17698161903536,0.5189178166143423,146.26533357265617,146.26533357265617,203.28743199564582,2770786.4880008497,378897.86625975085,2995608.4989384506,13.339917306463974,8.0,8.534860084781428,0.15086913856464398
17.533933318323214,11.541067544290254,15.436825011776758,-5.185494713131334,75.18549471313133,0.5190625612292248,146.28158192049494,146.28158192049494,203.2639476689542,2774116.6374487053,378070.26544868556,2995528.8434134554,13.323668958625206,8.0,8.533230092863505,0.15087860002619655
17.52881870504656,11.544796886413142,15.436826163258145,-5.176508536623146,75.17650853662315,0.5189111517183707,146.26458532025208,146.26458532025208,203.2885134687446,2770633.3239179747,378935.95423581457,2995612.89579967,13.340665558868068,8.0,8.534935147867202,0.15086861218892314
17.529670211020893,11.536338094918182,15.43682372520923,-5.174008776485664,75.17400877648566,0.5189363591184397,146.26741525829044,146.26741525829044,203.28442326740486,2771212.6893017925,378791.8920528378,2995634.9241921953,13.337835620829708,8.0,8.53465125468324,0.1508658070684844
17.531483762694656,11.548846313327214,15.436826435580752,-5.18424577031368,75.18424577031368,0.518990046260943,146.2734421609046,146.2734421609046,203.27571237568282,2772447.3683188665,378484.98355988524,2995541.5790007706,13.331808718215541,8.0,8.534046650510106,0.15087722413944238
17.529482911930963,11.537775849412483,15.436824307617442,-5.174343028136832,75.17434302813683,0.5189308144443743,146.266792787945,146.266792787945,203.28532294435036,2771085.2318832236,378823.58240237,2995632.023409449,13.338458091175141,8.0,8.534713699510746,0.15086618465079496
17.52673217504487,11.55274359506275,15.43682621086996,-5.176118818902864,75.17611881890286,0.5188493835122815,146.25765040096394,146.25765040096394,203.29853671535585,2769214.5808390914,379288.85967281373,2995617.6142587806,13.34760047815621,8.0,8.535630845642572,0.15086817903814218
17.536066695296366,11.55040684486471,15.436825806210058,-5.194796461344879,75.19479646134488,0.5191257162609937,146.28867033185446,146.28867033185446,203.2537024887553,2775571.938721755,377708.910394987,2995443.7375539294,13.316580547265687,8.0,8.53251900649309,0.15088895943649283
17.53046086636496,11.55237570661376,15.436826353738033,-5.183867750310867,75.18386775031087,0.5189597651380983,146.27004286910494,146.27004286910494,203.28062549248503,2771750.8497860585,378658.1027494259,2995545.5910328683,13.335208010015208,8.0,8.534387658928551,0.15087680269021556
17.527322167813487,11.547840268603931,15.43682640882839,-5.174874649927688,75.17487464992769,0.5188668492543957,146.25961140053744,146.25961140053744,203.29570242643126,2769615.6139935944,379189.0862386594,2995628.4965566685,13.345639478582711,8.0,8.535434121663911,0.1508667966756493
17.52862481113138,11.556100753984346,15.436825769158618,-5.181858852203277,75.18185885220328,0.5189054118156121,146.26394090885947,146.26394090885947,203.28944485687472,2770501.4292199435,378968.75475460355,2995564.769324655,13.341309970260681,8.0,8.534999793868394,0.15087456157500953
17.52928318545184,11.55111316261086,15.436826463606723,-5.1807173730884415,75.18071737308844,0.5189249018783848,146.26612901083098,146.26612901083098,203.2862823231241,2770949.3293823185,378857.374104678,2995574.680438982,13.339121868289169,8.0,8.53478028815897,0.15087329821106293
17.30236873689998,11.547823249560263,15.436014213002688,-4.696348252253074,74.69634825225307,0.5122074818502066,145.50826991379068,145.50826991379068,204.3814671969643,2624019.753547025,416399.0109878625,3000006.9290530137,14.096980965329465,8.0,8.61082285389142,0.15032836241265135
17.527039429295,11.544056915318532,15.436825974498564,-5.17234389884095,75.17234389884095,0.5188584792568088,146.2586716492978,146.2586716492978,203.29706067609715,2769423.416181691,379236.9015129718,2995651.4796287105,13.34657922982234,8.0,8.535528395805045,0.15086397672576185
17.52824138024033,11.539255914928034,15.436824827344227,-5.172454724066029,75.17245472406603,0.5188940609899446,146.2626665505885,146.2626665505885,203.291286726499,2770240.6373141035,379033.6149668967,2995649.7795172264,13.342584328531643,8.0,8.53512763488385,0.150864088816171
17.528434737771462,11.545615370302063,15.43682626730375,-5.1761085037103385,75.17610850371034,0.5188997850139568,146.2633091899428,146.2633091899428,203.29035789995984,2770372.1445397045,379000.9077159141,2995616.7267332035,13.34194168917736,8.0,8.535063166609632,0.15086816811260956
17.530970593684575,11.560381992217977,15.436824537700067,-5.189034338866065,75.18903433886607,0.5189748547567962,146.2717368150535,146.2717368150535,203.27817717316674,2772097.8973718802,378571.83886155044,2995498.716911616,13.333514064066662,8.0,8.534217726442876,0.15088253436976873
17.5271731634125,11.549101835634495,15.43682643443065,-5.175200694214993,75.175200694215,0.5188624382300917,146.25911614906994,146.25911614906994,203.29641822777592,2769514.3218972734,379214.28543118865,2995625.642148398,13.34613473005021,8.0,8.535483804385592,0.15086715968937672
17.52893973945694,11.545842934844146,15.436826303083732,-5.177299465345357,75.17729946534536,0.5189147347382161,146.2649875784794,146.2649875784794,203.28793207210433,2770715.662360367,378915.4785157809,2995605.69461853,13.340263300640743,8.0,8.534894794177092,0.1508694935833581
17.529311145742604,11.550484224288006,15.436826492172136,-5.180456242275568,75.18045624227557,0.5189257295956957,146.2662219352647,146.2662219352647,203.28614801642152,2770968.354036801,378852.64358808275,2995577.0183742587,13.339028943855453,8.0,8.534770966181611,0.15087300792675262
17.525914254627022,11.549994545003905,15.43682631591532,-5.172976244478434,75.17297624447843,0.5188251703560397,146.25493173992544,146.25493173992544,203.30246607084067,2768658.794624984,379427.15824414324,2995646.421275907,13.35031913919471,8.0,8.535903577222939,0.1508646835981083
17.526387414394613,11.548754856330813,15.436826366817098,-5.173351297867725,75.17335129786773,0.5188391774539554,146.2565044731321,146.2565044731321,203.30019295680512,2768980.2872503134,379347.15651528473,2995642.7696501217,13.348746405988038,8.0,8.535745803174848,0.15086510137594333
17.52790870945555,11.550722516053,15.43682644707906,-5.177592613766535,75.17759261376654,0.5188842128317214,146.26156087983838,146.26156087983838,203.29288478613205,2770014.406358123,379089.8846660368,2995603.6504590423,13.343689999281764,8.0,8.53523855358776,0.15086982116528314
17.526062391428777,11.542734477683425,15.436825640871778,-5.169589925279013,75.16958992527901,0.5188295556965298,146.25542413449978,146.25542413449978,203.301754399722,2768759.4401744744,379402.11213262624,2995676.876133415,13.349826744620373,8.0,8.535854180979811,0.15086090952432393
17.530937111147885,11.547915469422204,15.436826434288873,-5.182607643452002,75.182607643452,0.5189738635626964,146.2716255457098,146.2716255457098,203.27833799468107,2772075.0983712054,378577.5055628284,2995556.6683346853,13.333625333410339,8.0,8.534228888706195,0.15087540128554397
17.530428189070047,11.549782016941371,15.436826492179415,-5.182475925114943,75.18247592511494,0.518958797781825,146.26993427335702,146.26993427335702,203.2807824496743,2771728.6041700705,378663.63260098326,2995558.156565428,13.335316605763126,8.0,8.534398552990297,0.1508752552824497
17.52987190409106,11.546784453984614,15.4368263937689,-5.179763663733979,75.17976366373398,0.5189423299020444,146.26808556000293,146.26808556000293,203.28345445797044,2771349.953813661,378757.7649537862,2995582.9331085873,13.337165319117219,8.0,8.534584011553648,0.15087223632974653
17.53006377566753,11.548650808602005,15.436826493834499,-5.181123555206796,75.1811235552068,0.5189480099368717,146.26872321579077,146.26872321579077,203.2825328325582,2771480.5457091597,378725.29839400935,2995570.5616992936,13.336527663329377,8.0,8.534520043408406,0.15087375047263202
17.526031540798648,11.550598542567194,15.436826308674219,-5.173533846933367,75.17353384693337,0.5188286424155906,146.2553215897962,146.2553215897962,203.30190261034505,2768738.4794132607,379407.3282397389,2995641.3256783546,13.349929289323939,8.0,8.535864468101636,0.1508653039106758
17.527314597452733,11.547089746187932,15.436826362719811,-5.174475886410676,75.17447588641068,0.5188666251466173,146.2595862387248,146.2595862387248,203.2957387935368,2769610.4675550666,379190.36653449724,2995632.0966359884,13.345664640395341,8.0,8.53543664585169,0.15086635255502068
18.631545917104656,11.543349630681913,15.418945231089776,-7.527616908302036,77.52761690830204,0.5515555333660348,149.84517275822697,149.84517275822697,198.11326034415006,3767148.2709440594,167448.7146235691,2972506.3492158065,9.760078120893183,8.0,8.176105059648194,0.1533533987721901
17.52939939003875,11.544679750330733,15.436826147224467,-5.177684873854105,75.1776848738541,0.518928341919442,146.26651520942005,146.26651520942005,203.28572413769803,2771028.398510296,378837.71362814243,2995601.9503089143,13.3387356697001,8.0,8.534741545569318,0.15086992088912135
17.52767266662297,11.549497469819912,15.436826465350311,-5.176465613057815,75.17646561305781,0.5188772251812602,146.26077635389737,146.26077635389737,203.2940186849928,2769853.9071545624,379129.8079133485,2995613.9486959227,13.344474525222779,8.0,8.535317255723328,0.150868567382699
17.53094911916021,11.555589439630545,15.436825863877722,-5.186545365102745,75.18654536510275,0.5189742190396746,146.27166545081866,146.27166545081866,203.2782803184192,2772083.2748533636,378575.4732893963,2995521.1672379854,13.33358542830149,8.0,8.53422488552485,0.1508797775227385
17.5288089481288,11.5627971899875,15.436823587977235,-5.185664880615036,75.18566488061504,0.5189108628812551,146.26455289301504,146.26455289301504,203.28856033684895,2770626.686583398,378937.6048181113,2995530.342696127,13.340697986105113,8.0,8.5349384009005,0.1508787754715982
17.530038239483453,11.543796076967205,15.436825987609387,-5.178594247282319,75.17859424728232,0.518947253981156,146.26863835050017,146.26863835050017,203.2826554912429,2771463.1645889073,378729.6194403848,2995593.3757443605,13.33661252861998,8.0,8.534528556892099,0.15087093116329384
17.532105334135657,11.552010447902667,15.436826293799436,-5.187181841350423,75.18718184135042,0.5190084468364611,146.27550769543893,146.27550769543893,203.27272698258304,2772870.769575979,378379.76880116895,2995514.7470932845,13.329743183681217,8.0,8.53383944158395,0.1508804900060966
17.532310998891028,11.549520315064694,15.436826377419935,-5.1863502008251885,75.18635020082519,0.5190145351951162,146.27619112463248,146.27619112463248,203.2717391967346,2773010.890011975,378344.95257304754,2995522.1192664276,13.329059754487673,8.0,8.53377088184061,0.1508795653614178
17.52836139523405,11.550131560433698,15.436826485588314,-5.178254873583455,75.17825487358346,0.518897613831677,146.2630654307343,146.2630654307343,203.29071021271795,2770322.2611306123,379013.3140692175,2995597.4176158994,13.342185448385862,8.0,8.535087620034517,0.15087055841710506
17.52941490804417,11.548659893701696,15.436826501900716,-5.179747030664998,75.179747030665,0.5189288013038534,146.26656678238209,146.26656678238209,203.28564959760809,2771038.9577437053,378835.08812567976,2995583.351462801,13.338684096738064,8.0,8.534736371883014,0.1508722188789789
17.532263075472255,11.549867492586458,15.436826379724158,-5.186425174024805,75.1864251740248,0.5190131165030271,146.27603187443987,146.27603187443987,203.27196936703342,2772978.2383905197,378353.0654810769,2995521.4722872404,13.329219004680283,8.0,8.533786857381017,0.1508796488147636
17.531327708517196,11.544978116949302,15.436826122565428,-5.18194165234064,75.18194165234064,0.5189854265398814,146.2729235709523,146.2729235709523,203.2764619124765,2772341.0860525714,378511.3971202964,2995562.43802295,13.332327308167862,8.0,8.534098674112727,0.15087465716363574
17.52835169923873,11.544796886413142,15.43682615421073,-5.175514464207595,75.1755144642076,0.5188973267980678,146.2630332053373,146.2630332053373,203.2907567890716,2770315.6665904624,379014.9541939786,2995622.13080771,13.34221767378284,8.0,8.535090852820815,0.15086750605926982
17.53026623192807,11.536338094918182,15.436823705173165,-5.175277555862067,75.17527755586207,0.518954003313442,146.26939604242585,146.26939604242585,203.2815603733282,2771618.353939745,378691.03944007034,2995623.1322186766,13.335854836694295,8.0,8.53445254703081,0.1508672185338772
17.528637503924877,11.551959835095982,15.43682639462194,-5.179774687356598,75.1797746873566,0.5189057875643835,146.26398309384865,146.26398309384865,203.289383885582,2770510.063035111,378966.6075875485,2995583.5545130856,13.341267785271498,8.0,8.534995561956464,0.15087224860405204
17.526150962008565,11.537775849412483,15.436824190609757,-5.1672502929845905,75.16725029298459,0.5188321776793536,146.25571853433513,146.25571853433513,203.3013288956671,2768819.6190554,379387.1367756448,2995697.9222180992,13.349532344785018,8.0,8.535824647264235,0.15085829248590715
17.53036042302417,11.55274359506275,15.436826319391981,-5.18384150683022,75.18384150683022,0.5189567916821838,146.26970906743315,146.26970906743315,203.28110794755298,2771682.4723371067,378675.1002691305,2995545.886529423,13.335541811686994,8.0,8.534421145106307,0.15087677315165546
17.53030095449085,11.55040684486471,15.43682648280153,-5.182523638939472,75.18252363893947,0.5189550312164254,146.26951143597017,146.26951143597017,203.2813935910894,2771641.9902016465,378685.16366657824,2995557.8013627715,13.335739443149976,8.0,8.534440971023855,0.1508753082840741
17.533183788134593,11.55237570661376,15.43682615598994,-5.189663576894986,75.18966357689499,0.5190403726505208,146.279091357887,146.279091357887,203.26754737819002,2773605.669491566,378197.1852261874,2995491.7368545635,13.326159521233137,8.0,8.53347993866646,0.15088325043968384
17.5291450167844,11.549101835634495,15.436826508772924,-5.1793978617233165,75.17939786172332,0.5189208116277205,146.265669813489,146.265669813489,203.28694601593764,2770855.32058359,378880.75005125266,2995586.6570473625,13.339581065631137,8.0,8.534826353828578,0.15087183042740973
17.706924373170956,12.151907435003395,15.430889246376054,-5.863968946450711,75.86396894645071,0.5241836700169021,146.8542580877733,146.8542580877733,202.43616424551217,2896827.969821975,348249.9949098223,2989317.388128393,12.750992791346846,8.0,8.475790109127558,0.15157913296394848
17.528918050314182,11.55111316261086,15.436826459695752,-5.179940175608294,75.1799401756083,0.5189140926676785,146.2649154947028,146.2649154947028,203.28803625709304,2770700.9071353083,378919.1477637852,2995581.8998343274,13.340335384417358,8.0,8.534902025469023,0.15087243337887737
17.531402648542645,11.543359468678624,15.436825837781155,-5.1812760196630165,75.18127601966302,0.5189876450131038,146.27317260761936,146.27317260761936,203.27610197079477,2772392.123782477,378498.7129566344,2995568.391880467,13.33207827150079,8.0,8.53407369139751,0.1508739137112477
17.528960074305804,11.544056915318532,15.436826045094172,-5.176432208047686,75.17643220804769,0.518915336717164,146.2650551612045,146.2650551612045,203.28783439263367,2770729.4963831617,378912.03836527135,2995613.5009523216,13.340195717915662,8.0,8.534888014421597,0.1508685261075416
17.52824138024033,11.545841939979159,15.436826288702903,-5.175812435771832,75.17581243577183,0.5188940609899446,146.2626665505885,146.2626665505885,203.29128672649406,2770240.6373141035,379033.6149668265,2995619.5086944797,13.342584328531643,8.0,8.53512763488493,0.15086783890600428
17.528434737771462,11.557516915206577,15.436825420825748,-5.182176309313263,75.18217630931326,0.5188997850139568,146.2633091899428,146.2633091899428,203.2903578999598,2770372.1445397045,379000.9077159141,2995562.0156966215,13.34194168917736,8.0,8.535063166609632,0.15087491141649345
16.618626344039956,11.560381992217977,15.423256570072205,-3.2531764129077487,73.25317641290775,0.4919664400248655,143.17832534042748,143.17832534042748,207.74508980065676,2256218.2826575125,520468.4044077636,3012275.2101341034,16.42692553869267,8.0,8.844798906655512,0.1486281066878647
17.530740094528795,11.549101835634495,15.43682648023528,-5.182793079761723,75.18279307976172,0.5189680312175486,146.27097081577813,146.27097081577813,203.2792842988841,2771940.9523208984,378610.848567959,2995555.113643835,13.334280063342021,8.0,8.53429456958662,0.15087560807839864
17.52949243861776,11.548624530988523,15.436826500768325,-5.179894030787693,75.1798940307877,0.5189310964658899,146.26682444908533,146.26682444908533,203.28527718347158,2771091.714555154,378821.97054941143,2995581.980860527,13.338426430034815,8.0,8.534710523333501,0.15087238243490886
17.528861232840168,11.550484224288006,15.436826487482387,-5.179498589473269,75.17949858947327,0.5189124106820653,146.26472666174192,146.26472666174192,203.28830918338744,2770662.25462214,378928.75975020125,2995585.9141644826,13.340524217378231,8.0,8.534920968787333,0.1508719422984471
17.53098319742086,11.549994545003905,15.436826466587593,-5.183765638002171,75.18376563800217,0.5189752278691787,146.27177869981483,146.27177869981483,203.27811663562863,2772106.479623563,378569.70575112954,2995546.2036039783,13.333472179305318,8.0,8.534213524669951,0.15087669016608393
17.528487732953103,11.548754856330813,15.43682649239261,-5.177821902215612,75.17782190221561,0.5189013538470427,146.2634853227678,146.2634853227678,203.2901033297054,2770408.189858199,378991.94313254877,2995601.248151084,13.341765556352357,8.0,8.535045497323381,0.1508700767293077
17.52790870945555,11.55423124263709,15.436826091399569,-5.179381511848987,75.17938151184899,0.5188842128317214,146.26156087983838,146.26156087983838,203.29288478613006,2770014.406358123,379089.8846659989,2995587.519340495,13.343689999281764,8.0,8.535238553587305,0.15087180815583226
17.528779141966098,11.54810656624953,15.43682647877546,-5.178111667048654,75.17811166704865,0.5189099805200147,146.26445383177906,146.26445383177906,203.28870351320273,2770606.4105364834,378942.6471211597,2995598.4661444956,13.340797047341084,8.0,8.53494833851181,0.15087039900854182
17.529617338239756,11.547915469422204,15.436826473502693,-5.179798399866058,75.17979839986606,0.5189347939088146,146.26723954124435,146.26723954124435,203.28467723707286,2771176.7081813468,378800.83806324814,2995582.769713003,13.338011337875798,8.0,8.534668882222547,0.1508722757598865
17.530428189070047,13.05238777644034,15.404537002442837,-5.950100948793988,75.95010094879399,0.518958797781825,146.26993427335702,146.26993427335702,203.28078244967074,2771728.6041700705,378663.6326009239,2988541.2513626534,13.335316605763126,8.0,8.534398552992968,0.15141695648220674
17.52987190409106,11.54645124667445,15.436826363328553,-5.179593792930461,75.17959379293046,0.5189423299020444,146.26808556000293,146.26808556000293,203.28345445797294,2771349.953813661,378757.76495386177,2995584.4643546073,13.337165319117219,8.0,8.534584011552795,0.15087204701745086
17.53006377566753,11.548990944465153,15.436826500618997,-5.181296958290886,75.18129695829089,0.5189480099368717,146.26872321579077,146.26872321579077,203.28253283256075,2771480.5457091597,378725.2983940591,2995568.998586221,13.336527663329377,8.0,8.534520043408065,0.15087394348849933
17.528330497836368,11.549449480855284,15.436826493846025,-5.1778413613187695,75.17784136131877,0.5188966991662631,146.26296274077538,146.26296274077538,203.29085863369255,2770301.2469742256,379018.5405040599,2995601.1639048853,13.34228813834477,8.0,8.535097921682393,0.15087009839500068
17.53066522163673,11.547089746187932,15.43682639436414,-5.181607953757066,75.18160795375707,0.5189658147316972,146.2707219950875,146.2707219950875,203.27964392813527,2771889.9754492766,378623.5196758456,2995565.840115737,13.334528884032636,8.0,8.534319530661833,0.1508742885029783
17.67679593207941,11.554401823272801,15.436490874597478,-5.496488929030136,75.49648892903014,0.5232917682675965,146.75482540206082,146.75482540206082,202.57989955013045,2874748.883492911,353520.73079716455,2992615.429205874,12.850425477059332,8.0,8.485761988571198,0.15122220338135617
17.52939939003875,11.548591246004875,15.43682650017629,-5.179679002026205,75.1796790020262,0.518928341919442,146.26651520942005,146.26651520942005,203.28572413770468,2771028.398510296,378837.7136283537,2995583.9738272047,13.3387356697001,8.0,8.53474154556693,0.15087214316680433
17.529574182132414,11.549497469819912,15.436826510399241,-5.1805130624821345,75.18051306248213,0.5189335163449501,146.2670961162296,146.2670961162296,203.2848845339934,2771147.3401083886,378808.13995375985,2995576.3524450427,13.338154762890554,8.0,8.534683270295773,0.1508730713293488
17.53094911916021,11.549064706103835,15.436826470157587,-5.183219074917702,75.1832190749177,0.5189742190396746,146.27166545081866,146.27166545081866,203.2782803184204,2772083.2748533636,378575.4732894324,2995551.1502005127,13.33358542830149,8.0,8.534224885524395,0.1508760820070984
17.5288089481288,11.549934390705936,15.436826501182924,-5.179106980639176,75.17910698063918,0.5189108628812551,146.26455289301504,146.26455289301504,203.28856033685037,2770626.686583398,378937.6048180889,2995589.4752668575,13.340697986105113,8.0,8.534938400897772,0.15087150669268076
17.53430271332269,11.550114332726583,15.436826129546214,-5.190892543877396,75.1908925438774,0.5190734965459647,146.2828093282326,146.2828093282326,203.26217364655082,2774368.5237215757,378007.70782851585,2995479.9871105095,13.32244155088756,8.0,8.533106963115927,0.15088461786561896
17.528394620754824,11.549559004776341,15.436826495418984,-5.178033688003097,75.1780336880031,0.5188985974172535,146.26317585824273,146.26317585824273,203.2905506084053,2770344.8590310407,379007.69378511445,2995599.3926654845,13.342075020877417,8.0,8.535076542175034,0.15087031240621307
17.532310998891028,11.54940341939853,15.436826377215585,-5.186290610593915,75.18629061059391,0.5190145351951162,146.27619112463248,146.27619112463248,203.27173919673237,2773010.890011975,378344.9525730753,2995522.6562899547,13.329059754487673,8.0,8.533770881838393,0.1508794990469608
17.5291454220842,11.550131560433698,15.436826501567985,-5.179923698873779,75.17992369887378,0.5189208236259384,146.26567116048858,146.26567116048858,203.28694406906575,2770855.5963376397,378880.6814816703,2995581.9161300273,13.339579718631569,8.0,8.534826218703927,0.15087241545443567
17.530050139438398,11.548659893701696,15.436826494364986,-5.181099161198574,75.18109916119857,0.5189476062592776,146.26867789804658,146.26867789804658,203.282598331835,2771471.264229554,378727.6058197985,2995570.789619737,13.336572981073573,8.0,8.534524589578382,0.15087372333408833
17.529368793231775,11.5554346504114,15.436825921437654,-5.1831027804427094,75.18310278044271,0.5189274361525096,146.26641352305683,146.26641352305683,203.28587110833385,2771007.579114975,378842.89030002936,2995553.1241304385,13.338837356063323,8.0,8.534751746516122,0.1508759472367632
17.529500156290872,11.544978116949302,15.436826190941133,-5.178051476622215,75.17805147662222,0.5189313249346025,146.26685009811155,146.26685009811155,203.2852401120896,2771096.9662588206,378820.6647673149,2995598.5862658243,13.338400781008602,8.0,8.534707950280279,0.15087032922329208
17.52881870504656,11.548842853265,15.436826501327948,-5.17857125584726,75.17857125584726,0.5189111517183707,146.26458532025208,146.26458532025208,203.28851346874217,2770633.3239179747,378935.95423577394,2995594.2995901606,13.340665558868068,8.0,8.534935147866634,0.15087091060199898
17.528322782899053,11.536338094918182,15.436823729695982,-5.171140453990347,75.17114045399035,0.5188964707785392,146.26293709954598,146.26293709954598,203.2908956937461,2770295.9998818804,379019.84551541426,2995661.5789487055,13.34231377957417,8.0,8.535100493960329,0.1508626158761144
17.528637503924877,11.55241937379714,15.436826352717393,-5.180008974567784,75.18000897456778,0.5189057875643835,146.26398309384865,146.26398309384865,203.28938388557913,2770510.063035111,378966.60758748115,2995581.4420651435,13.341267785271498,8.0,8.53499556195635,0.1508725088860835
17.529482911930963,10.78456768731266,15.426611717804137,-4.790753308949661,74.79075330894966,0.5189308144443743,146.266792787945,146.266792787945,203.28532294435945,2771085.2318832236,378823.5824026073,2999065.234966391,13.338458091175141,8.0,8.534713699508757,0.1503410888182532
17.529145827384,11.548516806057638,15.436826497519887,-5.17910132793196,75.17910132793196,0.5189208356241563,146.26567250748815,146.26567250748815,203.28694212221444,2770855.872091745,378880.61291259655,2995589.329931281,13.339578371632001,8.0,8.534826083573648,0.15087150036717306
17.64397083368585,9.767347923505497,15.374991206572812,-4.5207251240613004,74.5207251240613,0.5223200365211915,146.64634672130416,146.64634672130416,202.73670762838043,2851041.8787585967,359225.5438327492,3001194.2166140634,12.958904157815994,8.0,8.496641703676971,0.1495410852425122
17.52797994948819,11.55237570661376,15.436826332743644,-5.178587112067362,75.17858711206736,0.518886321772889,146.2617976558601,146.2617976558601,203.29254256658805,2770062.8499185266,379077.83506695786,2995594.6419172413,13.343453223260042,8.0,8.535214800677068,0.1508709265972362
17.531654780719826,11.548547153969096,15.436826416067332,-5.184457290267005,75.184457290267,0.5189951089615106,146.2740104738118,146.2740104738118,203.2748909723274,2772563.8504011584,378456.0362795664,2995539.570746364,13.331240405308336,8.0,8.533989638846947,0.15087745932281035
17.52862481113138,11.546451623122959,15.436826362568423,-5.176939433807149,75.17693943380715,0.5189054118156121,146.26394090885947,146.26394090885947,203.28944485687663,2770501.4292199435,378968.75475464767,2995609.124520466,13.341309970260681,8.0,8.534999793865438,0.1508690935738768
17.52927048260308,11.55111316261086,15.436826463540882,-5.180690334789858,75.18069033478986,0.5189245258319444,146.26608679359992,146.26608679359992,203.28634334107002,2770940.6862280644,378859.52325249725,2995574.9316041977,13.339164085520224,8.0,8.534784523296935,0.15087326812451507
17.531402648542645,11.553331231381975,15.436826206850325,-5.186359472473669,75.18635947247367,0.5189876450131038,146.27317260761936,146.27317260761936,203.27610197080648,2772392.123782477,378498.7129569611,2995522.57593394,13.33207827150079,8.0,8.53407369139245,0.15087957401183752
17.528960074305804,11.55185488930385,15.436826410001352,-5.1804077756222,75.1804077756222,0.518915336717164,146.2650551612045,146.2650551612045,203.28783439264,2770729.4963831617,378912.03836537874,2995577.6595460996,13.340195717915662,8.0,8.534888014420574,0.15087295319432886
17.528501312942986,11.545841939979159,15.436826295789329,-5.17636572599514,75.17636572599514,0.5189017558597686,146.26353045665468,146.26353045665468,203.2900380962972,2770417.426591453,378989.6459470156,2995614.368879649,13.341720422465471,8.0,8.535040969581814,0.1508684545868643
17.52987291899747,11.550037539248656,15.436826501266001,-5.181424271748142,75.18142427174814,0.5189423599466391,146.2680889329029,146.2680889329029,203.2834495829999,2771350.644551148,378757.59322477656,2995567.9629971455,13.337161946217236,8.0,8.534583673191833,0.15087408515971523
17.527010309938298,11.548623153629784,15.436826415686573,-5.174609999727238,75.17460999972724,0.5188576172273031,146.258574863278,146.258574863278,203.29720056371494,2769403.6230316423,379241.82587330736,2995631.062273355,13.34667601584215,8.0,8.535538105204353,0.1508665022887799
17.528640459092152,11.547663784396352,15.43682645452725,-5.177590730810152,75.17759073081015,0.5189058750471329,146.2639929154579,146.2639929154579,203.28936969010587,2770512.0731881694,378966.10767823766,2995603.243542279,13.341257963662258,8.0,8.534994576673569,0.15086981914298245
17.529723124272124,11.548624530988523,15.436826498918384,-5.180385059714467,75.18038505971447,0.5189379255261137,146.26759110943323,146.26759110943323,203.28416910389691,2771248.698816378,378782.93909916846,2995577.4190692916,13.337659769686923,8.0,8.534633613700521,0.1508729287871679
17.236331272558658,11.55016892712279,15.435467292287756,-4.557206298841493,74.55720629884149,0.5102525539537791,145.2863036713465,145.2863036713465,204.70215326293768,2583891.39542363,427018.7813822264,3001253.5734778205,14.318947207773647,8.0,8.633100582154043,0.15016949504886673
17.529241506980398,11.54825315400874,15.436826489234782,-5.1791705733859885,75.17917057338599,0.5189236680574422,146.26599049459736,146.26599049459736,203.28648252514026,2770920.9710882073,378864.4255094478,2995588.6497392384,13.339260384522788,8.0,8.534794183803456,0.15087157733480883
17.528487732953103,11.550090652926059,15.43682649043383,-5.17850293093386,75.17850293093386,0.5189013538470427,146.2634853227678,146.2634853227678,203.29010332971546,2770408.189858199,378991.9431327614,2995595.107866456,13.341765556352357,8.0,8.535045497319572,0.1508708344718707
17.53077648118535,11.550292091262204,15.436826469502618,-5.183477318801181,75.18347731880118,0.5189691083832252,146.2710917371292,146.2710917371292,203.27910952701853,2771965.726629835,378604.69060610846,2995548.924611033,13.334159141990938,8.0,8.534282439053982,0.15087636936370205
17.529512433038217,11.54810656624953,15.436826483009366,-5.1796725250371765,75.17967252503718,0.5189316883670283,146.26689089881364,146.26689089881364,203.2851811414797,2771105.320347849,378818.58761385205,2995583.965989931,13.338359980306507,8.0,8.534703857248758,0.15087213579209174
17.529818285737512,11.547915469422204,15.436826471034731,-5.180226131629809,75.18022613162981,0.5189407426210039,146.26790736667556,146.26790736667556,203.2837120067461,2771313.46202324,378766.83748224325,2995578.795833412,13.33734351244459,8.0,8.53460188749807,0.15087275167413033
18.46224771485449,12.567104942060329,15.40980894737803,-7.675039838394866,77.67503983839487,0.5465437452591619,149.30610755318241,149.30610755318241,198.89204068620913,3573633.585348847,203708.27855811696,2972071.2492155256,10.299143325937735,8.0,8.23007951579308,0.15343235994824
17.52958280431237,11.549314165134291,15.436826510279475,-5.180437964048565,75.18043796404856,0.5189337715900642,146.26712477120526,146.26712477120526,203.28484311801077,2771153.2075247564,378806.68111055804,2995577.024407412,13.338126107914889,8.0,8.534680395692021,0.15087298776535465
17.53006377566753,11.549983886392319,15.436826498911794,-5.1818031663402735,75.18180316634027,0.5189480099368717,146.26872321579077,146.26872321579077,203.28253283256066,2771480.5457091597,378725.2983940591,2995564.4354008753,13.336527663329377,8.0,8.53452004341085,0.15087450674387723
17.528330497836368,11.54949919985102,15.436826493680387,-5.177866709654722,75.17786670965472,0.5188966991662631,146.26296274077538,146.26296274077538,203.29085863369255,2770301.2469742256,379018.5405040599,2995600.9353548633,13.34228813834477,8.0,8.535097921682393,0.15087012659764318
17.53066522163673,11.550018569179265,15.436826480251327,-5.183101056121984,75.18310105612198,0.5189658147316972,146.2707219950875,146.2707219950875,203.27964392813527,2771889.9754492766,378623.5196758456,2995552.381860703,13.334528884032636,8.0,8.534319530661833,0.15087595077973032
17.530189904631868,11.543349630681913,15.436825897954552,-5.178689491258353,75.17868949125835,0.5189517437724058,146.26914238320148,146.26914238320148,203.28192699566756,2771566.3978934484,378703.95544765005,2995592.427261432,13.336108495918666,8.0,8.534477993520397,0.15087103626313678
17.530118327720484,11.548591246004875,15.436826490999184,-5.181209307688789,75.18120930768879,0.5189496248585105,146.26890451021615,146.26890451021615,203.2822708015833,2771517.6770518916,378716.0674204303,2995569.756588632,13.336346368904003,8.0,8.534501856377972,0.1508738458635963
17.529574182132414,11.54928517048204,15.436826510222952,-5.180404829423935,75.18040482942394,0.5189335163449501,146.2670961162296,146.2670961162296,203.28488453398916,2771147.3401083886,378808.1399536695,2995577.3281635265,13.338154762890554,8.0,8.534683270294408,0.15087295089559288
17.53094911916021,11.549603733851178,15.436826472474534,-5.183493867440745,75.18349386744075,0.5189742190396746,146.27166545081866,146.27166545081866,203.27828031841887,2772083.2748533636,378575.47328934766,2995548.673376877,13.33358542830149,8.0,8.534224885521724,0.15087638780742216
17.5288089481288,11.551319988160152,15.436826445439078,-5.179813395024439,75.17981339502444,0.5189108628812551,146.26455289301504,146.26455289301504,203.28856033684895,2770626.686583398,378937.6048181113,2995583.106209376,13.340697986105113,8.0,8.5349384009005,0.15087229217071638
17.529913788537076,11.55000379928006,15.436826501291334,-5.181494063448099,75.1814940634481,0.5189435698205174,146.26822475699305,146.26822475699305,203.2832532718863,2771378.4603049597,378750.6778003759,2995567.3098770548,13.3370261221271,8.0,8.534570047633338,0.15087416281907054
17.529523799006355,11.549559004776341,15.43682651043213,-5.180437190932082,75.18043719093208,0.5189320248373699,146.26692867260084,146.26692867260084,203.28512654578267,2771113.054710189,378816.66455450223,2995577.065912679,13.338322206519308,8.0,8.534700067868755,0.15087298690659387
18.124483778001537,11.549906167469615,15.431476047250856,-6.448655747143675,76.44865574714368,0.5365448128478845,148.21929353525604,148.21929353525604,200.46281979064466,3238266.696346031,271517.7111875961,2983392.8700649412,11.385957343864106,8.0,8.338950709421795,0.1522448302910222
17.52895012819937,11.550131560433698,15.436826499379805,-5.179508009173048,75.17950800917305,0.5189150422794366,146.26502210539826,146.26502210539826,203.28788216924693,2770722.729921131,378913.7210007492,2995585.7775583593,13.34022877372189,8.0,8.534891330511243,0.15087195289596855
17.52994289558537,11.548659893701696,15.436826496519275,-5.180870885502316,75.18087088550232,0.5189444314856534,146.2683214899734,146.2683214899734,203.28311346044615,2771398.270833477,378745.75264020596,2995572.9104646533,13.336929389146746,8.0,8.534560343606188,0.15087346934843238
17.529043845232483,11.549502096957987,15.436826509153011,-5.17938657473934,75.17938657473934,0.5189178166143423,146.26533357265617,146.26533357265617,203.28743199563573,2770786.4880008497,378897.86625949893,2995586.8178071594,13.339917306463974,8.0,8.53486008478501,0.1508718178721798
17.529500156290872,11.548065497400565,15.436826481303324,-5.179625455703274,75.17962545570327,0.5189313249346025,146.26685009811155,146.26685009811155,203.28524011207912,2771096.9662588206,378820.66476710053,2995584.397510568,13.338400781008602,8.0,8.534707950283234,0.15087208340152028
17.528821082838103,11.548842853265,15.436826501367927,-5.178576317096997,75.178576317097,0.5189112221088841,146.26459322286956,146.26459322286956,203.2885020468401,2770634.941461659,378935.5519831993,2995594.252574833,13.340657656250585,8.0,8.53493435509273,0.1508709162339348
17.52963877078323,11.536338094918182,15.436823725958401,-5.173941848196137,75.17394184819614,0.5189354283831625,146.2673107700639,146.2673107700639,203.28457428769582,2771191.293408008,378797.21171422984,2995635.5461950945,13.337940109056262,8.0,8.534661736708813,0.15086573261123057
17.528637503924877,11.550676622959934,15.436826475314165,-5.17912046721267,75.17912046721267,0.5189057875643835,146.26398309384865,146.26398309384865,203.28938388557805,2770510.063035111,378966.60758747935,2995589.4531855914,13.341267785271498,8.0,8.534995561958283,0.1508715214461952
17.529482911930963,11.549269665339484,15.43682651058925,-5.180202651296781,75.18020265129678,0.5189308144443743,146.266792787945,146.266792787945,203.2853229443456,2771085.2318832236,378823.58240223414,2995579.204223916,13.338458091175141,8.0,8.53471369951285,0.15087272593401013
17.529145827384,11.550423014831807,15.436826493275314,-5.1800731511514755,75.18007315115148,0.5189208356241563,146.26567250748815,146.26567250748815,203.28694212221117,2770855.872091745,378880.61291247676,2995580.5684921686,13.339578371632001,8.0,8.534826083575808,0.15087258166933473
17.53030095449085,11.551875937603718,15.436826401730054,-5.183272589878641,75.18327258987864,0.5189550312164254,146.26951143597017,146.26951143597017,203.2813935910832,2771641.9902016465,378685.1636664658,2995551.049975772,13.335739443149976,8.0,8.534440971023116,0.15087614088742995
17.53046086636496,11.550411382048114,15.436826477859482,-5.182866331648313,75.18286633164831,0.5189597651380983,146.27004286910494,146.27004286910494,203.28062549249427,2771750.8497860585,378658.10274962767,2995554.618143769,13.335208010015208,8.0,8.534387658928722,0.1508756895661867
17.530151948335742,11.549101835634495,15.436826499986788,-5.181541172184438,75.18154117218444,0.5189506201401937,146.26901624237257,146.26901624237257,203.28210931130369,2771540.561676364,378710.3782895795,2995566.7452839557,13.336234636747577,8.0,8.534490647668008,0.1508742152255147
17.52862481113138,11.544745547289423,15.43682615262717,-5.176069638366698,75.1760696383667,0.5189054118156121,146.26394090885947,146.26394090885947,203.28944485687117,2770501.4292199435,378968.75475446816,2995616.966071101,13.341309970260681,8.0,8.534999793868167,0.1508681237487953
17.52928318545184,11.54937942575274,15.436826510932859,-5.1798334811435325,75.17983348114353,0.5189249018783848,146.26612901083098,146.26612901083098,203.28628232313153,2770949.3293823185,378857.3741048599,2995582.6491167126,13.339121868289169,8.0,8.534780288157208,0.15087231516063673
17.086729070739786,11.553331231381975,15.433699314376785,-4.241133073649451,74.24113307364945,0.5058238327631671,144.78107101017122,144.78107101017122,205.4319265493056,2496975.0097395005,450598.46511402295,3004038.2798641585,14.824179868948931,8.0,8.683818342774714,0.14980472772099826
17.528960074305804,11.549965321626988,15.436826503052831,-5.1794444273357385,75.17944442733574,0.518915336717164,146.2650551612045,146.2650551612045,203.28783439264285,2770729.4963831617,378912.0383654356,2995586.345011476,13.340195717915662,8.0,8.534888014422222,0.1508718821847357
17.528501312942986,11.551373057632532,15.436826434403061,-5.179185646371877,75.17918564637188,0.5189017558597686,146.26353045665468,146.26353045665468,203.29003809630086,2770417.426591453,378989.6459471518,2995588.9443663196,13.341720422465471,8.0,8.535040969581871,0.15087159357045388
17.52987291899747,11.54911464134393,15.436826505719186,-5.180953769847633,75.18095376984763,0.5189423599466391,146.2680889329029,146.2680889329029,203.2834495829999,2771350.644551148,378757.59322477656,2995572.2044180245,13.337161946217236,8.0,8.534583673191833,0.15087356166523752
17.527010309938298,8.141421445279697,15.164371164301192,-3.4453862100121455,73.44538621001215,0.5188576172273031,146.258574863278,146.258574863278,203.29720056371488,2769403.6230316423,379241.82587330736,3010738.9186680433,13.34667601584215,8.0,8.535538105204353,0.14633780506746982
17.528640459092152,11.546376727222889,15.436826355647945,-5.176934558150663,75.17693455815066,0.5189058750471329,146.2639929154579,146.2639929154579,203.28936969009877,2770512.0731881694,378966.1076780143,2995609.159343989,13.341257963662258,8.0,8.534994576674535,0.15086908808132896
17.530004990906207,11.548624530988523,15.436826494407676,-5.180985031399985,75.18098503139998,0.5189462697130316,146.26852785420414,146.26852785420414,203.2828151952755,2771440.5343514243,378735.2454880045,2995571.844989048,13.336723024916012,8.0,8.534539641624917,0.1508735963399915
17.529488160938122,11.548432137757501,15.43682649524979,-5.179786840813904,75.1797868408139,0.5189309698323896,146.26681023257936,146.26681023257936,203.2852977310553,2771088.8036977993,378822.6943053155,2995582.9496761668,13.33844064654079,8.0,8.534711949500377,0.15087226311068552
17.52842537320923,11.549994545003905,15.43682649067243,-5.178321197635171,75.17832119763517,0.5188995077918659,146.26327806618843,146.26327806618843,203.2904028840927,2770365.775207567,379002.49180104665,2995596.782563568,13.341972812931715,8.0,8.535066288880898,0.15087063226386282
17.52905213414497,11.548754856330813,15.43682650269431,-5.179023259202893,75.17902325920289,0.5189180619936343,146.26536112068106,146.26536112068106,203.2873921795976,2770792.1272875476,378896.46395421727,2995590.0884514977,13.339889758439085,8.0,8.534857321224933,0.15087141355167213
17.53077648118535,11.54967194054117,15.436826480018379,-5.183161168207619,75.18316116820762,0.5189691083832252,146.2710917371292,146.2710917371292,203.2791095270193,2771965.726629835,378604.69060609257,2995551.7743084617,13.334159141990938,8.0,8.534282439053072,0.15087601766745856
17.529512433038217,11.549470905534392,15.436826510766817,-5.180368083645533,75.18036808364553,0.5189316883670283,146.26689089881364,146.26689089881364,203.28518114148977,2771105.320347849,378818.58761409594,2995577.6955698347,13.338359980306507,8.0,8.534703857244608,0.15087291001353886
16.87848070113178,11.549811168748988,15.429995777141036,-3.797655813184406,73.7976558131844,0.4996589905604435,144.07218891885861,144.07218891885861,206.4554126598462,2384438.3325609243,482379.1016528675,3007832.7565320004,15.533061960261534,8.0,8.755002303562492,0.14928396329623325
17.52932970974134,11.549782016941371,15.436826508777601,-5.180137758313151,75.18013775831315,0.5189262791516086,146.2662836315949,146.2662836315949,203.2860588446976,2770980.985426934,378849.5027865038,2995579.878795984,13.338967247525261,8.0,8.534764776942097,0.1508726537095227
17.52958280431237,11.550198381233137,15.436826500532778,-5.180888749644623,75.18088874964462,0.5189337715900642,146.26712477120526,146.26712477120526,203.28484311799744,2771153.2075247564,378806.68111020216,2995572.9605625314,13.338126107914889,8.0,8.534680395695432,0.1508734892654014
17.52803826227555,11.548990944465153,15.436826480835409,-5.176985549467304,75.1769855494673,0.5188880480247351,146.26199146586657,146.26199146586657,203.29226244709696,2770102.504041054,379067.97186410986,2995609.049481017,13.343259413253577,8.0,8.535195358041335,0.15086914604043036
17.528330497836368,11.552200082644362,15.436826363987919,-5.179243711513038,75.17924371151304,0.5188966991662631,146.26296274077538,146.26296274077538,203.290858633683,2770301.2469742256,379018.5405038027,2995588.5194711825,13.34228813834477,8.0,8.535097921683246,0.1508716574907431
17.53066522163673,11.548677776253228,15.436826475541483,-5.182417523715458,75.18241752371546,0.5189658147316972,146.2707219950875,146.2707219950875,203.27964392812876,2771889.9754492766,378623.519675698,2995558.5430511297,13.334528884032636,8.0,8.534319530665755,0.15087519013406595
17.529732679389326,12.735372276689962,15.416195890132899,-5.786413947082281,75.78641394708228,0.5189382083892636,146.26762286473036,146.26762286473036,203.28412320690418,2771255.2015343076,378781.32235736534,2990053.5887818094,13.337628014389793,8.0,8.534630428083688,0.15134778321969095
