p_evap,dT_cd,net_power,T_injection>=70,evap_brine_pinch>=5,evap_brine_pinch<=37,T_injection,evap_steam_UA,evap_brine_UA,evap_steam_pinch,evap_brine_pinch,thermal_efficiency
24.274593445207685,13.932773563778522,8.92125708563688,-33.37263328112101,-43.55483205851169,11.554832058511693,103.37263328112101,769329.1216208047,5698.014868392564,48.55483205851169,48.55483205851169,0.11016238784585425
24.598041289712015,20.683833121107256,8.35289677612916,-36.3900143581119,-42.80635914988312,10.806359149883122,106.3900143581119,781324.6144895928,5786.859154666367,47.80635914988312,47.80635914988312,0.1061486561777842
10.906871682161471,20.469147670650543,2.17027132124195,-77.55337280199456,-84.47231433460854,52.47231433460854,147.55337280199456,418272.310426437,3097.922302519397,89.47231433460854,89.47231433460854,0.04602992620564408
14.664123074695084,29.299273237334283,2.9673841792002222,-72.61704923953596,-70.312139872729,38.312139872729006,142.61704923953596,496710.55467964313,3678.8729898712136,75.312139872729,75.312139872729,0.05822446794424504
17.573960692932015,15.682543224446732,5.587965613026003,-57.84039325632938,-61.09452294199758,29.09452294199758,127.84039325632938,565776.5068916001,4190.408055350502,66.09452294199758,66.09452294199758,0.08965687954595906
11.401592899195782,11.558264925365052,2.996962562538037,-72.33492326246989,-82.42025861063928,50.42025861063928,142.33492326246989,428068.5229950752,3170.477680056998,87.42025861063928,87.42025861063928,0.05855467348744371
20.883484017876874,26.14128188464001,5.904620868355594,-53.617431179964456,-51.90010289731373,19.90010289731373,123.61743117996446,656884.3045487036,4865.19543969256,56.90010289731373,56.90010289731373,0.09006632524764842
21.09431411699491,28.437730922958167,5.700442399580419,-54.32949546206356,-51.352451636223975,19.352451636223975,124.32949546206356,663245.8877682277,4912.312329918941,56.352451636223975,56.352451636223975,0.08768030282960115
19.058180410025276,20.444689665054057,5.787125480496405,-56.01154418317884,-56.82399523813643,24.823995238136433,126.01154418317884,604733.725064055,4478.9436146312955,61.82399523813643,61.82399523813643,0.09081157822126892
22.356993579528933,26.894336779980577,6.448630224420733,-49.14541627614773,-48.15622355714942,16.156223557149417,119.14541627614773,702978.9891730291,5206.594446908005,53.15622355714942,53.15622355714942,0.09349159882396739
7.700306716317419,27.7305996785203,-0.15967885868761159,-88.66172781439252,-99.76627940448395,67.76627940448395,158.66172781439252,357326.84759772423,2646.5314171367463,104.76627940448395,104.76627940448395,0.004145288302060725
25.11171938861588,12.53501075608062,9.478930037658989,-28.61949952039589,-41.63311914748169,9.633119147481693,98.61949952039589,800899.2963486705,5931.838494642196,46.63311914748169,46.63311914748169,0.11205789243176319
24.857259675648862,13.303889674941097,9.287880033561693,-30.328055317079475,-42.211966477221665,10.211966477221665,100.32805531707947,791120.5523518334,5859.412497598845,47.211966477221665,47.211966477221665,0.11150768224485848
26.54622609493245,26.05921860328018,8.618613307757837,-31.075131236423204,-38.45242390233278,6.452423902332782,101.0751312364232,859260.3935027763,6364.088347110429,43.45242390233278,43.45242390233278,0.1041816561582026
8.242367097134752,19.709306781115416,0.8518003571717806,-83.79755107371119,-96.88736458401297,64.88736458401297,153.7975510737112,367403.92762410175,2721.1670317347107,101.88736458401297,101.88736458401297,0.02013400585928402
20.623514550270876,12.068331513387065,7.19678587481386,-46.33684197470285,-52.581154988573644,20.581154988573644,116.33684197470285,649141.3603443825,4807.847537525013,57.581154988573644,57.581154988573644,0.10119443116233179
25.623293458805534,15.694391355873222,9.51801263924074,-28.262724230605272,-40.482984353561164,8.482984353561164,98.26272423060527,821064.4941064685,6081.1914742957515,45.482984353561164,45.482984353561164,0.1121611966732157
20.88049618290442,24.758230546275442,6.076855638406928,-52.801222094924356,-51.90789392740828,19.90789392740828,122.80122209492436,656794.6832881257,4864.531662303995,56.90789392740828,56.90789392740828,0.091819418517779
14.806355510288842,13.061800049851826,4.525150020580185,-64.20482369545442,-69.83152293707525,37.83152293707525,134.20482369545442,499892.3767580484,3702.439067121919,74.83152293707525,74.83152293707525,0.07877657857492978
19.08714947877276,24.456314124891378,5.345434811886492,-58.1607930945915,-56.743148083314225,24.743148083314225,128.1607930945915,605523.052143534,4484.789743821648,61.743148083314225,61.743148083314225,0.08610471413860231
8.521277311954988,11.661938069834939,1.5014942964694904,-79.6895187692316,-95.4600773611972,63.46007736119719,149.6895187692316,372613.5992010928,2759.752320229442,100.4600773611972,100.4600773611972,0.03300379251166602
25.379555728509914,10.628952323463132,9.688390726032312,-26.046647569631148,-41.02872115463833,9.028721154638333,96.04664756963115,811371.0388801161,6009.397166172066,46.02872115463833,46.02872115463833,0.11195275596314799
11.383192342169597,21.396881827118307,2.3149173015505,-76.81146136592588,-82.49539850272953,50.49539850272953,146.81146136592588,427701.72958465153,3167.761034804244,87.49539850272953,87.49539850272953,0.04850708486658562
7.494380350354197,17.30825272612301,0.602727836664134,-84.67943417189474,-100.89913270831676,68.89913270831676,154.67943417189474,353511.4549022194,2618.2728166278494,105.89913270831676,105.89913270831676,0.014481317416121211
23.24286387513159,27.746066099351467,6.729191195065826,-46.50186363753551,-45.994573556070634,13.994573556070634,116.50186363753551,732663.5263589233,5426.4521508387115,50.994573556070634,50.994573556070634,0.09478728394438783
6.882387432266644,12.457770607886019,0.5014962463675415,-84.28591152447012,-104.40724329162833,72.40724329162833,154.28591152447012,342196.6031561723,2534.4696800108377,109.40724329162833,109.40724329162833,0.011961177014954574
12.628138181743786,13.60320278017577,3.502506072657889,-70.1323033216081,-77.60101762162083,45.60101762162083,140.1323033216081,452984.1393258606,3355.0145035286578,82.60101762162083,82.60101762162083,0.06623365144493776
21.599163621900658,17.820818380452174,7.213918694347944,-46.26188767172073,-50.057624206718,18.057624206718003,116.26188767172073,678788.3039990114,5027.42680600547,55.057624206718,55.057624206718,0.10135387845076527
18.55026496215001,15.529558116314913,6.034143609885885,-54.87684181610206,-58.25661584091114,26.256615840911138,124.87684181610206,591080.3733838429,4377.820442908197,63.25661584091114,63.25661584091114,0.09341476186244753
18.823789458246022,12.575761601372125,6.346194479824644,-52.46857493678988,-57.481531910645,25.481531910645003,122.46857493678988,598389.6889867819,4431.956686828843,62.481531910645,62.481531910645,0.09552202305117448
21.372400582836327,18.985216831255187,6.983020732960212,-47.739227541661876,-50.63636618620018,18.636366186200178,117.73922754166188,671752.2972509702,4975.3148165623525,55.63636618620018,55.63636618620018,0.099688103984524
16.067462018951908,25.952851812680464,3.9146457001709805,-67.31934761598217,-65.71253920742475,33.712539207424754,137.31934761598217,528930.0500581904,3917.505791567697,70.71253920742475,70.71253920742475,0.07111377456048662
7.636723578252001,29.340204596445425,-0.34351597127577077,-89.21130769479112,-100.11365931760997,68.11365931760997,159.21130769479112,356148.1633149331,2637.8015245852525,105.11365931760997,105.11365931760997,0.009079382123889784
25.93884023422617,24.939286101368282,8.459527081815015,-33.24432955176019,-39.782422260816475,7.782422260816475,103.24432955176019,833852.7685812769,6175.907475615221,44.782422260816475,44.782422260816475,0.10433528862012867
25.03239554858711,23.066641179326346,8.253654115018703,-36.1023981890026,-41.813077763589035,9.813077763589035,106.1023981890026,797833.373369192,5909.130820863644,46.813077763589035,46.813077763589035,0.10459693262006638
11.00282899464521,16.541583757132024,2.5381622481587236,-75.54730818326038,-84.06902180679009,52.06902180679009,145.54730818326038,420162.0097176132,3111.918308071696,89.06902180679009,89.06902180679009,0.05211725584017536
12.672373457901365,25.403408546381073,2.520564498909653,-75.55705138239642,-77.43376790960207,45.43376790960207,145.55705138239642,453901.0061689085,3361.805252451585,82.43376790960207,82.43376790960207,0.051763919650765496
18.622062202160556,22.800753970591316,5.338423471592507,-58.60318980815481,-58.0523444588452,26.052344458845198,128.6031898081548,592989.3397672644,4391.959149646714,63.0523444588452,63.0523444588452,0.08646395965577562
8.801368369664909,14.13965016227884,1.5555843258988002,-80.01417647223423,-94.06093057257186,62.06093057257186,150.01417647223423,377865.98069971503,2798.6539385776746,99.06093057257186,99.06093057257186,0.03438291282219696
7.652158613291646,10.948856044479669,1.0130393512528997,-81.64494025279873,-100.02913632687688,68.02913632687688,151.64494025279873,356434.23930691904,2639.920338510289,105.02913632687688,105.02913632687688,0.023035072713919538
24.274593445207685,17.66834678625986,8.55598305078107,-35.793070671468286,-43.55483205851169,11.554832058511693,105.79307067146829,769329.1216208047,5698.014868392564,48.55483205851169,48.55483205851169,0.10810624792356605
23.635304245978332,29.993484203344522,6.58955331840623,-46.52816140927507,-45.056984277390654,13.056984277390654,116.52816140927507,746332.8772897674,5527.693820569259,50.056984277390654,50.056984277390654,0.09284657627164086
10.906871682161471,26.860670842474583,1.5704912457743303,-80.50604807834088,-84.47231433460854,52.47231433460854,150.50604807834088,418272.310426437,3097.922302519397,89.47231433460854,89.47231433460854,0.03500748226472148
28.795755867735195,29.299273237334283,9.41289298889914,-20.700853921043517,-33.7264166477168,1.7264166477168033,90.70085392104352,963590.844661574,7136.808949024606,38.7264166477168,38.7264166477168,0.10390823026228897
17.573960692932015,26.020598529182877,4.531744440489209,-63.32816963112185,-61.09452294199758,29.09452294199758,133.32816963112185,565776.5068916001,4190.408055350502,66.09452294199758,66.09452294199758,0.07797710319957935
29.445765727744245,11.558264925365052,12.53679607677929,-0.806785486543447,-32.41590334181916,0.4159033418191598,70.80678548654345,997164.6644840142,7385.472517269074,37.41590334181916,37.41590334181916,0.11870173322227637
20.883484017876874,26.934103433614283,5.804079588714955,-54.09327605367264,-51.90010289731373,19.90010289731373,124.09327605367264,656884.3045487036,4865.19543969256,56.90010289731373,56.90010289731373,0.08902694234769461
28.644885982246425,28.437730922958167,9.470326578278769,-20.951150289122154,-34.03399990642106,2.0339999064210588,90.95115028912215,956035.9364480226,7080.853730223757,39.03399990642106,39.03399990642106,0.10476131740422835
19.058180410025276,29.241076682748535,4.759116169880824,-60.96677923757272,-56.82399523813643,24.823995238136433,130.96677923757272,604733.7250640551,4478.9436146312955,61.82399523813643,61.82399523813643,0.07941239723165255
22.356993579528933,23.99707945373934,6.830383608061713,-47.32675595736879,-48.15622355714942,16.156223557149417,117.32675595736879,702978.9891730291,5206.594446908005,53.15622355714942,53.15622355714942,0.09707300308773123
24.45160983723069,27.7305996785203,7.292713955340034,-41.78898907397331,-43.14426460104312,11.144264601043119,111.78898907397331,775863.1366536886,5746.408870077091,48.14426460104312,48.14426460104312,0.09777895223616101
23.705963240612505,24.39766435980375,7.407194822630047,-42.536670686475645,-44.889436754961764,12.889436754961764,112.53667068647565,748829.4929378899,5546.184935339089,49.889436754961764,49.889436754961764,0.10007781299400394
26.640845186308116,13.303889674941097,10.35427779234139,-21.243985405131752,-38.24738361101606,6.247383611016062,91.24398540513175,863315.7830924888,6394.12447798069,43.24738361101606,43.24738361101606,0.11482117342825449
26.54622609493245,27.471870876451796,8.395089718589697,-32.1387493214832,-38.45242390233278,6.452423902332782,102.1387493214832,859260.3935027763,6364.088347110429,43.45242390233278,43.45242390233278,0.10247968568094669
8.242367097134752,26.977803094372845,0.21263105601600193,-86.9879214095223,-96.88736458401297,64.88736458401297,156.9879214095223,367403.92762410175,2721.1670317347107,101.88736458401297,101.88736458401297,0.005339166126714516
28.987225340191202,12.068331513387065,12.124549609281157,-4.921597069322672,-33.33792391140395,1.3379239114039478,74.92159706932267,973305.43293131,7208.759778449404,38.33792391140395,38.33792391140395,0.1182744198682304
25.623293458805534,24.561944923163033,8.347412643688214,-34.46370319925461,-40.482984353561164,8.482984353561164,104.46370319925461,821064.4941064685,6081.1914742957515,45.482984353561164,45.482984353561164,0.10414196866875076
20.88049618290442,23.424709257493575,6.241336982713654,-52.009959199508955,-51.90789392740828,19.90789392740828,122.00995919950896,656794.6832881257,4864.531662303995,56.90789392740828,56.90789392740828,0.09345066136460947
30.70541428747524,13.061800049851826,13.65184415579871,9.709461840524341,-29.942025358928333,-2.0579746410716666,60.29053815947566,1067368.3075497402,7905.433858601716,34.94202535892833,34.94202535892833,0.12023733992300104
25.763559024809652,28.773842937297218,7.780435409017417,-36.85890386566274,-40.17074978168563,8.170749781685629,106.85890386566274,826715.332626154,6123.04425355389,45.17074978168563,45.17074978168563,0.09932365460059736
8.521277311954988,25.220736550714093,0.5256984632941891,-85.51789469874916,-95.4600773611972,63.46007736119719,155.51789469874916,372613.5992010928,2759.752320229442,100.4600773611972,100.4600773611972,0.012831629022168788
25.379555728509914,25.71338619147683,8.049115605992531,-36.39910434819603,-41.02872115463833,9.028721154638333,106.39910434819603,811371.0388801161,6009.3971661724745,46.02872115463833,46.02872115463833,0.10229718461073925
24.803796548526183,21.396881827118307,8.365290572846343,-35.97145608333352,-42.334165950622946,10.334165950622946,105.97145608333352,789086.6265286017,5844.348282224331,47.334165950622946,47.334165950622946,0.10587816211286752
23.522337931151448,17.30825272612301,8.2068824525317,-38.70002022174839,-45.325648718468585,13.325648718468585,108.70002022174839,742364.0896377303,5498.299104555965,50.325648718468585,50.325648718468585,0.10667395689670288
23.06431791574362,27.746066099351467,6.648628053714008,-47.15975296832357,-46.42514387045918,14.42514387045918,117.15975296832357,726552.5061714287,5381.191048781335,51.42514387045918,51.42514387045918,0.09431913467225041
26.840132541687595,12.457770607886019,10.53812360215491,-19.506967653760285,-37.81738810035972,5.817388100359722,89.50696765376028,871946.0084610496,6458.044003559076,42.81738810035972,42.81738810035972,0.11518082261909435
20.147328468814575,13.60320278017577,6.897926467196572,-48.79271353536814,-53.845547716125964,21.845547716125964,118.79271353536814,635240.0193332657,4704.887639679132,58.845547716125964,58.845547716125964,0.09961661823590064
24.534161176480012,17.820818380452174,8.675983295054422,-34.76480780171596,-42.95357811667236,10.953578116672361,104.76480780171596,778935.7293990941,5769.165943292975,47.95357811667236,47.95357811667236,0.10855095658090193
18.55026496215001,29.652133796453484,4.503882774719983,-62.640816310675575,-58.25661584091114,26.256615840911138,132.64081631067558,591080.3733838429,4377.820442908197,63.25661584091114,63.25661584091114,0.07680010822758408
30.156460746414837,12.575761601372125,13.134503964972113,4.655534739558732,-31.009685834306424,-0.9903141656935759,65.34446526044127,1035893.510588853,7672.316645145224,36.009685834306424,36.009685834306424,0.11969451767657283
21.372400582836327,21.648658490407087,6.675920014802532,-49.31887439356677,-50.63636618620018,18.636366186200178,119.31887439356677,671752.2972509702,4975.3148165623525,55.63636618620018,55.63636618620018,0.09697299446173804
16.067462018951908,29.50449667287465,3.5197269008015812,-69.19289306297526,-65.71253920742475,33.712539207424754,139.19289306297526,528930.0500581904,3917.505791567697,70.71253920742475,70.71253920742475,0.06566045795554734
20.426208654689262,29.340204596445425,5.306085729942975,-56.969297372782535,-53.102364325972246,21.102364325972246,126.96929737278253,643337.8843470159,4764.8642530086445,58.102364325972246,58.102364325972246,0.08423242563874854
25.93884023422617,29.17322698370478,7.807347878532945,-36.34415009557398,-39.782422260816475,7.782422260816475,106.34415009557398,833852.7685812769,6175.907475615221,44.782422260816475,44.782422260816475,0.09917188765894804
25.03239554858711,25.661302334254643,7.879874617038654,-37.90270346828203,-41.813077763589035,9.813077763589035,107.90270346828203,797833.373369192,5909.130820863644,46.813077763589035,46.813077763589035,0.10162255465052872
23.264231888355404,16.541583757132024,8.156679869990288,-39.255205880488006,-45.943212894021485,13.943212894021485,109.255205880488,733399.350078182,5431.902008870888,50.943212894021485,50.943212894021485,0.10660659094499997
12.672373457901365,18.646215969983423,3.159962997729151,-72.34857239011762,-77.43376790960207,45.43376790960207,142.34857239011762,453901.0061689085,3361.805252451585,82.43376790960207,82.43376790960207,0.06175208558241009
18.622062202160556,29.6418476011349,4.534071762904195,-62.433711398497906,-58.0523444588452,26.052344458845198,132.4337113984979,592989.3397672644,4391.959149646714,63.0523444588452,63.0523444588452,0.07710581081520049
8.801368369664909,27.555507315257096,0.4594476216944387,-85.8853160424257,-94.06093057257186,62.06093057257186,155.8853160424257,377865.98069971503,2798.6539385778647,99.06093057257186,99.06093057257186,0.011293333408118729
28.116638717449874,10.948856044479669,11.481642510467351,-10.379570491738036,-35.12129281646696,3.121292816466962,80.37957049173804,930253.637555599,6889.89784632212,40.12129281646696,40.12129281646696,0.11669316231215439
24.274593445207685,20.63071023228209,8.192741931364186,-37.73891710360766,-43.55483205851169,11.554832058511693,107.73891710360766,769329.1216208047,5698.014868392564,48.55483205851169,48.55483205851169,0.10548801510327702
29.637766745100173,20.683833121107256,11.56563685156233,-7.020682758951523,-32.03329103237786,0.033291032377860574,77.02068275895152,1007412.522839894,7461.372996843213,37.03329103237786,37.03329103237786,0.11459312189064498
10.906871682161471,10.291979512088488,2.7667375186147414,-73.03844359877695,-84.47231433460854,52.47231433460854,143.03844359877695,418272.310426437,3097.922302519397,89.47231433460854,89.47231433460854,0.05463620476718557
28.795755867735195,10.992897974115102,12.006361441954914,-5.5240483111916205,-33.7264166477168,1.7264166477168033,75.52404831119162,963590.844661574,7136.808949024606,38.7264166477168,38.7264166477168,0.11764321556365671
17.573960692932015,14.300116996380012,5.688596287037623,-57.12480799206543,-61.09452294199758,29.09452294199758,127.12480799206543,565776.5068916001,4190.408055350502,66.09452294199758,66.09452294199758,0.09047572396530973
29.445765727744245,10.534751888042784,12.555518597003108,0.044218276825233715,-32.41590334181916,0.4159033418191598,69.95578172317477,997164.6644840142,7385.472517269575,37.41590334181916,37.41590334181916,0.11816107783946724
20.883484017876874,10.08933795922691,7.341390661253074,-44.32731504910163,-51.90010289731373,19.90010289731373,114.32731504910163,656884.3045487035,4865.19543969256,56.90010289731373,56.90010289731373,0.10105111853283902
30.12977985007624,16.006022391060736,12.732486730755127,1.370025400831139,-31.06198507805931,-0.9380149219406917,68.62997459916886,1034399.3441517181,7661.2501427407515,36.06198507805931,36.06198507805931,0.11870982227471409
19.169071342444024,20.444689665054057,5.835536456774193,-55.67664412559378,-56.515014517946724,24.515014517946724,125.67664412559378,607761.5179551326,4501.368878964754,61.515014517946724,61.515014517946724,0.0912043457784601
22.356993579528933,10.215883655050249,8.059906466870128,-38.97788859992079,-48.15622355714942,16.156223557149417,108.97788859992079,702978.9891730291,5206.594446907651,53.15622355714942,53.15622355714942,0.10505214029030754
24.45160983723069,11.097552040800295,9.157447741879512,-30.760838094508927,-43.14426460104312,11.144264601043119,100.76083809450893,775863.1366536886,5746.408870077091,48.14426460104312,48.14426460104312,0.11037688064567575
29.457373800658665,12.53501075608062,12.494496253856667,-1.525290181814114,-32.39271365765018,0.39271365765017663,71.52529018181411,997779.8361855326,7390.02876946822,37.39271365765018,37.39271365765018,0.1189112903496963
30.168061036653977,13.303889674941097,13.085571818579684,4.12357428929613,-30.986959098406317,-1.0130409015936834,65.87642571070387,1036544.1497662221,7677.1355862236505,35.98695909840632,35.98695909840632,0.11968582934566929
26.54622609493245,11.499269428621997,10.389451532826495,-20.493224868421123,-38.45242390233278,6.452423902332782,90.49322486842112,859260.3935027763,6364.088347110429,43.45242390233278,43.45242390233278,0.11448978592743247
30.09687369018574,19.709306781115416,12.12426717006442,-2.249331348598446,-31.12653939907915,-0.8734606009208505,72.24933134859845,1032560.9887647347,7647.634414395056,36.12653939907915,36.12653939907915,0.1159906056504238
19.78813055385176,12.068331513387065,6.807392278203222,-49.12783247236558,-54.81421942048587,22.81421942048587,119.12783247236558,624986.2755931654,4628.9435701699895,59.81421942048587,59.81421942048587,0.09867369255565989
25.623293458805534,10.561190424331357,9.832294756207114,-24.774429942263737,-40.482984353561164,8.482984353561164,94.77442994226374,821064.4941064685,6081.1914742957515,45.482984353561164,45.482984353561164,0.11236400283517621
29.456449734356152,24.758230546275442,10.701615019943882,-12.036533930270764,-32.39455941164283,0.39455941164283104,82.03653393027076,997730.8445596863,7389.66591434594,37.39455941164283,37.39455941164283,0.11016682079536616
30.70541428747524,10.02094457270822,13.76766538422504,12.489245125021228,-29.942025358928333,-2.0579746410716666,57.51075487497877,1067368.3075497402,7905.433858601716,34.94202535892833,34.94202535892833,0.11906243757241095
24.825537334417692,28.773842937297218,7.318273196228025,-40.96649623603747,-42.284449033880776,10.284449033880776,110.96649623603747,789912.8670315498,5850.467809665002,47.284449033880776,47.284449033880776,0.09730478226236161
30.7035475435501,11.661938069834939,13.74721464223151,10.973502601952475,-29.94562910199727,-2.0543708980027304,59.026497398047525,1067258.851850649,7904.6231779926975,34.94562910199727,34.94562910199727,0.12007065867126979
25.379555728509914,12.490485950560778,9.63617824910864,-27.290403754669796,-41.02872115463833,9.028721154638333,97.2904037546698,811371.0388801161,6009.397166172066,46.02872115463833,46.02872115463833,0.11257573219407409
24.803796548526183,10.890713815158179,9.356419396421172,-29.000514654222854,-42.334165950622946,10.334165950622946,99.00051465422285,789086.6265286017,5844.348282223935,47.334165950622946,47.334165950622946,0.11098872432917817
23.522337931151448,12.140464150766554,8.627561257597872,-35.46366093482396,-45.325648718468585,13.325648718468585,105.46366093482396,742364.0896377303,5498.299104555965,50.325648718468585,50.325648718468585,0.10866698155641434
23.24286387513159,10.5807395860589,8.513890302437364,-35.66340564617019,-45.994573556070634,13.994573556070634,105.66340564617019,732663.5263589233,5426.4521508387115,50.994573556070634,50.994573556070634,0.10744064396008235
27.746775072155984,12.457770607886019,11.155805336611932,-13.984432121904206,-35.892327356089424,3.8923273560894245,83.9844321219042,912797.4675032548,6760.609205468521,40.892327356089424,40.892327356089424,0.1166093575427352
20.147328468814575,11.438693197338448,6.9919626306603835,-47.59681414556513,-53.845547716125964,21.845547716125964,117.59681414556513,635240.0193332657,4704.887639678813,58.845547716125964,58.845547716125964,0.09966116758903218
24.534161176480012,13.178292242392104,9.116308257315746,-31.727915947974452,-42.95357811667236,10.953578116672361,101.72791594797445,778935.7293990941,5769.165943292975,47.95357811667236,47.95357811667236,0.11086167067741796
29.505349227702652,15.529558116314913,12.23564056803589,-3.6531576071743643,-32.296950898725015,0.2969508987250151,73.65315760717436,1000328.272828311,7408.90369500219,37.296950898725015,37.296950898725015,0.11825411236048683
30.156460746414837,11.981324458892587,13.172741877672005,5.177838602671898,-31.009685834306424,-0.9903141656935759,64.8221613973281,1035893.510588853,7672.316645145224,36.009685834306424,36.009685834306424,0.11961397230562379
21.372400582836327,10.860477041323925,7.580124909267056,-43.024849740846605,-50.63636618620018,18.636366186200178,113.0248497408466,671752.2972509702,4975.3148165623525,55.63636618620018,55.63636618620018,0.10293131801412857
29.899333811236776,25.952851812680464,10.820656587060896,-9.616398158463767,-31.51528977663503,-0.4847102233649707,79.61639815846377,1021626.9893450083,7566.6520500028955,36.51528977663503,36.51528977663503,0.10933479836070946
20.426208654689262,10.906773590987648,7.130102723247366,-46.36302862861504,-53.102364325972246,21.102364325972246,116.36302862861504,643337.8843470159,4764.864253008322,58.102364325972246,58.102364325972246,0.10028495475762433
30.038883895268203,24.939286101368282,11.124910306581762,-7.524874243732768,-31.240443323739157,-0.7595566762608428,77.52487424373277,1029333.1595432278,7623.727586511003,36.24044332373916,36.24044332373916,0.1106436044146799
26.707783232748767,23.066641179326346,9.174610357431643,-27.999814561889593,-38.10267294592933,6.102672945929328,97.9998145618896,866201.0623484208,6415.494219015749,43.10267294592933,43.10267294592933,0.10786113193748706
23.264231888355404,10.147764688778391,8.52023040986307,-35.31120081268915,-45.943212894021485,13.943212894021485,105.31120081268915,733399.350078182,5431.902008870888,50.943212894021485,50.943212894021485,0.10715876806853154
27.484115544933363,25.403408546381073,9.265723143924975,-25.531984959204408,-36.4448506175072,4.4448506175072,95.53198495920441,900685.9764377179,6670.90578175769,41.4448506175072,41.4448506175072,0.10658833627761123
16.904602987471954,10.8593835215161,5.5285536029357365,-57.31533284528962,-63.10862471806041,31.108624718060412,127.31533284528962,549093.6690896715,4066.847078428033,68.10862471806041,68.10862471806041,0.08813484536825038
8.801368369664909,10.217212974555526,1.6729027512186325,-78.3709137682473,-94.06093057257186,62.06093057257186,148.3709137682473,377865.98069971503,2798.6539385780543,99.06093057257186,99.06093057257186,0.035963897355504
28.116638717449874,10.751334240240155,11.48338173056222,-10.228484277695827,-35.12129281646696,3.121292816466962,80.22848427769583,930253.6375555989,6889.89784632212,40.12129281646696,40.12129281646696,0.11657564103728264
29.75486662901974,13.932773563778522,12.638611092670226,-0.17353846504573767,-31.800929344475662,-0.19907065552433778,70.17353846504574,1013739.5291335166,7508.233794023908,36.80092934447566,36.80092934447566,0.11912714805690597
29.637766745100173,21.06661894812393,11.500133334007883,-7.356947236262556,-32.03329103237786,0.033291032377860574,77.35694723626256,1007412.522839894,7461.372996843213,37.03329103237786,37.03329103237786,0.11423139517815976
26.48029634039924,20.469147670650543,9.42382419576838,-27.281020527259273,-38.59563292397371,6.59563292397371,97.28102052725927,856450.4583896166,6343.276640385652,43.59563292397371,43.59563292397371,0.11008573410769056
30.414925222269616,29.66997086353807,10.499576667836056,-8.776028567873539,-30.505013424147705,-1.4949865758522947,78.77602856787354,1050536.7174432608,7780.77115184839,35.505013424147705,35.505013424147705,0.10541461614261112
27.889078471954406,15.682543224446732,10.96380426118234,-15.523295362054398,-35.59471310452807,3.5947131045280685,85.5232953620544,919457.2335366447,6809.934578461454,40.59471310452807,40.59471310452807,0.11601300239379368
30.600737377030825,12.550019191811188,13.583761315215472,9.082213826369525,-30.144385476212506,-1.8556145237874944,60.917786173630475,1061256.634564495,7860.167921615314,35.144385476212506,35.144385476212506,0.1201375581471995
20.883484017876874,20.023748725534126,6.643502409119756,-50.00316601020677,-51.90010289731373,19.90010289731373,120.00316601020677,656884.3045487036,4865.19543969256,56.90010289731373,56.90010289731373,0.09724010933726315
30.56896132120832,16.006022391060736,13.159313377747063,5.593107811909135,-30.20592824676919,-1.79407175323081,64.40689218809086,1059411.7776466305,7846.504039861442,35.20592824676919,35.20592824676919,0.119153491356205
30.61356274033378,20.444689665054057,12.472514312800316,1.8981612387524365,-30.119560771194017,-1.880439228805983,68.10183876124756,1062002.6203371447,7865.6930446154975,35.11956077119402,35.11956077119402,0.11585595013718551
22.356993579528933,15.33382384253683,7.8194205423793814,-42.02464138917861,-48.15622355714942,16.156223557149417,112.02464138917861,702978.9891730291,5206.594446908005,53.15622355714942,53.15622355714942,0.10509372580035724
28.790494617559553,27.7305996785203,9.692376878759829,-19.38409537084391,-33.73712109318865,1.737121093188648,89.38409537084391,963325.9155228704,7134.846758683724,38.73712109318865,38.73712109318865,0.105829341368814
29.457373800658665,24.031606324394147,10.833941115748006,-11.388503448771246,-32.39271365765018,0.39271365765017663,81.38850344877125,997779.8361855326,7390.02876946822,37.39271365765018,37.39271365765018,0.11096978566600711
30.56671549717862,13.303889674941097,13.48413289659808,8.045277036726816,-30.210279888487833,-1.7897201115121675,61.954722963273184,1059281.5720153528,7845.539675453389,35.21027988848783,35.21027988848783,0.12008592579178665
27.22976333587469,21.304703840015,9.75630230463418,-23.812513171566366,-36.983895907303236,4.983895907303236,93.81251317156637,889175.7098998021,6585.655310887653,41.983895907303236,41.983895907303236,0.11057479981987482
29.494927224325814,19.709306781115416,11.611318074728382,-7.322106201058432,-32.3177432728603,0.317743272860298,77.32210620105843,999773.8407795463,7404.797309362299,37.3177432728603,37.3177432728603,0.11530567593058924
26.365598484013915,12.068331513387065,10.253692609888274,-21.89250115243948,-38.84543986102557,6.845439861025568,91.89250115243948,851592.6821264678,6307.297654803471,43.84543986102557,43.84543986102557,0.11432816570341792
25.491094644980283,15.694391355873222,9.441465022518104,-28.911258773019142,-40.77847957996772,8.778479579967723,98.91125877301914,815787.2973303205,6042.1060622804425,45.77847957996772,45.77847957996772,0.11190770241127893
27.006106770491318,24.758230546275442,9.085767523892052,-27.683319917674567,-37.46118155319061,5.461181553190613,97.68331991767457,879227.0165338852,6511.970588540675,42.46118155319061,42.46118155319061,0.10651616424164931
30.70541428747524,20.493643560522408,12.552416756990203,2.7614162296927134,-29.942025358928333,-2.0579746410716666,67.23858377030729,1067368.3075497402,7905.433858601716,34.94202535892833,34.94202535892833,0.11589763749612596
25.44231305741495,28.773842937297218,7.619345717020268,-38.30706691825549,-40.8878181636415,8.887818163641498,108.30706691825549,813851.7923569317,6027.770798209089,45.8878181636415,45.8878181636415,0.09865386800836971
30.7035475435501,15.242674925961644,13.402651846300902,7.674683401775781,-29.94562910199727,-2.0543708980027304,62.32531659822422,1067258.851850649,7904.6231779926975,34.94562910199727,34.94562910199727,0.11965775706969525
30.300282562451756,10.628952323463132,13.355767261374378,7.762742581567409,-30.72842411287553,-1.2715758871244702,62.23725741843259,1044003.6443348376,7732.384126500812,35.72842411287553,35.72842411287553,0.11916860191713746
30.127786441075884,21.396881827118307,11.856069343221192,-3.5072070353078857,-31.065894038702368,-0.9341059612976323,73.50720703530789,1034287.839967351,7660.424290082174,36.06589403870237,36.06589403870237,0.1144638536599963
30.449367399861504,17.30825272612301,12.846008430468952,3.214027986163842,-30.438029910142404,-1.5619700898575957,66.78597201383616,1052511.4411713043,7795.396888541749,35.438029910142404,35.438029910142404,0.11823598206740628
27.012180506650694,27.746066099351467,8.608178055164617,-29.94861897492723,-37.44817907101924,5.44817907101924,99.94861897492723,879495.0936455224,6513.956094256054,42.44817907101924,42.44817907101924,0.10299144114452119
27.746775072155984,23.422782734060483,9.750705594335642,-22.438931016760364,-35.892327356089424,3.8923273560894245,92.43893101676036,912797.4675032548,6760.609205468521,40.892327356089424,40.892327356089424,0.10922371383375615
30.566195969087307,13.60320278017577,13.454217294026334,7.767239446828171,-30.2112865946591,-1.7887134053409,62.23276055317183,1059251.4548815452,7845.31661373454,35.2112865946591,35.2112865946591,0.12004340714732259
25.647116767503356,21.308884656649965,8.830121328064491,-32.047663978756816,-40.42985962044355,8.429859620443551,102.04766397875682,822020.4884099804,6088.272019672784,45.42985962044355,45.42985962044355,0.10769926286942963
30.56576096407057,15.529558116314913,13.222488725310766,5.999376687920346,-30.212129528682624,-1.787870471317376,64.00062331207965,1059226.2385558994,7845.1298497158405,35.212129528682624,35.212129528682624,0.11939460377495216
30.156460746414837,24.331754153862946,11.337506714075532,-5.955908911295637,-31.009685834306424,-0.9903141656935759,75.95590891129564,1035893.510588853,7672.316645145745,36.009685834306424,36.009685834306424,0.1114453960143335
20.0764311833306,23.178012864027053,5.919805966704374,-54.431057516072656,-54.03570987171287,22.035709871712868,124.43105751607266,633200.6268522511,4689.782935654895,59.03570987171287,59.03570987171287,0.09116334869016533
29.899333811236776,21.186205038586806,11.696927879160746,-5.294726310851047,-31.51528977663503,-0.4847102233649707,75.29472631085105,1021626.9893450083,7566.652050002382,36.51528977663503,36.51528977663503,0.11441724889893626
30.437403007049046,29.340204596445425,10.584135869250959,-8.258301801340622,-30.461291283195294,-1.538708716804706,78.25830180134062,1051824.8377627397,7790.311579379855,35.461291283195294,35.461291283195294,0.10584817676542484
29.7363925781303,14.139898830737224,12.600442023232302,-0.5120587883524195,-31.837537820567206,-0.16246217943279362,70.51205878835242,1012737.4432635962,7500.811872734129,36.837537820567206,36.837537820567206,0.11905382378112034
26.707783232748767,23.88743903501144,9.048720061145838,-28.61330145779516,-38.10267294592933,6.102672945929328,98.61330145779516,866201.0623484208,6415.494219015749,43.10267294592933,43.10267294592933,0.10696609819145307
26.054013174891633,16.541583757132024,9.679169607486607,-26.681970036868393,-39.52837288341732,7.528372883417319,96.68197003686839,838589.2465924292,6210.98806904772,44.52837288341732,44.52837288341732,0.11247198734431395
27.484115544933363,17.259003884689527,10.49214015806774,-19.251521874472303,-36.4448506175072,4.4448506175072,89.2515218744723,900685.9764377179,6670.90578175769,41.4448506175072,41.4448506175072,0.11443647881738443
30.487792628000943,22.800753970591316,11.917185249326549,-1.532649801172397,-30.36337404523016,-1.6366259547698405,71.5326498011724,1054721.1180529308,7811.762799270989,35.36337404523016,35.36337404523016,0.11342295897662157
8.801368369664909,15.69092712199739,1.46214810973987,-80.67233763126268,-94.06093057257186,62.06093057257186,150.67233763126268,377865.98069971503,2798.6539385778647,99.06093057257186,99.06093057257186,0.032686385789820825
28.116638717449874,21.26269759265272,10.338814865840167,-18.43802681777163,-35.12129281646696,3.121292816466962,88.43802681777163,930253.637555599,6889.89784632212,40.12129281646696,40.12129281646696,0.11201228938158389
29.75486662901974,10.362414675724047,12.831764921195566,2.872260075443876,-31.800929344475662,-0.19907065552433778,67.12773992455612,1013739.5291335166,7508.233794023908,36.80092934447566,36.80092934447566,0.1183855640575946
29.637766745100173,19.29704925062211,11.796553639190245,-5.807363923306411,-32.03329103237786,0.033291032377860574,75.80736392330641,1007412.522839894,7461.372996843213,37.03329103237786,37.03329103237786,0.11583009339100644
26.48029634039924,14.146011759984773,10.184590384103617,-22.73136540199954,-38.59563292397371,6.59563292397371,92.73136540199954,856450.4583896166,6343.276640385221,43.59563292397371,43.59563292397371,0.11436759707282354
30.414925222269616,17.200960617214534,12.829222617536345,2.978884887456786,-30.505013424147705,-1.4949865758522947,67.02111511254321,1050536.7174432608,7780.77115184839,35.505013424147705,35.505013424147705,0.11827441497406384
29.75586333351992,11.237343845749738,12.825187545337158,2.1387278144081847,-31.798954786671004,-0.20104521332899594,67.86127218559182,1013793.6351844586,7508.634528993742,36.798954786671004,36.798954786671004,0.11893156213970402
29.75393325705717,11.558264925365052,12.812768168356493,1.848672432058379,-31.802778484033524,-0.19722151596647564,68.15132756794162,1013688.8649801579,7507.85855137285,36.802778484033524,36.802778484033524,0.11905779144271349
29.913780164171314,26.14128188464001,10.796178084508664,-9.67136955981681,-31.486788692362495,-0.5132113076375049,79.67136955981681,1022420.7389107437,7572.530934215431,36.486788692362495,36.486788692362495,0.10913323756429061
30.12977985007624,17.979269639867127,12.438865586951792,-0.39511499173073616,-31.06198507805931,-0.9380149219406917,70.39511499173074,1034399.3441517181,7661.2501427407515,36.06198507805931,36.06198507805931,0.11742934696716903
29.618244676424553,10.307005477163823,12.706822295675249,1.7138791255307524,-32.0721015366359,0.07210153663589836,68.28612087446925,1006363.4359317737,7453.60296366403,37.0721015366359,37.0721015366359,0.118184917833887
22.356993579528933,14.1839595225183,7.912928925856604,-41.33494887721548,-48.15622355714942,16.156223557149417,111.33494887721548,702978.9891730291,5206.594446908005,53.15622355714942,53.15622355714942,0.1056052168093314
30.30927771323406,14.466869575826095,13.101421878200602,4.436571879840869,-30.710869546073695,-1.2891304539263047,65.56342812015913,1044514.0396837213,7736.164355541116,35.710869546073695,35.710869546073695,0.11957283794774345
29.457373800658665,11.053579337176853,12.561512373688258,-0.288950323477593,-32.39271365765018,0.39271365765017663,70.2889503234776,997779.8361855326,7390.02876946822,37.39271365765018,37.39271365765018,0.118497642100312
23.713808804913757,13.303889674941097,8.6660729635388,-35.386497507195315,-44.87085682114946,12.87085682114946,105.38649750719532,749107.3806553021,5548.24310303489,49.87085682114946,49.87085682114946,0.10907150567145169
27.22976333587469,12.55957859973713,10.791189238573033,-17.284780660729723,-36.983895907303236,4.983895907303236,87.28478066072972,889175.7098998021,6585.655310887653,41.983895907303236,41.983895907303236,0.11581882840170458
29.862636795493472,19.709306781115416,11.91927753704081,-4.289240164418516,-31.587739730188787,-0.4122602698112132,74.28924016441852,1019614.8099238033,7551.7488987537345,36.58773973018879,36.58773973018879,0.11573332967256024
28.987225340191202,13.925040353362938,11.982653841374537,-6.431250991015872,-33.33792391140395,1.3379239114039478,76.43125099101587,973305.43293131,7208.759778449404,38.33792391140395,38.33792391140395,0.11820390314986805
25.623293458805534,17.7532611976427,9.284825125190492,-29.681744151645944,-40.482984353561164,8.482984353561164,99.68174415164594,821064.4941064685,6081.1914742957515,45.482984353561164,45.482984353561164,0.11081868223144749
30.107178145472393,24.758230546275442,11.215418380544488,-6.776326664142346,-31.10631819038076,-0.8936818096192383,76.77632666414235,1033136.1380403892,7651.894241603105,36.10631819038076,36.10631819038076,0.11092042918445093
30.70541428747524,11.180942656708481,13.76723643539922,11.432883777502411,-29.942025358928333,-2.0579746410716666,58.56711622249759,1067368.3075497402,7905.433858601716,34.94202535892833,34.94202535892833,0.11988333354376975
25.763559024809652,19.615162895611356,9.126747841476108,-30.295262844072738,-40.17074978168563,8.170749781685629,100.29526284407274,826715.332626154,6123.04425355389,45.17074978168563,45.17074978168563,0.1095404558256341
30.385568715758602,15.242674925961644,13.080640795424523,4.476515736751537,-30.56215579035785,-1.4378442096421509,65.52348426324846,1048857.9656965279,7768.337523451389,35.56215579035785,35.56215579035785,0.11935038738429318
27.759541640221332,10.628952323463132,11.222916003370253,-12.527400722718596,-35.865577832728434,3.865577832728434,82.5274007227186,913392.0977410632,6765.0133178841415,40.865577832728434,40.865577832728434,0.11597608687683061
30.127786441075884,17.085168980936935,12.57500080049505,0.3883803205473555,-31.065894038702368,-0.9341059612976323,69.61161967945264,1034287.839967351,7660.424290082174,36.06589403870237,36.06589403870237,0.11805611803309375
30.34274170951127,17.30825272612301,12.743182592006823,2.189522859683393,-30.645600305395135,-1.354399694604865,67.8104771403166,1046416.1143710609,7750.252019123147,35.645600305395135,35.645600305395135,0.1181291638659702
30.210773565830735,27.746066099351467,10.720567262690258,-8.689536320328216,-30.903340688962373,-1.0966593110376266,78.68953632032822,1038945.096611669,7694.918132651575,35.90334068896237,35.90334068896237,0.10756281288690837
27.746775072155984,13.850356943999365,11.052111336499943,-15.036943754817628,-35.892327356089424,3.8923273560894245,85.03694375481763,912797.4675032548,6760.609205468521,40.892327356089424,40.892327356089424,0.11649420058543385
30.566195969087307,13.057888733444415,13.506146745635734,8.26384378412024,-30.2112865946591,-1.7887134053409,61.73615621587976,1059251.4548815452,7845.31661373454,35.2112865946591,35.2112865946591,0.12010587829816671
29.508860076531708,21.308884656649965,11.354281995620287,-8.601025121284636,-32.28994793970122,0.28994793970122146,78.60102512128464,1000515.1463335946,7410.287768452277,37.28994793970122,37.28994793970122,0.11384473654965377
24.84390149422056,15.529558116314913,9.0925826238942,-31.85886314447839,-42.24247995821122,10.24247995821122,101.85886314447839,790611.6949608063,5855.643659401409,47.24247995821122,47.24247995821122,0.11070695202970765
27.341829658491754,24.331754153862946,9.353371040643161,-25.502165131544814,-36.74590703320007,4.745907033200069,95.50216513154481,894221.0242691387,6623.023292268143,41.74590703320007,41.74590703320007,0.10756863507663074
21.372400582836327,13.258780204713503,7.495607812186826,-44.401043792452526,-50.63636618620018,18.636366186200178,114.40104379245253,671752.2972509702,4975.3148165623525,55.63636618620018,55.63636618620018,0.10325370316766243
29.899333811236776,11.04626670626839,12.962733525577542,3.5931094640590686,-31.51528977663503,-0.4847102233649707,66.40689053594093,1021626.9893450083,7566.652050002382,36.51528977663503,36.51528977663503,0.11899741245771166
30.437403007049046,11.60672765493139,13.47137103027085,8.262987237799337,-30.461291283195294,-1.538708716804706,61.73701276220066,1051824.8377627397,7790.311579379855,35.461291283195294,35.461291283195294,0.11979731621413067
28.289461790351616,14.139898830737224,11.419046224495093,-11.662464760160105,-34.76378546600546,2.7637854660054586,81.6624647601601,938576.1661792953,6951.538424466587,39.76378546600546,39.76378546600546,0.11721136212682885
26.707783232748767,21.57692130951125,9.398244703257461,-26.892167943163315,-38.10267294592933,6.102672945929328,96.89216794316332,866201.0623484208,6415.494219015749,43.10267294592933,43.10267294592933,0.109410193675223
26.054013174891633,14.813742233434194,9.86106033234259,-25.472218859847715,-39.52837288341732,7.528372883417319,95.47221885984771,838589.2465924292,6210.988069047298,44.52837288341732,44.52837288341732,0.11337773956189005
29.81308775767289,25.403408546381073,10.85667386179918,-9.815179011952068,-31.685678771483254,-0.3143212285167465,79.81517901195207,1016907.2790388888,7531.695646114119,36.68567877148325,36.68567877148325,0.10986537056607051
30.487792628000943,15.110290379009236,13.199437926963222,5.602614867333955,-30.36337404523016,-1.6366259547698405,64.39738513266605,1054721.1180529308,7811.762799270989,35.36337404523016,35.36337404523016,0.11950905522589765
29.976384212284728,14.13965016227884,12.820048860198913,1.6154410087694373,-31.363407878327223,-0.636592121672777,68.38455899123056,1025871.145098601,7598.086272246812,36.36340787832722,36.36340787832722,0.11932038078425457
30.082502184112087,10.948856044479669,13.138757996021809,5.378109640827574,-31.154751190082322,-0.8452488099176776,64.62189035917243,1031759.6334945381,7641.699198742716,36.15475119008232,36.15475119008232,0.11914212876520298
30.34830210325493,13.932773563778522,13.199554995848375,5.294146225800091,-30.63476089367566,-1.3652391063243385,64.70585377419991,1046732.667218227,7752.596559033433,35.63476089367566,35.63476089367566,0.1197621417204031
29.835198091988104,20.683833121107256,11.730124153841631,-5.387954064424605,-31.641958862599893,-0.35804113740010735,75.3879540644246,1018114.1397437276,7540.63422655647,36.64195886259989,36.64195886259989,0.11482098477968643
29.781444345004754,20.469147670650543,11.721659682830829,-5.647949079163425,-31.748295071040047,-0.25170492895995267,75.64794907916342,1015183.7703293434,7518.930526509516,36.74829507104005,36.74829507104005,0.11495891346261645
30.70065735461049,29.66997086353807,10.73220910189076,-6.209351243044807,-29.9512089617196,-2.048791038280399,76.20935124304481,1067089.4202751182,7903.368287713077,34.9512089617196,34.9512089617196,0.10569416921162629
29.90873589400486,11.237343845749738,12.967021594880805,3.514845018493645,-31.496739208097438,-0.5032607919025622,66.48515498150635,1022143.4789125974,7570.477415704504,36.49673920809744,36.49673920809744,0.11910126707209903
29.445765727744245,12.876344640979685,12.459622088266405,-1.9077821780230693,-32.41590334181916,0.4159033418191598,71.90778217802307,997164.6644840142,7385.472517269575,37.41590334181916,37.41590334181916,0.11890583935792465
29.792192433519727,26.14128188464001,10.701442005280022,-10.654651875303102,-31.727020550561008,-0.2729794494389921,80.6546518753031,1015768.6941755621,7523.262748804195,36.72702055056101,36.72702055056101,0.10899378215828522
30.12977985007624,11.514484541466018,13.168821843627676,5.333021455407675,-31.06198507805931,-0.9380149219406917,64.66697854459233,1034399.3441517181,7661.250142740231,36.06198507805931,36.06198507805931,0.11945154684442767
27.32261704442204,10.307005477163823,10.914188427854691,-15.068577397883757,-36.78665299102448,4.786652991024482,85.06857739788376,893353.1601935435,6616.595480987496,41.78665299102448,41.78665299102448,0.11506943530284301
29.93393639694983,26.894336779980577,10.667941060269065,-10.200810470024123,-31.447041468459645,-0.5529585315403551,80.20081047002412,1023529.7529437405,7580.74481598811,36.447041468459645,36.447041468459645,0.10827457334154815
29.347413855980076,13.61726775464134,12.311757904907143,-3.335940275002997,-32.6126814628044,0.612681462804403,73.335940275003,991974.940275331,7347.034968406199,37.6126814628044,37.6126814628044,0.11871519430776241
29.578710870793415,12.53501075608062,12.601366129565667,-0.5015574698341538,-32.15075991354246,0.15075991354245843,70.50155746983415,1004243.908651406,7437.904743463999,37.15075991354246,37.15075991354246,0.11905364761896432
30.168061036653977,17.14363107471369,12.603584027853262,0.7050554448571233,-30.986959098406317,-1.0130409015936834,69.29494455514288,1036544.1497662221,7677.1355862236505,35.98695909840632,35.98695909840632,0.11805982964635003
29.661726147471526,21.304703840015,11.478597750483475,-7.372211185171125,-31.98568743971998,-0.01431256028001826,77.37221118517112,1008702.2863258021,7470.925594441404,36.98568743971998,36.98568743971998,0.11403053214716524
30.09687369018574,21.532926446632622,11.80471842118098,-3.903522035934543,-31.12653939907915,-0.8734606009208505,73.90352203593454,1032560.9887647347,7647.634414395056,36.12653939907915,36.12653939907915,0.11429801973318561
29.533886623730687,12.068331513387065,12.590556865110301,-0.4899688597143381,-32.24004804978421,0.2400480497842068,70.48996885971434,1001848.7456232117,7420.165034718138,37.24004804978421,37.24004804978421,0.11894170542180688
25.623293458805534,12.97082118168522,9.75147902296481,-26.403370556588357,-40.482984353561164,8.482984353561164,96.40337055658836,821064.4941064685,6081.191474295339,45.482984353561164,45.482984353561164,0.11303487701418044
30.107178145472393,13.745731458919085,12.984499245390456,3.1626029791021892,-31.10631819038076,-0.8936818096192383,66.83739702089781,1033136.1380403892,7651.894241602586,36.10631819038076,36.10631819038076,0.11955331491296546
29.73941025357467,20.493643560522408,11.682243988682757,-6.0192238210196365,-31.831556677465414,-0.1684433225345856,76.01922382101964,1012901.0300077263,7502.023473432088,36.831556677465414,36.831556677465414,0.1148880570115725
30.12721131290349,28.773842937297218,10.452417989403903,-10.366927547389878,-31.067021871567874,-0.9329781284321257,80.36692754738988,1034255.6726911633,7660.18604404047,36.067021871567874,36.067021871567874,0.10622237596756338
30.385568715758602,11.040601141473424,13.436959495291072,8.246862195757842,-30.56215579035785,-1.4378442096421509,61.75313780424216,1048857.9656965279,7768.337523450861,35.56215579035785,35.56215579035785,0.1195042112766811
29.4179386789649,10.628952323463132,12.531256209540578,-0.26824946695967355,-32.47152426907974,0.47152426907973677,70.26824946695967,995692.249815187,7374.567118734645,37.47152426907974,37.47152426907974,0.118194819836372
26.055431752024248,21.396881827118307,9.045958124463501,-30.121033069190105,-39.52524923626487,7.5252492362648695,100.1210330691901,838647.8185343741,6211.421880516301,44.52524923626487,44.52524923626487,0.1083988378680161
30.08489592564468,17.30825272612301,12.501815635766626,-0.20069427554233243,-31.150051419587385,-0.8499485804126152,70.20069427554233,1031893.044009104,7642.687300030231,36.150051419587385,36.150051419587385,0.11786050918437051
30.210773565830735,17.157876601365807,12.641322398092164,1.0866978527473066,-30.903340688962373,-1.0966593110376266,68.9133021472527,1038945.096611669,7694.918132651575,35.90334068896237,35.90334068896237,0.11809504202953464
28.27213193534724,12.457770607886019,11.540230762579132,-10.470735421942038,-34.79955575838966,2.7995557583896584,80.47073542194204,937736.7595318726,6945.321382341361,39.79955575838966,39.79955575838966,0.11737075750060942
30.22669654328698,13.60320278017577,13.11395783617029,4.4153944786950206,-30.872193147272355,-1.1278068527276446,65.58460552130498,1039842.2859459154,7701.56314064962,35.872193147272355,35.872193147272355,0.11970468499367709
29.314756884991766,21.308884656649965,11.200996255911914,-10.11120785741997,-32.678138477778646,0.6781384777786457,80.11120785741997,990260.5636272408,7334.337485162775,37.678138477778646,37.678138477778646,0.11360680354676113
29.505349227702652,21.90551393152898,11.248360748965343,-9.149865945499187,-32.296950898725015,0.2969508987250151,79.14986594549919,1000328.272828311,7408.90369500219,37.296950898725015,37.296950898725015,0.11325329017542266
28.143033471328966,24.331754153862946,9.856375586143594,-20.741340466219015,-35.06657851068093,3.0665785106809267,90.74134046621901,931517.7706807835,6899.260613362258,40.06657851068093,40.06657851068093,0.1088406183929111
28.64006205895537,18.985216831255187,11.061569779169151,-13.100753805174918,-34.04385605061697,2.0438560506169665,83.10075380517492,955795.8066955684,7079.0752158514615,39.04385605061697,39.04385605061697,0.11482281361931099
30.674576989558858,21.186205038586806,12.394912399704156,1.7962441010264456,-30.001580022934263,-1.998419977065737,68.20375589897355,1065562.3421360778,7892.058025697886,35.00158002293426,35.00158002293426,0.1152173376894968
30.53523226986217,29.340204596445425,10.663353460070104,-7.389820011878726,-30.271311573787102,-1.7286884262128979,77.38982001187873,1057458.8071365354,7832.039417775369,35.2713115737871,35.2713115737871,0.10594573330745027
28.68671183877087,14.139898830737224,11.722291622765821,-8.849697872244917,-33.9485979913411,1.948597991341103,78.84969787224492,958121.6856787389,7096.301774232478,38.9485979913411,38.9485979913411,0.11775630508810833
26.707783232748767,12.887179275929796,10.426184482907727,-20.569845870312463,-38.10267294592933,6.102672945929328,90.56984587031246,866201.0623484208,6415.494219015313,43.10267294592933,43.10267294592933,0.11496804343963343
30.029343399549944,16.541583757132024,12.564037288336378,-0.019809596574134503,-31.25920011904674,-0.7407998809532614,70.01980959657413,1028803.5604537704,7619.8051254976235,36.25920011904674,36.25920011904674,0.11829499493829508
29.81308775767289,14.872991634148292,12.586998014635478,-0.47637866413629126,-31.685678771483254,-0.3143212285167465,70.47637866413629,1016907.2790388888,7531.695646114119,36.68567877148325,36.68567877148325,0.11889657484862748
29.765212692918492,22.800753970591316,11.298143478798353,-7.857439440613177,-31.780435527077316,-0.21956447292268422,77.85743944061318,1014301.3738520534,7512.395081397517,36.780435527077316,36.780435527077316,0.11264777919708062
29.976384212284728,15.478497158516475,12.660579453866475,0.4423369599355169,-31.363407878327223,-0.636592121672777,69.55766304006448,1025871.145098601,7598.086272246812,36.36340787832722,36.36340787832722,0.1188141658615757
28.116638717449874,19.659943999445694,10.585737903958497,-17.16258153536984,-35.12129281646696,3.121292816466962,87.16258153536984,930253.637555599,6889.89784632212,40.12129281646696,40.12129281646696,0.11350119663693026
29.75486662901974,11.892061389742942,12.79865720262118,1.5726753969581182,-31.800929344475662,-0.19907065552433778,68.42732460304188,1013739.5291335166,7508.233794023908,36.80092934447566,36.80092934447566,0.11915703554797971
29.76820707718904,20.683833121107256,11.673789271750138,-5.948420402224656,-31.77450523990126,-0.2254947600987407,75.94842040222466,1014464.0708190838,7513.6000919854805,36.77450523990126,36.77450523990126,0.1147446110253526
29.781444345004754,17.062358670508168,12.266165711355367,-2.6533800010693085,-31.748295071040047,-0.25170492895995267,72.65338000106931,1015183.7703293434,7518.930526509516,36.74829507104005,36.74829507104005,0.11769126853628008
29.521541004409677,29.66997086353807,9.833013472658681,-15.951239836368131,-32.264659410805166,0.26465941080516586,85.95123983636813,1001190.550778738,7415.290132801229,37.264659410805166,37.264659410805166,0.10440503007595316
29.70017432907332,11.237343845749738,12.77432462016806,1.646849210701589,-31.90936240733481,-0.090637592665189,68.35315078929841,1010777.1301862661,7486.292868127352,36.90936240733481,36.90936240733481,0.11886861542350118
29.517676135169523,11.558264925365052,12.600103271319938,-0.19989669252356634,-32.27236586439727,0.2723658643972726,70.19989669252357,1000984.6307170461,7413.764991557714,37.27236586439727,37.27236586439727,0.118786439568594
30.050628860261284,26.14128188464001,10.904798201180894,-8.538265308677637,-31.217359214619933,-0.7826407853800674,78.53826530867764,1029985.6894879533,7628.560531505057,36.21735921461993,36.21735921461993,0.10928602334719895
29.046242675879334,13.373035829324824,12.081357178416809,-5.52580154586235,-33.21859466258735,1.2185946625873498,75.52580154586235,976328.8070470801,7231.152315245719,38.21859466258735,38.21859466258735,0.11837958897435667
29.618244676424553,11.355636061382349,12.696818900438604,0.8324212449435322,-32.0721015366359,0.07210153663589836,69.16757875505647,1006363.4359317737,7453.60296366403,37.0721015366359,37.0721015366359,0.1188262934673876
29.93393639694983,16.8859171782605,12.42753750826688,-1.173786019647423,-31.447041468459645,-0.5529585315403551,71.17378601964742,1023529.7529437405,7580.74481598811,36.447041468459645,36.447041468459645,0.1179763964898144
29.347413855980076,12.979744347469776,12.366617642390608,-2.8046195852306255,-32.6126814628044,0.612681462804403,72.80461958523063,991974.940275331,7347.034968406199,37.6126814628044,37.6126814628044,0.11878510493249383
29.640927878186382,12.53501075608062,12.656888940526711,0.03184373796409545,-32.02700855797195,0.02700855797195345,69.9681562620359,1007582.5501574256,7462.632299469489,37.02700855797195,37.02700855797195,0.11912554342072637
29.762089805487008,17.14363107471369,12.237293105368668,-2.8896357992076673,-31.78662083009948,-0.21337916990052008,72.88963579920767,1014131.7361365634,7511.138664347989,36.78662083009948,36.78662083009948,0.11761535327305699
29.661726147471526,15.620513144950763,12.359702119251422,-2.4241986180110757,-31.98568743971998,-0.01431256028001826,72.42419861801108,1008702.2863258021,7470.925594441404,36.98568743971998,36.98568743971998,0.11839235941283911
29.519450024136212,19.709306781115416,11.631364575022468,-7.125862889416226,-32.26882867178199,0.2688286717819892,77.12586288941623,1001079.1356480278,7414.464939716099,37.26882867178199,37.26882867178199,0.11533508348888878
29.533886623730687,12.193697079058097,12.58341891892085,-0.5952786942818307,-32.24004804978421,0.2400480497842068,70.59527869428183,1001848.7456232117,7420.165034718641,37.24004804978421,37.24004804978421,0.11896351912677387
29.775003926808786,15.694391355873222,12.450227708747972,-1.5191785139998046,-31.761046093976688,-0.2389539060233119,71.5191785139998,1014833.5151646517,7516.336371316301,36.76104609397669,36.76104609397669,0.1184847848879671
30.107178145472393,16.601881918616083,12.627155633667599,0.6318903976555248,-31.10631819038076,-0.8936818096192383,69.36810960234448,1033136.1380403892,7651.894241603105,36.10631819038076,36.10631819038076,0.11834177764651302
29.73941025357467,16.891965898079437,12.254055613829841,-2.8638030570550086,-31.831556677465414,-0.1684433225345856,72.86380305705501,1012901.0300077263,7502.023473432088,36.831556677465414,36.831556677465414,0.11775440745992707
30.666357316942353,28.773842937297218,10.887715128587596,-5.637700091342651,-30.01746269977565,-1.982537300224351,75.63770009134265,1065081.739691745,7888.498456981931,35.01746269977565,35.01746269977565,0.10677199298384704
30.385568715758602,17.776491606465356,12.710560376880823,2.170261759273785,-30.56215579035785,-1.4378442096421509,67.82973824072621,1048857.9656965279,7768.337523451389,35.56215579035785,35.56215579035785,0.11784261664084072
30.152777637163492,10.628952323463132,13.209905380479308,6.326096786472988,-31.016903110700866,-0.9830968892991336,63.67390321352701,1035687.059478016,7670.787570701419,36.016903110700866,36.016903110700866,0.1190164427625503
29.47168347492412,21.396881827118307,11.309531737984008,-8.970708983418206,-32.36413714926579,0.3641371492657868,78.9707089834182,998538.9533572451,7395.651149811963,37.36413714926579,37.36413714926579,0.11371430062992786
29.281971266224367,17.30825272612301,11.807657764099172,-6.955660472499289,-32.743912866622736,0.7439128666227361,76.95566047249929,988543.8332807085,7321.622569316415,37.743912866622736,37.743912866622736,0.11693421756202853
30.210773565830735,14.872526642436839,12.957338267467868,3.1347620575772908,-30.903340688962373,-1.0966593110376266,66.86523794242271,1038945.096611669,7694.918132651575,35.90334068896237,35.90334068896237,0.11932628753281611
30.684739376437168,16.197594120796925,13.249464449948821,6.5926147841639136,-29.981948374233014,-2.0180516257669865,63.407385215836086,1066156.9864527206,7896.462242388003,34.98194837423301,34.98194837423301,0.11915729347308894
30.22669654328698,14.420036733774442,13.02644118595907,3.688724913220369,-30.872193147272355,-1.1278068527276446,66.31127508677963,1039842.2859459154,7701.56314064962,35.872193147272355,35.872193147272355,0.11950319379707175
29.508860076531708,11.97070576894421,12.573665244740019,-0.62007219488072,-32.28994793970122,0.28994793970122146,70.62007219488072,1000515.1463335946,7410.287768452277,37.28994793970122,37.28994793970122,0.1188923227025078
29.16804973282124,15.529558116314913,11.952762722376045,-6.356484957526334,-32.97292671202456,0.9729267120245595,76.35648495752633,982612.6704437524,7277.693575752994,37.97292671202456,37.97292671202456,0.11784344160077204
27.915973887514824,24.331754153862946,9.7098955241652,-22.14195973796984,-35.53859953457487,3.538599534574871,92.14195973796984,920723.800395179,6819.3153708803575,40.53859953457487,40.53859953457487,0.10849331906354773
29.733849583304696,18.985216831255187,11.928201502941873,-4.738075386109074,-31.842578514153786,-0.15742148584621418,74.73807538610907,1012599.6192288398,7499.79108283186,36.842578514153786,36.842578514153786,0.11620208224056788
28.78091847397301,20.69697839096547,10.898055199737104,-13.518173849222194,-33.75660858410379,1.7566085841037875,83.5181738492222,962843.984667459,7131.277351127845,38.75660858410379,38.75660858410379,0.11349710557438397
29.76913532703376,29.340204596445425,10.07310765962267,-13.772313091583044,-31.772666968211524,-0.22733303178847564,83.77231309158304,1014514.5142576059,7513.973699918202,36.772666968211524,36.772666968211524,0.10511599545517351
30.167899869284447,14.139898830737224,13.00118387605276,3.38249125521088,-30.987274800580735,-1.0127251994192648,66.61750874478912,1036535.105993819,7677.068603773394,35.987274800580735,35.987274800580735,0.11952455398553075
30.19322094863319,23.130077852981366,11.595115954271572,-4.5211864964754795,-30.937691699272932,-1.062308300727068,74.52118649647548,1037957.4265276205,7687.602981481789,35.93769169927293,35.93769169927293,0.11277743648336742
29.637804309167667,17.206303458892293,12.120382498355038,-3.9920269621178477,-32.03321637388564,0.033216373885636585,73.99202696211785,1007414.5430417607,7461.387959412482,37.03321637388564,37.03321637388564,0.11743032724012015
29.812840601402634,14.652463158740488,12.61262657332589,-0.28761209026816914,-31.686167636201674,-0.31383236379832624,70.28761209026817,1016893.8004098911,7531.595817021113,36.686167636201674,36.686167636201674,0.11897868969550408
30.627044152349118,13.664425538497795,13.511046709130392,8.336904276710698,-30.093475524991675,-1.9065244750083252,61.6630957232893,1062787.6163696623,7871.507096026279,35.093475524991675,35.093475524991675,0.120090682696904
30.672389734082316,15.478497158516475,13.338524665635546,7.13336471589821,-30.00580605905185,-1.9941939409481506,62.86663528410179,1065434.4218958155,7891.110587975201,35.00580605905185,35.00580605905185,0.11952036149618298
28.116638717449874,13.411927841160427,11.355969343507669,-12.273280621652475,-35.12129281646696,3.121292816466962,82.27328062165248,930253.637555599,6889.89784632212,40.12129281646696,40.12129281646696,0.11711866580696868
29.75486662901974,11.167091652011152,12.826082279826245,2.1895841837039143,-31.800929344475662,-0.19907065552433778,67.81041581629609,1013739.5291335166,7508.233794023397,36.80092934447566,36.80092934447566,0.11889759212072362
29.835198091988104,12.947886495471547,12.802352986452764,1.3809033451964865,-31.641958862599893,-0.35804113740010735,68.61909665480351,1018114.1397437276,7540.63422655647,36.64195886259989,36.64195886259989,0.11935208667930602
29.781444345004754,12.988213264582754,12.749817517542924,0.870164938175094,-31.748295071040047,-0.25170492895995267,69.1298350618249,1015183.7703293434,7518.930526509516,36.74829507104005,36.74829507104005,0.11929052557548034
30.70065735461049,18.287794123381985,12.935645215672729,4.7995323128448035,-29.9512089617196,-2.048791038280399,65.2004676871552,1067089.4202751182,7903.368287713077,34.9512089617196,34.9512089617196,0.11776587002941823
29.704582358392226,11.237343845749738,12.77833535076824,1.6856045871002152,-31.900617002965305,-0.09938299703469511,68.31439541289978,1011015.4132079056,7488.057704738928,36.900617002965305,36.900617002965305,0.11887361970518313
29.610597101632603,11.558264925365052,12.682874271361452,0.595624964715455,-32.08731084629318,0.0873108462931782,69.40437503528454,1005952.9086877881,7450.562404981963,37.08731084629318,37.08731084629318,0.11889444001549195
29.54575811810754,26.14128188464001,10.514247280202024,-12.583744960554554,-32.216389766208124,0.216389766208124,82.58374496055455,1002482.268119021,7424.857201567827,37.216389766208124,37.216389766208124,0.10870062195545499
29.822289121551492,17.501393734798256,12.236851099626204,-2.6868289786871173,-31.667481218060175,-0.3325187819398252,72.68682897868712,1017409.2633192163,7535.41357880719,36.667481218060175,36.667481218060175,0.11743843100105449
29.68782860470854,11.355636061382349,12.75965061013738,1.4383714238815628,-31.933861610839244,-0.06613838916075565,68.56162857611844,1010110.2064908902,7481.353316217073,36.933861610839244,36.933861610839244,0.11890596180910276
29.93393639694983,15.384051056272266,12.633773727747279,0.14553304854024418,-31.447041468459645,-0.5529585315403551,69.85446695145976,1023529.7529437405,7580.74481598811,36.447041468459645,36.447041468459645,0.11881212617262848
29.870141717541223,13.61726775464134,12.77502210286787,1.1146024744309102,-31.572917034309512,-0.427082965690488,68.88539752556909,1020025.8409448642,7554.7931886467795,36.57291703430951,36.57291703430951,0.11932061258219319
29.640927878186382,14.127493111027999,12.51655872076796,-1.3223144890433787,-32.02700855797195,0.02700855797195345,71.32231448904338,1007582.5501574256,7462.632299469489,37.02700855797195,37.02700855797195,0.1189479710237194
29.77131970896499,17.14363107471369,12.24537433892005,-2.8108578168003078,-31.768341283723203,-0.23165871627679735,72.81085781680031,1014633.2338063128,7514.852992973268,36.7683412837232,36.7683412837232,0.11762584288932387
29.902747744640514,15.620513144950763,12.574781675054933,-0.33829914757393453,-31.508553439605407,-0.4914465603945928,70.33829914757393,1021814.483756495,7568.0407221776095,36.50855343960541,36.50855343960541,0.1186644712774348
29.529050469615356,19.709306781115416,11.63923099907124,-7.048809942474065,-32.24968806993019,0.24968806993018688,77.04880994247407,1001590.8343129714,7418.25482173024,37.24968806993019,37.24968806993019,0.11534656209125986
30.449663735081884,12.068331513387065,13.4600619593997,7.972869265739348,-30.437453866191333,-1.5625461338086666,62.02713073426065,1052528.4555719947,7795.5229052300365,35.43745386619133,35.43745386619133,0.11992981026757943
29.775003926808786,11.48247066735263,12.83495991796318,2.1001879238610854,-31.761046093976688,-0.2389539060233119,67.89981207613891,1014833.5151646517,7516.336371316301,36.76104609397669,36.76104609397669,0.11905425730523006
29.104216648262227,24.758230546275442,10.441672709948058,-14.647443549183492,-33.1015655421686,1.1015655421686006,84.64744354918349,979312.2034868019,7253.248758489712,38.1015655421686,38.1015655421686,0.10971940180861021
30.11606246324951,16.891965898079437,12.592935614438531,0.45410020169157406,-31.08888839025434,-0.9111116097456602,69.54589979830843,1033632.4060502491,7655.569836897005,36.08888839025434,36.08888839025434,0.11816952156679777
30.666357316942353,10.192093892655969,13.73017800823208,11.914572760793419,-30.01746269977565,-1.982537300224351,58.08542723920658,1065081.739691745,7888.498456981931,35.01746269977565,35.01746269977565,0.11918421564548613
30.385568715758602,11.25115985635787,13.431640736309811,8.059477381483305,-30.56215579035785,-1.4378442096421509,61.940522618516695,1048857.9656965279,7768.337523451389,35.56215579035785,35.56215579035785,0.11960705159082555
29.45812702445069,10.628952323463132,12.566502127891958,0.07047021555183619,-32.39120918373328,0.39120918373328095,69.92952978444816,997819.7728147408,7390.324559008257,37.39120918373328,37.39120918373328,0.11824241805844483
30.127786441075884,15.094607476475915,12.850720221840982,2.1617604975177755,-31.065894038702368,-0.9341059612976323,67.83823950248222,1034287.839967351,7660.424290082174,36.06589403870237,36.06589403870237,0.1191491506247684
30.08489592564468,14.991233988520555,12.823112698077313,1.857498927465258,-31.150051419587385,-0.8499485804126152,68.14250107253474,1031893.044009104,7642.687300030231,36.150051419587385,36.150051419587385,0.11914654769134675
30.210773565830735,11.054208862030592,13.261906893734519,6.512991926082577,-30.903340688962373,-1.0966593110376266,63.48700807391742,1038945.096611669,7694.918132651575,35.90334068896237,35.90334068896237,0.11933357070712773
28.27213193534724,15.655319021711936,11.242791833411315,-12.969960236331076,-34.79955575838966,2.7995557583896584,82.96996023633108,937736.7595318726,6945.321382341361,39.79955575838966,39.79955575838966,0.11658435308677834
30.22669654328698,16.715619510596543,12.722427598322156,1.632982905876304,-30.872193147272355,-1.1278068527276446,68.3670170941237,1039842.2859459154,7701.56314064962,35.872193147272355,35.872193147272355,0.1183972156151932
29.508860076531708,14.136163572229862,12.399715422610777,-2.4427694162774856,-32.28994793970122,0.28994793970122146,72.44276941627749,1000515.1463335946,7410.287768452277,37.28994793970122,37.28994793970122,0.11879158199573528
29.505349227702652,14.85356644204927,12.317549796816456,-3.079279186593908,-32.296950898725015,0.2969508987250151,73.07927918659391,1000328.272828311,7408.90369500219,37.296950898725015,37.296950898725015,0.11854971740711719
28.911505257880172,20.554539183597186,11.017980568632284,-12.467476143969975,-33.49131249094734,1.4913124909473368,82.46747614396998,969446.5133141846,7180.178796998983,38.49131249094734,38.49131249094734,0.11380506425701885
29.73342137130414,18.985216831255187,11.927836704720386,-4.74165989407885,-31.84342734543003,-0.15657265456997038,74.74165989407885,1012576.4139402604,7499.619213503591,36.84342734543003,36.84342734543003,0.1162015901831915
29.98862869689625,21.186205038586806,11.773061347587781,-4.53096337880072,-31.339301000128046,-0.6606989998719541,74.53096337880072,1026548.0274736843,7603.0995828430005,36.339301000128046,36.339301000128046,0.11451640112157525
30.53523226986217,20.392525170620864,12.407247424699472,1.1848703543191164,-30.271311573787102,-1.7286884262128979,68.81512964568088,1057458.8071365354,7832.039417775369,35.2713115737871,35.2713115737871,0.11582823155643769
29.7363925781303,23.149087072672685,11.211933149188976,-8.403694690542125,-31.837537820567206,-0.16246217943279362,78.40369469054212,1012737.4432635962,7500.811872734638,36.837537820567206,36.837537820567206,0.11224977957858344
30.186546483945072,23.130077852981366,11.589378138282571,-4.580076025229744,-30.950758145750513,-1.0492418542494875,74.58007602522974,1037582.2291450555,7684.824092441513,35.95075814575051,35.95075814575051,0.11277036527151012
29.54006386851828,16.541583757132024,12.131351436234509,-4.230325012133733,-32.22773667021784,0.22773667021783695,74.23032501213373,1002178.320297583,7422.606020432086,37.22773667021784,37.22773667021784,0.11774169819530164
29.812840601402634,11.621549877404757,12.86440052057814,2.318985079609888,-31.686167636201674,-0.31383236379832624,67.68101492039011,1016893.8004098911,7531.595817021113,36.686167636201674,36.686167636201674,0.11914507123561516
30.487792628000943,13.760606853214284,13.357723620248562,6.829864270747407,-30.36337404523016,-1.6366259547698405,63.17013572925259,1054721.1180529308,7811.762799270989,35.36337404523016,35.36337404523016,0.11993811544908259
29.811836004436422,15.478497158516475,12.511055642977608,-1.0124351944901946,-31.688154720901707,-0.31184527909829285,71.0124351944902,1016839.0176068279,7531.190069704895,36.68815472090171,36.68815472090171,0.11863221133462742
28.116638717449874,12.227916847717793,11.43732744291038,-11.3607037966799,-35.12129281646696,3.121292816466962,81.3607037966799,930253.637555599,6889.89784632212,40.12129281646696,40.12129281646696,0.1171249517732173
29.60112094216975,13.932773563778522,12.501393708081316,-1.4949416979349053,-32.10616124136408,0.10616124136407734,71.4949416979349,1005444.5664261469,7446.797382076083,37.10616124136408,37.10616124136408,0.1189510231493116
29.835198091988104,15.313974740829153,12.552950751153135,-0.6655083560243042,-31.641958862599893,-0.35804113740010735,70.6655083560243,1018114.1397437276,7540.63422655647,36.64195886259989,36.64195886259989,0.11873492069167203
29.781444345004754,10.560564229589616,12.857561332748618,2.9418817471298553,-31.748295071040047,-0.25170492895995267,67.05811825287014,1015183.7703293434,7518.930526509516,36.74829507104005,36.74829507104005,0.1185661592465524
30.70065735461049,11.642422527860901,13.74502513298357,10.960533369354948,-29.9512089617196,-2.048791038280399,59.03946663064505,1067089.4202751182,7903.368287713077,34.9512089617196,34.9512089617196,0.1200617761582417
29.70017432907332,16.141232943063788,12.324672944586617,-2.5468531960270298,-31.90936240733481,-0.090637592665189,72.54685319602703,1010777.1301862661,7486.292868127352,36.90936240733481,36.90936240733481,0.11816153404122602
28.812702223485942,11.558264925365052,12.0052921084596,-5.847143947048778,-33.69194859205339,1.691948592053393,75.84714394704878,964444.9010011062,7143.134493689869,38.69194859205339,38.69194859205339,0.11791445016710571
30.1517985935838,22.373990558058225,11.699489082320394,-4.189782711143778,-31.01882172809337,-0.9811782719066287,74.18978271114378,1035632.1910280574,7670.381189043837,36.01882172809337,36.01882172809337,0.11351652655494389
29.31241014305094,17.979269639867127,11.733984242272275,-7.2846032202431275,-32.68284452042701,0.682844520427011,77.28460322024313,990137.5365457438,7333.426288485197,37.68284452042701,37.68284452042701,0.1164910579998942
29.618244676424553,20.934219214291147,11.506907586479146,-7.398638023566946,-32.0721015366359,0.07210153663589836,77.39863802356695,1006363.4359317737,7453.60296366403,37.0721015366359,37.0721015366359,0.11433442571952722
29.684346511742177,16.8859171782605,12.206958072095988,-3.3248007095930348,-31.94077307723478,-0.05922692276521957,73.32480070959303,1009922.2198877322,7479.960998638355,36.94077307723478,36.94077307723478,0.11769513300996606
29.70546387209084,13.61726775464134,12.625270814381437,-0.33210703104930417,-31.898868232026416,-0.10113176797358392,70.3321070310493,1011063.0748471436,7488.410709352165,36.898868232026416,36.898868232026416,0.11913567295880113
29.640927878186382,11.058092810839074,12.724843831503646,1.2799988403589282,-32.02700855797195,0.02700855797195345,68.72000115964107,1007582.5501574256,7462.632299469489,37.02700855797195,37.02700855797195,0.11871368275123784
29.49160552191291,17.14363107471369,12.005172565650808,-5.141981274532895,-32.324371477117836,0.3243714771178361,75.1419812745329,999597.2277968228,7403.489230188862,37.324371477117836,37.324371477117836,0.1173001902056407
29.848103012895045,15.620513144950763,12.525340710692006,-0.8192387589597274,-31.61645354009397,-0.38354645990602876,70.81923875895973,1018819.5221578925,7545.858621904128,36.61645354009397,36.61645354009397,0.11860381661986179
29.854848108806745,19.709306781115416,11.912584236939137,-4.355565642495549,-31.603126103013835,-0.3968738969861647,74.35556564249555,1019188.498481151,7548.591434840654,36.603126103013835,36.603126103013835,0.11572456990569094
29.533886623730687,10.426219589643896,12.632728108629323,0.884640985765202,-32.24004804978421,0.2400480497842068,69.1153590142348,1001848.7456232117,7420.165034718641,37.24004804978421,37.24004804978421,0.11818293943350974
29.974593557452614,15.694391355873222,12.630671290662415,0.2365001437147498,-31.366933987071775,-0.6330660129282251,69.76349985628525,1025772.2124609152,7597.353530401144,36.366933987071775,36.366933987071775,0.11870638069659258
29.89139658962387,24.758230546275442,11.03976192804553,-8.589233922922915,-31.53095385245058,-0.4690461475494203,78.58923392292292,1021191.2725161434,7563.424925356879,36.53095385245058,36.53095385245058,0.11068129277998358
29.73941025357467,17.04572937628751,12.231784730934892,-2.99748912243507,-31.831556677465414,-0.1684433225345856,72.99748912243507,1012901.0300077263,7502.023473432088,36.831556677465414,36.831556677465414,0.11765441071894205
29.818738537935605,28.773842937297218,10.218720897724362,-12.861139513867556,-31.674502669417848,-0.32549733058215224,82.86113951386756,1017215.5160334329,7533.978594891882,36.67450266941785,36.67450266941785,0.10587477014432066
30.385568715758602,18.531425708379942,12.587685235312323,1.478105832298354,-30.56215579035785,-1.4378442096421509,68.52189416770165,1048857.9656965279,7768.337523451389,35.56215579035785,35.56215579035785,0.11727069788712062
29.45812702445069,11.577448744215648,12.546896171892303,-0.7189930490057463,-32.39120918373328,0.39120918373328095,70.71899304900575,997819.7728147408,7390.324559008257,37.39120918373328,37.39120918373328,0.11872294380069215
30.127786441075884,20.479978717835124,12.01862149472504,-2.6723353186162058,-31.065894038702368,-0.9341059612976323,72.6723353186162,1034287.839967351,7660.424290082174,36.06589403870237,36.06589403870237,0.11533195615628976
29.5378513845074,17.975616635315248,11.920801929988874,-5.479487411772766,-32.23214595680645,0.23214595680644834,75.47948741177277,1002060.2591177968,7421.731603568229,37.23214595680645,37.23214595680645,0.11676639470180528
29.933873017982094,27.746066099351467,10.503876974163399,-10.990123075842916,-31.447166414688525,-0.5528335853114754,80.99012307584292,1023526.2629653431,7580.718967559603,36.447166414688525,36.447166414688525,0.1072584001283941
28.27213193534724,11.901649453985662,11.569867417574576,-10.039295742552156,-34.79955575838966,2.7995557583896584,80.03929574255216,937736.7595318726,6945.321382341361,39.79955575838966,39.79955575838966,0.11728349760614679
29.73771661018567,16.715619510596543,12.277815489771722,-2.7250195975679503,-31.834913479583918,-0.1650865204160823,72.72501959756795,1012809.2135713513,7501.343437534676,36.83491347958392,36.83491347958392,0.117864156708818
30.008584832008392,21.308884656649965,11.768469639018264,-4.469416089482763,-31.300028759232532,-0.6999712407674679,74.46941608948276,1027652.6437853598,7611.280893014303,36.30002875923253,36.30002875923253,0.11442005323319696
30.138528648686766,15.529558116314913,12.804969789612155,1.8748569276247053,-31.04483170041965,-0.9551682995803503,68.1251430723753,1034888.9333674272,7664.876271730433,36.04483170041965,36.04483170041965,0.118963508635079
29.439515585650312,12.010914542435106,12.510686716831795,-1.23646974558676,-32.42839245547873,0.42839245547872906,71.23646974558676,996833.6697341924,7383.0210138065695,37.42839245547873,37.42839245547873,0.1188190656793376
29.883530524839372,18.985216831255187,12.05712084298451,-3.46803872930343,-31.54648086068346,-0.45351913931654053,73.46803872930343,1020759.7350468817,7560.22875502221,36.54648086068346,36.54648086068346,0.11637169775809969
29.469943785197565,21.186205038586806,11.34419825547126,-8.80108659830995,-32.367610718077174,0.3676107180771737,78.80108659830995,998446.6184985948,7394.967274234302,37.367610718077174,37.367610718077174,0.11391616483540157
30.53523226986217,17.51080609047093,12.898177609792965,3.8680300074317415,-30.271311573787102,-1.7286884262128979,66.13196999256826,1057458.8071365354,7832.039417775369,35.2713115737871,35.2713115737871,0.11818001295237378
29.7363925781303,15.226836763562794,12.475304220575389,-1.4477200390073222,-31.837537820567206,-0.16246217943279362,71.44772003900732,1012737.4432635962,7500.811872734638,36.837537820567206,36.837537820567206,0.11866257099118682
30.19322094863319,15.87174972001042,12.810742024764526,2.0777622755885545,-30.937691699272932,-1.062308300727068,67.92223772441145,1037957.4265276205,7687.602981481789,35.93769169927293,35.93769169927293,0.11884825308048384
29.72950010297923,16.541583757132024,12.295194635206364,-2.6439660045382425,-31.851200817421045,-0.14879918257895497,72.64396600453824,1012363.9527790779,7498.045625787552,36.851200817421045,36.851200817421045,0.11796175786791296
29.812840601402634,19.02870122534138,11.988817030465318,-4.110471634102851,-31.686167636201674,-0.31383236379832624,74.11047163410285,1016893.8004098911,7531.595817021113,36.686167636201674,36.686167636201674,0.11625628853269082
30.523326645024856,10.11229497233058,13.577645357912836,10.480426061759601,-30.294404764997125,-1.7055952350028747,59.5195739382404,1056770.7435186377,7826.9432936134235,35.294404764997125,35.294404764997125,0.1189754506236088
29.380675441806602,15.478497158516475,12.135928655797807,-4.627244015213307,-32.54607329493746,0.5460732949374574,74.62724401521331,993725.5709316357,7360.00096596009,37.54607329493746,37.54607329493746,0.11812948026545841
28.116638717449874,16.889089280612968,10.976568443366048,-14.978513578250386,-35.12129281646696,3.121292816466962,84.97851357825039,930253.637555599,6889.89784632212,40.12129281646696,40.12129281646696,0.11564410478991825
29.840655253199817,13.932773563778522,12.716540492829495,0.5797916568857886,-31.63117221259523,-0.3688277874047685,69.42020834311421,1018412.3391599501,7542.842832287918,36.63117221259523,36.63117221259523,0.11922338291086727
29.263644928870598,15.313974740829153,12.058035568972576,-5.425499845345996,-32.780705113731244,0.7807051137312442,75.425499845346,987586.1386173692,7314.529430271334,37.780705113731244,37.780705113731244,0.1180635079803704
29.781444345004754,14.613977454660784,12.588707051181146,-0.5286627869944027,-31.748295071040047,-0.25170492895995267,70.5286627869944,1015183.7703293434,7518.930526509516,36.74829507104005,36.74829507104005,0.11895701976307528
29.68735474756235,29.66997086353807,9.95059055300384,-14.705337443640985,-31.934802111966462,-0.06519788803353777,84.70533744364099,1010084.6214655023,7481.163821433929,36.93480211196646,36.93480211196646,0.10460729228733487
29.964238697134324,16.141232943063788,12.560787583507572,-0.2492086916714129,-31.387327883796956,-0.6126721162030435,70.24920869167141,1025200.3915299564,7593.118354486059,36.38732788379696,36.38732788379696,0.11845731826095723
29.690994720103877,11.558264925365052,12.755394517485989,1.294514022800172,-31.9275778897034,-0.07242211029659984,68.70548597719983,1010281.1796513085,7482.619624202539,36.9275778897034,36.9275778897034,0.11898655172773989
29.960415990582437,22.373990558058225,11.536409995736204,-5.846034164864193,-31.39485816431784,-0.6051418356821614,75.8460341648642,1024989.4124308166,7591.555743621561,36.39485816431784,36.39485816431784,0.11330821768154802
30.12977985007624,13.321187072650055,13.047085306964751,3.747788617741378,-31.06198507805931,-0.9380149219406917,66.25221138225862,1034399.3441517181,7661.2501427407515,36.06198507805931,36.06198507805931,0.11964372366594056
30.60296757099612,20.934219214291147,12.37307651697557,1.3323505728496912,-30.140068104592785,-1.8599318954072146,68.66764942715031,1061386.2968778803,7861.128261954953,35.140068104592785,35.140068104592785,0.11538945947910696
29.776311886735343,15.51863655963458,12.47412470564894,-1.3555682832138132,-31.75845635508074,-0.24154364491926117,71.35556828321381,1014904.6325969792,7516.863100612534,36.75845635508074,36.75845635508074,0.11857296932536772
30.248895913599327,12.522862464590126,13.22869398205126,5.586598944548143,-30.828790664368512,-1.171209335631488,64.41340105545186,1041095.0598489672,7710.841775925099,35.82879066436851,35.82879066436851,0.1197870304230282
29.640927878186382,13.565204527457219,12.572482631309045,-0.84317004121624,-32.02700855797195,0.02700855797195345,70.84317004121624,1007582.5501574256,7462.632299469489,37.02700855797195,37.02700855797195,0.11907055605898277
29.725879642828296,17.14363107471369,12.205694372680048,-3.197435798889842,-31.858378714455114,-0.14162128554488618,73.19743579888984,1012167.848772856,7496.593186887475,36.858378714455114,36.858378714455114,0.11757403102601065
30.50621860594558,15.620513144950763,13.150101369348263,5.319782184114672,-30.327602082340434,-1.6723979176595662,64.68021781588533,1055783.193930879,7819.629034896075,35.327602082340434,35.327602082340434,0.11929253186457012
29.861679014063473,19.709306781115416,11.918454041694897,-4.297401340033446,-31.589631628457767,-0.4103683715422335,74.29740134003345,1019562.3717203251,7551.360516649516,36.58963162845777,36.58963162845777,0.11573225318206488
29.533886623730687,13.326982714748308,12.499485960298227,-1.5496708942570763,-32.24004804978421,0.2400480497842068,71.54967089425708,1001848.7456232117,7420.165034718641,37.24004804978421,37.24004804978421,0.11897959869278256
29.775003926808786,12.343455030504359,12.791117811670857,1.3653785639411353,-31.761046093976688,-0.2389539060233119,68.63462143605886,1014833.5151646517,7516.336371316301,36.76104609397669,36.76104609397669,0.119260357320429
29.578012139026875,24.758230546275442,10.794110097702015,-11.099229502929916,-32.15215091415047,0.152150914150468,81.09922950292992,1004206.5071080723,7437.627729967399,37.15215091415047,37.15215091415047,0.11031489888268453
26.88413918872003,11.641289554929152,10.604079075791725,-18.665935151241,-37.72277461350325,5.722774613503248,88.665935151241,873868.159609764,6472.280362896756,42.72277461350325,42.72277461350325,0.11510120298742677
30.666357316942353,13.300071547123654,13.588473710454092,9.079991088932047,-30.01746269977565,-1.982537300224351,60.92000891106795,1065081.739691745,7888.498456981931,35.01746269977565,35.01746269977565,0.12018101492757809
29.517517524880887,18.531425708379942,11.818224296549182,-6.123384610362223,-32.27268214692356,0.2726821469235574,76.12338461036222,1000976.1813088509,7413.702411249531,37.27268214692356,37.27268214692356,0.11631526670267452
29.45812702445069,14.894202644152031,12.2721783333667,-3.503266940271317,-32.39120918373328,0.39120918373328095,73.50326694027132,997819.7728147408,7390.324559008257,37.39120918373328,37.39120918373328,0.11847775801414726
29.846267055887587,20.479978717835124,11.774572296286852,-5.113185462287106,-31.620081580292094,-0.37991841970790574,75.1131854622871,1018719.124428307,7545.115028895813,36.620081580292094,36.620081580292094,0.11502261953651235
30.049617634171177,17.30825272612301,12.469554754626277,-0.5185893792167917,-31.219346434711156,-0.7806535652888442,70.51858937921679,1029929.4832100183,7628.144241261558,36.219346434711156,36.219346434711156,0.11782263264888078
29.790439318965575,27.746066099351467,10.394970551252953,-12.136540643442345,-31.7304901972185,-0.2695098027814993,82.13654064344234,1015673.2533585981,7522.555869032159,36.7304901972185,36.7304901972185,0.10709339406180762
29.91709598103546,12.457770607886019,12.914956476551668,2.5393265867119226,-31.48024853675878,-0.5197514632412208,67.46067341328808,1022603.054972855,7573.881253088157,36.48024853675878,36.48024853675878,0.1194295917235756
29.744487345248963,16.715619510596543,12.283750282450795,-2.667317626117267,-31.82149481435374,-0.17850518564625872,72.66731762611727,1013176.3454024938,7504.062589291342,36.82149481435374,36.82149481435374,0.11787187877594715
30.008584832008392,12.556740030107417,12.994123050290618,3.2899013742477337,-31.300028759232532,-0.6999712407674679,66.71009862575227,1027652.6437853598,7611.280893014303,36.30002875923253,36.30002875923253,0.11953632838148892
29.97803398976622,15.529558116314913,12.655469668937686,0.41227119779227905,-31.360159334287573,-0.6398406657124269,69.58772880220772,1025962.3069467752,7598.761459954814,36.36015933428757,36.36015933428757,0.11879148388360794
29.775577806544437,24.331754153862946,11.026778543995187,-9.148161134018096,-31.759909810201748,-0.24009018979825214,79.1481611340181,1014864.7176949235,7516.5674719940525,36.75990981020175,36.75990981020175,0.1110208671354827
29.883530524839372,12.97082118168522,12.84512525267675,1.793242080669927,-31.54648086068346,-0.45351913931654053,68.20675791933007,1020759.7350468817,7560.22875502221,36.54648086068346,36.54648086068346,0.11940481864813554
29.4857585940246,21.186205038586806,11.356819296086663,-8.676552097492333,-32.33604005161499,0.3360400516149866,78.67655209749233,999286.4623120411,7401.187554218065,37.33604005161499,37.33604005161499,0.11393532203789068
30.623821902031146,14.114698297659071,13.458982823399207,7.890673218689301,-30.09970940507253,-1.900290594927469,62.1093267813107,1062599.9116662908,7870.116866330534,35.09970940507253,35.09970940507253,0.11998638742909352
29.746291619602708,14.139898830737224,12.609343664547186,-0.42613952364632723,-31.817919411791877,-0.18208058820812312,70.42613952364633,1013274.2125697127,7504.787439759457,36.81791941179188,36.81791941179188,0.11906504451265151
30.19322094863319,13.474318079099042,13.093963884288408,4.211159097557356,-30.937691699272932,-1.062308300727068,65.78884090244264,1037957.4265276205,7687.602981481789,35.93769169927293,35.93769169927293,0.11969033003846151
30.029343399549944,19.275150579919966,12.137423899218344,-2.4567977386095663,-31.25920011904674,-0.7407998809532614,72.45679773860957,1028803.5604537704,7619.8051254976235,36.25920011904674,36.25920011904674,0.11629056885349148
29.812840601402634,10.946229080425574,12.883907990217441,2.895439348731543,-31.686167636201674,-0.31383236379832624,67.10456065126846,1016893.8004098911,7531.595817020601,36.686167636201674,36.686167636201674,0.11884747847233439
29.73941025357467,22.800753970591316,11.277249534488854,-8.067939704022024,-31.831556677465414,-0.1684433225345856,78.06793970402202,1012901.0300077263,7502.023473432088,36.831556677465414,36.831556677465414,0.11261789689024063
30.03960844239805,15.478497158516475,12.71903994166624,1.0132313831581428,-31.239019050148272,-0.7609809498517279,68.98676861684186,1029373.3962562958,7624.025598613853,36.23901905014827,36.23901905014827,0.1188825905594734
28.116638717449874,10.024722007702415,11.47527836915652,-9.673661304464758,-35.12129281646696,3.121292816466962,79.67366130446476,930253.637555599,6889.89784632212,40.12129281646696,40.12129281646696,0.11599995663462255
29.75486662901974,16.424432979662008,12.333859528395672,-2.3257214121621246,-31.800929344475662,-0.19907065552433778,72.32572141216212,1013739.5291335166,7508.233794023908,36.80092934447566,36.80092934447566,0.11806081452565423
29.998446817885505,18.04109695835023,12.310083799454022,-1.627108833797024,-31.319976964944658,-0.680023035055342,71.62710883379702,1027091.2606387294,7607.123024260257,36.31997696494466,36.31997696494466,0.11724190223608058
29.17436258439989,14.613977454660784,12.06484399305279,-5.547383697653231,-32.96021719466967,0.9602171946696672,75.54738369765323,982939.964566457,7280.117670623573,37.96021719466967,37.96021719466967,0.11823665300725576
30.70065735461049,15.615125406930733,13.348973986962655,7.298707028772242,-29.9512089617196,-2.048791038280399,62.70129297122776,1067089.4202751182,7903.368287713077,34.9512089617196,34.9512089617196,0.11948064227223128
29.964238697134324,13.125499097776267,12.907377963046454,2.388978705851798,-31.387327883796956,-0.6126721162030435,67.6110212941482,1025200.3915299564,7593.118354486059,36.38732788379696,36.38732788379696,0.11948472707788176
29.584301910210474,16.827897612286215,12.129020310075912,-4.110519060964805,-32.13963051279228,0.13963051279228011,74.1105190609648,1004543.258882702,7440.1218726754705,37.13963051279228,37.13963051279228,0.11761588908029434
30.1517985935838,15.183159804453847,12.862306303311604,2.3059802126719546,-31.01882172809337,-0.9811782719066287,67.69401978732805,1035632.1910280574,7670.381189043837,36.01882172809337,36.01882172809337,0.11913649173725836
30.29607296811271,17.979269639867127,12.593215701908077,1.138342263058746,-30.736640860911393,-1.2633591390886068,68.86165773694125,1043764.9154492903,7730.615987611057,35.73664086091139,35.73664086091139,0.11760285472568219
30.093730939042793,20.934219214291147,11.908709964528878,-3.386593435222835,-31.132707788544394,-0.8672922114556059,73.38659343522284,1032385.6694906069,7646.335917038566,36.132707788544394,36.132707788544394,0.11487116005507304
29.45860218431665,15.51863655963458,12.197024268478838,-4.02781983972443,-32.39026012514364,0.39026012514364083,74.02781983972443,997844.9674523525,7390.511162395132,37.39026012514364,37.39026012514364,0.11820381005211889
29.947481738899555,12.477317282063932,12.94207888240091,2.798696225495746,-31.42034295469375,-0.5796570453062486,67.20130377450425,1024276.0379163327,7586.272155003861,36.42034295469375,36.42034295469375,0.11946443033183561
29.640927878186382,17.164320661274957,12.129194406016794,-3.929692441865541,-32.02700855797195,0.02700855797195345,73.92969244186554,1007582.5501574256,7462.632299469489,37.02700855797195,37.02700855797195,0.11746218186703535
29.77131970896499,12.504671497306958,12.77700488283556,1.194979713919679,-31.768341283723203,-0.23165871627679735,68.80502028608032,1014633.2338063128,7514.852992973268,36.7683412837232,36.7683412837232,0.11927162733845889
29.902747744640514,15.18312810276252,12.630615686663416,0.043855013693473666,-31.508553439605407,-0.4914465603945928,69.95614498630653,1021814.483756495,7568.0407221776095,36.50855343960541,36.50855343960541,0.11886812949386384
29.596428177840693,19.709306781115416,11.694733841650798,-6.5044262012198715,-32.11549811583944,0.11549811583944347,76.50442620121987,1005192.9673349912,7444.9339203638065,37.11549811583944,37.11549811583944,0.11542657829682287
30.133425706548277,12.522569703268609,13.11604119349214,4.4843555056563105,-31.054836312850057,-0.9451636871499431,65.51564449434369,1034603.3268602467,7662.760935031627,36.05483631285006,36.05483631285006,0.11966693719784426
29.775003926808786,18.427863074900593,12.05253439497735,-3.9027553620213666,-31.761046093976688,-0.2389539060233119,73.90275536202137,1014833.5151646517,7516.336371316301,36.76104609397669,36.76104609397669,0.11669681985825099
30.107178145472393,14.465326514482648,12.906773710156347,2.5278831712266197,-31.10631819038076,-0.8936818096192383,67.47211682877338,1033136.1380403892,7651.894241603105,36.10631819038076,36.10631819038076,0.11936344337600407
29.86474230496242,16.891965898079437,12.364685468050263,-1.7852286185085404,-31.583580908134763,-0.4164190918652366,71.78522861850854,1019730.0999674321,7552.602791274259,36.58358090813476,36.58358090813476,0.1178958350763405
29.944252390743408,28.773842937297218,10.312578029800378,-11.863244047950673,-31.426707255109136,-0.573292744890864,81.86324404795067,1024098.0422827548,7584.953835265101,36.426707255109136,36.426707255109136,0.10601902961841364
29.60857245447585,18.531425708379942,11.894377875679805,-5.381216157529025,-32.091337950914465,0.09133795091446473,75.38121615752902,1005844.2658034568,7449.75774446299,37.091337950914465,37.091337950914465,0.11642299717143104
29.804107816713884,11.577448744215648,12.858134198716543,2.278592397795819,-31.70344284467734,-0.2965571553226596,67.72140760220418,1016417.7299925268,7528.069814637086,36.70344284467734,36.70344284467734,0.11912062573775618
30.127786441075884,18.33387158255254,12.380389380394336,-0.7319912836745743,-31.065894038702368,-0.9341059612976323,70.73199128367457,1034287.839967351,7660.424290082174,36.06589403870237,36.06589403870237,0.1171582668900489
30.08489592564468,12.813022194109045,13.047492141640568,3.7740332285319482,-31.150051419587385,-0.8499485804126152,66.22596677146805,1031893.044009104,7642.687300030231,36.150051419587385,36.150051419587385,0.11962575726633337
30.210773565830735,12.598567708697686,13.185737172903076,5.1529981426664335,-30.903340688962373,-1.0966593110376266,64.84700185733357,1038945.096611669,7694.918132651575,35.90334068896237,35.90334068896237,0.11975232827652708
29.72740417732071,12.457770607886019,12.740186991013381,0.8489143076916434,-31.855356096856724,-0.14464390314327602,69.15108569230836,1012250.4190496325,7497.2047413594655,36.855356096856724,36.855356096856724,0.11921829073673257
29.246088561673417,16.715619510596543,11.861714606335891,-6.737903817714084,-32.81596907193847,0.8159690719384685,76.73790381771408,986669.9649997802,7307.7438157036,37.81596907193847,37.81596907193847,0.11727865724513781
29.584662338821882,21.308884656649965,11.415241593241666,-7.997577921235916,-32.13891311026248,0.13891311026247877,77.99757792123592,1004562.561157954,7440.264834443444,37.13891311026248,37.13891311026248,0.11393548608655084
29.701257309967726,15.529558116314913,12.406121866472324,-2.009850386415792,-31.9072137059988,-0.09278629400120053,72.00985038641579,1010835.6647029285,7486.726402406614,36.9072137059988,36.9072137059988,0.1184823160806128
30.156460746414837,16.275703797192357,12.719830624684501,1.3754523009884565,-31.009685834306424,-0.9903141656935759,68.62454769901154,1035893.510588853,7672.316645145745,36.009685834306424,36.009685834306424,0.11858730122440528
29.748877746749212,18.985216831255187,11.941018442558802,-4.6121027760836455,-31.812794975844668,-0.18720502415533247,74.61210277608365,1013414.5133927446,7505.826573926118,36.81279497584467,36.81279497584467,0.11621932654670603
29.615389640183768,21.186205038586806,11.461304262027548,-7.642913179152799,-32.07777918847137,0.07777918847136789,77.6429131791528,1006210.1464762938,7452.46762955026,37.07777918847137,37.07777918847137,0.11409034466167425
29.660249243856974,28.23800735413021,10.204547536375197,-13.600246143007666,-31.988620909680662,-0.011379090319337593,83.60024614300767,1008622.7119216,7470.3362288168055,36.98862090968066,36.98862090968066,0.10634330540117211
29.71687639256278,14.139898830737224,12.582930234261825,-0.6810042825130154,-31.87623158538571,-0.12376841461428967,70.68100428251302,1011680.4280609412,7492.98311886119,36.87623158538571,36.87623158538571,0.11903164469468402
29.89894892659575,23.130077852981366,11.34758534607368,-7.048301710517308,-31.51604926641494,-0.48395073358506124,77.04830171051731,1021605.8545630301,7566.495515824522,36.51604926641494,36.51604926641494,0.1124558814584294
30.458898680314462,16.541583757132024,12.971880944240809,4.009769717515212,-30.419504444958648,-1.5804955550413524,65.99023028248479,1053058.896863558,7799.451603990031,35.41950444495865,35.41950444495865,0.11873911001794896
29.812840601402634,10.106983216546077,12.880578104261742,3.6096930611930134,-31.686167636201674,-0.31383236379832624,66.39030693880699,1016893.8004098908,7531.595817021113,36.686167636201674,36.686167636201674,0.11822966385748553
30.487792628000943,19.535014734888243,12.514059020145204,1.5281496534255439,-30.36337404523016,-1.6366259547698405,68.47185034657446,1054721.1180529308,7811.762799270989,35.36337404523016,35.36337404523016,0.11654381249772702
29.69789725360306,15.478497158516475,12.409655043189522,-1.9945287431208385,-31.913880475009194,-0.08611952499080644,71.99452874312084,1010654.071949681,7485.381440700476,36.913880475009194,36.913880475009194,0.11850298055010901
29.759928947039622,12.66794675375207,12.755000582736745,0.9549764718074698,-31.790901014323822,-0.20909898567617802,69.04502352819253,1014014.3812992118,7510.269478989844,36.79090101432382,36.79090101432382,0.11926766800145117
29.58129212218704,14.894761695695845,12.378673829545658,-2.4810479562668206,-32.14562151809122,0.14562151809121815,72.48104795626682,1004382.095164888,7438.928218055436,37.14562151809122,37.14562151809122,0.11862281155514537
28.23029908954058,14.309327027919284,11.358546912174184,-12.19979859883199,-34.885974541080714,2.8859745410807136,82.19979859883199,935714.9878375256,6930.347186186386,39.885974541080714,39.885974541080714,0.11707821310620904
29.781444345004754,15.139818886830533,12.526263548486256,-0.9831286251622373,-31.748295071040047,-0.25170492895995267,70.98312862516224,1015183.7703293434,7518.930526509516,36.74829507104005,36.74829507104005,0.11875152966018665
29.79173993744027,29.66997086353807,10.025939027396104,-13.902399112415594,-31.727916084452545,-0.27208391554745504,83.9023991124156,1015744.0586858176,7523.08028673054,36.727916084452545,36.727916084452545,0.10473122358025895
29.946583467158927,16.141232943063788,12.544706871065245,-0.4063211677747063,-31.422113184655643,-0.5778868153443568,70.4063211677747,1024226.5222250582,7585.905418405477,36.42211318465564,36.42211318465564,0.11843799180377397
29.584301910210474,13.12376413117714,12.561383703672185,-0.9515326445422829,-32.13963051279228,0.13963051279228011,70.95153264454228,1004543.258882702,7440.1218726754705,37.13963051279228,37.13963051279228,0.11905758248716068
28.580260321385516,22.373990558058225,10.479021152968475,-16.29279080863455,-34.16615257630821,2.166152576308207,86.29279080863455,952826.243822443,7057.081230535988,39.16615257630821,39.16615257630821,0.11157014355552124
29.816963821388935,15.261820999563255,12.543058092399344,-0.7796301178066756,-31.67801251375556,-0.3219874862444385,70.77963011780668,1017118.6943700594,7533.261487919091,36.67801251375556,36.67801251375556,0.11873800159887306
30.093730939042793,16.6060422250824,12.614090895394567,0.505615031223897,-31.132707788544394,-0.8672922114556059,69.4943849687761,1032385.6694906069,7646.335917038566,36.132707788544394,36.132707788544394,0.1183249125716354
29.5314019645045,15.51863655963458,12.259416234024524,-3.4285486504963387,-32.24500061919633,0.24500061919633254,73.42854865049634,1001716.2268565746,7419.183538137506,37.24500061919633,37.24500061919633,0.11829017933725068
29.70546387209084,12.037479493989792,12.745993632365066,1.0145493509597827,-31.898868232026416,-0.10113176797358392,68.98545064904022,1011063.0748471436,7488.410709352165,36.898868232026416,36.898868232026416,0.11913341546204957
29.81181656684224,14.127493111027999,12.669915992318154,0.15718430723336496,-31.688193168846283,-0.3118068311537172,69.84281569276664,1016837.9576769166,7531.1822193633125,36.68819316884628,36.68819316884628,0.11914217661192827
29.77131970896499,11.98224935662811,12.809039753444871,1.6413158659636906,-31.768341283723203,-0.23165871627679735,68.35868413403631,1014633.2338063128,7514.852992973268,36.7683412837232,36.7683412837232,0.11919627590648843
29.56065886833796,12.72572824072651,12.571777779163051,-0.8160560788024327,-32.18670553414967,0.18670553414966662,70.81605607880243,1003278.2879486743,7430.752900427301,37.18670553414967,37.18670553414967,0.11904082890636511
30.09687369018574,12.713004603065308,13.066748773205568,3.9736425554272046,-31.12653939907915,-0.8734606009208505,66.0263574445728,1032560.9887647347,7647.634414395056,36.12653939907915,36.12653939907915,0.11963730532669391
29.82118412554545,12.068331513387065,12.850181873317457,2.0112330794686955,-31.669666327999835,-0.3303336720001653,67.9887669205313,1017348.9603081107,7534.966946222731,36.669666327999835,36.669666327999835,0.11926963629350153
29.840822990627867,15.694391355873222,12.509135152474213,-0.9472818168846402,-31.63084068758343,-0.36915931241657063,70.94728181688464,1018421.5070119726,7542.910733730444,36.63084068758343,36.63084068758343,0.11855876526803383
30.107178145472393,11.79995538762902,13.134387257607443,4.8694756685519,-31.10631819038076,-0.8936818096192383,65.1305243314481,1033136.1380403892,7651.894241603105,36.10631819038076,36.10631819038076,0.11951786646135615
29.59292686529019,16.891965898079437,12.127290008073814,-4.094137050263612,-32.12246522528528,0.12246522528528203,74.09413705026361,1005005.307900647,7443.544025951862,37.12246522528528,37.12246522528528,0.11758501725919997
30.666357316942353,16.16621475779791,13.235194726870224,6.433127031531342,-30.01746269977565,-1.982537300224351,63.56687296846866,1065081.739691745,7888.498456981931,35.01746269977565,35.01746269977565,0.11915772244293696
29.581850998585583,18.531425708379942,11.871928880048765,-5.600234856423015,-32.144509032956705,0.14450903295670514,75.60023485642301,1004412.0181589653,7439.14984188374,37.144509032956705,37.144509032956705,0.11639155966219016
29.45812702445069,12.453177396628064,12.500635317074051,-1.4505130963678994,-32.39120918373328,0.39120918373328095,71.4505130963679,997819.7728147408,7390.324559008257,37.39120918373328,37.39120918373328,0.11890589766186235
29.817954071899635,18.33387158255254,12.10457927072951,-3.4549553404261815,-31.67605408127281,-0.3239459187271905,73.45495534042618,1017172.7169118259,7533.661604381036,36.67605408127281,36.67605408127281,0.11681862371558989
30.08489592564468,11.694931403297712,13.117827663056833,4.751160324746763,-31.150051419587385,-0.8499485804126152,65.24883967525324,1031893.044009104,7642.687300030231,36.150051419587385,36.150051419587385,0.11946409879467987
29.929488425916656,28.40817392361741,10.372410652897416,-11.641012245244497,-31.45581079017751,-0.5441892098224912,81.6410122452445,1023284.8673998367,7578.931077977934,36.45581079017751,36.45581079017751,0.10645041183181672
29.72740417732071,14.169812875740302,12.58919827726732,-0.6156197508790342,-31.855356096856724,-0.14464390314327602,70.61561975087903,1012250.4190496325,7497.204741358957,36.855356096856724,36.855356096856724,0.11903541873931227
29.939792080538048,16.715619510596543,12.457528250093116,-0.9720418555829724,-31.435498422814817,-0.5645015771851831,70.97204185558297,1023852.274174372,7583.133560565513,36.43549842281482,36.43549842281482,0.11809054499533533
29.803000243393956,21.308884656649965,11.594469716210721,-6.214046453285903,-31.705634143663588,-0.29436585633641243,76.2140464532859,1016357.3740026654,7527.622789667448,36.70563414366359,36.70563414366359,0.11418996787372879
29.589433499651214,15.529558116314913,12.308228357043705,-2.954747077193474,-32.129417190769175,0.1294171907691748,72.95474707719347,1004818.1261972808,7442.1576698411955,37.129417190769175,37.129417190769175,0.11835299778306453
30.227761991815115,24.331754153862946,11.397666568802714,-5.332587149706171,-30.870109465317057,-1.1298905346829429,75.33258714970617,1039902.3606620538,7702.008082373716,35.87010946531706,35.87010946531706,0.1115210953514599
29.846263805084526,18.985216831255187,12.024757838679514,-3.7874716254478926,-31.62008800437593,-0.3799119956240702,73.78747162544789,1018718.946673999,7545.113712363444,36.62008800437593,36.62008800437593,0.11632991375058657
29.98862869689625,19.053982178237156,12.138048306206304,-2.616735592406144,-31.339301000128046,-0.6606989998719541,72.61673559240614,1026548.0274736843,7603.0995828430005,36.339301000128046,36.339301000128046,0.11643113048179865
29.94505680263502,29.39726457000114,10.191779154443148,-12.439981599804696,-31.425121892192976,-0.5748781078070238,82.4399815998047,1024142.3756476257,7585.28218910626,36.425121892192976,36.425121892192976,0.10524862066354145
29.68789623800955,14.139898830737224,12.557018865573342,-0.9307911488002674,-31.93372737476608,-0.06627262523392119,70.93079114880027,1010113.8583023096,7481.380363256876,36.93372737476608,36.93372737476608,0.11899857064192866
30.19322094863319,12.476418338426292,13.177405833094964,5.092882643449059,-30.937691699272932,-1.062308300727068,64.90711735655094,1037957.4265276205,7687.602981481789,35.93769169927293,35.93769169927293,0.11972591740703281
29.69545076759731,16.541583757132024,12.265415798067972,-2.933024873186355,-31.918734994254294,-0.08126500574570628,72.93302487318635,1010521.8831991904,7484.402388374804,36.918734994254294,36.918734994254294,0.1179227421666482
29.812840601402634,17.360450562990344,12.24969750076319,-2.64457622843031,-31.686167636201674,-0.31383236379832624,72.64457622843031,1016893.8004098911,7531.595817021113,36.686167636201674,36.686167636201674,0.1175257712237981
29.21169676898096,22.800753970591316,10.865671575818006,-12.17339659229134,-32.88509862286901,0.885098622869009,82.17339659229134,984878.8713945941,7294.478130438064,37.88509862286901,37.88509862286901,0.1119748782333737
29.95703002236263,15.231399043703643,12.674303073192116,0.4856242943312168,-31.401528779691944,-0.5984712203080562,69.51437570566878,1024802.5914582525,7590.172059253609,36.401528779691944,36.401528779691944,0.11890653683370155
29.843899955394008,12.66794675375207,12.832027400218134,1.6993765420933187,-31.62475948419865,-0.37524051580135165,68.30062345790668,1018589.70331831,7544.156475022935,36.62475948419865,36.62475948419865,0.11936157536413854
30.05053352555004,13.456636734802295,12.95885275499388,2.891232378912605,-31.21754656014525,-0.7824534398547485,67.1087676210874,1029980.3903692516,7628.521283728906,36.21754656014525,36.21754656014525,0.1195423022695158
29.881320603227202,15.313974740829153,12.594702022784414,-0.25996755064244326,-31.550843678400213,-0.44915632159978713,70.25996755064244,1020638.5461968196,7559.33117315493,36.55084367840021,36.55084367840021,0.11878624405412541
29.781444345004754,10.84141229834347,12.856286899122344,2.7032286625000665,-31.748295071040047,-0.25170492895995267,67.29677133749993,1015183.7703293434,7518.930526509516,36.74829507104005,36.74829507104005,0.11875138671016651
30.70065735461049,11.230443014790403,13.760707797549,11.336825061173215,-29.9512089617196,-2.048791038280399,58.663174938826785,1067089.4202751182,7903.368287713077,34.9512089617196,34.9512089617196,0.11990200273909725
29.5421648788254,16.141232943063788,12.187689314357447,-3.8706216590164217,-32.223549789755,0.22354978975499762,73.87062165901642,1002290.4521789071,7423.43652211082,37.223549789755,37.223549789755,0.11797774367868492
29.584301910210474,14.96435173970655,12.37309126813821,-2.5151155203122926,-32.13963051279228,0.13963051279228011,72.51511552031229,1004543.258882702,7440.1218726754705,37.13963051279228,37.13963051279228,0.1185985193723346
30.1517985935838,13.037965480534307,13.093372384009399,4.204507112856334,-31.01882172809337,-0.9811782719066287,65.79549288714367,1035632.1910280574,7670.381189043837,36.01882172809337,36.01882172809337,0.11969040768271069
29.756969910081295,15.261820999563255,12.489297776232412,-1.3005347629796233,-31.79676262609763,-0.2032373739023683,71.30053476297962,1013853.7106661376,7509.079476388303,36.79676262609763,36.79676262609763,0.11867037979459233
29.799011058108412,20.934219214291147,11.656388972655158,-5.9139612537730955,-31.71352717304069,-0.28647282695931153,75.9139612537731,1016140.0319390252,7526.013051682306,36.71352717304069,36.71352717304069,0.11454429930932059
29.86106912695575,15.51863655963458,12.550240259376915,-0.616748028456243,-31.590836359633386,-0.40916364036661435,70.61674802845624,1019528.982704774,7551.113221828999,36.590836359633386,36.590836359633386,0.11866801125471267
29.75767907833962,13.61726775464134,12.672355890080558,0.12195151410952576,-31.79535777802232,-0.20464222197767867,69.87804848589047,1013892.2138362199,7509.364649052957,36.79535777802232,36.79535777802232,0.11919489638143566
29.94004375330926,14.127493111027999,12.787586617375293,1.2978436876244928,-31.43500235306584,-0.5649976469341595,68.70215631237551,1023866.1392853308,7583.236252126479,36.43500235306584,36.43500235306584,0.1192840572021256
29.77131970896499,13.95885043441147,12.650809065084754,-0.052399924739347625,-31.768341283723203,-0.23165871627679735,70.05239992473935,1014633.2338063128,7514.852992973268,36.7683412837232,36.7683412837232,0.11913954821716771
30.154357792327986,15.620513144950763,12.807871153623816,1.9405346367713037,-31.013806611815653,-0.986193388184347,68.0594653632287,1035775.62514308,7671.443529850997,36.01380661181565,36.01380661181565,0.11893575794664601
30.09687369018574,14.92769453940248,12.84219311514068,2.0239487733018677,-31.12653939907915,-0.8734606009208505,67.97605122669813,1032560.9887647347,7647.634414395056,36.12653939907915,36.12653939907915,0.1191848849073397
29.728413478756742,12.068331513387065,12.765143105035536,1.1895001883227678,-31.853355075463753,-0.1466449245362469,68.81049981167723,1012305.0893107613,7497.609655136958,36.85335507546375,36.85335507546375,0.11916549448533406
29.958589543412884,15.694391355873222,12.616000186092421,0.09332688989132976,-31.398456327631948,-0.6015436723680523,69.90667311010867,1024888.6318026085,7590.809314685185,36.39845632763195,36.39845632763195,0.1186889151211796
30.107178145472393,11.110891021620596,13.159445235200778,5.470721481924272,-31.10631819038076,-0.8936818096192383,64.52927851807573,1033136.1380403892,7651.894241603105,36.10631819038076,36.10631819038076,0.11925425936295803
29.600021417122832,16.891965898079437,12.133368546765102,-4.035277862953421,-32.108348783495614,0.1083487834956145,74.03527786295342,1005385.60782142,7446.360706800297,37.108348783495614,37.108348783495614,0.11759332210271634
30.666357316942353,16.919201742931072,13.122053653509187,5.732268500112241,-30.01746269977565,-1.982537300224351,64.26773149988776,1065081.739691745,7888.498456981931,35.01746269977565,35.01746269977565,0.11870341911468357
29.51318193476473,18.531425708379942,11.8146222419677,-6.158432263790189,-32.28132822119312,0.28132822119312095,76.15843226379019,1000745.2588434998,7411.992090394598,37.28132822119312,37.28132822119312,0.11631009445531607
29.445910644093185,11.577448744215648,12.536187132792813,-0.8215532081327979,-32.415613793676926,0.4156137936769255,70.8215532081328,997172.3408875355,7385.529372340014,37.415613793676926,37.415613793676926,0.11870848443512842
29.830544875301626,18.33387158255254,12.115538441753158,-3.3473099226635554,-31.651157706920458,-0.3488422930795423,73.34730992266356,1017859.9735108392,7538.7517513799285,36.65115770692046,36.65115770692046,0.11683282549335886
29.68915261118198,17.30825272612301,12.14963891040012,-3.650383019265803,-31.93123381715077,-0.06876618284923097,73.6503830192658,1010181.6988346205,7481.882822284248,36.93123381715077,36.93123381715077,0.11742055446721525
30.61864734942941,15.954305764146081,13.21702387487131,6.14285699508838,-30.1097214179419,-1.8902785820581016,63.85714300491162,1062298.5845427115,7867.885095321025,35.1097214179419,35.1097214179419,0.11922887673527868
29.767089937317877,14.169812875740302,12.624907626461335,-0.27086984833312044,-31.77671764451742,-0.22328235548258135,70.27086984833312,1014403.3675671718,7513.150495028555,36.77671764451742,36.77671764451742,0.11908035932528406
29.939792080538048,16.3960180973831,12.503065451764709,-0.6906590763396707,-31.435498422814817,-0.5645015771851831,70.69065907633967,1023852.274174372,7583.133560565513,36.43549842281482,36.43549842281482,0.11828428862483858
29.746640089047116,21.308884656649965,11.547672940774808,-6.6810635200220645,-31.817228895007872,-0.18277110499212768,76.68106352002206,1013293.1158146181,7504.927446120199,36.81722889500787,36.81722889500787,0.11412526741875789
29.62485131092683,15.529558116314913,12.339063876521347,-2.6574844971380003,-32.05896499997158,0.05896499997157889,72.657484497138,1006718.2850031112,7456.231143499802,37.05896499997158,37.05896499997158,0.11839422803295693
30.227761991815115,20.56037675260984,12.093668990458537,-1.8474491686180272,-30.870109465317057,-1.1298905346829429,71.84744916861803,1039902.3606620538,7702.008082373716,35.87010946531706,35.87010946531706,0.1153633435739394
29.803000243393956,18.985216831255187,11.987409593632892,-4.155601739801455,-31.705634143663588,-0.29436585633641243,74.15560173980145,1016357.3740026654,7527.622789667448,36.70563414366359,36.70563414366359,0.11628103428297075
29.730977387232997,19.053982178237156,11.914636518207375,-4.8224072492861865,-31.848272169800396,-0.15172783019960434,74.82240724928619,1012443.9868356992,7498.6383958150855,36.848272169800396,36.848272169800396,0.11614193106322698
30.53523226986217,12.699172732042996,13.504180096954785,8.272500160814843,-30.271311573787102,-1.7286884262128979,61.72749983918516,1057458.8071365354,7832.039417774838,35.2713115737871,35.2713115737871,0.12008142688962645
29.7928568654767,14.139898830737224,12.651392718372831,-0.019911769717054995,-31.725705595036402,-0.274294404963598,70.01991176971705,1015804.8698168017,7523.53068269083,36.7257055950364,36.7257055950364,0.11911756458617186
29.814091971699597,23.130077852981366,11.278185416847213,-7.751850375195602,-31.683692512413586,-0.316307487586414,77.7518503751956,1016962.0464312632,7532.101279291497,36.683692512413586,36.683692512413586,0.11235948840327326
30.029343399549944,10.72059408191707,13.090164921944627,5.075806724666052,-31.25920011904674,-0.7407998809532614,64.92419327533395,1028803.5604537704,7619.805125497106,36.25920011904674,36.25920011904674,0.11894717839839528
29.812840601402634,20.69714252401566,11.708969395696764,-5.587584121436919,-31.686167636201674,-0.31383236379832624,75.58758412143692,1016893.8004098911,7531.595817021113,36.686167636201674,36.686167636201674,0.11478317292711557
30.487792628000943,15.261815932051476,13.179717994101756,5.464393185947415,-30.36337404523016,-1.6366259547698405,64.53560681405258,1054721.1180529308,7811.762799270989,35.36337404523016,35.36337404523016,0.11944313752543594
29.931022387246067,15.478497158516475,12.618985580884496,0.03687249543855842,-31.452786414165587,-0.5472135858344132,69.96312750456144,1023369.3106317441,7579.556504440318,36.45278641416559,36.45278641416559,0.11876456187187855
29.583863098436744,12.66794675375207,12.596570346829468,-0.5698708743588554,-32.14050393995677,0.14050393995677268,70.56987087435886,1004519.7596440974,7439.947826213963,37.14050393995677,37.14050393995677,0.1190662857573729
29.619139875728443,13.932773563778522,12.517317404740226,-1.3419296838637251,-32.07032139540149,0.07032139540149274,71.34192968386373,1006411.5071232589,7453.959001614662,37.07032139540149,37.07032139540149,0.11897190618001943
29.90468067579321,15.313974740829153,12.615959347467134,-0.05325646343936796,-31.504739679674344,-0.4952603203256558,70.05325646343937,1021920.6637504038,7568.827141366764,36.504739679674344,36.504739679674344,0.11881207212544463
29.781444345004754,11.306936416336988,12.84670700440315,2.3070656478458886,-31.748295071040047,-0.25170492895995267,67.69293435215411,1015183.7703293434,7518.930526509006,36.74829507104005,36.74829507104005,0.11899110223127594
30.70065735461049,12.331516289165364,13.705077215922433,10.329717220498992,-29.9512089617196,-2.048791038280399,59.67028277950101,1067089.4202751182,7903.368287713077,34.9512089617196,34.9512089617196,0.12021163400987658
29.964238697134324,18.246631923080912,12.247051928132946,-2.1113422824087706,-31.387327883796956,-0.6126721162030435,72.11134228240877,1025200.3915299564,7593.118354486059,36.38732788379696,36.38732788379696,0.11704871925205676
29.685080321997432,16.827897612286215,12.215901283474093,-3.2683903219660806,-31.93931651174114,-0.06068348825886005,73.26839032196608,1009961.8315363692,7480.254381218777,36.93931651174114,36.93931651174114,0.11773305463958775
30.1517985935838,10.498844198494332,13.208767774085892,6.430198533941564,-31.01882172809337,-0.9811782719066287,63.569801466058436,1035632.1910280574,7670.381189043837,36.01882172809337,36.01882172809337,0.11892216027488745
29.993038907054945,18.634988341859298,12.210420013108898,-2.2039728600366857,-31.33062017840325,-0.669379821596749,72.20397286003669,1026791.989780356,7604.906482922142,36.33062017840325,36.33062017840325,0.11677659296067167
30.093730939042793,12.232130261069159,13.09725084143787,4.365118528008509,-31.132707788544394,-0.8672922114556059,65.63488147199149,1032385.6694906069,7646.335917038566,36.132707788544394,36.132707788544394,0.11959354213749979
29.86106912695575,15.472240719208628,12.556206947021446,-0.5763160984949991,-31.590836359633386,-0.40916364036661435,70.576316098495,1019528.982704774,7551.113221828999,36.590836359633386,36.590836359633386,0.11869021228262536
29.87964340615594,14.139898830737224,12.73054822097829,0.7464309570030423,-31.55415496992555,-0.44584503007445164,69.25356904299696,1020546.5854865912,7558.65006869721,36.55415496992555,36.55415496992555,0.1192142890162191
29.678362548436514,14.127493111027999,12.549824835211504,-1.0020712087090828,-31.952651950702545,-0.04734804929745451,71.00207120870908,1009599.2870345175,7477.56920538967,36.952651950702545,36.952651950702545,0.11899100976683205
29.77131970896499,11.023520023240007,12.84427963775736,2.4580006312516502,-31.768341283723203,-0.23165871627679735,67.54199936874835,1014633.2338063128,7514.852992973268,36.7683412837232,36.7683412837232,0.11884338391531331
30.16059344544489,15.620513144950763,12.813765709994712,1.9984056840611402,-31.001588422670295,-0.9984115773297049,68.00159431593886,1036125.2360779374,7674.032913573757,36.001588422670295,36.001588422670295,0.1189423124676419
30.09687369018574,13.27212837000635,13.020012848939972,3.483107041161361,-31.12653939907915,-0.8734606009208505,66.51689295883864,1032560.9887647347,7647.634414395056,36.12653939907915,36.12653939907915,0.1196142676758688
29.533886623730687,13.891924930389056,12.446425686960731,-2.0270747140222056,-32.24004804978421,0.2400480497842068,72.0270747140222,1001848.7456232117,7420.165034718641,37.24004804978421,37.24004804978421,0.11888197972425235
29.890728980779578,15.694391355873222,12.554188739531062,-0.5090567429482462,-31.53227153115853,-0.46772846884147157,70.50905674294825,1021154.6365001417,7563.153581717297,36.53227153115853,36.53227153115853,0.11861426795084486
29.737856418345594,13.462336677528384,12.66898495080811,0.08182568395449152,-31.834636373823173,-0.16536362617682698,69.91817431604551,1012816.7924355759,7501.39957018301,36.83463637382317,36.83463637382317,0.11919711024351408
29.86474230496242,15.595355112451813,12.54362721257205,-0.65136255381924,-31.583580908134763,-0.4164190918652366,70.65136255381924,1019730.0999674321,7552.602791274259,36.58358090813476,36.58358090813476,0.11863476195359808
29.701456438608854,28.773842937297218,10.1324705372048,-13.773585831314108,-31.906818629369923,-0.09318137063007725,83.77358583131411,1010846.4280438403,7486.806120793486,36.90681862936992,36.90681862936992,0.10573652677673115
29.60857245447585,13.863626270187744,12.514909578849258,-1.3729209677048289,-32.091337950914465,0.09133795091446473,71.37292096770483,1005844.2658034568,7449.757744462484,37.091337950914465,37.091337950914465,0.11897545058324507
29.59389038326265,11.577448744215648,12.667165350381172,0.4354927181249195,-32.12054789584221,0.12054789584220771,69.56450728187508,1005056.9442746949,7443.926469328572,37.12054789584221,37.12054789584221,0.11888172885972537
30.17481314592529,18.33387158255254,12.423416545463116,-0.3046310781560919,-30.97373399806088,-1.0262660019391205,70.30463107815609,1036923.1448540877,7679.942602863234,35.97373399806088,35.97373399806088,0.11720800375926256
29.59864910479492,12.932853507685213,12.58964753662302,-0.6677545916217014,-32.11107913799253,0.1110791379925331,70.6677545916217,1005312.0290459654,7445.815747634244,37.11107913799253,37.11107913799253,0.11908393345354967
30.210773565830735,11.00648609464779,13.262857985495222,6.554883516757627,-30.903340688962373,-1.0966593110376266,63.44511648324237,1038945.096611669,7694.918132651575,35.90334068896237,35.90334068896237,0.11930824690776572
29.767089937317877,11.944135391915868,12.80717542394489,1.636383518352602,-31.77671764451742,-0.22328235548258135,68.3636164816474,1014403.3675671718,7513.150495028555,36.77671764451742,36.77671764451742,0.11918305091593626
29.939792080538048,18.086113830166113,12.250656515797644,-2.1831157716956113,-31.435498422814817,-0.5645015771851831,72.18311577169561,1023852.274174372,7583.133560565513,36.43549842281482,36.43549842281482,0.11714377770906188
30.008584832008392,18.485940791294382,12.248339637134276,-1.9339202870211807,-31.300028759232532,-0.6999712407674679,71.93392028702118,1027652.6437853598,7611.280893014303,36.30002875923253,36.30002875923253,0.11691150402892558
29.701257309967726,14.119829130178172,12.571066488512617,-0.7985951678869014,-31.9072137059988,-0.09278629400120053,70.7985951678869,1010835.6647029285,7486.726402406614,36.9072137059988,36.9072137059988,0.1190192545025689
30.227761991815115,16.373340024756615,12.773186893888933,1.950762651088155,-30.870109465317057,-1.1298905346829429,68.04923734891184,1039902.3606620538,7702.008082373716,35.87010946531706,35.87010946531706,0.11860518316525986
30.006121431030778,18.985216831255187,12.164863048039903,-2.4016599923364197,-31.3048753961815,-0.695124603818499,72.40165999233642,1027516.1931180449,7610.270274919508,36.3048753961815,36.3048753961815,0.1165070427123357
29.98862869689625,15.87051213220115,12.620028159220443,0.2073175073527409,-31.339301000128046,-0.6606989998719541,69.79268249264726,1026548.0274736843,7603.0995828430005,36.339301000128046,36.339301000128046,0.11863088590009829
30.53523226986217,20.776875213814712,12.337719344712923,0.824289205900584,-30.271311573787102,-1.7286884262128979,69.17571079409942,1057458.8071365354,7832.039417775369,35.2713115737871,35.2713115737871,0.11547219778898678
29.741272080387414,14.139898830737224,12.604828254408492,-0.4697259801905602,-31.827866715837104,-0.17213328416289642,70.46972598019056,1013001.9783503003,7502.771144540281,36.827866715837104,36.827866715837104,0.11905935722031596
29.765080602429332,23.130077852981366,11.238484856436187,-8.153326463902545,-31.78069713950663,-0.21930286049337155,78.15332646390254,1014294.1977372825,7512.341931701876,36.78069713950663,36.78069713950663,0.11230307752860105
27.843075947148407,16.191914065481534,10.871056096797835,-16.20990679986494,-35.69079083402232,3.690790834022323,86.20990679986494,917296.6881450942,6793.932558755044,40.69079083402232,40.69079083402232,0.11566696037703975
29.812840601402634,16.976097938101173,12.306405241180496,-2.3083703142205536,-31.686167636201674,-0.31383236379832624,72.30837031422055,1016893.8004098911,7531.595817021113,36.686167636201674,36.686167636201674,0.11778326451066481
29.853508565294582,22.800753970591316,11.370226757110638,-7.129701824357653,-31.605772671669968,-0.3942273283300324,77.12970182435765,1019115.2057260264,7548.048594076269,36.60577267166997,36.60577267166997,0.11274891491786017
29.700323869396296,12.098156253596535,12.737948252317436,0.9180519007045405,-31.90906570624435,-0.09093429375565165,69.08194809929546,1010785.2124580124,7486.352729249577,36.90906570624435,36.90906570624435,0.11913922986950824
29.64774970343497,12.66794675375207,12.653587257928407,-0.022074173545320264,-32.01345264051247,0.01345264051246886,70.02207417354532,1007949.6197191781,7465.350990029639,37.01345264051247,37.01345264051247,0.11914005598754603
29.75486662901974,19.44906468850634,11.870413166855544,-4.969566915313067,-31.800929344475662,-0.19907065552433778,74.96956691531307,1013739.5291335166,7508.233794023908,36.80092934447566,36.80092934447566,0.11583623209309311
30.331122985033513,20.64343724644219,12.172516570514611,-0.9772650693965943,-30.6682550992021,-1.3317449007979008,70.9772650693966,1045755.1244393409,7745.356415469326,35.6682550992021,35.6682550992021,0.11539309901220221
29.781444345004754,12.132441118116127,12.809946717353933,1.6027593441061754,-31.748295071040047,-0.25170492895995267,68.39724065589382,1015183.7703293434,7518.930526509516,36.74829507104005,36.74829507104005,0.11923696635435788
30.70455944209012,13.44929824221191,13.614290132916462,9.343724380703804,-29.943675612550294,-2.056324387449706,60.656275619296196,1067318.1819714427,7905.062604891959,34.943675612550294,34.943675612550294,0.12019818411206827
29.766103062210323,16.141232943063788,12.382758867532742,-1.9834690546103388,-31.77867212680036,-0.2213278731996411,71.98346905461034,1014349.7471493521,7512.753356886505,36.77867212680036,36.77867212680036,0.11823672385019701
29.491756309799257,16.827897612286215,12.05032068286621,-4.870912333914987,-32.32407057821632,0.3240705782163218,74.87091233391499,999605.2440993834,7403.548602712138,37.32407057821632,37.32407057821632,0.11750648103641363
29.98365371353419,22.373990558058225,11.55596130899823,-5.6480806804960935,-31.34909474801492,-0.6509052519850798,75.6480806804961,1026272.9270799161,7601.062059382703,36.34909474801492,36.34909474801492,0.11333395491594994
29.816963821388935,17.244962202469253,12.270518181490297,-2.508021949022236,-31.67801251375556,-0.3219874862444385,72.50802194902224,1017118.6943700594,7533.261487919091,36.67801251375556,36.67801251375556,0.11760930433611422
29.490965033264324,20.934219214291147,11.40389964672151,-8.416176956417189,-32.325649593272715,0.3256495932727148,78.41617695641719,999563.1787040035,7403.237046524307,37.325649593272715,37.325649593272715,0.1141824513183666
29.90244544538006,14.863340709502708,12.66938266793868,0.3201253278388094,-31.509149907871574,-0.4908500921284258,69.67987467216119,1021797.8793061737,7567.9177417753945,36.509149907871574,36.509149907871574,0.11899968357055692
29.70546387209084,12.61030633615157,12.709714072755677,0.5272491298904356,-31.898868232026416,-0.10113176797358392,69.47275087010956,1011063.0748471436,7488.410709352165,36.898868232026416,36.898868232026416,0.11920365508925598
29.678362548436514,11.150912600399664,12.756697232760882,1.528587809574958,-31.952651950702545,-0.04734804929745451,68.47141219042504,1009599.2870345175,7477.56920538967,36.952651950702545,36.952651950702545,0.1188031440994249
29.601878725252405,13.95885043441147,12.49942409568274,-1.5106865513096182,-32.104653644920575,0.1046536449205746,71.51068655130962,1005485.2031694578,7447.098356991865,37.104653644920575,37.104653644920575,0.11894572134051988
29.902747744640514,15.42474938092299,12.60010511070629,-0.16716771931379526,-31.508553439605407,-0.4914465603945928,70.1671677193138,1021814.483756495,7568.0407221776095,36.50855343960541,36.50855343960541,0.11875882686246177
29.899289228781477,19.709306781115416,11.95087890893386,-3.9758528666174016,-31.515377750427035,-0.48462224957296485,73.9758528666174,1021624.541200247,7566.633917886409,36.515377750427035,36.515377750427035,0.11577437599195159
29.87556940785086,12.068331513387065,12.900589979774123,2.4994542547202627,-31.562198901730653,-0.43780109826934677,67.50054574527974,1020323.2595835518,7556.99601157049,36.56219890173065,36.56219890173065,0.11932990346408767
29.653277677908257,15.694391355873222,12.342776145585125,-2.5591786279803728,-32.002469650145144,0.002469650145144442,72.55917862798037,1008247.215285408,7467.555123362814,37.002469650145144,37.002469650145144,0.11834564523318554
30.107178145472393,13.679363524646597,12.991151556624192,3.221047096858115,-31.10631819038076,-0.8936818096192383,66.77895290314189,1033136.1380403892,7651.894241603105,36.10631819038076,36.10631819038076,0.11956607244606537
29.86474230496242,12.947778836628615,12.829610385611838,1.6446996501304625,-31.583580908134763,-0.4164190918652366,68.35530034986954,1019730.0999674321,7552.602791274259,36.58358090813476,36.58358090813476,0.11938486487874765
30.666357316942353,15.785311568428206,13.289770984478492,6.786776929649307,-30.01746269977565,-1.982537300224351,63.21322307035069,1065081.739691745,7888.498456981931,35.01746269977565,35.01746269977565,0.11936276236918704
29.60857245447585,11.470466779817556,12.684307924437793,0.6521029766615811,-32.091337950914465,0.09133795091446473,69.34789702333842,1005844.2658034568,7449.75774446299,37.091337950914465,37.091337950914465,0.1188604333817101
29.45812702445069,14.391179518505641,12.328721880776595,-3.0785730796916937,-32.39120918373328,0.39120918373328095,73.0785730796917,997819.7728147408,7390.324559008257,37.39120918373328,37.39120918373328,0.11865663434501254
30.17481314592529,20.949185324898963,11.977465070760024,-2.6801446018199044,-30.97373399806088,-1.0262660019391205,72.6801446018199,1036923.1448540877,7679.942602863234,35.97373399806088,35.97373399806088,0.11494351217269373
30.08489592564468,13.356860524375744,13.000833605297666,3.2971491275307585,-31.150051419587385,-0.8499485804126152,66.70285087246924,1031893.044009104,7642.687300029712,36.150051419587385,36.150051419587385,0.11959205092608366
30.210773565830735,14.237258604361962,13.031741060623325,3.70051947071579,-30.903340688962373,-1.0966593110376266,66.29948052928421,1038945.096611669,7694.918132651575,35.90334068896237,35.90334068896237,0.11954206616555993
29.767089937317877,14.136770611083303,12.628420631069336,-0.2424276021707783,-31.77671764451742,-0.22328235548258135,70.24242760217078,1014403.3675671718,7513.150495028555,36.77671764451742,36.77671764451742,0.1190894042057352
29.939792080538048,15.330599675835138,12.64594319418621,0.24456329419376743,-31.435498422814817,-0.5645015771851831,69.75543670580623,1023852.274174372,7583.133560565513,36.43549842281482,36.43549842281482,0.11884311973990702
30.008584832008392,13.835219910325844,12.88209864798818,2.174565534378587,-31.300028759232532,-0.6999712407674679,67.82543446562141,1027652.6437853598,7611.280893014303,36.30002875923253,36.30002875923253,0.11942939648755774
29.79074197965314,14.119829130178172,12.651605307334172,-0.02113296567569023,-31.729891179581898,-0.2701088204181019,70.02113296567569,1015689.72947096,7522.677898902825,36.7298911795819,36.7298911795819,0.1191205989286107
29.81466263989543,20.56037675260984,11.734025139279835,-5.450785797961089,-31.68256379844263,-0.3174362015573706,75.45078579796109,1016993.171244344,7532.331804359022,36.68256379844263,36.68256379844263,0.11491250311912778
30.006121431030778,16.759859437105195,12.51129925045877,-0.4214642873653247,-31.3048753961815,-0.695124603818499,70.42146428736532,1027516.1931180449,7610.270274919508,36.3048753961815,36.3048753961815,0.11813531728631874
29.732528251221524,19.053982178237156,11.915956185158503,-4.809436146272617,-31.845197781600348,-0.15480221839965225,74.80943614627262,1012528.0173055814,7499.2607651669405,36.84519778160035,36.84519778160035,0.11614371412155819
29.845407986549972,29.340204596445425,10.128997075312295,-13.176855302134186,-31.621779252513136,-0.3782207474868642,83.17685530213419,1018672.1520209202,7544.767129059225,36.621779252513136,36.621779252513136,0.10520519641476607
29.7928568654767,12.602391623474805,12.789846739970692,1.3017099852729075,-31.725705595036402,-0.274294404963598,68.69829001472709,1015804.8698168017,7523.53068269032,36.7257055950364,36.7257055950364,0.11930189620275938
29.89644904142245,23.130077852981366,11.345528611942594,-7.069183669951542,-31.520982464684323,-0.4790175353156769,77.06918366995154,1021468.5967516054,7565.478919639195,36.52098246468432,36.52098246468432,0.1124530649388837
30.029343399549944,15.108825573321944,12.756559580884987,1.2459092751698222,-31.25920011904674,-0.7407998809532614,68.75409072483018,1028803.5604537704,7619.8051254976235,36.25920011904674,36.25920011904674,0.11903810834342127
29.695714152179523,14.652463158740488,12.507570463831705,-1.3029752339371612,-31.918212349174155,-0.08178765082584505,71.30297523393716,1010536.1131842695,7484.507782365854,36.918212349174155,36.918212349174155,0.11884608095904163
29.91360431282196,22.800753970591316,11.419815856700344,-6.627699021319756,-31.48713556018174,-0.5128644398182587,76.62769902131976,1022411.0712963956,7572.459331297059,36.48713556018174,36.48713556018174,0.11281675098781756
29.811836004436422,13.649210001841709,12.718500004773858,0.5699086141021326,-31.688154720901707,-0.31184527909829285,69.43009138589787,1016839.0176068279,7531.190069704895,36.68815472090171,36.68815472090171,0.1192500850256372
29.64774970343497,11.15335434738428,12.72893996237601,1.2591064866984993,-32.01345264051247,0.01345264051246886,68.7408935133015,1007949.6197191781,7465.350990029639,37.01345264051247,37.01345264051247,0.11876934864222456
29.81258633055504,12.990506822994234,12.778116197823918,1.143410375651058,-31.68667057671371,-0.3133294232862909,68.85658962434894,1016879.9340660336,7531.493116328718,36.68667057671371,36.68667057671371,0.11932530664407229
29.90468067579321,14.763638489126453,12.683276401723264,0.4269145777349763,-31.504739679674344,-0.4952603203256558,69.57308542226502,1021920.6637504038,7568.827141366764,36.504739679674344,36.504739679674344,0.11904015718928371
29.781444345004754,13.949037790293104,12.660982020113046,0.044593759290989965,-31.748295071040047,-0.25170492895995267,69.95540624070901,1015183.7703293434,7518.930526509516,36.74829507104005,36.74829507104005,0.11915328581271818
30.70065735461049,14.109017123636296,13.539919492606936,8.694195817539708,-29.9512089617196,-2.048791038280399,61.30580418246029,1067089.4202751182,7903.368287713077,34.9512089617196,34.9512089617196,0.12006013092922611
29.811453157177837,16.141232943063788,12.423042168888083,-1.5920413843579695,-31.68891200410036,-0.31108799589964065,71.59204138435797,1016818.141290067,7531.0354498420065,36.68891200410036,36.68891200410036,0.11828792865870304
29.685080321997432,10.431826835344005,12.7686938662595,2.194623808509732,-31.93931651174114,-0.06068348825886005,67.80537619149027,1009961.8315363692,7480.254381218777,36.93931651174114,36.93931651174114,0.11836143429129439
30.1517985935838,13.598865031611805,13.0418774513776,3.709741959810401,-31.01882172809337,-0.9811782719066287,66.2902580401896,1035632.1910280574,7670.381189043837,36.01882172809337,36.01882172809337,0.11962742162546756
29.842539689832314,15.261820999563255,12.566122971166653,-0.555835165779456,-31.62744780126866,-0.3725521987313414,70.55583516577946,1018515.341940364,7543.605719533169,36.62744780126866,36.62744780126866,0.11876660698114858
29.93781895264891,20.934219214291147,11.77384744486835,-4.740732239825263,-31.43938775439932,-0.5606122456006801,74.74073223982526,1023743.5806711365,7582.328525139026,36.43938775439932,36.43938775439932,0.1147006368548933
29.86106912695575,17.16584864341521,12.321244200142731,-2.057446684386832,-31.590836359633386,-0.40916364036661435,72.05744668438683,1019528.982704774,7551.113221828999,36.590836359633386,36.590836359633386,0.11771206496148026
30.126398957183415,13.61726775464134,13.015680203789504,3.4552371354359934,-31.068614940504233,-0.9313850594957671,66.544762864564,1034210.2396795817,7659.849545696351,36.06861494050423,36.06861494050423,0.11959754230898385
29.548162737369672,14.127493111027999,12.43489295173917,-2.1068558203008934,-32.21159862742269,0.21159862742268842,72.1068558203009,1002610.6630039907,7425.808154733413,37.21159862742269,37.21159862742269,0.11884012842079128
29.866943326002094,13.95885043441147,12.737932633285137,0.7904122560991595,-31.57923368724221,-0.42076631275779164,69.20958774390084,1019850.6406405896,7553.495572437218,36.57923368724221,36.57923368724221,0.11924641203663033
29.902747744640514,12.863629919625605,12.871596107521952,2.058801868771525,-31.508553439605407,-0.4914465603945928,67.94119813122848,1021814.483756495,7568.0407221776095,36.50855343960541,36.50855343960541,0.1194286461356793
29.790239681170036,19.709306781115416,11.857356092843556,-4.902148310213647,-31.73088531752785,-0.26911468247215,74.90214831021365,1015662.3857798307,7522.475378610492,36.73088531752785,36.73088531752785,0.11565140307098487
29.83940288732433,20.59192237970933,11.749516353376134,-5.2707327657179235,-31.633647502087854,-0.3663524979121462,75.27073276571792,1018343.8937710674,7542.3358934075795,36.633647502087854,36.633647502087854,0.11491130819942118
29.890728980779578,11.960293158472023,12.920651755348775,2.7294195161476296,-31.53227153115853,-0.46772846884147157,67.27058048385237,1021154.6365001417,7563.153581717297,36.53227153115853,36.53227153115853,0.11932415611050518
29.75557840600184,24.758230546275442,10.931979697746181,-9.694189537034447,-31.79951924720882,-0.20048075279117938,79.69418953703445,1013778.1674708241,7508.5199678008785,36.79951924720882,36.79951924720882,0.11052524261901084
29.86474230496242,18.25296536044771,12.158182476592726,-2.982303332983406,-31.583580908134763,-0.4164190918652366,72.9823033329834,1019730.0999674321,7552.602791274259,36.58358090813476,36.58358090813476,0.11693356505929098
30.705183827062427,10.262052615654994,13.773061932877242,12.267598737580443,-29.942470252147984,-2.0575297478520156,57.73240126241956,1067354.7936906617,7905.333768578092,34.942470252147984,34.942470252147984,0.11928125005124841
29.60857245447585,14.548960762452094,12.44225660369898,-1.956474737705605,-32.091337950914465,0.09133795091446473,71.9564747377056,1005844.2658034568,7449.75774446299,37.091337950914465,37.091337950914465,0.11878174585013918
30.191878823914802,11.577448744215648,13.226889990182457,5.871228324497395,-30.940318955065095,-1.059681044934905,64.1287716755026,1037881.9642158166,7687.044071955321,35.940318955065095,35.940318955065095,0.11953856245718414
29.69966788915106,18.33387158255254,12.002600486718908,-4.454418321812398,-31.910367237526202,-0.08963276247379781,74.4544183218124,1010749.7591179957,7486.090145066981,36.9103672375262,36.9103672375262,0.11668357476170352
29.665114578647625,17.30825272612301,12.128903893350815,-3.852055847510087,-31.978957686899037,-0.021042313100963383,73.85205584751009,1008884.8875723451,7472.278025525252,36.97895768689904,36.97895768689904,0.11739277942086208
30.210773565830735,20.464778646622364,12.095271200999854,-1.913838803876729,-30.903340688962373,-1.0966593110376266,71.91383880387673,1038945.096611669,7694.918132651575,35.90334068896237,35.90334068896237,0.11543376387717619
29.56843161955823,14.136770611083303,12.451675249418201,-1.944397460557468,-32.17122603745662,0.1712260374566199,71.94439746055747,1003693.8917304084,7433.831058345338,37.17122603745662,37.17122603745662,0.1188613260568024
29.639495995726335,16.3960180973831,12.236970003459543,-3.2788648830889997,-32.0298542309402,0.029854230940202342,73.278864883089,1007505.5284651042,7462.061840434854,37.0298542309402,37.0298542309402,0.11794509047106592
30.008584832008392,13.903889372726614,12.875046377252172,2.114492437104502,-31.300028759232532,-0.6999712407674679,67.8855075628955,1027652.6437853598,7611.280893014303,36.30002875923253,36.30002875923253,0.11941414690453749
29.341108289840903,14.119829130178172,12.257206046436842,-3.8068396158145106,-32.62531561548599,0.625315615485988,73.80683961581451,991643.5785883679,7344.580747233901,37.62531561548599,37.62531561548599,0.11859542871153529
30.227761991815115,18.243077853693286,12.486956606434592,0.2635010859563067,-30.870109465317057,-1.1298905346829429,69.7364989140437,1039902.3606620538,7702.008082373716,35.87010946531706,35.87010946531706,0.11733326241477472
29.74973717199292,16.759859437105195,12.282049073105982,-2.660981942915157,-31.811092096959555,-0.18890790304044458,72.66098194291516,1013461.1447464864,7506.171947758314,36.811092096959555,36.811092096959555,0.11785014994945177
29.98862869689625,16.128782314296252,12.584793628805624,-0.020331280785626404,-31.339301000128046,-0.6606989998719541,70.02033128078563,1026548.0274736843,7603.0995828430005,36.339301000128046,36.339301000128046,0.11849086230069442
29.810711165068536,29.340204596445425,10.103500613139335,-13.448734672931721,-31.690379709072886,-0.3096202909271142,83.44873467293172,1016777.6829439972,7530.735796220459,36.690379709072886,36.690379709072886,0.10516479406857152
29.67840343664013,14.139898830737224,12.548555131650824,-1.012331742375295,-31.952570776162645,-0.04742922383735504,71.0123317423753,1009601.493102366,7477.5855445701945,36.952570776162645,36.952570776162645,0.11898770060283874
30.19322094863319,15.665552724916125,12.83867859765042,2.262105999570963,-30.937691699272932,-1.062308300727068,67.73789400042904,1037957.4265276205,7687.602981481789,35.93769169927293,35.93769169927293,0.1189540796139824
29.70762782269469,16.541583757132024,12.276048680706847,-2.8298502891780117,-31.89457550734039,-0.1054244926596084,72.82985028917801,1011180.0893837146,7489.277374281987,36.89457550734039,36.89457550734039,0.11793672256021226
29.812840601402634,17.39067015091009,12.245178973243448,-2.671034247690102,-31.686167636201674,-0.31383236379832624,72.6710342476901,1016893.8004098911,7531.595817021113,36.686167636201674,36.686167636201674,0.11750491892887781
29.362307118940315,22.800753970591316,10.980212240323022,-11.03879603181133,-32.58284930764859,0.582849307648587,81.03879603181133,992758.2413135964,7352.836465889415,37.58284930764859,37.58284930764859,0.11216451889332718
30.21543872742985,15.478497158516475,12.884715346681094,2.63748352982725,-30.894213588923208,-1.1057864110767923,67.36251647017275,1039207.8377477975,7696.86411761188,35.89421358892321,35.89421358892321,0.1190684767093854
29.64774970343497,12.020902233345367,12.694747071847097,0.5262009080499297,-32.01345264051247,0.01345264051246886,69.47379909195007,1007949.6197191781,7465.350990029639,37.01345264051247,37.01345264051247,0.11906416301698337
29.360114746010062,13.932773563778522,12.292270241787728,-3.496199704782441,-32.587239999505925,0.5872399995059254,73.49619970478244,992642.8775636319,7351.982027464952,37.587239999505925,37.587239999505925,0.11866562091012331
29.90468067579321,15.705570187698022,12.565371643116697,-0.39560784238221913,-31.504739679674344,-0.4952603203256558,70.39560784238222,1021920.6637504038,7568.827141366764,36.504739679674344,36.504739679674344,0.11862404598062906
29.781444345004754,11.575761113477565,12.83732542137861,2.07796288103998,-31.748295071040047,-0.25170492895995267,67.92203711896002,1015183.7703293434,7518.930526509516,36.74829507104005,36.74829507104005,0.11909470640036952
30.70065735461049,17.106257309330722,13.12780734280709,5.908044997605316,-29.9512089617196,-2.048791038280399,64.09195500239468,1067089.4202751182,7903.368287713077,34.9512089617196,34.9512089617196,0.11861336342084638
29.964238697134324,11.917862831502198,12.991896621517752,3.4362356852323614,-31.387327883796956,-0.6126721162030435,66.56376431476764,1025200.3915299564,7593.118354486059,36.38732788379696,36.38732788379696,0.1193947125169357
29.685080321997432,13.467369004805764,12.621016494234873,-0.3802451271490668,-31.93931651174114,-0.06068348825886005,70.38024512714907,1009961.8315363692,7480.254381218777,36.93931651174114,36.93931651174114,0.11913633504821901
29.91633760425838,22.373990558058225,11.499508493262892,-6.219197486012774,-31.481744315531046,-0.5182556844689543,76.21919748601277,1022561.3522952117,7573.572383359728,36.481744315531046,36.481744315531046,0.11325906370669371
29.842539689832314,20.12682088027418,11.831668638545416,-4.830702676452063,-31.62744780126866,-0.3725521987313414,74.83070267645206,1018515.341940364,7543.605719533169,36.62744780126866,36.62744780126866,0.115340211251662
30.093730939042793,13.845632485669263,12.961505292244972,2.949594319298285,-31.132707788544394,-0.8672922114556059,67.05040568070172,1032385.6694906069,7646.335917038566,36.132707788544394,36.132707788544394,0.11951827292562686
29.86106912695575,10.84988262489982,12.930014913289432,3.4131750215411216,-31.590836359633386,-0.40916364036661435,66.58682497845888,1019528.982704774,7551.113221828999,36.590836359633386,36.590836359633386,0.11884500564489457
29.70546387209084,12.533846104945557,12.715095545680425,0.5923582562804768,-31.898868232026416,-0.10113176797358392,69.40764174371952,1011063.0748471436,7488.410709352165,36.898868232026416,36.898868232026416,0.11919924753634106
30.14932683093491,13.419818188622543,13.056718837896197,3.844533464078779,-31.023665833236294,-0.9763341667637064,66.15546653592122,1035493.6856045077,7669.355352453802,36.023665833236294,36.023665833236294,0.11965206575412438
29.389934473663175,13.95885043441147,12.31516604376021,-3.274890112445121,-32.52754246228079,0.5275424622807918,73.27489011244512,994213.7071472779,7363.616333344949,37.52754246228079,37.52754246228079,0.11869534660844708
29.72389465886825,15.42474938092299,12.439455721680792,-1.725833653735549,-31.862314431650532,-0.1376855683494682,71.72583365373555,1012060.3551092356,7495.797038039922,36.86231443165053,36.86231443165053,0.11855812172095556
30.09687369018574,13.686348472811673,12.980625949613156,3.1189713506946646,-31.12653939907915,-0.8734606009208505,66.88102864930534,1032560.9887647347,7647.634414395056,36.12653939907915,36.12653939907915,0.11955385101380984
29.83940288732433,11.443040314155706,12.895846491215252,2.7100013799764042,-31.633647502087854,-0.3663524979121462,67.2899986200236,1018343.8937710674,7542.3358934075795,36.633647502087854,36.633647502087854,0.11911117568320602
30.12631924933558,10.377918349322599,13.183005088801458,6.29126813542149,-31.06877125335933,-0.9312287466406701,63.70873186457851,1034205.7819809743,7659.8165298748645,36.06877125335933,36.06877125335933,0.11880216718310893
30.107178145472393,19.787878770670936,12.12004467147961,-2.228558644233601,-31.10631819038076,-0.8936818096192383,72.2285586442336,1033136.1380403892,7651.894241603105,36.10631819038076,36.10631819038076,0.11593283231609401
30.07635016720277,15.595355112451813,12.737947956900872,1.2446741657369103,-31.166831208437202,-0.8331687915627981,68.75532583426309,1031416.8810576003,7639.160612295169,36.1668312084372,36.1668312084372,0.11886546638126165
30.042766424727553,28.773842937297218,10.38741646372246,-11.063868306841186,-31.232811597169984,-0.7671884028300155,81.06386830684119,1029548.7978301601,7625.324705521065,36.232811597169984,36.232811597169984,0.10612955282017161
29.92250362699354,20.922535123362856,11.762811071286844,-4.861167603007402,-31.469583706870253,-0.5304162931297469,74.8611676030074,1022900.4916511232,7576.084209622549,36.46958370687025,36.46958370687025,0.11469466027180536
29.86266324317613,11.577448744215648,12.912403427750261,2.8045590719154347,-31.58768748898956,-0.4123125110104411,67.19544092808457,1019616.2579823273,7551.759623759155,36.58768748898956,36.58768748898956,0.11918564352397003
30.17481314592529,12.16930492302776,13.17968018902628,5.18758474356008,-30.97373399806088,-1.0262660019391205,64.81241525643992,1036923.1448540877,7679.942602863234,35.97373399806088,35.97373399806088,0.11966899502951707
29.579693067915663,10.154662663183558,12.66940982093202,1.506445596917331,-32.14880464938636,0.1488046493863635,68.49355440308267,1004296.4869532028,7438.2941632025395,37.14880464938636,37.14880464938636,0.11800858107517884
29.67323144695952,20.464778646622364,11.632099163326181,-6.538950357919134,-31.96283934887265,-0.03716065112735123,76.53895035791913,1009322.5022069135,7475.519206216741,36.96283934887265,36.96283934887265,0.11483791130555232
29.767089937317877,14.768457265125665,12.557918347325947,-0.7868508055311167,-31.77671764451742,-0.22328235548258135,70.78685080553112,1014403.3675671718,7513.150495028555,36.77671764451742,36.77671764451742,0.11888480318675969
29.939792080538048,15.550644561850127,12.617654434589236,0.051757269916777204,-31.435498422814817,-0.5645015771851831,69.94824273008322,1023852.274174372,7583.133560565513,36.43549842281482,36.43549842281482,0.11873949140412915
29.74810292587199,18.485940791294382,12.02019131997386,-4.180859844769088,-31.814330252730144,-0.18566974726985563,74.18085984476909,1013372.4753027734,7505.515219975042,36.814330252730144,36.814330252730144,0.11662058360470744
29.79074197965314,15.728554613953566,12.459789961485026,-1.412701604393419,-31.729891179581898,-0.2701088204181019,71.41270160439342,1015689.72947096,7522.677898902825,36.7298911795819,36.7298911795819,0.11848523846158984
30.227761991815115,11.806439599810613,13.251731288856787,6.0155155201603066,-30.870109465317057,-1.1298905346829429,63.98448447983969,1039902.3606620538,7702.008082373193,35.87010946531706,35.87010946531706,0.1196455176920543
30.006121431030778,14.132867565494646,12.848553333947427,1.8916012175832293,-31.3048753961815,-0.695124603818499,68.10839878241677,1027516.1931180449,7610.270274919508,36.3048753961815,36.3048753961815,0.11935442181123762
29.95076427217872,16.128782314296252,12.550225662175624,-0.3582125339106028,-31.413874415053726,-0.5861255849462736,70.3582125339106,1024457.0123082842,7587.612536834156,36.413874415053726,36.413874415053726,0.11844952764595358
29.62585010321921,29.340204596445425,9.969652754786773,-14.869533555054602,-32.05697922357109,0.05697922357109064,84.8695335550546,1006771.9473168581,7456.628591942879,37.05697922357109,37.05697922357109,0.10494461783740384
29.731467255365068,14.139898830737224,12.59601780370554,-0.5547515343932901,-31.847301055145977,-0.15269894485402347,70.55475153439329,1012470.5282423515,7498.834974009622,36.84730105514598,36.84730105514598,0.11904823357094224
30.19322094863319,12.815424033501422,13.151920753009916,4.7937491094620555,-30.937691699272932,-1.062308300727068,65.20625089053794,1037957.4265276205,7687.602981481789,35.93769169927293,35.93769169927293,0.1197395889758287
26.71700377527042,16.541583757132024,10.084424850443442,-23.150105802978942,-38.082761730351876,6.082761730351876,93.15010580297894,866599.5674512599,6418.445736041808,43.082761730351876,43.082761730351876,0.1136474614097701
29.99159911634392,14.652463158740488,12.776568170138438,1.3044645145131994,-31.333454070301343,-0.6665459296986569,68.6955354854868,1026712.3344798138,7604.316518141035,36.33345407030134,36.33345407030134,0.119175727126902
29.850446615560436,22.800753970591316,11.367711697795555,-7.15513289333137,-31.611822605041937,-0.38817739495806336,77.15513289333137,1018947.7014672377,7546.807978414811,36.61182260504194,36.61182260504194,0.1127454368669355
29.76327952795411,15.478497158516475,12.4676342150749,-1.4334296016784833,-31.784264360528766,-0.21573563947123375,71.43342960167848,1014196.3578252513,7511.617283098555,36.784264360528766,36.784264360528766,0.11857745977320003
29.64774970343497,20.59192237970933,11.589477584763497,-6.858780820618733,-32.01345264051247,0.01345264051246886,76.85878082061873,1007949.6197191781,7465.350990029639,37.01345264051247,37.01345264051247,0.11469046694417563
29.75486662901974,11.130856667653894,12.826938832684998,2.2203717387646975,-31.800929344475662,-0.19907065552433778,67.7796282612353,1013739.5291335166,7508.233794023908,36.80092934447566,36.80092934447566,0.11887995759023574
29.90468067579321,17.4868590079773,12.311926110272225,-1.960194506174048,-31.504739679674344,-0.4952603203256558,71.96019450617405,1021920.6637504038,7568.827141366764,36.504739679674344,36.504739679674344,0.1175406756929371
29.64134361123058,14.292719018166384,12.499346726067145,-1.4597793431774448,-32.02618236569782,0.026182365697820842,71.45977934317744,1007604.9142889269,7462.7979387911155,37.02618236569782,37.02618236569782,0.11890154433585752
30.70065735461049,17.35204376451884,13.088923540394262,5.677934780735541,-29.9512089617196,-2.048791038280399,64.32206521926446,1067089.4202751182,7903.368287713077,34.9512089617196,34.9512089617196,0.1184475853524139
29.964238697134324,21.21556598268897,11.746983385140792,-4.767273428596923,-31.387327883796956,-0.6126721162030435,74.76727342859692,1025200.3915299564,7593.118354486059,36.38732788379696,36.38732788379696,0.11446125889953002
29.685080321997432,16.216090959287733,12.30129456657667,-2.739521342512944,-31.93931651174114,-0.06068348825886005,72.73952134251294,1009961.8315363692,7480.254381218777,36.93931651174114,36.93931651174114,0.11810195230365163
29.83107868703207,22.373990558058225,11.428804171112468,-6.932509892370206,-31.650102366360613,-0.34989763363938664,76.9325098923702,1017889.1263742448,7538.967671256706,36.65010236636061,36.65010236636061,0.11316275145129631
29.842539689832314,14.772289255550579,12.625577982019982,-0.1306564850134464,-31.62744780126866,-0.3725521987313414,70.13065648501345,1018515.341940364,7543.605719533169,36.62744780126866,36.62744780126866,0.11896804437999996
29.783766132146326,14.310037437700206,12.624826785533648,-0.24615557289740764,-31.743698847426003,-0.25630115257399666,70.24615557289741,1015310.0823171908,7519.866052755156,36.743698847426,36.743698847426,0.11905866938379421
29.86106912695575,15.58415367646684,12.541764239894642,-0.6738568918303827,-31.590836359633386,-0.40916364036661435,70.67385689183038,1019528.982704774,7551.113221828999,36.590836359633386,36.590836359633386,0.11863617503494903
29.85556536041156,13.61726775464134,12.761617214883927,0.9847928211326007,-31.60170905153541,-0.39829094846459157,69.0152071788674,1019227.7459331419,7548.882120008687,36.60170905153541,36.60170905153541,0.1193044609467107
29.678362548436514,11.904031911021377,12.728473408486531,0.8911491733794037,-31.952651950702545,-0.04734804929745451,69.1088508266206,1009599.2870345175,7477.56920538967,36.952651950702545,36.952651950702545,0.11907319942353813
29.639247499958316,13.95885043441147,12.532490381521484,-1.1928344221021234,-32.03034809412475,0.03034809412474715,71.19283442210212,1007492.1626404529,7461.962846824121,37.03034809412475,37.03034809412475,0.11898895578641416
30.01853385520895,15.42474938092299,12.7064473173159,0.869548257970564,-31.280457798872987,-0.7195422011270125,69.13045174202944,1028204.0071834979,7615.364550778173,36.28045779887299,36.28045779887299,0.11888526013554189
29.700634354727406,19.709306781115416,11.781612066641976,-5.64977300852911,-31.908449680062972,-0.09155031993702778,75.64977300852911,1010801.9937022727,7486.477019071212,36.90844968006297,36.90844968006297,0.11554844982586343
29.83940288732433,13.962076225609579,12.712378838268881,0.5433781317783541,-31.633647502087854,-0.3663524979121462,69.45662186822165,1018343.8937710674,7542.3358934075795,36.633647502087854,36.633647502087854,0.11921505088546734
29.890728980779578,17.455814958325703,12.30421567020833,-2.054495659143811,-31.53227153115853,-0.46772846884147157,72.05449565914381,1021154.6365001417,7563.153581717297,36.53227153115853,36.53227153115853,0.11754688190658434
29.472235020956937,20.690821078854263,11.430020028074178,-8.352727848655263,-32.36303593419137,0.36303593419137314,78.35272784865526,998568.229565253,7395.867983237127,37.36303593419137,37.36303593419137,0.11438911755898003
29.86474230496242,12.574105535440218,12.858109465955703,1.9667467958460634,-31.583580908134763,-0.4164190918652366,68.03325320415394,1019730.0999674321,7552.602791274259,36.58358090813476,36.58358090813476,0.11938037367957284
30.054065698580033,19.546961032753693,12.113741550843864,-2.48271138144554,-31.210605691119667,-0.7893943088803326,72.48271138144554,1030176.7511395467,7629.975624344993,36.21060569111967,36.21060569111967,0.11608540451538255
29.829711707522918,20.922535123362856,11.684191153372304,-5.646609570862381,-31.652804902321463,-0.3471950976785365,75.64660957086238,1017814.4745103079,7538.414764290478,36.65280490232146,36.65280490232146,0.11459030885253925
29.45812702445069,10.867652141774343,12.56501844452935,-0.12793192324875235,-32.39120918373328,0.39120918373328095,70.12793192324875,997819.7728147408,7390.324559008257,37.39120918373328,37.39120918373328,0.11839511327233383
29.576334181135202,18.33387158255254,11.898099267037813,-5.474421817110681,-32.15549141895099,0.15549141895098728,75.47442181711068,1004116.698226841,7436.962562971653,37.15549141895099,37.15549141895099,0.11653965434953668
30.08489592564468,14.01783060652578,12.935104664618683,2.716111718328534,-31.150051419587385,-0.8499485804126152,67.28388828167147,1031893.044009104,7642.687300030231,36.150051419587385,36.150051419587385,0.11946869772950806
29.776958538209186,20.464778646622364,11.718634383189896,-5.681518931175901,-31.757176030257654,-0.24282396974234643,75.6815189311759,1014939.7955819237,7517.123534288318,36.757176030257654,36.757176030257654,0.11495780540353125
30.042766424727553,14.136770611083303,12.882535175703714,2.2232678468916447,-31.232811597169984,-0.7671884028300155,67.77673215310836,1029548.7978301601,7625.324705521065,36.232811597169984,36.232811597169984,0.11939280840676929
29.939792080538048,14.982869807272763,12.689214660934482,0.5488817196567197,-31.435498422814817,-0.5645015771851831,69.45111828034328,1023852.274174372,7583.133560565513,36.43549842281482,36.43549842281482,0.1189931898142769
29.516744776363097,18.485940791294382,11.824669868927884,-6.090432486364989,-32.27422309355933,0.2742230935593284,76.09043248636499,1000935.0173471633,7413.397531505419,37.27422309355933,37.27422309355933,0.11635022568421194
29.79074197965314,14.703339021707784,12.586780941786575,-0.5247912439006654,-31.729891179581898,-0.2701088204181019,70.52479124390067,1015689.72947096,7522.677898902825,36.7298911795819,36.7298911795819,0.1189355379106271
30.227761991815115,13.363133987779591,13.138084171162497,4.638678367919567,-30.870109465317057,-1.1298905346829429,65.36132163208043,1039902.3606620538,7702.008082373716,35.87010946531706,35.87010946531706,0.11974100458674276
30.006121431030778,14.771314412754062,12.776055184984173,1.331819541828395,-31.3048753961815,-0.695124603818499,68.6681804581716,1027516.1931180449,7610.270274919508,36.3048753961815,36.3048753961815,0.11914802304597513
29.801843287218194,16.128782314296252,12.416180189825031,-1.6644208656838373,-31.707923216169775,-0.2920767838302254,71.66442086568384,1016294.3326447308,7527.155875592914,36.707923216169775,36.707923216169775,0.11828407141546471
30.53523226986217,16.50502277555274,13.052879258124108,4.7963095857942335,-30.271311573787102,-1.7286884262128979,65.20369041420577,1057458.8071365354,7832.039417775369,35.2713115737871,35.2713115737871,0.11883579382401226
29.7928568654767,12.85116691684885,12.771194381032588,1.0884279235307304,-31.725705595036402,-0.274294404963598,68.91157207646927,1015804.8698168017,7523.53068269083,36.7257055950364,36.7257055950364,0.11930685039812396
29.817216402598053,23.130077852981366,11.280725714044348,-7.726136713383937,-31.677512975262346,-0.32248702473765434,77.72613671338394,1017132.4733854948,7533.363541815943,36.677512975262346,36.677512975262346,0.11236306631203645
30.029343399549944,12.100921079516304,13.043536988024094,3.8784664475174395,-31.25920011904674,-0.7407998809532614,66.12153355248256,1028803.5604537704,7619.8051254976235,36.25920011904674,36.25920011904674,0.11950326147117507
29.663242959050372,14.652463158740488,12.478764020862386,-1.5807172775168965,-31.982674827360768,-0.017325172639232278,71.5807172775169,1008784.0206461179,7471.530957424982,36.98267482736077,36.98267482736077,0.11880883146966467
29.866441027518988,22.800753970591316,11.380861670808693,-7.022135169247861,-31.580225750289515,-0.4197742497104855,77.02213516924786,1019823.1299940837,7553.291815594503,36.580225750289515,36.580225750289515,0.1127635816310444
29.811836004436422,11.312763569701659,12.874569693218875,2.5737512248504117,-31.688154720901707,-0.31184527909829285,67.42624877514959,1016839.0176068279,7531.190069704895,36.68815472090171,36.68815472090171,0.11902755912072954
29.71303513481531,12.66794675375207,12.71240319401665,0.5441579437491555,-31.88384989825431,-0.11615010174568852,69.45584205625084,1011472.5750644619,7491.443661389615,36.88384989825431,36.88384989825431,0.11921462198071167
29.75486662901974,11.940605290044978,12.796171180184487,1.5313037290293892,-31.800929344475662,-0.19907065552433778,68.46869627097061,1013739.5291335166,7508.233794023908,36.80092934447566,36.80092934447566,0.11916849279319223
29.90468067579321,15.320356157674375,12.615152162014295,-0.058830835903165735,-31.504739679674344,-0.4952603203256558,70.05883083590317,1021920.6637504038,7568.827141366764,36.504739679674344,36.504739679674344,0.1188091733104332
29.781444345004754,14.849602308816138,12.561265633863849,-0.7321808676236969,-31.748295071040047,-0.25170492895995267,70.7321808676237,1015183.7703293434,7518.930526509516,36.74829507104005,36.74829507104005,0.11887009829762638
29.904218628426513,29.66997086353807,10.108332069718445,-13.020390263339493,-31.505651301509317,-0.49434869849068264,83.0203902633395,1021895.2810161498,7568.63914484731,36.50565130150932,36.50565130150932,0.10486178496895233
29.872326927996916,16.141232943063788,12.47754362184496,-1.0615325294070885,-31.568601678344066,-0.4313983216559336,71.06153252940709,1020145.5673772122,7555.679939157694,36.568601678344066,36.568601678344066,0.11835599677250286
29.685080321997432,16.09563209032911,12.31760827510447,-2.6355557137587766,-31.93931651174114,-0.06068348825886005,72.63555571375878,1009961.8315363692,7480.254381218777,36.93931651174114,36.93931651174114,0.11816960504357807
29.09716550982212,14.898252137172427,11.969575444905093,-6.384002601757629,-33.11578924963095,1.11578924963095,76.38400260175763,978948.6287930715,7250.555952572937,38.11578924963095,38.11578924963095,0.11803336859579011
29.85307334153151,14.772289255550579,12.635147966419884,-0.03786010048651178,-31.606632574743912,-0.3933674252560877,70.03786010048651,1019091.3942671774,7547.8722351646575,36.60663257474391,36.60663257474391,0.11897977478822994
29.783766132146326,10.600050966996008,12.859742325830423,2.929142497509986,-31.743698847426003,-0.25630115257399666,67.07085750249001,1015310.0823171908,7519.866052755156,36.743698847426,36.743698847426,0.11859677218821948
29.88097826214714,15.472240719208628,12.57423526023554,-0.4010494236232489,-31.55151955031164,-0.4484804496883612,70.40104942362325,1020619.7746335283,7559.192142090421,36.55151955031164,36.55151955031164,0.11871232198253406
29.372784454829105,13.61726775464134,12.333458068799793,-3.1291319734997955,-32.561869893577466,0.561869893577466,73.1291319734998,993309.8377718336,7356.921849806466,37.561869893577466,37.561869893577466,0.11874580527015438
29.908252512346763,14.127493111027999,12.758198339051866,1.0125248891843626,-31.49769281697587,-0.5023071830241292,68.98747511081564,1022116.9155631596,7570.280674991848,36.49769281697587,36.49769281697587,0.11924919076490906
29.694243693841003,13.95885043441147,12.581481345459721,-0.7212103843892805,-31.921130289759788,-0.0788697102402125,70.72121038438928,1010456.6719477287,7483.919403043855,36.92113028975979,36.92113028975979,0.11905208393143603
29.833861673136923,14.365569844981025,12.664143548504649,0.14539881493197981,-31.644600680259146,-0.3553993197408545,69.85460118506802,1018041.1327085964,7540.093501969314,36.644600680259146,36.644600680259146,0.11909784722712895
30.09687369018574,14.429142377198875,12.90114514137267,2.464419172540488,-31.12653939907915,-0.8734606009208505,67.53558082745951,1032560.9887647347,7647.634414395056,36.12653939907915,36.12653939907915,0.11936419615245415
29.877093051263227,20.59192237970933,11.781514349606962,-4.951941433633465,-31.559190429227215,-0.44080957077278526,74.95194143363346,1020406.773194745,7557.614552823268,36.559190429227215,36.559190429227215,0.1149538027610432
29.96174764026763,15.694391355873222,12.61889240159315,0.12154568112333664,-31.392234882287767,-0.6077651177122334,69.87845431887666,1025062.9001916044,7592.100028690002,36.39223488228777,36.39223488228777,0.11869236584138038
29.735796540071235,19.787878770670936,11.798150849066907,-5.426964998058395,-31.838719248415998,-0.1612807515840018,75.4269649980584,1012705.1369712511,7500.572597073608,36.838719248416,36.838719248416,0.1155201565443672
29.86474230496242,15.626679166221049,12.53954841489144,-0.678680705821364,-31.583580908134763,-0.4164190918652366,70.67868070582136,1019730.0999674321,7552.602791274259,36.58358090813476,36.58358090813476,0.11861929645773164
30.054065698580033,15.714040928150588,12.701446331462403,0.9364777261264976,-31.210605691119667,-0.7893943088803326,69.0635222738735,1030176.7511395467,7629.975624344993,36.21060569111967,36.21060569111967,0.11878239070026735
29.92250362699354,13.598865031611805,12.825200592939396,1.5997767696748042,-31.469583706870253,-0.5304162931297469,68.4002232303252,1022900.4916511232,7576.084209622549,36.46958370687025,36.46958370687025,0.11938145026648657
29.45812702445069,17.030741693607354,11.993226266072103,-5.317155588309674,-32.39120918373328,0.39120918373328095,75.31715558830967,997819.7728147408,7390.324559008257,37.39120918373328,37.39120918373328,0.11733501275530626
29.903901043331487,18.33387158255254,12.179796770400644,-2.715215570501698,-31.50627790522674,-0.49372209477326123,72.7152155705017,1021877.8349124646,7568.509930762726,36.50627790522674,36.50627790522674,0.11691489977629783
30.08489592564468,12.306415333030486,13.084018563534869,4.217317347574692,-31.150051419587385,-0.8499485804126152,65.78268265242531,1031893.044009104,7642.687300030231,36.150051419587385,36.150051419587385,0.11959434775268749
30.210773565830735,13.47914799088381,13.110544969803021,4.3737078408782395,-30.903340688962373,-1.0966593110376266,65.62629215912176,1038945.096611669,7694.918132651575,35.90334068896237,35.90334068896237,0.11970785824200794
29.600434738388866,14.136770611083303,12.479805804675015,-1.6742393538252713,-32.10752645914346,0.10752645914345749,71.67423935382527,1005407.7702846753,7446.524852471635,37.10752645914346,37.10752645914346,0.11889859535709105
29.939792080538048,11.294275050384357,12.994604817345706,3.750133278162707,-31.435498422814817,-0.5645015771851831,66.2498667218373,1023852.274174372,7583.133560565513,36.43549842281482,36.43549842281482,0.11916053886760396
29.926100640472967,18.485940791294382,12.175130807245097,-2.657091916432705,-31.46249063736127,-0.5375093626387297,72.6570919164327,1023098.4095771251,7577.550083269323,36.46249063736127,36.46249063736127,0.1168209462125447
29.654709279010753,14.119829130178172,12.529588589784987,-1.1981208811346846,-31.99962561447518,-0.0003743855248217187,71.19812088113468,1008324.3060415,7468.126093916356,36.99962561447518,36.99962561447518,0.11896590798828405
29.35807736302736,20.56037675260984,11.360822398611012,-9.133240161820254,-32.59132052965401,0.5913205296540127,79.13324016182025,992535.6872292738,7351.188125217194,37.59132052965401,37.59132052965401,0.11437114541001024
30.006121431030778,13.967859121697884,12.866082390412839,2.0360356751569384,-31.3048753961815,-0.695124603818499,67.96396432484306,1027516.1931180449,7610.270274919508,36.3048753961815,36.3048753961815,0.11939649878820341
30.13820986091526,16.128782314296252,12.72335793733841,1.3382541876412688,-31.045456661440937,-0.9545433385590627,68.66174581235873,1034871.0876856504,7664.744098181762,36.04545666144094,36.04545666144094,0.1186512068926991
29.89926185710449,17.772462814538926,12.26348191600729,-2.2593708227701086,-31.515431762539606,-0.4845682374603939,72.25937082277011,1021623.0381508117,7566.622785592324,36.515431762539606,36.515431762539606,0.11733094705354706
29.622225474135373,14.139898830737224,12.498705434422725,-1.4920861511186558,-32.06418589001214,0.06418589001214059,71.49208615111866,1006577.2263966276,7455.186396830958,37.06418589001214,37.06418589001214,0.11892300727229861
30.255410802475893,23.130077852981366,11.64886638188509,-3.9688164340010985,-30.816058241562587,-1.1839417584374132,73.9688164340011,1041463.1427238877,7713.567971561211,35.81605824156259,35.81605824156259,0.11284282037972765
30.029343399549944,14.5395869760642,12.824891363309549,1.7466421278587063,-31.25920011904674,-0.7407998809532614,68.2533578721413,1028803.5604537704,7619.8051254976235,36.25920011904674,36.25920011904674,0.11925567220179671
29.766411525817546,14.652463158740488,12.570764398387524,-0.6926671309281573,-31.778061216398896,-0.22193878360110375,70.69266713092816,1014366.5066160037,7512.877485412883,36.778061216398896,36.778061216398896,0.1189264529739557
29.78917357839915,22.800753970591316,11.317614823282064,-7.661092861434099,-31.732995369733146,-0.26700463026685384,77.6610928614341,1015604.353827454,7522.045566559718,36.732995369733146,36.732995369733146,0.11267539632555526
29.62880221592359,15.478497158516475,12.348980126147493,-2.580434187643789,-32.05111021837649,0.05111021837649332,72.58043418764379,1006930.5808940697,7457.8035071464965,37.05111021837649,37.05111021837649,0.11842333555880899
29.670497551623885,11.268537634858475,12.746532766642101,1.3603648181696713,-31.96826786969808,-0.03173213030191846,68.63963518183033,1009175.0748817204,7474.427289808352,36.96826786969808,36.96826786969808,0.11884884873736669
29.866333938667417,13.932773563778522,12.740062603488912,0.8075806130852357,-31.58043725755641,-0.4195627424435884,69.19241938691476,1019817.2649321306,7553.248376175307,36.58043725755641,36.58043725755641,0.11925190167180426
29.90468067579321,10.752799252379038,12.971731453169944,3.8936879918833256,-31.504739679674344,-0.4952603203256558,66.10631200811667,1021920.6637504038,7568.827141366764,36.504739679674344,36.504739679674344,0.11883289892024683
29.56102775863443,14.613977454660784,12.393313848586299,-2.411972087823699,-32.185970811246534,0.18597081124653414,72.4119720878237,1003298.0064952067,7430.898945297004,37.185970811246534,37.185970811246534,0.11870383670264711
30.088711316717813,29.66997086353807,10.24630987416609,-11.53407162946553,-31.14256107779039,-0.8574389222096102,81.53407162946553,1032105.7406871589,7644.262632095474,36.14256107779039,36.14256107779039,0.10506914644288005
29.964238697134324,12.05872330426282,12.984226571179166,3.3143452571074477,-31.387327883796956,-0.6126721162030435,66.68565474289255,1025200.3915299564,7593.118354486059,36.38732788379696,36.38732788379696,0.11942504833887305
29.685080321997432,14.126054444561937,12.555965101344587,-0.9431459082219931,-31.93931651174114,-0.06068348825886005,70.943145908222,1009961.8315363692,7480.254381218777,36.93931651174114,36.93931651174114,0.11899909127582664
30.1517985935838,13.438822885847888,13.057305817852523,3.851030765569874,-31.01882172809337,-0.9811782719066287,66.14896923443013,1035632.1910280574,7670.381189043837,36.01882172809337,36.01882172809337,0.11965207582268905
30.03490241223215,14.772289255550579,12.802788401046046,1.5927678716047353,-31.248270400214096,-0.7517295997859037,68.40723212839526,1029112.0953553128,7622.090280715332,36.248270400214096,36.248270400214096,0.1191786912000743
29.783766132146326,10.8255820822535,12.85859326116005,2.7374552657153686,-31.743698847426003,-0.25630115257399666,67.26254473428463,1015310.0823171908,7519.866052755156,36.743698847426,36.743698847426,0.11874439456432655
29.88097826214714,14.770798119866448,12.660749527834874,0.21013321861607892,-31.55151955031164,-0.4484804496883612,69.78986678138392,1020619.7746335283,7559.192142090421,36.55151955031164,36.55151955031164,0.11901130013099159
29.70546387209084,14.064441810131253,12.580628578903397,-0.7148682642121003,-31.898868232026416,-0.10113176797358392,70.7148682642121,1011063.0748471436,7488.410709352165,36.898868232026416,36.898868232026416,0.11903862758838976
29.83542539954902,14.127493111027999,12.691410011926463,0.36518960375656206,-31.641509533218084,-0.358490466781916,69.63481039624344,1018126.5580718896,7540.7262025606515,36.641509533218084,36.641509533218084,0.11916854830104606
29.863580560929652,13.95885043441147,12.734847460230279,0.7605231062458984,-31.58587556617357,-0.41412443382643005,69.2394768937541,1019666.4846865262,7552.131626455105,36.58587556617357,36.58587556617357,0.11924268512183156
29.88674834428604,15.42474938092299,12.585558160523467,-0.30867890024455846,-31.540128727662022,-0.45987127233797764,70.30867890024456,1020936.2338778562,7561.535988733872,36.54012872766202,36.54012872766202,0.11874113873258609
29.496476594204914,11.605683552151977,12.579522821001186,-0.4192394098449199,-32.31465183086232,0.3146518308623172,70.41923940984492,999856.235685411,7405.407564954479,37.31465183086232,37.31465183086232,0.11877762245005458
29.72406149623903,20.59192237970933,11.652676146334084,-6.2329473752189415,-31.86198362741385,-0.13801637258615074,76.23294737521894,1012069.3892695864,7495.863949298779,36.86198362741385,36.86198362741385,0.1147793486389646
29.890728980779578,16.011245331774973,12.511850826729047,-0.7861923253728378,-31.53227153115853,-0.46772846884147157,70.78619232537284,1021154.6365001417,7563.153581717297,36.53227153115853,36.53227153115853,0.1184481288631659
30.107178145472393,13.700071284292143,12.989085867445059,3.202813410469332,-31.10631819038076,-0.8936818096192383,66.79718658953067,1033136.1380403892,7651.894241603105,36.10631819038076,36.10631819038076,0.11956218293942518
29.766210429773906,15.595355112451813,12.455252188096352,-1.5092911508128282,-31.778459485370945,-0.221540514629055,71.50929115081283,1014355.5806047112,7512.796562212335,36.778459485370945,36.778459485370945,0.11852419025628184
29.791902873223925,19.546961032753693,11.88575881788962,-4.744799135776873,-31.72759361735791,-0.27240638264208883,74.74479913577687,1015752.9293847182,7523.145987316685,36.72759361735791,36.72759361735791,0.11579433735424156
29.95873899686171,14.33321083644472,12.782463580027192,1.286834813862015,-31.398161892477503,-0.6018381075224966,68.71316518613799,1024896.8778654842,7590.8703889218805,36.3981618924775,36.3981618924775,0.11924550060568037
29.857059476178847,11.577448744215648,12.907188941388778,2.7539794604424515,-31.598757263367872,-0.4012427366321276,67.24602053955755,1019309.5100197266,7549.487703455312,36.59875726336787,36.59875726336787,0.11917945032526707
29.674830687596554,18.33387158255254,11.981408133068143,-4.661613861574665,-31.959664028314535,-0.04033597168546521,74.66161386157466,1009408.7572718674,7476.158051970488,36.959664028314535,36.959664028314535,0.11665484580984896
29.746681281317922,17.30825272612301,12.199555984675001,-3.1642185093688227,-31.81714727005425,-0.18285272994575053,73.16421850936882,1013295.3503854652,7504.943996407396,36.81714727005425,36.81714727005425,0.11748654319169458
29.800733847616108,20.464778646622364,11.73865127308481,-5.4827390054608145,-31.710118343941303,-0.28988165605869654,75.48273900546081,1016233.8858824419,7526.70817831929,36.7101183439413,36.7101183439413,0.1149849600006964
29.767089937317877,16.687642816021597,12.307587375666742,-2.4498409510388797,-31.77671764451742,-0.22328235548258135,72.44984095103888,1014403.3675671718,7513.150495028555,36.77671764451742,36.77671764451742,0.11791500361375153
29.939792080538048,16.299052970311365,12.516653271214338,-0.605366166594365,-31.435498422814817,-0.5645015771851831,70.60536616659437,1023852.274174372,7583.133560565513,36.43549842281482,36.43549842281482,0.1183408277162069
27.62648905955425,19.172597276651437,10.325382499316042,-19.85060563398588,-36.14484080072191,4.144840800721909,89.85060563398588,907222.1217226158,6719.315561094861,41.14484080072191,41.14484080072191,0.11317723441018625
29.79074197965314,15.122264987379605,12.53675875091036,-0.8871471536097033,-31.729891179581898,-0.2701088204181019,70.8871471536097,1015689.72947096,7522.677898902825,36.7298911795819,36.7298911795819,0.11876952827185852
29.7801949672615,20.56037675260984,11.70500848758138,-5.739198581445407,-31.7507684678219,-0.24923153217810068,75.73919858144541,1015115.81021453,7518.427181798154,36.7507684678219,36.7507684678219,0.11487318970110545
29.609253408908707,16.759859437105195,12.160061422152015,-3.844831997410324,-32.08998348011886,0.08998348011886037,73.84483199741032,1005880.8039816314,7450.028363469411,37.08998348011886,37.08998348011886,0.11768813780429066
29.819599063981073,16.128782314296252,12.432005605890604,-1.5105433987208698,-31.67280087464775,-0.3271991253522515,71.51054339872087,1017262.4679423019,7534.326342906764,36.67280087464775,36.67280087464775,0.11830403896703655
29.89926185710449,11.637761623719982,12.944075905029344,3.084317618250111,-31.515431762539606,-0.4845682374603939,66.91568238174989,1021623.0381508117,7566.622785592324,36.515431762539606,36.515431762539606,0.11924590395406381
29.5194011447443,14.139898830737224,12.408499728066646,-2.358027525899672,-32.26892613657134,0.2689261365713378,72.35802752589967,1001076.5313937914,7414.445651379102,37.26892613657134,37.26892613657134,0.11880298780909071
30.00071523810592,23.130077852981366,11.431955308898559,-6.190040661863748,-31.31551299584936,-0.6844870041506397,76.19004066186375,1027216.8325467542,7608.0530691251515,36.31551299584936,36.31551299584936,0.11256933264638666
29.871938128978712,16.541583757132024,12.421395637237975,-1.415366800196125,-31.569369460169185,-0.43063053983081545,71.41536680019613,1020124.2637699723,7555.522154579687,36.569369460169185,36.569369460169185,0.11812238891235723
29.609232136226794,14.652463158740488,12.431148006240857,-2.039177209847651,-32.09002579273687,0.09002579273686706,72.03917720984765,1005879.6625170937,7450.019909243872,37.09002579273687,37.09002579273687,0.11874640819733986
29.576077369240153,22.800753970591316,11.146722717718449,-9.378441267067842,-32.156002697704764,0.15600269770476416,79.37844126706784,1004102.9540053495,7436.860766775184,37.156002697704764,37.156002697704764,0.1124253306292274
29.72892245792229,15.478497158516475,12.43709808288304,-1.7290947586881202,-31.852346004309823,-0.14765399569017745,71.72909475868812,1012332.66056301,7497.813860854431,36.85234600430982,36.85234600430982,0.11853843020291123
29.64774970343497,19.1001611713895,11.8368020625846,-5.553558379960862,-32.01345264051247,0.01345264051246886,75.55355837996086,1007949.6197191781,7465.350990029639,37.01345264051247,37.01345264051247,0.11600711726828783
29.75486662901974,14.469804862007198,12.581117689290583,-0.6355000155686525,-31.800929344475662,-0.19907065552433778,70.63550001556865,1013739.5291335166,7508.233794023908,36.80092934447566,36.80092934447566,0.1189758784985519
29.90468067579321,11.946808149899592,12.934403420837917,2.867517131804675,-31.504739679674344,-0.4952603203256558,67.13248286819532,1021920.6637504038,7568.827141366764,36.504739679674344,36.504739679674344,0.11933644036441107
30.05189103951528,14.613977454660784,12.837395384003417,1.8873856667755717,-31.21487890868309,-0.7851210913169098,68.11261433322443,1030055.85075012,7629.080178953433,36.21487890868309,36.21487890868309,0.11925429225750724
29.682245678889416,29.66997086353807,9.94692953509086,-14.744261003074314,-31.94494325586453,-0.055056744135470126,84.74426100307431,1009808.8280587093,7479.121165191825,36.94494325586453,36.94494325586453,0.10460115876041444
29.71662565115139,16.141232943063788,12.339114914965519,-2.406892249205896,-31.8767288528029,-0.12327114719710153,72.4068922492059,1011666.8583404782,7492.882615101765,36.8767288528029,36.8767288528029,0.11818037921612105
29.886838486849406,13.467369004805764,12.804651666482785,1.393530643397753,-31.53995078989402,-0.46004921010597855,68.60646935660225,1020941.1788924757,7561.572613847929,36.53995078989402,36.53995078989402,0.11936292357306705
29.823294330860953,22.373990558058225,11.422392151303377,-6.997089062188593,-31.665493492047347,-0.33450650795265346,76.99708906218859,1017464.1252878206,7535.8199124608,36.66549349204735,36.66549349204735,0.11315387712243441
29.85307334153151,10.517129701108416,12.9238326410124,3.624865173314504,-31.606632574743912,-0.3933674252560877,66.3751348266855,1019091.3942671774,7547.8722351646575,36.60663257474391,36.60663257474391,0.11861424410047051
29.654212019049012,14.310037437700206,12.508873609545004,-1.3648502145849193,-32.00061346430164,0.0006134643016366681,71.36485021458492,1008297.5279349347,7467.927762610458,37.00061346430164,37.00061346430164,0.11891118778283333
29.838875594027357,15.472240719208628,12.536173606838373,-0.7709416204922945,-31.634689717802246,-0.3653102821977541,70.7709416204923,1018315.0777286077,7542.122468185825,36.634689717802246,36.634689717802246,0.11866547000847825
29.806629302760122,13.61726775464134,12.716829296924947,0.5515158123599235,-31.6984544121064,-0.30154558789359953,69.44848418764008,1016555.1555005017,7529.087652862787,36.6984544121064,36.6984544121064,0.11924992536876113
29.73304575452754,14.127493111027999,12.59874659543063,-0.530421011050862,-31.844171927054674,-0.15582807294532586,70.53042101105086,1012556.0594968236,7499.468458881048,36.844171927054674,36.844171927054674,0.11905338000878689
29.670129431064442,13.95885043441147,12.559951915938766,-0.9285708835208197,-31.968998854276492,-0.03100114572350776,70.92857088352082,1009155.2261523702,7474.280280743718,36.96899885427649,36.96899885427649,0.11902447758648775
29.865649003039877,15.42474938092299,12.56642800580061,-0.49466262862586063,-31.581790063498204,-0.41820993650179616,70.49466262862586,1019779.7534400001,7552.970548345985,36.581790063498204,36.581790063498204,0.11871773205369507
29.88788469295032,19.709306781115416,11.941027630836928,-4.073589683745411,-31.537885653575813,-0.4621143464241868,74.07358968374541,1020998.573974784,7561.99770893815,36.53788565357581,36.53788565357581,0.11576163540906313
29.87001053579822,20.59192237970933,11.775487957566414,-5.0120138397695655,-31.573176100378248,-0.42682389962175193,75.01201383976957,1020018.654238217,7554.739960502699,36.57317610037825,36.57317610037825,0.11494584107493509
29.890728980779578,18.081816943156802,12.207907285203781,-2.6066064591416875,-31.53227153115853,-0.46772846884147157,72.60660645914169,1021154.6365001417,7563.153581717297,36.53227153115853,36.53227153115853,0.11709265334746308
29.718190057099825,19.787878770670936,11.78332316608802,-5.573293672447107,-31.87362639730634,-0.12637360269366127,75.57329367244711,1011751.5258875744,7493.509702948391,36.87362639730634,36.87362639730634,0.11549985341163342
29.579693067915663,15.595355112451813,12.291418604254156,-3.092407407053088,-32.14880464938636,0.1488046493863635,73.09240740705309,1004296.4869532028,7438.2941632025395,37.14880464938636,37.14880464938636,0.11830949545693899
30.054065698580033,15.010863219352615,12.791773955783201,1.5575720065340306,-31.210605691119667,-0.7893943088803326,68.44242799346597,1030176.7511395467,7629.975624344993,36.21060569111967,36.21060569111967,0.11910557716704169
29.92250362699354,16.83339508146593,12.424899128689281,-1.228226084385426,-31.469583706870253,-0.5304162931297469,71.22822608438543,1022900.4916511232,7576.084209622549,36.46958370687025,36.46958370687025,0.11799733904581328
29.433895973605864,10.001044348398501,12.536190829990682,0.38614410968864377,-32.439623475605686,0.4396234756056856,69.61385589031136,996536.2054068797,7380.817852490807,37.439623475605686,37.439623475605686,0.11769362677858297
30.17481314592529,16.395495915218476,12.720022111293606,1.438028215054203,-30.97373399806088,-1.0262660019391205,68.5619717849458,1036923.1448540877,7679.942602863234,35.97373399806088,35.97373399806088,0.11853695342967716
29.346331304566107,17.30825272612301,11.860450206911695,-6.448349410187916,-32.6148503611995,0.6148503611995011,76.44834941018792,991918.0398431742,7346.613536929148,37.6148503611995,37.6148503611995,0.11701331126552474
29.72502796181538,20.464778646622364,11.675150668700402,-6.112765816826993,-31.860067354518378,-0.13993264548162188,76.112765816827,1012121.7252570995,7496.251574343276,36.86006735451838,36.86006735451838,0.11489806973558754
29.767089937317877,13.810515883157468,12.661992623772347,0.0381985484151528,-31.77671764451742,-0.22328235548258135,69.96180145158485,1014403.3675671718,7513.150495028555,36.77671764451742,36.77671764451742,0.11916820459227155
29.90937454117484,16.299052970311365,12.48912562273743,-0.8742013168520657,-31.49547931284576,-0.5045206871542405,70.87420131685207,1022178.5761705411,7570.737362575588,36.49547931284576,36.49547931284576,0.11830732420318771
29.84965073570301,18.485940791294382,12.1080846003785,-3.317596681134148,-31.613395222196004,-0.3866047778039956,73.31759668113415,1018904.1694966181,7546.485560078017,36.613395222196004,36.613395222196004,0.11673571353053717
29.79074197965314,13.192342647894527,12.741146881413554,0.7769315612368928,-31.729891179581898,-0.2701088204181019,69.22306843876311,1015689.72947096,7522.677898902825,36.7298911795819,36.7298911795819,0.11928785205151088
30.227761991815115,11.919280120791164,13.245914399081098,5.916005252599064,-30.870109465317057,-1.1298905346829429,64.08399474740094,1039902.3606620538,7702.008082373716,35.87010946531706,35.87010946531706,0.11967400821337248
30.006121431030778,13.561411942073654,12.906935802304544,2.3913835279925024,-31.3048753961815,-0.695124603818499,67.6086164720075,1027516.1931180449,7610.270274919508,36.3048753961815,36.3048753961815,0.1194786290897451
30.30188938274013,16.128782314296252,12.878812475906217,2.8703472165464063,-30.725287993058714,-1.2747120069412858,67.1296527834536,1044094.7897616685,7733.059192585116,35.725287993058714,35.725287993058714,0.1188212042206742
29.89926185710449,11.936773299620064,12.92986508746181,2.8269903494058326,-31.515431762539606,-0.4845682374603939,67.17300965059417,1021623.0381508117,7566.622785592324,36.515431762539606,36.515431762539606,0.11932819820333328
30.064742253384587,14.139898830737224,12.902922398494912,2.4225816657385053,-31.18962988200491,-0.8103701179950917,67.5774183342615,1030770.6229070261,7634.374119171091,36.18962988200491,36.18962988200491,0.11941548206070282
29.61338519117717,23.130077852981366,11.117327134260446,-9.374046374063482,-32.081765591279975,0.08176559127997507,79.37404637406348,1006102.5465181614,7451.670693435343,37.081765591279975,37.081765591279975,0.11212509501895658
30.029343399549944,11.45623912472265,13.07425701309665,4.438503943033368,-31.25920011904674,-0.7407998809532614,65.56149605696663,1028803.5604537704,7619.8051254976235,36.25920011904674,36.25920011904674,0.11932332661656853
29.812840601402634,10.95118636238099,12.883830999822525,2.8912134036509656,-31.686167636201674,-0.31383236379832624,67.10878659634903,1016893.8004098911,7531.595817020601,36.686167636201674,36.686167636201674,0.11885026028823673
30.529028350244648,17.666333004080208,12.867251403433336,3.6629969014420567,-30.283344307853838,-1.716655692146162,66.33700309855794,1057100.1790260228,7829.383248590432,35.28334430785384,35.28334430785384,0.11806380469200393
29.811836004436422,15.465987046219887,12.512654894340152,-1.0015725420578292,-31.688154720901707,-0.31184527909829285,71.00157254205783,1016839.0176068279,7531.190069704895,36.68815472090171,36.68815472090171,0.11863816041799821
29.76426755670823,12.66794675375207,12.758956701892522,0.9931609503493064,-31.782307441857654,-0.21769255814234612,69.0068390496507,1014250.0288514583,7512.014796070228,36.782307441857654,36.782307441857654,0.11927255401889716
29.731251173406047,13.932773563778522,12.61733310666167,-0.37886935497340346,-31.847729414441915,-0.15227058555808526,70.3788693549734,1012458.8206393506,7498.748261971695,36.847729414441915,36.847729414441915,0.1191003993329635
29.5636823698617,13.021692186020879,12.551543080145137,-1.0402512699742488,-32.18068381270234,0.18068381270234113,71.04025126997425,1003439.9222054018,7431.950040080789,37.18068381270234,37.18068381270234,0.11903979862075387
29.781444345004754,10.609304966599716,12.857600230204902,2.9004826706747053,-31.748295071040047,-0.25170492895995267,67.0995173293253,1015183.7703293434,7518.930526509516,36.74829507104005,36.74829507104005,0.11860064412863694
29.86217501273836,29.66997086353807,10.077385220720746,-13.352161391764753,-31.58865187990301,-0.4113481200969886,83.35216139176475,1019589.5269754193,7551.561641295566,36.58865187990301,36.58865187990301,0.10481334611702302
29.692869864350264,13.77631903889657,12.598561117621944,-0.5769296959455801,-31.92385658902907,-0.07614341097092847,70.57692969594558,1010382.4594519509,7483.369750245241,36.92385658902907,36.92385658902907,0.11909109494913707
29.685080321997432,18.97285103233125,11.888788283345608,-5.133760442273001,-31.93931651174114,-0.06068348825886005,75.133760442273,1009961.8315363692,7480.254381218777,36.93931651174114,36.93931651174114,0.11615598170309936
30.1517985935838,14.208789218514088,12.978176740683905,3.170424623236215,-31.01882172809337,-0.9811782719066287,66.82957537676378,1035632.1910280574,7670.381189043837,36.01882172809337,36.01882172809337,0.11948861548821149
29.549909451609462,14.772289255550579,12.365578132818301,-2.6395734963793416,-32.20811854559042,0.2081185455904233,72.63957349637934,1002703.9442743934,7426.4990398835525,37.20811854559042,37.20811854559042,0.11863325552481045
29.783766132146326,14.787564184240836,12.570666467691304,-0.6583660812451626,-31.743698847426003,-0.25630115257399666,70.65836608124516,1015310.0823171908,7519.866052755156,36.743698847426,36.743698847426,0.11889643179169053
29.88097826214714,12.803645967139573,12.856074003770006,1.9146494455631,-31.55151955031164,-0.4484804496883612,68.0853505544369,1020619.7746335283,7559.192142090421,36.55151955031164,36.55151955031164,0.11940501249811063
29.70546387209084,14.465910199379245,12.537325983356224,-1.0591104820647956,-31.898868232026416,-0.10113176797358392,71.0591104820648,1011063.0748471436,7488.410709352165,36.898868232026416,36.898868232026416,0.1189210032129495
30.013052339748054,14.127493111027999,12.85562470983359,1.9595105709846052,-31.291239959947973,-0.7087600400520273,68.0404894290154,1027900.1732983458,7613.114213508383,36.29123995994797,36.29123995994797,0.11936334917810927
29.77131970896499,13.120520109471109,12.729591027967052,0.667614314607988,-31.768341283723203,-0.23165871627679735,69.33238568539201,1014633.2338063128,7514.852992973268,36.7683412837232,36.7683412837232,0.1192716956591141
29.902747744640514,13.082611149520442,12.853656787542693,1.8693966857100577,-31.508553439605407,-0.4914465603945928,68.13060331428994,1021814.483756495,7568.0407221776095,36.50855343960541,36.50855343960541,0.11942039775313143
29.938890802164345,19.709306781115416,11.985217132024445,-3.6348731204909086,-31.437274951871757,-0.5627250481282431,73.63487312049091,1023802.6234055209,7582.765823518794,36.43727495187176,36.43727495187176,0.11581839796342053
29.877093051263227,15.217833505437035,12.602928703179138,-0.21348428903053218,-31.559190429227215,-0.44080957077278526,70.21348428903053,1020406.773194745,7557.614552823268,36.559190429227215,36.559190429227215,0.11882455323327605
29.890728980779578,15.665552724916125,12.557977463444134,-0.48385172814334965,-31.53227153115853,-0.46772846884147157,70.48385172814335,1021154.6365001417,7563.153581717297,36.53227153115853,36.53227153115853,0.11862876178594238
30.107178145472393,15.208382981221732,12.81693443456049,1.8704514313920981,-31.10631819038076,-0.8936818096192383,68.1295485686079,1033136.1380403892,7651.894241603105,36.10631819038076,36.10631819038076,0.11907833910439619
29.86474230496242,16.79863664939939,12.37820300837906,-1.703401525368463,-31.583580908134763,-0.4164190918652366,71.70340152536846,1019730.0999674321,7552.602791274259,36.58358090813476,36.58358090813476,0.11795531386382788
30.054065698580033,12.908951816701247,13.010367004070199,3.4032173078888945,-31.210605691119667,-0.7893943088803326,66.5967826921111,1030176.7511395467,7629.975624344993,36.21060569111967,36.21060569111967,0.11959180368959224
29.92250362699354,11.572164466950856,12.968579498927847,3.3525020898168805,-31.469583706870253,-0.5304162931297469,66.64749791018312,1022900.4916511232,7576.084209622549,36.46958370687025,36.46958370687025,0.11924958892826087
29.88307923889257,11.577448744215648,12.931438957217544,2.989275680121807,-31.547371765992807,-0.452628234007193,67.0107243198782,1020734.98544723,7560.045447796682,36.54737176599281,36.54737176599281,0.11920815488940945
29.74862388675988,18.33387158255254,12.044594680509382,-4.043331522526898,-31.813297985763427,-0.18670201423657318,74.0433315225269,1013400.7398733168,7505.724560735294,36.81329798576343,36.81329798576343,0.116739824510867
29.608401068804984,17.30825272612301,12.080264972268399,-4.324492003764703,-32.09167885420709,0.09167885420708899,74.3244920037647,1005835.0700208944,7449.689636153693,37.09167885420709,37.09167885420709,0.11732677923009371
30.210773565830735,13.298783788204105,13.127485797538622,4.533555709942334,-30.903340688962373,-1.0966593110376266,65.46644429005767,1038945.096611669,7694.918132651575,35.90334068896237,35.90334068896237,0.11973085352513417
29.767089937317877,15.222373764306315,12.503231419680096,-1.1789511036250815,-31.77671764451742,-0.22328235548258135,71.17895110362508,1014403.3675671718,7513.150495028555,36.77671764451742,36.77671764451742,0.11869935887698826
29.880849604578877,16.299052970311365,12.463425777399426,-1.124942382518725,-31.55177355604667,-0.448226443953331,71.12494238251873,1020612.7200955392,7559.139892849853,36.55177355604667,36.55177355604667,0.11827573053382254
29.669627132581336,18.485940791294382,11.95315015636139,-4.837307410071276,-31.969996290655843,-0.030003709344157414,74.83730741007128,1009128.1436056029,7474.079694609882,36.96999629065584,36.96999629065584,0.11653012687373748
29.91135452824184,14.119829130178172,12.761878744941466,1.0469553038815889,-31.491573420849647,-0.5084265791503526,68.95304469611841,1022287.3990277791,7571.543356058919,36.49157342084965,36.49157342084965,0.11925465752305761
29.488850147440765,20.56037675260984,11.465324365305182,-8.108057485938275,-32.32987007780673,0.3298700778067314,78.10805748593828,999450.7612115494,7402.4044294746345,37.32987007780673,37.32987007780673,0.11453070780914514
29.99970032983016,16.759859437105195,12.505448343286865,-0.47885693853783096,-31.317510174984534,-0.6824898250154661,70.47885693853783,1027160.6478976066,7607.636939074669,36.317510174984534,36.317510174984534,0.11812834325912532
29.635706559171705,16.128782314296252,12.27008692077865,-3.0806872026136602,-32.03738576501604,0.037385765016040295,73.08068720261366,1007301.7349046387,7460.552449063878,37.03738576501604,37.03738576501604,0.11809412026108773
29.89926185710449,14.277582034746764,12.733665406561117,0.8016959408756748,-31.515431762539606,-0.4845682374603939,69.19830405912433,1021623.0381508117,7566.622785592324,36.515431762539606,36.515431762539606,0.11919697151835967
30.1957061665686,14.139898830737224,13.027949860949494,3.644516470596159,-30.932827052585935,-1.0671729474140648,66.35548352940384,1038097.1820890032,7688.638077183121,35.932827052585935,35.932827052585935,0.11955357584568815
30.255410802475893,17.68210581762996,12.602189602141006,1.0281265781043203,-30.816058241562587,-1.1839417584374132,68.97187342189568,1041463.1427238877,7713.567971561211,35.81605824156259,35.81605824156259,0.11777804923880913
30.029343399549944,14.53323525572954,12.825623622626143,1.752222671213417,-31.25920011904674,-0.7407998809532614,68.24777732878658,1028803.5604537704,7619.8051254976235,36.25920011904674,36.25920011904674,0.11925781617996302
29.84632465745455,14.652463158740488,12.642997753722636,0.006635490391261101,-31.6199677508871,-0.3800322491129009,69.99336450960874,1018722.2740965419,7545.138356826511,36.6199677508871,36.6199677508871,0.11901609218421709
29.688415912253163,22.800753970591316,11.236178803689853,-8.481135203709925,-31.932695952881375,-0.06730404711862548,78.48113520370993,1010141.9183935517,7481.588189547346,36.932695952881375,36.932695952881375,0.11255840583390236
29.811836004436422,13.235181879387447,12.756694688772912,0.9263822440337321,-31.688154720901707,-0.31184527909829285,69.07361775596627,1016839.0176068279,7531.190069704895,36.68815472090171,36.68815472090171,0.11930755879940978
29.64774970343497,10.333382606380034,12.733802399528965,1.9495261959182244,-32.01345264051247,0.01345264051246886,68.05047380408178,1007949.6197191781,7465.350990029133,37.01345264051247,37.01345264051247,0.11824050251682368
29.75486662901974,13.447455326087855,12.685747270064937,0.24305838633523535,-31.800929344475662,-0.19907065552433778,69.75694161366476,1013739.5291335166,7508.233794023908,36.80092934447566,36.80092934447566,0.1192184588507334
29.90468067579321,14.11826502035121,12.755891121695198,0.988594033860636,-31.504739679674344,-0.4952603203256558,69.01140596613936,1021920.6637504038,7568.827141366764,36.504739679674344,36.504739679674344,0.11924773465387817
29.549909451609462,14.613977454660784,12.383621278701476,-2.505045622816681,-32.20811854559042,0.2081185455904233,72.50504562281668,1002703.9442743934,7426.4990398835525,37.20811854559042,37.20811854559042,0.11869081026795633
29.85867315553306,29.66997086353807,10.07481571370598,-13.37968186344915,-31.595569400092643,-0.4044305999073572,83.37968186344915,1019397.82808679,7550.141828777145,36.59556940009264,36.59556940009264,0.10480929194495572
29.692869864350264,12.574105535440218,12.700898052229661,0.4484125662804672,-31.92385658902907,-0.07614341097092847,69.55158743371953,1010382.4594519509,7483.369750245241,36.92385658902907,36.92385658902907,0.11918741505934001
29.685080321997432,16.63984376302786,12.24258344152138,-3.105681043708728,-31.93931651174114,-0.06068348825886005,73.10568104370873,1009961.8315363692,7480.254381218777,36.93931651174114,36.93931651174114,0.11785079714611653
29.401665115844665,22.373990558058225,11.085330673602597,-10.365805602602052,-32.504071806367165,0.5040718063671648,80.36580560260205,994832.6561880856,7368.200562302601,37.504071806367165,37.504071806367165,0.11265336153499719
29.85307334153151,18.2469098441182,12.14891647089675,-3.0774206594816746,-31.606632574743912,-0.3933674252560877,73.07742065948167,1019091.3942671774,7547.8722351646575,36.60663257474391,36.60663257474391,0.11692513565122294
29.758615754722847,14.310037437700206,12.6021433656131,-0.46536605549641763,-31.793502282836187,-0.20649771716381338,70.46536605549642,1013943.0725340813,7509.741332592495,36.79350228283619,36.79350228283619,0.11903030067327257
29.88097826214714,16.602339950257186,12.420863806344151,-1.3895795521879677,-31.55151955031164,-0.4484804496883612,71.38957955218797,1020619.7746335283,7559.192142090421,36.55151955031164,36.55151955031164,0.1180954907159524
29.70546387209084,10.68032199067736,12.787814365554269,2.1646541797848613,-31.898868232026416,-0.10113176797358392,67.83534582021514,1011063.0748471436,7488.410709352165,36.898868232026416,36.898868232026416,0.11856350305613104
29.698109425308772,13.095686645040779,12.665386079990757,0.04961532269265945,-31.91345948179537,-0.08654051820462882,69.95038467730734,1010665.5372411698,7485.4663580648885,36.91345948179537,36.91345948179537,0.11919048556190265
29.54587556768921,13.95885043441147,12.450199646395989,-1.9831566714653945,-32.21615574372328,0.21615574372327728,71.9831566714654,1002488.5387847967,7424.90364508052,37.21615574372328,37.21615574372328,0.11888041441309238
29.790239681170036,15.42474938092299,12.498549746979073,-1.1535421232117642,-31.73088531752785,-0.26911468247215,71.15354212321176,1015662.3857798307,7522.475378610492,36.73088531752785,36.73088531752785,0.1186333324391321
29.747801503525274,19.709306781115416,11.821360952352169,-5.257724537640286,-31.814927517997887,-0.1850724820021128,75.25772453764029,1013356.1222627417,7505.394101636186,36.81492751799789,36.81492751799789,0.11560285653176677
29.877093051263227,12.540586450239097,12.871941394741274,2.1065851015176236,-31.559190429227215,-0.44080957077278526,67.89341489848238,1020406.773194745,7557.614552823268,36.559190429227215,36.559190429227215,0.11939194899276874
29.854720017703954,15.665552724916125,12.525426054010145,-0.8005139321956563,-31.603379171515996,-0.3966208284840036,70.80051393219566,1019181.4896721727,7548.539524290741,36.603379171515996,36.603379171515996,0.11858876852161959
29.957049457254367,19.787878770670936,11.987762339812017,-3.5479422546474666,-31.401490489710966,-0.5985095102890341,73.54794225464747,1024803.663634466,7590.18000029709,36.401490489710966,36.401490489710966,0.11576962502172201
29.86474230496242,15.404679680363934,12.568166459642407,-0.48515027989026294,-31.583580908134763,-0.4164190918652366,70.48515027989026,1019730.0999674321,7552.602791274259,36.58358090813476,36.58358090813476,0.11872611020744674
30.054065698580033,13.47601977122989,12.960369569705847,2.9068713286947627,-31.210605691119667,-0.7893943088803326,67.09312867130524,1030176.7511395467,7629.975624344993,36.21060569111967,36.21060569111967,0.11954329590632515
29.92250362699354,13.6178604786137,12.823364515582545,1.583280594908672,-31.469583706870253,-0.5304162931297469,68.41671940509133,1022900.4916511232,7576.084209622549,36.46958370687025,36.46958370687025,0.11937817805296799
29.71662565115139,11.577448744215648,12.777941133755396,1.5031496804861604,-31.8767288528029,-0.12327114719710153,68.49685031951384,1011666.8583404782,7492.882615101765,36.8767288528029,36.8767288528029,0.11902224508586333
29.675925098331504,18.33387158255254,11.982340352879568,-4.652503305928349,-31.957491136899307,-0.042508863100692906,74.65250330592835,1009467.790640587,7476.595280983717,36.95749113689931,36.95749113689931,0.11665611441089044
30.08489592564468,16.586320919224626,12.608765553591205,0.44280970593962365,-31.150051419587385,-0.8499485804126152,69.55719029406038,1031893.044009104,7642.687300030231,36.150051419587385,36.150051419587385,0.11832751858932136
30.210773565830735,15.850246910450263,12.830352707464396,2.2610324752862425,-30.903340688962373,-1.0966593110376266,67.73896752471376,1038945.096611669,7694.918132651575,35.90334068896237,35.90334068896237,0.11887782911373274
29.443274098391022,14.136770611083303,12.342879501409609,-2.9866299978706934,-32.42088188913499,0.42088188913498925,72.9866299978707,997032.6933867309,7384.495076986365,37.42088188913499,37.42088188913499,0.11871364923100629
30.141459398349184,12.337567937898896,13.136543103091068,4.722734715580373,-31.039086426391577,-0.9609135736084227,65.27726528441963,1035053.0177714181,7666.091558331883,36.03908642639158,36.03908642639158,0.11965788218413831
30.008584832008392,15.611599329282484,12.672891222180427,0.6149871459013525,-31.300028759232532,-0.6999712407674679,69.38501285409865,1027652.6437853598,7611.280893014303,36.30002875923253,36.30002875923253,0.11878459931231984
29.725701208430415,14.119829130178172,12.592961223414637,-0.5874600902770908,-31.85873249560393,-0.14126750439606894,70.58746009027709,1012158.1852462252,7496.521614244667,36.85873249560393,36.85873249560393,0.11904709640014054
30.227761991815115,16.47813104413377,12.758096184277152,1.8565655000545576,-30.870109465317057,-1.1298905346829429,68.14343449994544,1039902.3606620538,7702.008082373716,35.87010946531706,35.87010946531706,0.11854321875334636
30.006121431030778,11.919280120791164,13.031498322015878,3.8210495027302045,-31.3048753961815,-0.695124603818499,66.1789504972698,1027516.1931180449,7610.270274919508,36.3048753961815,36.3048753961815,0.11944031598360118
29.98862869689625,14.573727164046588,12.782959838570662,1.3465685339030529,-31.339301000128046,-0.6606989998719541,68.65343146609695,1026548.0274736843,7603.0995828430005,36.339301000128046,36.339301000128046,0.11920005478178371
29.89926185710449,11.27358443464228,12.957111715231564,3.3973121032601057,-31.515431762539606,-0.4845682374603939,66.6026878967399,1021623.0381508117,7566.622785592324,36.515431762539606,36.515431762539606,0.11910715164227476
29.7928568654767,14.938081469198345,12.560990628578184,-0.7093357457711704,-31.725705595036402,-0.274294404963598,70.70933574577117,1015804.8698168017,7523.53068269083,36.7257055950364,36.7257055950364,0.11884812054643795
29.926769641774165,23.130077852981366,11.370525036315708,-6.815265274141723,-31.46117148866307,-0.5388285113369307,76.81526527414172,1023135.2262314477,7577.822764801635,36.46117148866307,36.46117148866307,0.1124871304145066
30.029343399549944,15.665552724916125,12.684962889122495,0.7550119427680784,-31.25920011904674,-0.7407998809532614,69.24498805723192,1028803.5604537704,7619.8051254976235,36.25920011904674,36.25920011904674,0.11878021241668991
29.812840601402634,14.390671872817457,12.642265747144588,-0.06118765853187824,-31.686167636201674,-0.31383236379832624,70.06118765853188,1016893.8004098911,7531.595817021113,36.686167636201674,36.686167636201674,0.11906652111596264
29.801121263423916,22.800753970591316,11.3273487478729,-7.562872712913077,-31.7093517987243,-0.290648201275701,77.56287271291308,1016254.9932564762,7526.864509501485,36.7093517987243,36.7093517987243,0.11268911938120517
29.811836004436422,17.767819282918097,12.187210714815278,-3.0101392656062558,-31.688154720901707,-0.31184527909829285,73.01013926560626,1016839.0176068279,7531.190069704895,36.68815472090171,36.68815472090171,0.11723642549184055
29.64774970343497,13.468860140489895,12.58749923795962,-0.7027160520365783,-32.01345264051247,0.01345264051246886,70.70271605203658,1007949.6197191781,7465.350990029639,37.01345264051247,37.01345264051247,0.11909331170221858
29.761893867090343,13.932773563778522,12.644957141254089,-0.11226963798196721,-31.787008930402635,-0.2129910695973649,70.11226963798197,1014121.0940149366,7511.059843768401,36.787008930402635,36.787008930402635,0.11913508623761636
29.90468067579321,13.54185432591833,12.814137416446037,1.4889812472231938,-31.504739679674344,-0.4952603203256558,68.5110187527768,1021920.6637504038,7568.827141366764,36.504739679674344,36.504739679674344,0.11937127758090604
25.076356886602234,14.298876156419613,9.335684273612488,-29.95964340509056,-41.71329019128797,9.713290191287967,99.95964340509056,799530.5310294711,5921.700772150427,46.71329019128797,46.71329019128797,0.111706773264987
30.70065735461049,13.897057005234942,13.563497604660473,8.889867229314007,-29.9512089617196,-2.048791038280399,61.11013277068599,1067089.4202751182,7903.368287713077,34.9512089617196,34.9512089617196,0.12011223676527202
29.73878990154555,13.77631903889657,12.639822219135876,-0.17917727314693366,-31.83278619740645,-0.167213802593551,70.17917727314693,1012867.3978122955,7501.774377506515,36.83278619740645,36.83278619740645,0.11914333855103784
29.685080321997432,13.383853091685594,12.628622371817906,-0.3089825338834089,-31.93931651174114,-0.06068348825886005,70.30898253388341,1009961.8315363692,7480.254381218777,36.93931651174114,36.93931651174114,0.11914769461210707
30.1517985935838,19.55421823475097,12.199850360774873,-1.6172541859386342,-31.01882172809337,-0.9811782719066287,71.61725418593863,1035632.1910280574,7670.381189043837,36.01882172809337,36.01882172809337,0.11618380890810848
29.777914632964496,14.772289255550579,12.567194504077529,-0.696092933377713,-31.755283070945325,-0.24471692905467535,70.69609293337771,1014991.7884939768,7517.508618353908,36.755283070945325,36.755283070945325,0.11889558558772396
29.773482203582105,14.310037437700206,12.615541352760557,-0.3359105199446617,-31.764059197638062,-0.23594080236193804,70.33591051994466,1014750.7841555073,7515.723626384472,36.76405919763806,36.76405919763806,0.11904708479546458
30.243142140551846,11.673304837248889,13.273215890488927,6.281851842803292,-30.84003747395616,-1.1599625260438415,63.71814815719671,1040770.1410649199,7708.435273934086,35.84003747395616,35.84003747395616,0.11962277358362847
29.594728949005933,14.03035742508144,12.485819687047762,-1.632039524772381,-32.11887925347378,0.11887925347377859,71.63203952477238,1005101.8874752399,7444.259339900791,37.11887925347378,37.11887925347378,0.1189198320817743
29.73304575452754,12.414702224776146,12.748189404484856,0.93507847251675,-31.844171927054674,-0.15582807294532586,69.06492152748325,1012556.0594968236,7499.468458881048,36.844171927054674,36.844171927054674,0.11922070243841643
29.78086403847663,13.95885043441147,12.659449068022445,0.03106611050856145,-31.749443895029458,-0.25055610497054204,69.96893388949144,1015152.2036151392,7518.69672851354,36.74944389502946,36.74944389502946,0.11915029665902838
29.488850147440765,15.42474938092299,12.234607542795041,-3.7000281610834236,-32.32987007780673,0.3298700778067314,73.70002816108342,999450.7612115494,7402.4044294746345,37.32987007780673,37.32987007780673,0.11828455178701523
29.52549114343036,19.709306781115416,11.636313341890025,-7.077391863956393,-32.25678377961577,0.25678377961577326,77.0773918639564,1001401.0788975301,7416.84940349225,37.25678377961577,37.25678377961577,0.11534230869146991
30.26158387877515,15.217833505437035,12.96294099269477,3.306805271136227,-30.80399592741901,-1.1960040725809904,66.69319472886377,1041812.0935309328,7716.152466065581,35.80399592741901,35.80399592741901,0.11923550213092712
29.890728980779578,13.223685217467914,12.83034008433597,1.6392897165313798,-31.53227153115853,-0.46772846884147157,68.36071028346862,1021154.6365001417,7563.153581717297,36.53227153115853,36.53227153115853,0.11939618608638877
30.107178145472393,14.115997139753258,12.945742797730958,2.836247927392776,-31.10631819038076,-0.8936818096192383,67.16375207260722,1033136.1380403892,7651.894241603105,36.10631819038076,36.10631819038076,0.11946703850705628
29.84965073570301,15.699071810117246,12.516465827897337,-0.8741353608856457,-31.613395222196004,-0.3866047778039956,70.87413536088565,1018904.1694966181,7546.485560078017,36.613395222196004,36.613395222196004,0.11856625736849902
30.44887676098978,18.238439103665634,12.696487425236288,2.3536673575987948,-30.43898366979073,-1.56101633020927,67.6463326424012,1052483.2715287919,7795.1882508633325,35.43898366979073,35.43898366979073,0.11756146120555624
29.92250362699354,13.585157611216474,12.826520762256449,1.6116798725960848,-31.469583706870253,-0.5304162931297469,68.38832012740392,1022900.4916511232,7576.084209622034,36.46958370687025,36.46958370687025,0.11938376733786425
29.45812702445069,13.482388704128837,12.419455646959277,-2.313526002866638,-32.39120918373328,0.39120918373328095,72.31352600286664,997819.7728147408,7390.324559008257,37.39120918373328,37.39120918373328,0.1188696818339882
29.73304575452754,18.33387158255254,12.031199604700321,-4.174531750707331,-31.844171927054674,-0.15582807294532586,74.17453175070733,1012556.0594968236,7499.468458881048,36.844171927054674,36.844171927054674,0.11672197984621228
29.39210009064054,17.30825272612301,11.898271576307627,-6.084239240627483,-32.52320892575568,0.5232089257556822,76.08423924062748,994327.9296659966,7364.462319271744,37.52320892575568,37.52320892575568,0.11706905413727553
30.210773565830735,14.763638489126453,12.970581607294053,3.2318436103833506,-30.903340688962373,-1.0966593110376266,66.76815638961665,1038945.096611669,7694.918132651575,35.90334068896237,35.90334068896237,0.11936781405809577
29.646607010234543,14.979595226925895,12.42588254723454,-2.0023872532586893,-32.01572315382077,0.015723153820772495,72.00238725325869,1007888.1197073766,7464.895491892623,37.01572315382077,37.01572315382077,0.11866465753580803
29.939792080538048,16.091428985045713,12.545375282410308,-0.4228549025677353,-31.435498422814817,-0.5645015771851831,70.42285490256774,1023852.274174372,7583.133560565513,36.43549842281482,36.43549842281482,0.11845824594955259
30.008584832008392,18.71848127477959,12.210702015427067,-2.1415511406562473,-31.300028759232532,-0.6999712407674679,72.14155114065625,1027652.6437853598,7611.280893014303,36.30002875923253,36.30002875923253,0.11672673096608155
29.79074197965314,11.904031911021377,12.830952285521752,1.8804804936112305,-31.729891179581898,-0.2701088204181019,68.11951950638877,1015689.72947096,7522.677898902825,36.7298911795819,36.7298911795819,0.11920020233123266
30.227761991815115,15.533343892830437,12.889250006829917,2.7042948613482736,-30.870109465317057,-1.1298905346829429,67.29570513865173,1039902.3606620538,7702.008082373716,35.87010946531706,35.87010946531706,0.11905497771160164
30.006121431030778,12.956517631156458,12.96100840070886,2.919127795991585,-31.3048753961815,-0.695124603818499,67.08087220400841,1027516.1931180449,7610.270274919508,36.3048753961815,36.3048753961815,0.11953900262105539
29.600434738388866,16.128782314296252,12.239519603840789,-3.3760346127920684,-32.10752645914346,0.10752645914345749,73.37603461279207,1005407.7702846753,7446.524852471635,37.10752645914346,37.10752645914346,0.11805307216286463
29.782403882238917,17.772462814538926,12.160807282164074,-3.2656447479724875,-31.746395529931988,-0.25360447006801223,73.26564474797249,1015235.9691166811,7519.317135384708,36.74639552993199,36.74639552993199,0.11719973631893886
29.7928568654767,16.966073825714062,12.2902387274348,-2.4715090467288405,-31.725705595036402,-0.274294404963598,72.47150904672884,1015804.8698168017,7523.53068269083,36.7257055950364,36.7257055950364,0.11776723246549353
30.208699504477178,23.130077852981366,11.608445269819267,-4.3843260028747295,-30.90739883437982,-1.0926011656201808,74.38432600287473,1038828.3177513262,7694.053213251222,35.90739883437982,35.90739883437982,0.11279379495574572
30.029343399549944,14.594489630622807,12.818533035221526,1.69839912479938,-31.25920011904674,-0.7407998809532614,68.30160087520062,1028803.5604537704,7619.8051254976235,36.25920011904674,36.25920011904674,0.11923687004270318
29.812840601402634,13.955167188983147,12.688864801674912,0.31493606296885446,-31.686167636201674,-0.31383236379832624,69.68506393703115,1016893.8004098911,7531.595817021113,36.686167636201674,36.686167636201674,0.1191870534799317
30.487792628000943,13.277291372352881,13.405558590355996,7.267641017515757,-30.36337404523016,-1.6366259547698405,62.73235898248424,1054721.1180529308,7811.762799270989,35.36337404523016,35.36337404523016,0.1200122438995403
29.734830074494887,15.465987046219887,12.44392836047107,-1.6675819443445334,-31.840634954679217,-0.15936504532078288,71.66758194434453,1012652.7561243916,7500.184639779603,36.84063495467922,36.84063495467922,0.11855110987856692
29.750977607255244,12.66794675375207,12.746846461553803,0.876289352685717,-31.80863434959167,-0.1913656504083292,69.12371064731428,1013528.454861034,7506.6704782606785,36.80863434959167,36.80863434959167,0.11925757558202016
29.761893867090343,14.55784464628612,12.577514153056725,-0.650329380306232,-31.787008930402635,-0.2129910695973649,70.65032938030623,1014121.0940149366,7511.059843768401,36.787008930402635,36.787008930402635,0.11895438037875405
29.90468067579321,12.76304615453429,12.881230097412535,2.1631904803263637,-31.504739679674344,-0.4952603203256558,67.83680951967364,1021920.6637504038,7568.827141366764,36.504739679674344,36.504739679674344,0.1194308381073947
29.62585010321921,14.613977454660784,12.450130870155654,-1.8657162028604262,-32.05697922357109,0.05697922357109064,71.86571620286043,1006771.9473168581,7456.628591942879,37.05697922357109,37.05697922357109,0.11877929792834059
29.810465817446307,17.282269038120738,12.259258093002646,-2.596556081719825,-31.69086502798143,-0.309134972018569,72.59655608171983,1016764.3054865929,7530.636716452062,36.69086502798143,36.69086502798143,0.11757663737546102
29.73878990154555,15.013535093039469,12.503490365276171,-1.243102273749514,-31.83278619740645,-0.167213802593551,71.24310227374951,1012867.3978122955,7501.774377506515,36.83278619740645,36.83278619740645,0.11875636054337098
29.685080321997432,14.730002456277386,12.489203106126418,-1.4606178330553234,-31.93931651174114,-0.06068348825886005,71.46061783305532,1009961.8315363692,7480.254381218777,36.93931651174114,36.93931651174114,0.11880576659703336
29.614410450735452,19.55421823475097,11.735112421771646,-6.2228097283816055,-32.07972655080971,0.0797265508097098,76.2228097283816,1006157.5808982577,7452.078304049902,37.07972655080971,37.07972655080971,0.11558263859880911
29.85307334153151,13.122690137531244,12.804291486630177,1.3895867132998774,-31.606632574743912,-0.3933674252560877,68.61041328670012,1019091.3942671774,7547.8722351646575,36.60663257474391,36.60663257474391,0.11936287426758806
29.783766132146326,14.796034924693402,12.569671507853492,-0.6656856217357472,-31.743698847426003,-0.25630115257399666,70.66568562173575,1015310.0823171908,7519.866052755156,36.743698847426,36.743698847426,0.11889322807278643
29.88097826214714,15.466966765909284,12.57491258694074,-0.39644733595508796,-31.55151955031164,-0.4484804496883612,70.39644733595509,1020619.7746335283,7559.192142090421,36.55151955031164,36.55151955031164,0.11871482721071039
29.788799374211187,13.61726775464134,12.700592407169736,0.3946076991924201,-31.7337360168774,-0.2662639831225988,69.60539230080758,1015583.9856669414,7521.894710342032,36.7337360168774,36.7337360168774,0.11922993646356402
29.73304575452754,11.862839009763139,12.780187329825765,1.4051034510909517,-31.844171927054674,-0.15582807294532586,68.59489654890905,1012556.0594968236,7499.468458881048,36.844171927054674,36.844171927054674,0.11912518280154873
29.77131970896499,16.272142680553912,12.36946488502411,-2.0523049870569707,-31.768341283723203,-0.23165871627679735,72.05230498705697,1014633.2338063128,7514.852992973268,36.7683412837232,36.7683412837232,0.11816836735199006
29.902747744640514,12.62805893107386,12.889527773512784,2.2623678177271245,-31.508553439605407,-0.4914465603945928,67.73763218227288,1021814.483756495,7568.0407221776095,36.50855343960541,36.50855343960541,0.11942499359815008
29.89340379870141,19.709306781115416,11.945792970671835,-4.026316475762428,-31.52699231149404,-0.47300768850595887,74.02631647576243,1021301.4328618728,7564.240824911742,36.52699231149404,36.52699231149404,0.11576780459595257
30.18969678463813,15.217833505437035,12.893950085936524,2.628796084399312,-30.94459057801845,-1.055409421981551,67.37120391560069,1037759.2943897856,7686.135521280997,35.94459057801845,35.94459057801845,0.11916102614304179
29.890728980779578,12.21957047242585,12.90579490446184,2.5061533093996786,-31.53227153115853,-0.46772846884147157,67.49384669060032,1021154.6365001417,7563.153581717297,36.53227153115853,36.53227153115853,0.11937247322615395
30.107178145472393,14.106790694861697,12.946739128040715,2.8443686683361875,-31.10631819038076,-0.8936818096192383,67.15563133166381,1033136.1380403892,7651.894241603105,36.10631819038076,36.10631819038076,0.11946948475567364
29.86474230496242,10.866865024072727,12.933242547992808,3.4319855356162066,-31.583580908134763,-0.4164190918652366,66.5680144643838,1019730.0999674321,7552.602791274259,36.58358090813476,36.58358090813476,0.11885918414901057
29.899663405830765,19.546961032753693,11.978390893027342,-3.8281673996564223,-31.514639396625057,-0.4853606033749429,73.82816739965642,1021645.0885584202,7566.786101326613,36.51463939662506,36.51463939662506,0.11591578009834369
29.92250362699354,16.091428985045713,12.529678434447282,-0.5760671030247408,-31.469583706870253,-0.5304162931297469,70.57606710302474,1022900.4916511232,7576.084209622549,36.46958370687025,36.46958370687025,0.11843923567223763
29.45812702445069,11.710099499786104,12.541455804587137,-0.8296367400821509,-32.39120918373328,0.39120918373328095,70.82963674008215,997819.7728147408,7390.324559008257,37.39120918373328,37.39120918373328,0.11876523035385321
29.859425974660216,18.33387158255254,12.140754025303535,-3.0994577969009924,-31.594082235605867,-0.4059177643941325,73.09945779690099,1019439.0344283448,7550.447022406572,36.59408223560587,36.59408223560587,0.11686527523365046
29.76675926338809,17.30825272612301,12.217076009778802,-2.993362404594734,-31.777372530340585,-0.2226274696594146,72.99336240459473,1014385.4004123622,7513.0174217932245,36.777372530340585,36.777372530340585,0.11750941272912996
29.958106900166147,20.464778646622364,11.872918033911489,-4.145120614884547,-31.399407181351137,-0.6005928186488632,74.14512061488455,1024862.0027380128,7590.612087254513,36.39940718135114,36.39940718135114,0.11516160220293549
29.767089937317877,10.026440872212902,12.83614082386321,3.2661505951247705,-31.77671764451742,-0.22328235548258135,66.73384940487523,1014403.3675671718,7513.150495028555,36.77671764451742,36.77671764451742,0.11810245678043056
29.64357320761826,16.091428985045713,12.281949492072306,-2.9824266192938467,-32.021751617829125,0.021751617829124825,72.98242661929385,1007724.8667832989,7463.68636362416,37.021751617829125,37.021751617829125,0.11812402284055336
30.082297955757006,18.485940791294382,12.314550080628482,-1.2781354282982988,-31.155152177587922,-0.8448478224120777,71.2781354282983,1031748.2524189976,7641.614905121396,36.15515217758792,36.15515217758792,0.11699119004323555
29.966076449929083,14.119829130178172,12.812581266099242,1.539430166299951,-31.383708008101962,-0.6162919918980378,68.46056983370005,1025301.8420541664,7593.869744988652,36.38370800810196,36.38370800810196,0.1193145099336364
30.227761991815115,14.236659398138155,13.048246515770062,3.8621993008032405,-30.870109465317057,-1.1298905346829429,66.13780069919676,1039902.3606620538,7702.008082373716,35.87010946531706,35.87010946531706,0.11955983834649027
29.639181499694367,16.759859437105195,12.185842983771462,-3.5950894022424222,-32.030479264332314,0.03047926433231396,73.59508940224242,1007488.6127330776,7461.936554533296,37.030479264332314,37.030479264332314,0.11772298981719596
29.730728186151158,16.128782314296252,12.353210989911183,-2.275806762027912,-31.848766191073764,-0.15123380892623572,72.27580676202791,1012430.4853393895,7498.538397355966,36.848766191073764,36.848766191073764,0.1182034504915173
30.21401307567559,12.858150308295308,13.168774592783462,4.954552998603788,-30.897002665239654,-1.102997334760346,65.04544700139621,1039127.534720725,7696.2693554621355,35.897002665239654,35.897002665239654,0.11976091441487
29.7928568654767,13.681813614070222,12.698048553852637,0.3747243549199766,-31.725705595036402,-0.274294404963598,69.62527564508002,1015804.8698168017,7523.53068269083,36.7257055950364,36.7257055950364,0.11922283442057408
29.823460480495033,15.828918489406892,12.475806238889367,-1.2158595753366512,-31.665164948884808,-0.3348350511151921,71.21585957533665,1017473.1937696701,7535.887077920887,36.66516494888481,36.66516494888481,0.11847030318069146
30.029343399549944,14.111358389725606,12.872650755288833,2.122546232375555,-31.25920011904674,-0.7407998809532614,67.87745376762444,1028803.5604537704,7619.8051254976235,36.25920011904674,36.25920011904674,0.11938520566035889
29.812840601402634,18.992941510826057,11.994629273205886,-4.078935009981251,-31.686167636201674,-0.31383236379832624,74.07893500998125,1016893.8004098911,7531.595817021113,36.686167636201674,36.686167636201674,0.11628581995716618
29.735408168374583,22.800753970591316,11.274015603217428,-8.100502842066646,-31.839489063921633,-0.1605109360783672,78.10050284206665,1012684.0873789983,7500.4166938505805,36.83948906392163,36.83948906392163,0.11261324877279556
29.66498590281838,15.465987046219887,12.382261691860808,-2.263750578074564,-31.979213238118916,-0.02078676188108375,72.26375057807456,1008877.9523847987,7472.226660250438,36.979213238118916,36.979213238118916,0.11847111777308812
29.64774970343497,15.29606076787801,12.388400024397871,-2.2639419339714095,-32.01345264051247,0.01345264051246886,72.26394193397141,1007949.6197191781,7465.350990029639,37.01345264051247,37.01345264051247,0.11853001185106515
29.761893867090343,15.442843123716713,12.470935876395416,-1.4145417888510678,-31.787008930402635,-0.2129910695973649,71.41454178885107,1014121.0940149366,7511.059843768401,36.787008930402635,36.787008930402635,0.11859279461858618
29.90468067579321,13.47583974525833,12.820368581086143,1.5462131295170138,-31.504739679674344,-0.4952603203256558,68.45378687048299,1021920.6637504038,7568.827141366764,36.504739679674344,36.504739679674344,0.119381343094566
29.948379878170382,14.613977454660784,12.740993608536028,0.948327856378512,-31.418573029296965,-0.5814269707030348,69.05167214362149,1024325.5498751766,7586.638863958101,36.418573029296965,36.418573029296965,0.11914227775998971
29.785589752009813,17.282269038120738,12.237412637903203,-2.809863340781078,-31.740089004019637,-0.2599109959803627,72.80986334078108,1015409.3089509798,7520.600972074834,36.74008900401964,36.74008900401964,0.11754851785401843
29.821907660592323,13.77631903889657,12.715224608636236,0.5491916339889258,-31.668235542836044,-0.3317644571639562,69.45080836601107,1017388.445226732,7535.259390180796,36.668235542836044,36.668235542836044,0.11923683699384476
29.685080321997432,15.027970126128597,12.45404120313076,-1.71640163281387,-31.93931651174114,-0.06068348825886005,71.71640163281387,1009961.8315363692,7480.254381218777,36.93931651174114,36.93931651174114,0.11868908624586634
28.51730731007512,20.685061290253792,10.708963954176829,-15.333778170698622,-34.29511558576894,2.29511558576894,85.33377817069862,949714.7310005475,7034.0358968496685,39.29511558576894,39.29511558576894,0.11314488715429476
29.85307334153151,11.416298029169937,12.909476206357228,2.8561005129225236,-31.606632574743912,-0.3933674252560877,67.14389948707748,1019091.3942671774,7547.8722351646575,36.60663257474391,36.60663257474391,0.11911591170217273
29.990649781476765,14.310037437700206,12.814716110555242,1.5958010051995757,-31.335322675409202,-0.664677324590798,68.40419899480042,1026659.818312308,7603.927558598404,36.3353226754092,36.3353226754092,0.11928718494563005
29.88097826214714,15.526440694479078,12.567252132295192,-0.44835067103196025,-31.55151955031164,-0.4484804496883612,70.44835067103196,1020619.7746335283,7559.192142090421,36.55151955031164,36.55151955031164,0.11868636106137297
29.56617998627776,13.61726775464134,12.501413309668651,-1.522887067573322,-32.175709842364995,0.17570984236499498,71.52288706757332,1003573.4721461753,7432.939174024656,37.175709842364995,37.175709842364995,0.11897506846834847
29.73304575452754,17.125608996065353,12.214573365573473,-3.1210062927143554,-31.844171927054674,-0.15582807294532586,73.12100629271436,1012556.0594968236,7499.468458881048,36.844171927054674,36.844171927054674,0.11759425041336752
29.77131970896499,12.259882066232294,12.793021388476427,1.404234366159642,-31.768341283723203,-0.23165871627679735,68.59576563384036,1014633.2338063128,7514.852992973268,36.7683412837232,36.7683412837232,0.11924553834904855
29.902747744640514,15.665552724916125,12.568881667070583,-0.37769173279019697,-31.508553439605407,-0.4914465603945928,70.3776917327902,1021814.483756495,7568.0407221776095,36.50855343960541,36.50855343960541,0.11864205101588313
30.09687369018574,13.65435865632902,12.983801463791512,3.147115432337557,-31.12653939907915,-0.8734606009208505,66.85288456766244,1032560.9887647347,7647.634414395056,36.12653939907915,36.12653939907915,0.11955974003978995
29.8103150338938,15.217833505437035,12.542554151810174,-0.7994851695419243,-31.691163292566387,-0.30883670743361336,70.79948516954192,1016756.084218161,7530.575825854728,36.69116329256639,36.69116329256639,0.11875006243859373
29.890728980779578,13.446260312312617,12.810214142135319,1.4466573703687686,-31.53227153115853,-0.46772846884147157,68.55334262963123,1021154.6365001417,7563.153581717297,36.53227153115853,36.53227153115853,0.11937020994189285
30.107178145472393,13.319546254780324,13.025557117261108,3.5376255657740217,-31.10631819038076,-0.8936818096192383,66.46237443422598,1033136.1380403892,7651.894241603105,36.10631819038076,36.10631819038076,0.11962004878468838
29.76632367147404,15.404679680363934,12.479722326637473,-1.3432632170953411,-31.778235210894763,-0.22176478910523656,71.34326321709534,1014361.7332656089,7512.8421317251605,36.77823521089476,36.77823521089476,0.1186157143820406
30.04339682652309,19.546961032753693,12.104286624883825,-2.5769319257656207,-31.231572519002214,-0.7684274809977865,72.57693192576562,1029583.8171350368,7625.584075034399,36.23157251900221,36.23157251900221,0.11607385136472737
29.92250362699354,15.660459685643396,12.587518235500935,-0.19821749516057707,-31.469583706870253,-0.5304162931297469,70.19821749516058,1022900.4916511232,7576.084209622549,36.46958370687025,36.46958370687025,0.11866637868550343
29.736099661765728,11.577448744215648,12.795702114133295,1.6747098662070812,-31.838118417904866,-0.16188158209513404,68.32529013379292,1012721.5664991854,7500.694281918,36.838118417904866,36.838118417904866,0.11904427356601283
29.65551100399285,18.33387158255254,11.964975572954854,-4.822153320369296,-31.998032947056288,-0.001967052943712133,74.8221533203693,1008367.4822163034,7468.445877061275,36.99803294705629,36.99803294705629,0.11663241011117981
29.679921699260973,17.30825272612301,12.141667921441908,-3.727929533966403,-31.94955666406969,-0.050443335930310695,73.7279295339664,1009683.4139836218,7478.1922893122155,36.94955666406969,36.94955666406969,0.1174099025482038
30.210773565830735,13.84536889413171,13.073944060211439,4.048776134878722,-30.903340688962373,-1.0966593110376266,65.95122386512128,1038945.096611669,7694.918132651575,35.90334068896237,35.90334068896237,0.11964116015981532
29.767089937317877,13.776454477837284,12.66537721220215,0.06747448908708975,-31.77671764451742,-0.22328235548258135,69.93252551091291,1014403.3675671718,7513.150495028555,36.77671764451742,36.77671764451742,0.11917529969505541
29.939792080538048,11.30910679469195,12.994157449795644,3.7373566668298395,-31.435498422814817,-0.5645015771851831,66.26264333317016,1023852.274174372,7583.133560565513,36.43549842281482,36.43549842281482,0.11916695862045262
29.698885116929148,18.485940791294382,11.978056616641204,-4.5936348441132395,-31.911920367638004,-0.08807963236199612,74.59363484411324,1010707.4555523619,7485.776824877748,36.911920367638004,36.911920367638004,0.11656400228576919
29.79074197965314,13.917744575936219,12.672613702694209,0.1530124831072044,-31.729891179581898,-0.2701088204181019,69.8469875168928,1015689.72947096,7522.677898902825,36.7298911795819,36.7298911795819,0.11917106965912651
29.83542539954902,20.56037675260984,11.75157452284972,-5.276183119455311,-31.641509533218084,-0.358490466781916,75.27618311945531,1018126.5580718896,7540.7262025606515,36.641509533218084,36.641509533218084,0.11493606052742864
30.006121431030778,15.851041818597533,12.638735974665503,0.3816870967843897,-31.3048753961815,-0.695124603818499,69.61831290321561,1027516.1931180449,7610.270274919508,36.3048753961815,36.3048753961815,0.11866009585286037
29.98862869689625,15.320671593375572,12.692127130541875,0.6911292454921067,-31.339301000128046,-0.6606989998719541,69.3088707545079,1026548.0274736843,7603.0995828430005,36.339301000128046,36.339301000128046,0.1189009213477093
29.89926185710449,15.255803728493287,12.618349673827499,-0.05049889337908553,-31.515431762539606,-0.4845682374603939,70.05049889337909,1021623.0381508117,7566.622785592324,36.515431762539606,36.515431762539606,0.11883225633339176
29.7928568654767,13.526588315277596,12.712894630904648,0.5082805500796894,-31.725705595036402,-0.274294404963598,69.49171944992031,1015804.8698168017,7523.53068269083,36.7257055950364,36.7257055950364,0.11924948068192309
29.863476852840815,15.828918489406892,12.5117606940525,-0.8662421455935032,-31.586080412266256,-0.41391958773374427,70.8662421455935,1019660.806081712,7552.089568025554,36.586080412266256,36.586080412266256,0.11851500395999455
29.829686169341613,16.541583757132024,12.383681698843091,-1.7831266353034607,-31.652855392596337,-0.3471446074036635,71.78312663530346,1017813.0799270011,7538.404435347776,36.65285539259634,36.65285539259634,0.11807517710526254
29.812840601402634,17.331632200941442,12.253998570720134,-2.6193482786187587,-31.686167636201674,-0.31383236379832624,72.61934827861876,1016893.8004098911,7531.595817021113,36.686167636201674,36.686167636201674,0.11754557587404221
29.577238262810937,22.800753970591316,11.147640097094635,-9.369258006017446,-32.15369153984204,0.1536915398420433,79.36925800601745,1004165.0856626296,7437.320943176974,37.15369153984204,37.15369153984204,0.11242671994021489
29.804694439960954,15.465987046219887,12.50624812922458,-1.063729145854154,-31.702282255996295,-0.2977177440037053,71.06372914585415,1016449.6995422548,7528.306596223743,36.702282255996295,36.702282255996295,0.11863013800907417
29.64774970343497,12.802527832455628,12.643576161878524,-0.1362911142110761,-32.01345264051247,0.01345264051246886,70.13629111421108,1007949.6197191781,7465.350990029639,37.01345264051247,37.01345264051247,0.1191424070494303
29.795804297673023,13.932773563778522,12.675673788826101,0.18448270948709933,-31.719872717499527,-0.28012728250047303,69.8155172905129,1015965.3687365798,7524.719413502592,36.71987271749953,36.71987271749953,0.11917325409483376
29.90468067579321,12.26736952541959,12.915846806641522,2.591183168149996,-31.504739679674344,-0.4952603203256558,67.40881683185,1021920.6637504038,7568.827141366764,36.504739679674344,36.504739679674344,0.11939466947152938
29.781444345004754,13.00047497686283,12.74881570532912,0.8596496990247147,-31.748295071040047,-0.25170492895995267,69.14035030097529,1015183.7703293434,7518.930526509516,36.74829507104005,36.74829507104005,0.11929000051456579
29.751590849625398,17.282269038120738,12.207684592652482,-3.0998542179837045,-31.807419327319337,-0.1925806726806627,73.0998542179837,1013561.7338736376,7506.916958347409,36.80741932731934,36.80741932731934,0.1175098781846613
29.725701208430415,13.77631903889657,12.62803304627611,-0.2928829637540389,-31.85873249560393,-0.14126750439606894,70.29288296375404,1012158.1852462252,7496.521614244667,36.85873249560393,36.85873249560393,0.11912848999036675
29.685080321997432,14.61683290208682,12.502186987051148,-1.3635533957048551,-31.93931651174114,-0.06068348825886005,71.36355339570486,1009961.8315363692,7480.254381218777,36.93931651174114,36.93931651174114,0.11884651883944941
30.1517985935838,16.1508601497413,12.733021804888049,1.4438961285263758,-31.01882172809337,-0.9811782719066287,68.55610387147362,1035632.1910280574,7670.381189043837,36.01882172809337,36.01882172809337,0.11865320534480057
30.11526754016399,14.772289255550579,12.878405295222281,2.3314058722465347,-31.090447746997256,-0.9095522530027438,67.66859412775347,1033587.9880237496,7655.240856011833,36.090447746997256,36.090447746997256,0.11926443638691007
29.783766132146326,13.19869629022661,12.73423450885889,0.7100243002332718,-31.743698847426003,-0.25630115257399666,69.28997569976673,1015310.0823171908,7519.866052755156,36.743698847426,36.743698847426,0.11927946834900427
29.851033902824504,15.466966765909284,12.547816109804584,-0.6598252612398028,-31.610662177986853,-0.3893378220131467,70.6598252612398,1018979.8258957996,7547.045907106759,36.61066217798685,36.61066217798685,0.11868154268718166
29.70546387209084,16.586320919224626,12.267882667014144,-2.8869363303860496,-31.898868232026416,-0.10113176797358392,72.88693633038605,1011063.0748471436,7488.410709352165,36.898868232026416,36.898868232026416,0.11790704878077701
29.690240890156893,14.127493111027999,12.560418390339931,-0.9000097356097285,-31.929073950196653,-0.07092604980334727,70.90000973560973,1010240.4682366636,7482.318096235586,36.92907395019665,36.92907395019665,0.11900460835753107
29.77131970896499,14.038146247932787,12.642607480372728,-0.12063313962698885,-31.768341283723203,-0.23165871627679735,70.12063313962699,1014633.2338063128,7514.852992973268,36.7683412837232,36.7683412837232,0.11912002632200447
29.902747744640514,12.75146266687224,12.880315890219496,2.155754195430063,-31.508553439605407,-0.4914465603945928,67.84424580456994,1021814.483756495,7568.0407221776095,36.50855343960541,36.50855343960541,0.11942856875692712
29.478656513999983,19.709306781115416,11.598054442072659,-7.451857921237149,-32.350216034385085,0.35021603438508464,77.45185792123715,998909.1776857582,7398.393206064902,37.350216034385085,37.350216034385085,0.1152860950650852
29.812429919717356,15.217833505437035,12.54445699054244,-0.7810354537660373,-31.686979954648507,-0.3130200453514931,70.78103545376604,1016871.4045357261,7531.429942598325,36.68697995464851,36.68697995464851,0.11875243551438351
29.908985246689763,15.665552724916125,12.574548571730567,-0.32250402263485967,-31.49624729338609,-0.5037527066139091,70.32250402263486,1022157.182032857,7570.578907486349,36.49624729338609,36.49624729338609,0.11864893612868155
29.73379781723851,19.787878770670936,11.796465696321844,-5.443599618453163,-31.842681127879814,-0.15731887212018592,75.44359961845316,1012596.8139256428,7499.770305431294,36.842681127879814,36.842681127879814,0.11551785501559454
29.86474230496242,14.03865625599731,12.727602109752395,0.7017169138039776,-31.583580908134763,-0.4164190918652366,69.29828308619602,1019730.0999674321,7552.602791274259,36.58358090813476,36.58358090813476,0.1192243382993643
29.792684585095095,19.546961032753693,11.886425529882453,-4.738213987880158,-31.72604654719521,-0.2739534528047898,74.73821398788016,1015795.4896604994,7523.461208822525,36.72604654719521,36.72604654719521,0.11579522728904758
29.87863602739995,15.660459685643396,12.547693328816028,-0.5859832319296743,-31.556143911750382,-0.44385608824961764,70.58598323192967,1020491.3568472624,7558.241019307016,36.55614391175038,36.55614391175038,0.11861790921378573
29.45812702445069,11.402634577891774,12.553127271323717,-0.5732692443720566,-32.39120918373328,0.39120918373328095,70.57326924437206,997819.7728147408,7390.324559008257,37.39120918373328,37.39120918373328,0.11865852395083301
29.73591046685769,18.33387158255254,12.03366060028154,-4.150432327272881,-31.83849342865966,-0.16150657134033963,74.15043232727288,1012711.3118814058,7500.618331374941,36.83849342865966,36.83849342865966,0.11672526517247858
30.08489592564468,13.35322238895749,13.00116920188921,3.300342899309328,-31.150051419587385,-0.8499485804126152,66.69965710069067,1031893.044009104,7642.687300030231,36.150051419587385,36.150051419587385,0.11959248996476346
29.74738261014987,20.464778646622364,11.693829466906212,-5.927616349734933,-31.81575755910319,-0.18424244089680997,75.92761634973493,1013333.3967290268,7505.225785599056,36.81575755910319,36.81575755910319,0.11492385542967214
29.883834204167663,14.136770611083303,12.734731389409966,0.7864606437497628,-31.545881358903955,-0.45411864109604494,69.21353935625024,1020776.3900502084,7560.352109843861,36.545881358903955,36.545881358903955,0.11921976859754121
29.936519967705074,16.091428985045713,12.542401232871306,-0.4518903901580984,-31.44194836358986,-0.5580516364101413,70.4518903901581,1023672.0330078733,7581.798609349262,36.44194836358986,36.44194836358986,0.11845465272141786
30.082297955757006,13.425611048245678,12.991959201683677,3.212643048480743,-31.155152177587922,-0.8448478224120777,66.78735695151926,1031748.2524189976,7641.614905121396,36.15515217758792,36.15515217758792,0.11958047681877389
29.79074197965314,13.396886782040148,12.722975499701326,0.6011908239585182,-31.729891179581898,-0.2701088204181019,69.39880917604148,1015689.72947096,7522.677898902825,36.7298911795819,36.7298911795819,0.11926567354933135
29.84834157173958,20.56037675260984,11.762518562401613,-5.167233914519613,-31.6159821366424,-0.3840178633575988,75.16723391451961,1018832.5686248951,7545.955250201267,36.6159821366424,36.6159821366424,0.1149506679238818
29.833390005199426,16.759859437105195,12.355883383427324,-1.9417856282903472,-31.64553309120879,-0.3544669087912098,71.94178562829035,1018015.3678891963,7539.9026755467885,36.64553309120879,36.64553309120879,0.11794469722840444
29.98862869689625,14.80754672945961,12.755477309731678,1.141615382527732,-31.339301000128046,-0.6606989998719541,68.85838461747227,1026548.0274736843,7603.0995828430005,36.339301000128046,36.339301000128046,0.1191154041805269
29.80829768202556,14.508556252286454,12.624949968817393,-0.20293973645760843,-31.695153930125457,-0.304846069874543,70.20293973645761,1016646.1003646838,7529.761233484851,36.69515393012546,36.69515393012546,0.11902325445745651
29.869748470028128,14.139898830737224,12.721470898960229,0.6584409560479685,-31.57369364735547,-0.42630635264453076,69.34155904395203,1020004.2973609987,7554.633626688529,36.57369364735547,36.57369364735547,0.11920333762037134
29.78224776666095,15.828918489406892,12.439000455779789,-1.573280013505439,-31.746704579626623,-0.2532954203733766,71.57328001350544,1015227.476163432,7519.254232561288,36.74670457962662,36.74670457962662,0.11842392305997403
30.029343399549944,13.477403855085292,12.936840765233653,2.677809656847387,-31.25920011904674,-0.7407998809532614,67.32219034315261,1028803.5604537704,7619.8051254976235,36.25920011904674,36.25920011904674,0.1195166003922056
30.146009481946415,16.576784825788554,12.666933255026983,1.0100463174198921,-31.03016761298818,-0.9698323870118202,68.98995368258011,1035307.841224329,7667.9789011903495,36.03016761298818,36.03016761298818,0.11839821601565474
30.487792628000943,16.770595141757603,12.966127402542924,4.083117914778882,-30.36337404523016,-1.6366259547698405,65.91688208522112,1054721.1180529308,7811.762799270989,35.36337404523016,35.36337404523016,0.1186264229867623
29.811836004436422,13.679267094433857,12.715583255190257,0.5440061895951658,-31.688154720901707,-0.31184527909829285,69.45599381040483,1016839.0176068279,7531.190069704895,36.68815472090171,36.68815472090171,0.11924457196648192
29.95873899686171,12.66794675375207,12.938972203054513,2.736161074789436,-31.398161892477503,-0.6018381075224966,67.26383892521056,1024896.8778654842,7590.8703889218805,36.3981618924775,36.3981618924775,0.11948774098967944
29.620760685079453,13.932773563778522,12.51875177321198,-1.3281424135748807,-32.067098459818226,0.06709845981822582,71.32814241357488,1006498.5514273158,7454.6036928460035,37.067098459818226,37.067098459818226,0.11897378148833936
29.688080160604873,15.313974740829153,12.42167431172638,-1.9366449316131025,-31.933362333266416,-0.06663766673358396,71.9366449316131,1010123.7891696891,7481.453915952055,36.933362333266416,36.933362333266416,0.11856832482393896
29.854720017703954,14.613977454660784,12.655080032814064,0.11409537280508175,-31.603379171515996,-0.3966208284840036,69.88590462719492,1019181.4896721727,7548.539524290741,36.603379171515996,36.603379171515996,0.11903903382399673
29.76933798385029,17.282269038120738,12.223183903215409,-2.9487027232361243,-31.772265640369483,-0.22773435963051725,72.94870272323612,1014525.5276365776,7514.055270205051,36.77226564036948,36.77226564036948,0.11753007766538989
29.73878990154555,13.35079932323411,12.679979400769115,0.18548574081222569,-31.83278619740645,-0.167213802593551,69.81451425918777,1012867.3978122955,7501.774377506515,36.83278619740645,36.83278619740645,0.11921288664882448
29.685080321997432,17.47449162295098,12.121457906811731,-3.828854604525702,-31.93931651174114,-0.06068348825886005,73.8288546045257,1009961.8315363692,7480.254381218777,36.93931651174114,36.93931651174114,0.11730083875073512
29.724960943859895,19.55421823475097,11.827746478840426,-5.311682236612796,-31.860200233648584,-0.1397997663514161,75.3116822366128,1012118.0959748577,7496.224694164696,36.860200233648584,36.860200233648584,0.11571137543435174
29.805279214281295,14.772289255550579,12.5918474216791,-0.4574764728098444,-31.701125343859644,-0.2988746561403559,70.45747647280984,1016481.5698196056,7528.542642551773,36.701125343859644,36.701125343859644,0.11892637026996329
29.68222210220179,14.310037437700206,12.533756961044897,-1.125172332671923,-31.944990057240943,-0.055009942759056685,71.12517233267192,1009807.5556213422,7479.111740919646,36.94499005724094,36.94499005724094,0.11894335690501207
30.110115312520666,15.466966765909284,12.786425391083826,1.6682126467038643,-31.100555407983506,-0.8994445920164935,68.33178735329614,1033300.1654686263,7653.10910621521,36.10055540798351,36.10055540798351,0.11896338878421785
29.70546387209084,14.844831304408064,12.49391008949601,-1.3845472278349575,-31.898868232026416,-0.10113176797358392,71.38454722783496,1011063.0748471436,7488.410709352165,36.898868232026416,36.898868232026416,0.1187857162567919
29.792894265101417,14.127493111027999,12.652743502802096,-0.008886832538792078,-31.725631579376568,-0.27436842062343203,70.00888683253879,1015806.9061325799,7523.54576460734,36.72563157937657,36.72563157937657,0.11912095915840339
29.835700589793447,13.95885043441147,12.70932927723226,0.5134264152201808,-31.64096555566465,-0.35903444433535014,69.48657358477982,1018141.5926416304,7540.837555685752,36.64096555566465,36.64096555566465,0.11921169847380542
29.902747744640514,14.657976576724085,12.693882796936647,0.501759968570866,-31.508553439605407,-0.4914465603945928,69.49824003142913,1021814.483756495,7568.0407221776095,36.50855343960541,36.50855343960541,0.11907663717863821
29.826051973335197,19.709306781115416,11.887904406065621,-4.599968733658045,-31.66004074220524,-0.3399592577947601,74.59996873365805,1017614.6535699479,7536.934796020477,36.66004074220524,36.66004074220524,0.11569207005615395
29.754904021702764,15.217833505437035,12.492911316943571,-1.2803683692347363,-31.80085526536169,-0.19914473463830973,71.28036836923474,1013741.5589157845,7508.248827550154,36.80085526536169,36.80085526536169,0.1186875635069428
29.76107233130343,16.715724998791046,12.298297445735567,-2.5257714424528785,-31.78863619052936,-0.21136380947064026,72.52577144245288,1014076.4752491359,7510.729376113145,36.78863619052936,36.78863619052936,0.11789068842861625
29.635706559171705,19.48295250513855,11.76452015117304,-5.9864603694636,-32.03738576501604,0.037385765016040295,75.9864603694636,1007301.7349046387,7460.552449063878,37.03738576501604,37.03738576501604,0.11566906765016305
29.86474230496242,11.093918880016478,12.929392266943923,3.237689226951886,-31.583580908134763,-0.4164190918652366,66.76231077304811,1019730.0999674321,7552.602791274259,36.58358090813476,36.58358090813476,0.11898392565600822
30.054065698580033,11.880477973101499,13.079254995920861,4.300501794766831,-31.210605691119667,-0.7893943088803326,65.69949820523317,1030176.7511395467,7629.975624344993,36.21060569111967,36.21060569111967,0.11948234446083593
29.49821953797293,15.660459685643396,12.212934915998131,-3.8231732792377215,-32.31117431069981,0.31117431069981194,73.82317327923772,999948.9368030981,7406.09415321957,37.31117431069981,37.31117431069981,0.11818117106985163
29.45812702445069,12.894918130475677,12.468953133402271,-1.820482194970964,-32.39120918373328,0.39120918373328095,71.82048219497096,997819.7728147408,7390.324559008257,37.39120918373328,37.39120918373328,0.11892016363358572
29.812429919717356,18.33387158255254,12.099777400177091,-3.5021067623677595,-31.686979954648507,-0.3130200453514931,73.50210676236776,1016871.4045357261,7531.429942598325,36.68697995464851,36.68697995464851,0.11681238219184015
30.08489592564468,14.766275465776125,12.850435050570267,2.0562414206125936,-31.150051419587385,-0.8499485804126152,67.9437585793874,1031893.044009104,7642.687300030231,36.150051419587385,36.150051419587385,0.11923443928361616
30.210773565830735,14.016371192435194,13.055898619554911,3.8968834618776214,-30.903340688962373,-1.0966593110376266,66.10311653812238,1038945.096611669,7694.918132651575,35.90334068896237,35.90334068896237,0.11960130844375028
29.579693067915663,14.136770611083303,12.461559320006167,-1.849505047570176,-32.14880464938636,0.1488046493863635,71.84950504757018,1004296.4869532028,7438.2941632025395,37.14880464938636,37.14880464938636,0.1188744635413135
29.79204096459698,16.091428985045713,12.412537339689047,-1.7166823790497006,-31.727320321100024,-0.27267967889997635,71.7166823790497,1015760.4475717605,7523.201670561146,36.727320321100024,36.727320321100024,0.11829378622262007
29.84788369964612,18.485940791294382,12.106543921324976,-3.3327544234695097,-31.61688691606696,-0.3831130839330399,73.33275442346951,1018807.5284265137,7545.769790664281,36.61688691606696,36.61688691606696,0.1167337287914813
29.59521847276366,14.119829130178172,12.476983490667735,-1.7039689163079856,-32.117905179397894,0.11790517939789424,71.70396891630799,1005128.1250369004,7444.453667675797,37.117905179397894,37.117905179397894,0.1188971051918592
30.227761991815115,13.913428408760286,13.0833167933794,4.1498500277065205,-30.870109465317057,-1.1298905346829429,65.85014997229348,1039902.3606620538,7702.008082373716,35.87010946531706,35.87010946531706,0.11964353519795073
29.840921318572597,17.288471897975356,12.285188833839007,-2.339533266365379,-31.630646347808124,-0.3693536521918759,72.33953326636538,1018426.8812784139,7542.950538086251,36.630646347808124,36.630646347808124,0.11760666205567337
29.889951275785727,16.128782314296252,12.495123512919783,-0.8959300318953751,-31.533806540175647,-0.46619345982435334,70.89593003189538,1021111.9612661103,7562.837508776356,36.53380654017565,36.53380654017565,0.1183825165091554
29.80829768202556,17.028826148949328,12.294702708982935,-2.3935750143718906,-31.695153930125457,-0.304846069874543,72.39357501437189,1016646.1003646838,7529.761233484851,36.69515393012546,36.69515393012546,0.11774368454962816
29.914691506925735,14.139898830737224,12.762810453904642,1.0593868532980082,-31.484991090182973,-0.515008909817027,68.94061314670199,1022470.8431281003,7572.90202971597,36.48499109018297,36.48499109018297,0.11925291987077696
29.838933476536965,15.828918489406892,12.489683094222931,-1.08097671963111,-31.634575310034393,-0.3654246899656073,71.08097671963111,1018318.2408895526,7542.145896049907,36.63457531003439,36.63457531003439,0.11848762645919135
29.98935079653293,16.541583757132024,12.527469470908809,-0.3782687872418933,-31.337879586156248,-0.662120413843752,70.3782687872419,1026587.9663801821,7603.39538924972,36.33787958615625,36.33787958615625,0.11825163257543116
29.812840601402634,13.37384122160594,12.745243650063273,0.8159446448422045,-31.686167636201674,-0.31383236379832624,69.1840553551578,1016893.8004098911,7531.595817021113,36.686167636201674,36.686167636201674,0.11929335691468729
29.74191579583087,22.800753970591316,11.279275096944113,-8.047541461331093,-31.826590977640592,-0.17340902235940803,78.0475414613311,1013036.8841142657,7503.029673115994,36.82659097764059,36.82659097764059,0.11262080508056567
29.96249243543226,15.465987046219887,12.64942734208616,0.3287831826048091,-31.390767715438756,-0.6092322845612443,69.67121681739519,1025104.0055166883,7592.40447414373,36.390767715438756,36.390767715438756,0.11880496480532493
29.963384118844168,12.66794675375207,12.943337925820314,2.778564633901283,-31.389011233768258,-0.6109887662317419,67.22143536609872,1025153.2208543667,7592.768986181508,36.38901123376826,36.38901123376826,0.11949278888151738
29.77040614980103,13.932773563778522,12.652653148689252,-0.03794899882507252,-31.770150353709937,-0.229849646290063,70.03794899882507,1014583.5800245187,7514.485233611268,36.77015035370994,36.77015035370994,0.11914468879377736
29.90468067579321,13.061203835710877,12.857258585017254,1.905330811353906,-31.504739679674344,-0.4952603203256558,68.0946691886461,1021920.6637504038,7568.827141366764,36.504739679674344,36.504739679674344,0.11942380622270625
29.955713818949235,14.613977454660784,12.747773056558325,1.014264264623705,-31.404121967511685,-0.5958780324883151,68.9857357353763,1024729.983576821,7589.634290987295,36.404121967511685,36.404121967511685,0.11915028662610282
29.715187420263586,17.282269038120738,12.176017184497356,-3.4084006855247253,-31.87958120154684,-0.12041879845315862,73.40840068552473,1011589.0288328388,7492.306173005311,36.87958120154684,36.87958120154684,0.11746824050166554
29.73878990154555,13.620785251099925,12.654944427912325,-0.04581368530551799,-31.83278619740645,-0.167213802593551,70.04581368530552,1012867.3978122955,7501.774377506515,36.83278619740645,36.83278619740645,0.11917291958660148
29.770584041045716,13.383853091685594,12.705819063994227,0.4352596304958638,-31.769798082096827,-0.23020191790317313,69.56474036950414,1014593.2484887575,7514.556842824333,36.76979808209683,36.76979808209683,0.11924469180177803
30.438486393705396,19.55421823475097,12.4640138024978,1.0381199041566447,-30.45918463333311,-1.540815366666891,68.96188009584336,1051886.9826236905,7790.771853574268,35.45918463333311,35.45918463333311,0.11647847884387494
29.841462357271922,14.772289255550579,12.624600063495338,-0.14013719967647376,-31.629577023941295,-0.37042297605870544,70.14013719967647,1018456.4533439373,7543.169562771923,36.629577023941295,36.629577023941295,0.11896684338028699
29.783766132146326,14.313385931629576,12.62446069397823,-0.2490432028143914,-31.743698847426003,-0.25630115257399666,70.24904320281439,1015310.0823171908,7519.866052755156,36.743698847426,36.743698847426,0.11905766166962604
29.88097826214714,15.379969657600824,12.586029389213655,-0.3205479386597858,-31.55151955031164,-0.4484804496883612,70.32054793865979,1020619.7746335283,7559.192142090421,36.55151955031164,36.55151955031164,0.11875561224112054
29.741207421906285,13.61726775464134,12.657463337331194,-0.021744348201593766,-31.827994859564512,-0.17200514043548765,70.0217443482016,1012998.4723134806,7502.745177175512,36.82799485956451,36.82799485956451,0.11917627221532223
29.593927782887366,14.127493111027999,12.475046490642729,-1.7214019995274157,-32.12047347438289,0.1204734743828908,71.72140199952742,1005058.9486560621,7443.94131472375,37.12047347438289,37.12047347438289,0.11889354327359891
29.77131970896499,16.709266291994755,12.30823310928841,-2.432424555242335,-31.768341283723203,-0.23165871627679735,72.43242455524233,1014633.2338063128,7514.852992973268,36.7683412837232,36.7683412837232,0.11790635049496628
29.902747744640514,11.658984348245582,12.946431041858752,3.097749365577897,-31.508553439605407,-0.4914465603945928,66.9022506344221,1021814.483756495,7568.0407221776095,36.50855343960541,36.50855343960541,0.11925647833663365
30.002910058190214,19.709306781115416,12.041161441271406,-3.078341799105658,-31.311194126219732,-0.688805873780268,73.07834179910566,1027338.3520196292,7608.953099741155,36.31119412621973,36.31119412621973,0.11588884111000426
29.745786835927966,15.217833505437035,12.48478211614399,-1.3590323371190038,-31.818919687965774,-0.1810803120342257,71.359032337119,1013246.8307562483,7504.584637115102,36.818919687965774,36.818919687965774,0.11867722056725429
29.908985246689763,11.820331968843664,12.944856734744073,3.0155725207618502,-31.49624729338609,-0.5037527066139091,66.98442747923815,1022157.182032857,7570.578907486349,36.49624729338609,36.49624729338609,0.11931004701852371
30.107178145472393,14.133695970882613,12.943822872722764,2.8206354186488056,-31.10631819038076,-0.8936818096192383,67.1793645813512,1033136.1380403892,7651.894241603105,36.10631819038076,36.10631819038076,0.11946229380993911
29.62552934458841,15.404679680363934,12.355404831837328,-2.5447561207706713,-32.05761694272758,0.057616942727577225,72.54475612077067,1006754.7133907333,7456.50094934553,37.05761694272758,37.05761694272758,0.11845437643812662
29.793860730677764,19.546961032753693,11.8874287922274,-4.728304379773931,-31.723718923759066,-0.27628107624093445,74.72830437977393,1015859.5298665493,7523.93552083801,36.723718923759066,36.723718923759066,0.11579656601824971
29.92250362699354,12.780355475296886,12.896517082513988,2.3093730901820777,-31.469583706870253,-0.5304162931297469,67.69062690981792,1022900.4916511232,7576.084209622549,36.46958370687025,36.46958370687025,0.11945053782926543
29.48754447673256,11.577448744215648,12.572759620668252,-0.47113856196949655,-32.33247580851935,0.332475808519348,70.4711385619695,999381.3671814078,7401.890464508538,37.33247580851935,37.33247580851935,0.11875764663121333
29.762804726886372,18.33387158255254,12.056814632313966,-3.9235808648900843,-31.785204784301186,-0.214795215698814,73.92358086489008,1014170.5675074013,7511.426267822467,36.785204784301186,36.785204784301186,0.11675602435219914
30.08489592564468,14.158146793955975,12.920008370646759,2.592558761032876,-31.150051419587385,-0.8499485804126152,67.40744123896712,1031893.044009104,7642.687300030231,36.150051419587385,36.150051419587385,0.11943199443662213
30.210773565830735,14.088207116250238,13.048145118123202,3.8330428611189404,-30.903340688962373,-1.0966593110376266,66.16695713888106,1038945.096611669,7694.918132651575,35.90334068896237,35.90334068896237,0.1195829857521668
29.807318321382816,14.136770611083303,12.664843727404197,0.10964583877608902,-31.697091338290306,-0.30290866170969366,69.89035416122391,1016592.7130614726,7529.365821899703,36.697091338290306,36.697091338290306,0.11913463493281103
30.002626419996194,16.091428985045713,12.602776098067942,0.1381569135277232,-31.31175224229679,-0.6882477577032091,69.86184308647228,1027322.646762527,7608.836779188655,36.31175224229679,36.31175224229679,0.11852681367662933
30.082297955757006,12.793333682209791,13.046555404339626,3.767027894702835,-31.155152177587922,-0.8448478224120777,66.23297210529716,1031748.2524189976,7641.614905121396,36.15515217758792,36.15515217758792,0.11962295911040739
29.599080360054966,13.836974647031028,12.509170707575782,-1.4308292333744248,-32.110221100821036,0.11022110082103609,71.43082923337442,1005335.1506427958,7445.986997101888,37.110221100821036,37.110221100821036,0.11897028698041208
30.227761991815115,14.3084689727768,13.040184716965735,3.7982413474093164,-30.870109465317057,-1.1298905346829429,66.20175865259068,1039902.3606620538,7702.008082373716,35.87010946531706,35.87010946531706,0.11953876397448926
30.006121431030778,13.593354389299705,12.90385002855305,2.363478583641779,-31.3048753961815,-0.695124603818499,67.63652141635822,1027516.1931180449,7610.270274919508,36.3048753961815,36.3048753961815,0.11947332687986953
29.98862869689625,12.548627778304784,12.975823673683925,3.113350450630719,-31.339301000128046,-0.6606989998719541,66.88664954936928,1026548.0274736843,7603.0995828430005,36.339301000128046,36.339301000128046,0.11951428447704202
29.804446247873813,14.508556252286454,12.621464178778597,-0.23667632300845298,-31.70277328254781,-0.2972267174521903,70.23667632300845,1016436.1734904723,7528.206415895193,36.70277328254781,36.70277328254781,0.11901893557140322
29.79483687054337,14.139898830737224,12.65318715345859,-0.0025626181225106848,-31.72178717399629,-0.2782128260037098,70.00256261812251,1015912.6844807157,7524.329209018181,36.72178717399629,36.72178717399629,0.11911978818541379
30.04247623065376,15.828918489406892,12.675291541390434,0.7296516466043954,-31.233381991585986,-0.7666180084140137,69.2703483533956,1029532.6779239957,7625.205313881752,36.233381991585986,36.233381991585986,0.11871090496467898
30.029343399549944,15.383250390855455,12.721821060316557,1.0040791098498971,-31.25920011904674,-0.7407998809532614,68.9959208901501,1028803.5604537704,7619.8051254976235,36.25920011904674,36.25920011904674,0.11891625442598695
30.01146737620627,16.447646097213468,12.56105357187354,-0.097251336490217,-31.29435789020772,-0.7056421097922794,70.09725133649022,1027812.3456357792,7612.463720353898,36.29435789020772,36.29435789020772,0.1183319596405302
29.83960556310013,22.800753970591316,11.358815884112524,-7.245060176561083,-31.633246909540333,-0.3667530904596674,77.24506017656108,1018354.9701191933,7542.417930073728,36.63324690954033,36.63324690954033,0.11273310569248939
29.811836004436422,11.693156592701477,12.860410456360997,2.248789113341502,-31.688154720901707,-0.31184527909829285,67.7512108866585,1016839.0176068279,7531.190069704895,36.68815472090171,36.68815472090171,0.1191665146991102
29.64774970343497,12.72790022420255,12.649185500097934,-0.07294812116981575,-32.01345264051247,0.01345264051246886,70.07294812116982,1007949.6197191781,7465.350990029639,37.01345264051247,37.01345264051247,0.11914164255958228
29.77040614980103,15.29196890049711,12.497536610246394,-1.2104423016617716,-31.770150353709937,-0.229849646290063,71.21044230166177,1014583.5800245187,7514.485233611268,36.77015035370994,36.77015035370994,0.1186720509825711
29.652009156484596,12.394735055780693,12.67625084107675,0.24641750330152945,-32.00498980335669,0.004989803356693301,69.75358249669847,1008178.913574349,7467.049248628304,37.00498980335669,37.00498980335669,0.11912637758390937
29.73015811103154,14.613977454660784,12.54268073634315,-0.9734896059926541,-31.84989633225439,-0.15010366774561135,70.97348960599265,1012399.6001754266,7498.309647243006,36.84989633225439,36.84989633225439,0.11889897446462044
29.810465817446307,13.922810246626266,12.690022415870748,0.32194679055061215,-31.69086502798143,-0.309134972018569,69.67805320944939,1016764.3054865929,7530.636716452062,36.69086502798143,36.69086502798143,0.11919200897803225
29.73878990154555,19.228920367829176,11.892845504405155,-4.9105855226926565,-31.83278619740645,-0.167213802593551,74.91058552269266,1012867.3978122955,7501.774377506515,36.83278619740645,36.83278619740645,0.11600475445540334
29.685080321997432,11.094436763409082,12.764058115915335,1.6352139880504524,-31.93931651174114,-0.06068348825886005,68.36478601194955,1009961.8315363692,7480.254381218777,36.93931651174114,36.93931651174114,0.11878277756840303
30.1517985935838,16.14731723777055,12.73351752263837,1.4470589160975464,-31.01882172809337,-0.9811782719066287,68.55294108390245,1035632.1910280574,7670.381189043837,36.01882172809337,36.01882172809337,0.1186551883948455
29.85307334153151,14.156235091991245,12.704458282630982,0.49637181360975546,-31.606632574743912,-0.3933674252560877,69.50362818639024,1019091.3942671774,7547.8722351646575,36.60663257474391,36.60663257474391,0.11918038369279425
29.80418362361472,14.310037437700206,12.643304083660594,-0.06746210492508453,-31.70329286554204,-0.2967071344579608,70.06746210492508,1016421.8612012686,7528.100412320921,36.70329286554204,36.70329286554204,0.11908160631665193
29.88097826214714,14.19321947131981,12.726044688608917,0.7120395155273513,-31.55151955031164,-0.4484804496883612,69.28796048447265,1020619.7746335283,7559.192142090421,36.55151955031164,36.55151955031164,0.11920105924737798
29.741207421906285,13.500437486681356,12.668483263749106,0.07839219574157141,-31.827994859564512,-0.17200514043548765,69.92160780425843,1012998.4723134806,7502.745177175512,36.82799485956451,36.82799485956451,0.11919529339022017
29.80019975377538,16.446526740274447,12.37084998632422,-1.9552731173316715,-31.711175121298822,-0.28882487870117757,71.95527311733167,1016204.7881951734,7526.492667103047,36.71117512129882,36.71117512129882,0.11809903077325212
29.747887413078935,13.95885043441147,12.62964884854354,-0.25670882774539905,-31.814757288600674,-0.1852427113993258,70.2567088277454,1013360.7830662068,7505.428621748185,36.814757288600674,36.814757288600674,0.11911308267930348
29.902747744640514,12.856987327188254,12.872121517586518,2.0645446588708296,-31.508553439605407,-0.4914465603945928,67.93545534112917,1021814.483756495,7568.0407221776095,36.50855343960541,36.50855343960541,0.11942872418822566
30.09687369018574,13.20986396790779,13.025597123834446,3.5377891114010254,-31.12653939907915,-0.8734606009208505,66.46221088859897,1032560.9887647347,7647.634414395056,36.12653939907915,36.12653939907915,0.11962028078263735
29.54173864120913,11.117871954440105,12.634765764743973,0.3738502036248974,-32.2243991738668,0.22439917386680008,69.6261497963751,1002267.7021783125,7423.268024860423,37.2243991738668,37.2243991738668,0.11862940214966955
29.908985246689763,12.565096503742083,12.899886193830106,2.3731414260128076,-31.49624729338609,-0.5037527066139091,67.62685857398719,1022157.182032857,7570.578907486349,36.49624729338609,36.49624729338609,0.11942857292356474
30.107178145472393,12.337606821207512,13.10341427316156,4.399189464458459,-31.10631819038076,-0.8936818096192383,65.60081053554154,1033136.1380403892,7651.894241603105,36.10631819038076,36.10631819038076,0.11962177704027568
29.84015078052784,15.404679680363934,12.545945203259667,-0.70100612946203,-31.632169287913314,-0.36783071208668616,70.70100612946203,1018384.7674567895,7542.638623230779,36.632169287913314,36.632169287913314,0.1186987110564251
30.054065698580033,17.960799688184835,12.372832665096409,-1.0607126591204974,-31.210605691119667,-0.7893943088803326,71.0607126591205,1030176.7511395467,7629.975624344993,36.21060569111967,36.21060569111967,0.1173620705356242
29.92250362699354,11.530143466066267,12.970235857880416,3.3886913606542066,-31.469583706870253,-0.5304162931297469,66.6113086393458,1022900.4916511232,7576.084209622034,36.46958370687025,36.46958370687025,0.11923491551133628
29.48754447673256,16.131867835343463,12.142294982633366,-4.311828459396622,-32.33247580851935,0.332475808519348,74.31182845939662,999381.3671814078,7401.890464509041,37.33247580851935,37.33247580851935,0.11791828889968847
30.17481314592529,12.816984879243492,13.13388921715338,4.61722253010862,-30.97373399806088,-1.0262660019391205,65.38277746989138,1036923.1448540877,7679.942602863234,35.97373399806088,35.97373399806088,0.11972041323467741
30.08489592564468,10.316504595542156,13.142078543430861,5.949799087390147,-31.150051419587385,-0.8499485804126152,64.05020091260985,1031893.044009104,7642.687300029712,36.150051419587385,36.150051419587385,0.11870856589552581
30.210773565830735,14.568417444901296,12.993829871741756,3.4057850979047544,-30.903340688962373,-1.0966593110376266,66.59421490209525,1038945.096611669,7694.918132651575,35.90334068896237,35.90334068896237,0.11943766904061681
29.767089937317877,14.206111787227027,12.621025167780829,-0.3021198555368869,-31.77671764451742,-0.22328235548258135,70.30211985553689,1014403.3675671718,7513.150495028555,36.77671764451742,36.77671764451742,0.11907020368852338
29.604896745118644,16.091428985045713,12.248388831268695,-3.3067200469720888,-32.09864965814518,0.09864965814517745,73.30672004697209,1005647.0711620281,7448.2972278034085,37.09864965814518,37.09864965814518,0.11807906513163985
29.623696889212663,18.485940791294382,11.91425999126813,-5.2173049231083155,-32.061260263277006,0.06126026327700629,75.21730492310832,1006656.2664460401,7455.7718047715825,37.061260263277006,37.061260263277006,0.11647658828089576
29.958641285263134,16.83370957543226,12.457441824570948,-0.9094005163388488,-31.39835439194445,-0.6016456080555486,70.90940051633885,1024891.4866372088,7590.83045893872,36.39835439194445,36.39835439194445,0.11803686910760602
29.719880200176682,20.56037675260984,11.654577822214174,-6.239623301347024,-31.870274735733744,-0.12972526426625564,76.23962330134702,1011843.0103186083,7494.187279857425,36.870274735733744,36.870274735733744,0.11480377789318981
29.57974675154941,16.759859437105195,12.134750066751016,-4.089779146571175,-32.14869778266336,0.14869778266336198,74.08977914657117,1004299.3608263145,7438.315448464284,37.14869778266336,37.14869778266336,0.11765359854829692
29.674070158910197,16.128782314296252,12.303509604949637,-2.7573608421336075,-31.96117405405937,-0.038825945940629936,72.75736084213361,1009367.7367816144,7475.8542348435885,36.96117405405937,36.96117405405937,0.11813848115645084
29.789782043032957,14.508556252286454,12.608210472520563,-0.36491173429476476,-31.73179107664089,-0.2682089233591114,70.36491173429476,1015637.4742237248,7522.290871858964,36.73179107664089,36.73179107664089,0.11900246423215348
29.801386498336377,14.139898830737224,12.659126718216273,0.0548707702934621,-31.70882700668062,-0.2911729933193783,69.94512922970654,1016269.4442885912,7526.971540671293,36.70882700668062,36.70882700668062,0.11912713799821487
29.589217709364124,15.828918489406892,12.269536008996736,-3.212686605699787,-32.129846645734176,0.12984664573417604,73.21268660569979,1004806.5654069784,7442.0720451674615,37.129846645734176,37.129846645734176,0.11820209896302804
29.936730928795768,16.541583757132024,12.479696976964021,-0.8458454370181698,-31.441532502764403,-0.558467497235597,70.84584543701817,1023683.6521681327,7581.884666338468,36.4415325027644,36.4415325027644,0.1181940668053346
29.812840601402634,13.283927952579976,12.753315147236966,0.8933285233200081,-31.686167636201674,-0.31383236379832624,69.10667147667999,1016893.8004098911,7531.595817021113,36.686167636201674,36.686167636201674,0.1193037568636742
29.594038649871408,22.800753970591316,11.160932664072227,-9.236151595463525,-32.120252860780795,0.12025286078079489,79.23615159546353,1005064.8904542316,7443.985322487611,37.120252860780795,37.120252860780795,0.11244679303871813
29.786583551483766,15.091991426646452,12.536730813188871,-0.8971004038850765,-31.738121860597516,-0.2618781394024836,70.89710040388508,1015463.3895499225,7521.00151853565,36.738121860597516,36.738121860597516,0.1187777096556994
29.727091293317798,12.66794675375207,12.725140481299738,0.6669354355832411,-31.85597642585708,-0.14402357414292055,69.33306456441676,1012233.4721297887,7497.079224466202,36.85597642585708,36.85597642585708,0.11923056743253814
