p_evap,dT_cd,net_power,T_injection>=70,evap_brine_pinch>=5,evap_brine_pinch<=37,T_injection,evap_steam_UA,evap_brine_UA,evap_steam_pinch,evap_brine_pinch,thermal_efficiency
14.045949161096635,16.388994432220336,11.19929976985747,-35.39279678616174,-20.898185718113325,-11.101814281886675,105.39279678616174,1437294.3982903594,10645.281221724572,25.898185718113325,25.898185718113325,0.14096328067170474
3.238122919896309,28.165196716823928,1.0628139740765878,-84.25379994629986,-88.2836971974179,56.283697197417894,154.25379994629986,401218.58260140696,2971.614338895427,93.2836971974179,93.2836971974179,0.025334072596081822
15.454068460825502,20.310619062918846,11.861855190333408,-31.054541431315272,-15.567145294171212,-16.432854705828788,101.05454143131527,1806322.3851085345,13378.476802977184,20.567145294171212,20.567145294171212,0.14335883519471415
3.6330038053049982,25.7814819329734,1.7827553317230238,-81.39761212135772,-83.85885555356339,51.85885555356339,151.39761212135772,421153.5648737228,3119.262233920497,88.85885555356339,88.85885555356339,0.040361190695033584
8.660163573869571,18.19991006969083,7.103098261481925,-57.58810313419633,-45.968268606818754,13.968268606818754,127.58810313419633,733040.2023241736,5429.241990960766,50.968268606818754,50.968268606818754,0.11361429879797552
4.845950675867026,14.47167580015931,4.044022162125645,-71.65684519955823,-72.20853437613977,40.20853437613977,141.65684519955823,484541.4152318522,3588.7425950108723,77.20853437613977,77.20853437613977,0.07821263992570977
16.745716786101703,14.652589281959791,13.327104809628478,-22.604318961214005,-10.98844516494512,-21.01155483505488,92.604318961214,2317346.1245148317,17163.359999785327,15.98844516494512,15.98844516494512,0.14949488784268955
13.445933899244725,29.735348519713774,9.352361357710707,-43.69851717572266,-23.2916647988651,-8.7083352011349,113.69851717572266,1316537.458550811,9750.898286306878,28.2916647988651,28.2916647988651,0.12788789071095208
8.556424928939485,15.600013772599741,7.217093487347683,-56.983925243079455,-46.55381537790544,14.553815377905437,126.98392524307945,724746.0257015602,5367.811401127953,51.55381537790544,51.55381537790544,0.11458944570565323
18.246599335804408,14.588086406992382,14.509924662470763,-15.197233873156222,-5.991266415368955,-26.008733584631045,85.19723387315622,3352523.2179444837,24830.370521048877,10.991266415368955,10.991266415368955,0.15313668736169306
7.236786442531029,22.206947115197536,5.610697667519276,-64.70669454334728,-54.50615299506717,22.50615299506717,134.70669454334728,628211.1886759656,4652.828799753339,59.50615299506717,59.50615299506717,0.09833473468083803
13.177768059221242,22.4677168913558,9.997687734298955,-41.599498448205566,-24.387182874665598,-7.612817125334402,111.59949844820557,1267784.5168146018,9389.81097128942,29.387182874665598,29.387182874665598,0.133787807674675
10.795090486035926,19.994356295217017,8.540507353979924,-50.01583385597843,-34.93235743285038,2.932357432850381,120.01583385597843,934633.448908388,6922.336798010793,39.93235743285038,39.93235743285038,0.12502403477758936
14.877491848728125,28.411512164389833,10.508466896195314,-37.21004914733271,-17.70421145994868,-14.29578854005132,107.21004914733271,1637756.2670224737,12129.996509994062,22.70421145994868,22.70421145994868,0.13460790963450286
17.8441229474767,17.198940467871616,13.98222058768257,-18.469066563653996,-7.299811742870986,-24.700188257129014,88.469066563654,3001428.1132319625,22229.994335293955,12.299811742870986,12.299811742870986,0.15152404694037436
14.668827839861622,11.443540511842947,11.884606779232735,-30.595720196355387,-18.492900379664036,-13.507099620335964,100.59572019635539,1583230.0519259041,11726.14960545616,23.492900379664036,23.492900379664036,0.1430319836559726
6.327173701528773,13.687257432771805,5.485047536913751,-65.12479025144933,-60.63919679925351,28.63919679925351,135.12479025144933,569689.444146549,4219.389116941948,65.63919679925351,65.63919679925351,0.09667712250178769
11.005882022080998,19.818894239947312,8.709953615529198,-49.12102858341649,-33.933440599382834,1.933440599382834,119.12102858341649,958492.8221386201,7099.0505861616575,38.933440599382834,38.933440599382834,0.12624196607635002
9.99966332663882,20.139280828862482,7.944218718266778,-53.16478103508098,-38.8372873039624,6.837287303962398,123.16478103508098,851750.347715864,6308.465400632098,43.8372873039624,43.8372873039624,0.1205409638023878
6.079774472205331,18.898621334926126,4.910211273041912,-68.08139244916697,-62.41990962570162,30.41990962570162,138.08139244916697,554686.4881283691,4108.270138004394,67.41990962570162,67.41990962570162,0.09016010201407759
12.054898563214861,22.126233284237223,9.235959140430095,-45.952318675468405,-29.163115118759833,-2.8368848812401666,115.9523186754684,1091564.7668753292,8084.644265597876,34.16311511875983,34.16311511875983,0.1293341430427288
3.3044421062281124,21.843439428515815,1.7348008815771339,-81.52771412183165,-87.51314829603791,55.51314829603791,151.52771412183165,404553.2576610345,2996.3125175253804,92.51314829603791,92.51314829603791,0.03936547927171743
16.880112239248344,27.620911269405013,12.040499927629892,-28.036777759211702,-10.5274825801352,-21.4725174198648,98.0367777592117,2385284.4505872573,17666.54333344065,15.5274825801352,15.5274825801352,0.14160056336728852
6.5670943716015024,25.458067496068708,4.7326154263083335,-68.62943929342538,-58.96107061625116,26.961070616251163,138.62943929342538,584590.3153371308,4329.752007426401,63.96107061625116,63.96107061625116,0.08757778944660514
8.27159184695421,25.262086067995867,6.135731626473115,-61.880458061507966,-48.18904452101265,16.189044521012647,131.88045806150797,702546.8070055789,5203.393501634027,53.18904452101265,53.18904452101265,0.10359517929675623
11.342282239880285,14.97839299265424,9.34183895902791,-45.8283812189764,-32.36826681750392,0.36826681750392254,115.8283812189764,998429.1798954858,7394.838115702528,37.36826681750392,37.36826681750392,0.13064393522033738
13.252366828881375,21.242533404176427,10.179531851402066,-40.769044453848664,-24.08077589887023,-7.919224101129771,110.76904445384866,1281052.7636949285,9488.081874959784,29.08077589887023,29.08077589887023,0.1350785632605458
6.811335038035633,25.669201810420255,4.918796379225321,-67.74031025967764,-57.29886621248136,25.298866212481357,137.74031025967764,600138.6901222724,4444.910615381377,62.29886621248136,62.29886621248136,0.08988434623427043
7.896106075855146,21.90470950215264,6.172729294024175,-62.007225532573216,-50.40971970515403,18.409719705154032,132.00722553257322,674490.2854968043,4995.593650803514,55.40971970515403,55.40971970515403,0.1043913516581136
13.890344851448273,10.077403915560748,11.290497231536197,-33.37007932588244,-21.511459357881108,-10.488540642118892,103.37007932588244,1404290.8145604576,10400.841091332039,26.511459357881108,26.511459357881108,0.13941514504013897
11.158958040093264,19.686244465218167,8.833186933550847,-48.46740303394046,-33.216885753713655,1.2168857537136546,118.46740303394046,976372.2410820603,7231.474008224908,38.216885753713655,38.216885753713655,0.1271089696120825
10.348307368505559,20.60475568373029,8.156906340873308,-52.00133815705891,-37.09838618701383,5.09838618701383,122.00133815705891,886768.7675986884,6567.828359283098,42.09838618701383,42.09838618701383,0.12212016479839732
7.775600320495691,14.633088912431226,6.65718727024747,-59.6773130134755,-51.13897898509549,19.13897898509549,129.6773130134755,665759.1142289093,4930.926472212725,56.13897898509549,56.13897898509549,0.10928080107354585
18.40130219488925,17.2844620571841,14.418805319344782,-15.697059347960703,-5.494121914643642,-26.505878085356358,85.6970593479607,3508447.0266915015,25985.215899454764,10.494121914643642,10.494121914643642,0.15278432461985036
14.200532537848005,15.537986630188946,11.37460409210132,-34.37206724952125,-20.293935157449766,-11.706064842550234,104.37206724952125,1471365.6275325536,10897.628839084264,25.293935157449766,25.293935157449766,0.14178595849093473
10.58034353066423,23.33876802703987,8.053802699920732,-52.21871628927573,-35.96499859960551,3.964998599605508,122.21871628927573,911185.91939149,6748.673318935825,40.96499859960551,40.96499859960551,0.12087722305633722
9.271268112646874,24.223816040577887,7.001790032414088,-57.61854974491462,-42.620495815308345,10.620495815308345,127.61854974491462,784361.5804473277,5809.352359064399,47.620495815308345,47.620495815308345,0.1120356677370654
11.250265016028786,17.596872380670483,9.08357910113554,-47.2549358486188,-32.792938262015355,0.7929382620153547,117.2549358486188,987268.123201875,7312.174057889164,37.792938262015355,37.792938262015355,0.1289948413684405
12.146263059934395,12.261184898456957,10.045396302745432,-41.505230850228486,-28.762439293556554,-3.237560706443446,111.50523085022849,1104443.9130248912,8180.033305463932,33.762439293556554,33.762439293556554,0.13429726489178614
17.357510726039813,10.392501002278948,13.889386467967313,-17.700705652139447,-8.912126940396718,-23.087873059603282,87.70070565213945,2658402.505760817,19689.384657745097,13.912126940396718,13.912126940396718,0.14957591862622266
14.045949161096635,18.243232510235465,11.042022758642606,-36.1923829796919,-20.898185718113325,-11.101814281886675,106.1923829796919,1437294.3982903594,10645.281221724572,25.898185718113325,25.898185718113325,0.14005475536375017
3.238122919896309,15.522428355081384,2.140760129083113,-79.55840772873484,-88.2836971974179,56.283697197417894,149.55840772873484,401218.58260140696,2971.614338895427,93.2836971974179,93.2836971974179,0.046950394078324034
18.608158808046582,20.310619062918846,14.268042254755361,-16.10496485471981,-4.834322813125027,-27.165677186874973,86.10496485471981,3739260.3445392675,27694.728356425276,9.834322813125027,9.834322813125027,0.15168249834594527
18.664019468778992,25.7814819329734,13.631177918568268,-18.524683082086028,-4.657105237081964,-27.342894762918036,88.52468308208603,3806522.9889944857,28192.907272863253,9.657105237081964,9.657105237081964,0.1477872119629
8.660163573869571,17.10491399862157,7.190292258611881,-57.161791320091424,-45.968268606818754,13.968268606818754,127.16179132009142,733040.2023241736,5429.241990960398,50.968268606818754,50.968268606818754,0.1144113735010096
4.845950675867026,17.25419944212468,3.86158649634044,-72.67445751494074,-72.20853437613977,40.20853437613977,142.67445751494074,484541.4152318522,3588.742595011116,77.20853437613977,77.20853437613977,0.07583597520570588
17.50106944548422,14.652589281959791,13.912721672066029,-18.96586243212937,-8.432945850583167,-23.567054149416833,88.96586243212937,2751872.890337958,20381.67047678814,13.432945850583167,13.432945850583167,0.1513874803654295
18.48763075114719,29.735348519713774,12.959246344644907,-21.394850509976266,-5.218081647145709,-26.78191835285429,91.39485050997627,3601453.1870858916,26674.063454925184,10.21808164714571,10.21808164714571,0.14389054073935834
16.493152869900648,15.600013772599741,13.069591625276916,-24.221433274610206,-11.862312939111405,-20.137687060888595,94.2214332746102,2198631.1883941684,16284.101107713479,16.862312939111405,16.862312939111405,0.1486483762245163
18.46322862877115,14.588086406992382,14.685490285993078,-14.080737365585719,-5.296009165765042,-26.703990834234958,84.08073736558572,3574701.2087684744,26475.925667172633,10.296009165765042,10.296009165765042,0.15362131270664706
6.37755168075421,13.221069709610305,5.55012220447937,-64.74680339231162,-60.28295502943786,28.282955029437858,134.74680339231162,572788.823808604,4242.344586715374,65.28295502943786,65.28295502943786,0.09732565854649385
13.177768059221242,11.521546465206889,10.800895475678658,-36.971646835712136,-24.387182874665598,-7.612817125334402,106.97164683571214,1267784.5168146018,9389.81097128942,29.387182874665598,29.387182874665598,0.13803332534641188
10.795090486035926,13.428533137779759,9.023500203093368,-47.371930763710395,-34.93235743285038,2.932357432850381,117.3719307637104,934633.448908388,6922.336798010323,39.93235743285038,39.93235743285038,0.12830428553352385
14.036831844055165,10.350680491700668,11.406980614764846,-32.85981256850113,-20.933979064873938,-11.066020935126062,102.85981256850113,1435325.5934733052,10630.699323281086,25.933979064873938,25.933979064873938,0.14018284221325258
17.8441229474767,11.856960565960179,14.293544684956982,-15.953436162223795,-7.299811742870986,-24.700188257129014,85.9534361622238,3001428.1132319625,22229.994335292446,12.299811742870986,12.299811742870986,0.15176876140134926
15.150748949509634,11.47016568857481,12.239017143673893,-28.48632384440674,-16.683800466382763,-15.316199533617237,98.48632384440674,1714135.7638030131,12695.699141111108,21.683800466382763,21.683800466382763,0.1445145223884248
11.141039764718558,13.687257432771805,9.265233373076738,-46.106493012873386,-33.300383817694296,1.3003838176942963,116.10649301287339,974254.5431827742,7215.78933728479,38.300383817694296,38.300383817694296,0.12995801554381023
15.086065875910087,14.352784250857077,12.098878914152808,-30.029693741902292,-16.92409086001436,-15.07590913998564,100.02969374190229,1695515.282253428,12557.787059343953,21.92409086001436,21.92409086001436,0.14486208131649245
9.99966332663882,13.477075477353967,8.433408775580839,-50.5195836425782,-38.8372873039624,6.837287303962398,120.5195836425782,851750.347715864,6308.465400632098,43.8372873039624,43.8372873039624,0.1241554661686555
6.079774472205331,15.938954906716646,5.13378451339814,-66.9734670218408,-62.41990962570162,30.41990962570162,136.9734670218408,554686.4881283691,4108.270138004394,67.41990962570162,67.41990962570162,0.09281195860246634
18.55818150238749,22.126233284237223,14.013563170673793,-17.252512270854083,-4.993219200384033,-27.006780799615967,87.25251227085408,3680941.3897789796,27262.79063043208,9.993219200384033,9.993219200384033,0.1503642864358432
3.3044421062281124,20.126877971283832,1.882037658429072,-80.89378703735156,-87.51314829603791,55.51314829603791,150.89378703735156,404553.2576610345,2996.3125175253804,92.51314829603791,92.51314829603791,0.04223519738035458
18.667696398080306,27.620911269405013,13.387351919831563,-19.427553850353945,-4.645454382651508,-27.354545617348492,89.42755385035395,3811029.938305761,28226.28786832627,9.645454382651508,9.645454382651508,0.14622661791584585
14.263511991358756,26.413089820187793,10.318555436317725,-38.87613456501617,-20.049162202988725,-11.950837797011275,108.87613456501617,1485631.5492392688,11003.288993771937,25.049162202988725,25.049162202988725,0.13435564353492893
16.115048200529333,25.262086067995867,11.778066465760821,-30.39004193498431,-13.18957859371244,-18.81042140628756,100.39004193498431,2039909.9170618781,15108.536400015688,18.18957859371244,18.18957859371244,0.14148404530892733
10.706591822402954,22.473230781823652,8.233780367571951,-51.374094859716365,-35.35605483640603,3.356054836406031,121.37409485971637,924868.3548521418,6850.0118988746235,40.35605483640603,40.35605483640603,0.12239278847142761
13.252366828881375,11.29396307996824,10.85510119855911,-36.566521258950615,-24.08077589887023,-7.919224101129771,106.56652125895062,1281052.7636949285,9488.081874959784,29.08077589887023,29.08077589887023,0.1381822583840533
18.634950334741994,25.669201810420255,13.623200405441159,-18.616389972199897,-4.749276379297612,-27.250723620702388,88.6163899721999,3771240.3459605216,27931.587352748746,9.749276379297612,9.749276379297612,0.1478118997166232
16.6575469695132,21.90470950215264,12.57643476958501,-26.36313199712987,-11.292376067421287,-20.707623932578713,96.36313199712987,2274629.832066586,16846.982960815283,16.292376067421287,16.292376067421287,0.1457290124313807
18.023207777039225,10.077403915560748,14.399321438906668,-14.211869749554978,-6.714827383993111,-25.28517261600689,84.21186974955498,3148848.582668543,23321.8599662028,11.71482738399311,11.71482738399311,0.15078409922994288
11.158958040093264,15.485309519755475,9.175734662547324,-46.75903407518632,-33.216885753713655,1.2168857537136546,116.75903407518632,976372.2410820603,7231.474008224908,38.216885753713655,38.216885753713655,0.12960733045100598
10.348307368505559,12.018657428317859,8.738648968283265,-48.57674207511553,-37.09838618701383,5.09838618701383,118.57674207511553,886768.7675986884,6567.828359283098,42.09838618701383,42.09838618701383,0.1258997571115204
7.775600320495691,16.07872772519311,6.56583978082961,-60.22728596195793,-51.13897898509549,19.13897898509549,130.22728596195793,665759.1142289093,4930.926472212725,56.13897898509549,56.13897898509549,0.10853271625805629
14.76472628814592,17.2844620571841,11.648891512568154,-32.71418410768598,-18.12939727769509,-13.870602722304909,102.71418410768598,1607902.831270255,11908.887863500877,23.12939727769509,23.12939727769509,0.14296149271553688
15.991120664083919,15.537986630188946,12.695169564953032,-26.50537410057848,-13.629697663716456,-18.370302336283544,96.50537410057848,1992219.5581698483,14755.31907545469,18.629697663716456,18.629697663716456,0.14728883918508562
15.950667501558527,23.33876802703987,11.888105362390078,-30.233639267095896,-13.773918802821697,-18.226081197178303,100.2336392670959,1977073.4643873898,14643.13995062357,18.773918802821697,18.773918802821697,0.14260262307334154
9.271268112646874,11.966551853163708,7.93358381910198,-52.78737011416547,-42.620495815308345,10.620495815308345,122.78737011416547,784361.5804473277,5809.352359064399,47.620495815308345,47.620495815308345,0.11985483200862823
11.250265016028786,11.602253021342847,9.405627751217514,-44.83790339824117,-32.792938262015355,0.7929382620153547,114.83790339824117,987268.123201875,7312.174057889164,37.792938262015355,37.792938262015355,0.13016161418976738
16.5295101658026,12.261184898456957,13.264670318332989,-22.53804054910364,-11.735898726621656,-20.264101273378344,92.53804054910364,2215046.4029541863,16405.67994049415,16.735898726621656,16.735898726621656,0.14871082257595733
18.655026602818406,10.392501002278948,14.92576514211558,-11.068106428334943,-4.685607735084659,-27.31439226491534,81.06810642833494,3795542.061265841,28111.577335248596,9.685607735084659,9.685607735084659,0.15250342559334792
18.118989608043787,16.388994432220336,14.272308744534188,-16.705475586067337,-6.403762531460188,-25.59623746853981,86.70547558606734,3233295.7109017945,23947.315286615445,11.403762531460188,11.403762531460188,0.15246383627919796
3.5607986347136524,10.011619283918826,14.272308744534188,-16.705475586067337,-6.403762531460188,-25.59623746853981,86.70547558606734,3233295.7109017945,23947.315286615445,11.403762531460188,11.403762531460188,0.15246383627919796
18.67017730211665,20.310619062918846,14.272308744534188,-16.705475586067337,-6.403762531460188,-25.59623746853981,86.70547558606734,3233295.7109017945,23947.315286615445,11.403762531460188,11.403762531460188,0.15246383627919796
18.675910186072507,25.7814819329734,14.272308744534188,-16.705475586067337,-6.403762531460188,-25.59623746853981,86.70547558606734,3233295.7109017945,23947.315286615445,11.403762531460188,11.403762531460188,0.15246383627919796
17.70470933638126,18.19991006969083,14.272308744534188,-16.705475586067337,-6.403762531460188,-25.59623746853981,86.70547558606734,3233295.7109017945,23947.315286615445,11.403762531460188,11.403762531460188,0.15246383627919796
11.262484174246948,14.47167580015931,14.272308744534188,-16.705475586067337,-6.403762531460188,-25.59623746853981,86.70547558606734,3233295.7109017945,23947.315286615445,11.403762531460188,11.403762531460188,0.15246383627919796
17.50106944548422,10.062427151770322,14.272308744534188,-16.705475586067337,-6.403762531460188,-25.59623746853981,86.70547558606734,3233295.7109017945,23947.315286615445,11.403762531460188,11.403762531460188,0.15246383627919796
18.67410039479074,13.529405497941603,14.272308744534188,-16.705475586067337,-6.403762531460188,-25.59623746853981,86.70547558606734,3233295.7109017945,23947.315286615445,11.403762531460188,11.403762531460188,0.15246383627919796
16.493152869900648,10.45070630569548,14.272308744534188,-16.705475586067337,-6.403762531460188,-25.59623746853981,86.70547558606734,3233295.7109017945,23947.315286615445,11.403762531460188,11.403762531460188,0.15246383627919796
18.46322862877115,10.230965284854271,14.272308744534188,-16.705475586067337,-6.403762531460188,-25.59623746853981,86.70547558606734,3233295.7109017945,23947.315286615445,11.403762531460188,11.403762531460188,0.15246383627919796
17.38503740167387,22.206947115197536,14.272308744534188,-16.705475586067337,-6.403762531460188,-25.59623746853981,86.70547558606734,3233295.7109017945,23947.315286615445,11.403762531460188,11.403762531460188,0.15246383627919796
15.905732138108439,11.521546465206889,14.272308744534188,-16.705475586067337,-6.403762531460188,-25.59623746853981,86.70547558606734,3233295.7109017945,23947.315286615445,11.403762531460188,11.403762531460188,0.15246383627919796
18.349474333429754,19.994356295217017,14.272308744534188,-16.705475586067337,-6.403762531460188,-25.59623746853981,86.70547558606734,3233295.7109017945,23947.315286615445,11.403762531460188,11.403762531460188,0.15246383627919796
14.036831844055165,16.301111783195434,14.272308744534188,-16.705475586067337,-6.403762531460188,-25.59623746853981,86.70547558606734,3233295.7109017945,23947.315286615445,11.403762531460188,11.403762531460188,0.15246383627919796
18.672224624707525,11.856960565960179,14.272308744534188,-16.705475586067337,-6.403762531460188,-25.59623746853981,86.70547558606734,3233295.7109017945,23947.315286615445,11.403762531460188,11.403762531460188,0.15246383627919796
15.150748949509634,10.35953514050259,14.272308744534188,-16.705475586067337,-6.403762531460188,-25.59623746853981,86.70547558606734,3233295.7109017945,23947.315286615445,11.403762531460188,11.403762531460188,0.15246383627919796
11.141039764718558,12.35261517341489,14.272308744534188,-16.705475586067337,-6.403762531460188,-25.59623746853981,86.70547558606734,3233295.7109017945,23947.315286615445,11.403762531460188,11.403762531460188,0.15246383627919796
16.602278704143778,14.352784250857077,14.272308744534188,-16.705475586067337,-6.403762531460188,-25.59623746853981,86.70547558606734,3233295.7109017945,23947.315286615445,11.403762531460188,11.403762531460188,0.15246383627919796
9.99966332663882,10.300103100248421,14.272308744534188,-16.705475586067337,-6.403762531460188,-25.59623746853981,86.70547558606734,3233295.7109017945,23947.315286615445,11.403762531460188,11.403762531460188,0.15246383627919796
18.67969987114227,19.084469719944565,14.272308744534188,-16.705475586067337,-6.403762531460188,-25.59623746853981,86.70547558606734,3233295.7109017945,23947.315286615445,11.403762531460188,11.403762531460188,0.15246383627919796
18.65894340062634,22.126233284237223,14.272308744534188,-16.705475586067337,-6.403762531460188,-25.59623746853981,86.70547558606734,3233295.7109017945,23947.315286615445,11.403762531460188,11.403762531460188,0.15246383627919796
15.302037123094259,21.843439428515815,14.272308744534188,-16.705475586067337,-6.403762531460188,-25.59623746853981,86.70547558606734,3233295.7109017945,23947.315286615445,11.403762531460188,11.403762531460188,0.15246383627919796
18.667696398080306,11.613857955245713,14.272308744534188,-16.705475586067337,-6.403762531460188,-25.59623746853981,86.70547558606734,3233295.7109017945,23947.315286615445,11.403762531460188,11.403762531460188,0.15246383627919796
16.0154040279315,26.413089820187793,14.272308744534188,-16.705475586067337,-6.403762531460188,-25.59623746853981,86.70547558606734,3233295.7109017945,23947.315286615445,11.403762531460188,11.403762531460188,0.15246383627919796
18.665750267068546,25.262086067995867,14.272308744534188,-16.705475586067337,-6.403762531460188,-25.59623746853981,86.70547558606734,3233295.7109017945,23947.315286615445,11.403762531460188,11.403762531460188,0.15246383627919796
11.342282239880285,10.017301120073412,14.272308744534188,-16.705475586067337,-6.403762531460188,-25.59623746853981,86.70547558606734,3233295.7109017945,23947.315286615445,11.403762531460188,11.403762531460188,0.15246383627919796
18.66041186167322,11.29396307996824,14.272308744534188,-16.705475586067337,-6.403762531460188,-25.59623746853981,86.70547558606734,3233295.7109017945,23947.315286615445,11.403762531460188,11.403762531460188,0.15246383627919796
18.678154596434883,25.669201810420255,14.272308744534188,-16.705475586067337,-6.403762531460188,-25.59623746853981,86.70547558606734,3233295.7109017945,23947.315286615445,11.403762531460188,11.403762531460188,0.15246383627919796
18.65826037411664,21.90470950215264,14.272308744534188,-16.705475586067337,-6.403762531460188,-25.59623746853981,86.70547558606734,3233295.7109017945,23947.315286615445,11.403762531460188,11.403762531460188,0.15246383627919796
18.483499851822167,10.077403915560748,14.272308744534188,-16.705475586067337,-6.403762531460188,-25.59623746853981,86.70547558606734,3233295.7109017945,23947.315286615445,11.403762531460188,11.403762531460188,0.15246383627919796
18.676311923072184,19.686244465218167,14.272308744534188,-16.705475586067337,-6.403762531460188,-25.59623746853981,86.70547558606734,3233295.7109017945,23947.315286615445,11.403762531460188,11.403762531460188,0.15246383627919796
17.91750920714338,20.260977470324555,14.272308744534188,-16.705475586067337,-6.403762531460188,-25.59623746853981,86.70547558606734,3233295.7109017945,23947.315286615445,11.403762531460188,11.403762531460188,0.15246383627919796
18.66377736686909,14.633088912431226,14.272308744534188,-16.705475586067337,-6.403762531460188,-25.59623746853981,86.70547558606734,3233295.7109017945,23947.315286615445,11.403762531460188,11.403762531460188,0.15246383627919796
18.40130219488925,10.31179444614299,14.272308744534188,-16.705475586067337,-6.403762531460188,-25.59623746853981,86.70547558606734,3233295.7109017945,23947.315286615445,11.403762531460188,11.403762531460188,0.15246383627919796
15.991120664083919,11.40093546496912,14.272308744534188,-16.705475586067337,-6.403762531460188,-25.59623746853981,86.70547558606734,3233295.7109017945,23947.315286615445,11.403762531460188,11.403762531460188,0.15246383627919796
17.223685916994427,23.33876802703987,14.272308744534188,-16.705475586067337,-6.403762531460188,-25.59623746853981,86.70547558606734,3233295.7109017945,23947.315286615445,11.403762531460188,11.403762531460188,0.15246383627919796
9.271268112646874,10.013027208270508,14.272308744534188,-16.705475586067337,-6.403762531460188,-25.59623746853981,86.70547558606734,3233295.7109017945,23947.315286615445,11.403762531460188,11.403762531460188,0.15246383627919796
18.667293930660694,17.596872380670483,14.272308744534188,-16.705475586067337,-6.403762531460188,-25.59623746853981,86.70547558606734,3233295.7109017945,23947.315286615445,11.403762531460188,11.403762531460188,0.15246383627919796
16.5295101658026,18.46787379269405,14.272308744534188,-16.705475586067337,-6.403762531460188,-25.59623746853981,86.70547558606734,3233295.7109017945,23947.315286615445,11.403762531460188,11.403762531460188,0.15246383627919796
18.655026602818406,10.199462397154527,14.272308744534188,-16.705475586067337,-6.403762531460188,-25.59623746853981,86.70547558606734,3233295.7109017945,23947.315286615445,11.403762531460188,11.403762531460188,0.15246383627919796
18.666936883950196,16.388994432220336,14.272308744534188,-16.705475586067337,-6.403762531460188,-25.59623746853981,86.70547558606734,3233295.7109017945,23947.315286615445,11.403762531460188,11.403762531460188,0.15246383627919796
3.5607986347136524,10.997569418604012,14.272308744534188,-16.705475586067337,-6.403762531460188,-25.59623746853981,86.70547558606734,3233295.7109017945,23947.315286615445,11.403762531460188,11.403762531460188,0.15246383627919796
18.67017730211665,10.010094056177145,14.272308744534188,-16.705475586067337,-6.403762531460188,-25.59623746853981,86.70547558606734,3233295.7109017945,23947.315286615445,11.403762531460188,11.403762531460188,0.15246383627919796
17.927019625744485,25.7814819329734,14.272308744534188,-16.705475586067337,-6.403762531460188,-25.59623746853981,86.70547558606734,3233295.7109017945,23947.315286615445,11.403762531460188,11.403762531460188,0.15246383627919796
17.70470933638126,11.354160022756943,14.272308744534188,-16.705475586067337,-6.403762531460188,-25.59623746853981,86.70547558606734,3233295.7109017945,23947.315286615445,11.403762531460188,11.403762531460188,0.15246383627919796
11.262484174246948,12.36152225450774,14.272308744534188,-16.705475586067337,-6.403762531460188,-25.59623746853981,86.70547558606734,3233295.7109017945,23947.315286615445,11.403762531460188,11.403762531460188,0.15246383627919796
17.50106944548422,15.193428648747982,14.272308744534188,-16.705475586067337,-6.403762531460188,-25.59623746853981,86.70547558606734,3233295.7109017945,23947.315286615445,11.403762531460188,11.403762531460188,0.15246383627919796
18.67410039479074,10.211719738794208,14.272308744534188,-16.705475586067337,-6.403762531460188,-25.59623746853981,86.70547558606734,3233295.7109017945,23947.315286615445,11.403762531460188,11.403762531460188,0.15246383627919796
18.660369044668148,10.45070630569548,14.272308744534188,-16.705475586067337,-6.403762531460188,-25.59623746853981,86.70547558606734,3233295.7109017945,23947.315286615445,11.403762531460188,11.403762531460188,0.15246383627919796
18.46322862877115,10.181150053242575,14.272308744534188,-16.705475586067337,-6.403762531460188,-25.59623746853981,86.70547558606734,3233295.7109017945,23947.315286615445,11.403762531460188,11.403762531460188,0.15246383627919796
18.667808181910665,22.206947115197536,14.272308744534188,-16.705475586067337,-6.403762531460188,-25.59623746853981,86.70547558606734,3233295.7109017945,23947.315286615445,11.403762531460188,11.403762531460188,0.15246383627919796
18.671532563999676,11.521546465206889,14.272308744534188,-16.705475586067337,-6.403762531460188,-25.59623746853981,86.70547558606734,3233295.7109017945,23947.315286615445,11.403762531460188,11.403762531460188,0.15246383627919796
18.349474333429754,10.239126654820055,14.272308744534188,-16.705475586067337,-6.403762531460188,-25.59623746853981,86.70547558606734,3233295.7109017945,23947.315286615445,11.403762531460188,11.403762531460188,0.15246383627919796
18.660307430820225,10.184997188870494,14.272308744534188,-16.705475586067337,-6.403762531460188,-25.59623746853981,86.70547558606734,3233295.7109017945,23947.315286615445,11.403762531460188,11.403762531460188,0.15246383627919796
17.8441229474767,10.023763590704526,14.272308744534188,-16.705475586067337,-6.403762531460188,-25.59623746853981,86.70547558606734,3233295.7109017945,23947.315286615445,11.403762531460188,11.403762531460188,0.15246383627919796
15.27573550461016,10.32128360253055,14.272308744534188,-16.705475586067337,-6.403762531460188,-25.59623746853981,86.70547558606734,3233295.7109017945,23947.315286615445,11.403762531460188,11.403762531460188,0.15246383627919796
18.666044142125493,12.35261517341489,14.272308744534188,-16.705475586067337,-6.403762531460188,-25.59623746853981,86.70547558606734,3233295.7109017945,23947.315286615445,11.403762531460188,11.403762531460188,0.15246383627919796
16.602278704143778,10.072424720737835,14.272308744534188,-16.705475586067337,-6.403762531460188,-25.59623746853981,86.70547558606734,3233295.7109017945,23947.315286615445,11.403762531460188,11.403762531460188,0.15246383627919796
9.99966332663882,10.138874150635942,14.272308744534188,-16.705475586067337,-6.403762531460188,-25.59623746853981,86.70547558606734,3233295.7109017945,23947.315286615445,11.403762531460188,11.403762531460188,0.15246383627919796
17.62251898955995,19.084469719944565,14.272308744534188,-16.705475586067337,-6.403762531460188,-25.59623746853981,86.70547558606734,3233295.7109017945,23947.315286615445,11.403762531460188,11.403762531460188,0.15246383627919796
18.666147619950184,22.126233284237223,14.272308744534188,-16.705475586067337,-6.403762531460188,-25.59623746853981,86.70547558606734,3233295.7109017945,23947.315286615445,11.403762531460188,11.403762531460188,0.15246383627919796
17.270842474477256,21.843439428515815,14.272308744534188,-16.705475586067337,-6.403762531460188,-25.59623746853981,86.70547558606734,3233295.7109017945,23947.315286615445,11.403762531460188,11.403762531460188,0.15246383627919796
18.658671833352507,11.613857955245713,14.272308744534188,-16.705475586067337,-6.403762531460188,-25.59623746853981,86.70547558606734,3233295.7109017945,23947.315286615445,11.403762531460188,11.403762531460188,0.15246383627919796
18.665010505728347,25.422485141722078,14.272308744534188,-16.705475586067337,-6.403762531460188,-25.59623746853981,86.70547558606734,3233295.7109017945,23947.315286615445,11.403762531460188,11.403762531460188,0.15246383627919796
18.331541840279694,10.325829471639409,14.272308744534188,-16.705475586067337,-6.403762531460188,-25.59623746853981,86.70547558606734,3233295.7109017945,23947.315286615445,11.403762531460188,11.403762531460188,0.15246383627919796
18.66310885059659,10.017301120073412,14.272308744534188,-16.705475586067337,-6.403762531460188,-25.59623746853981,86.70547558606734,3233295.7109017945,23947.315286615445,11.403762531460188,11.403762531460188,0.15246383627919796
17.772850651414807,14.363979143535083,14.272308744534188,-16.705475586067337,-6.403762531460188,-25.59623746853981,86.70547558606734,3233295.7109017945,23947.315286615445,11.403762531460188,11.403762531460188,0.15246383627919796
18.678154596434883,10.239389984684713,14.272308744534188,-16.705475586067337,-6.403762531460188,-25.59623746853981,86.70547558606734,3233295.7109017945,23947.315286615445,11.403762531460188,11.403762531460188,0.15246383627919796
18.65826037411664,10.283620797095793,14.272308744534188,-16.705475586067337,-6.403762531460188,-25.59623746853981,86.70547558606734,3233295.7109017945,23947.315286615445,11.403762531460188,11.403762531460188,0.15246383627919796
16.021513607040582,10.077403915560748,14.272308744534188,-16.705475586067337,-6.403762531460188,-25.59623746853981,86.70547558606734,3233295.7109017945,23947.315286615445,11.403762531460188,11.403762531460188,0.15246383627919796
18.261168556889398,19.686244465218167,14.272308744534188,-16.705475586067337,-6.403762531460188,-25.59623746853981,86.70547558606734,3233295.7109017945,23947.315286615445,11.403762531460188,11.403762531460188,0.15246383627919796
16.441828210460415,20.260977470324555,14.272308744534188,-16.705475586067337,-6.403762531460188,-25.59623746853981,86.70547558606734,3233295.7109017945,23947.315286615445,11.403762531460188,11.403762531460188,0.15246383627919796
18.66377736686909,10.834780827405815,14.272308744534188,-16.705475586067337,-6.403762531460188,-25.59623746853981,86.70547558606734,3233295.7109017945,23947.315286615445,11.403762531460188,11.403762531460188,0.15246383627919796
18.40130219488925,10.015296597791764,14.272308744534188,-16.705475586067337,-6.403762531460188,-25.59623746853981,86.70547558606734,3233295.7109017945,23947.315286615445,11.403762531460188,11.403762531460188,0.15246383627919796
15.991120664083919,13.206445281225612,14.272308744534188,-16.705475586067337,-6.403762531460188,-25.59623746853981,86.70547558606734,3233295.7109017945,23947.315286615445,11.403762531460188,11.403762531460188,0.15246383627919796
17.332522685947545,24.22140666954649,14.272308744534188,-16.705475586067337,-6.403762531460188,-25.59623746853981,86.70547558606734,3233295.7109017945,23947.315286615445,11.403762531460188,11.403762531460188,0.15246383627919796
18.611025039171533,10.013027208270508,14.272308744534188,-16.705475586067337,-6.403762531460188,-25.59623746853981,86.70547558606734,3233295.7109017945,23947.315286615445,11.403762531460188,11.403762531460188,0.15246383627919796
18.667293930660694,12.826224985785668,14.272308744534188,-16.705475586067337,-6.403762531460188,-25.59623746853981,86.70547558606734,3233295.7109017945,23947.315286615445,11.403762531460188,11.403762531460188,0.15246383627919796
14.99703753570023,18.769451789986718,14.272308744534188,-16.705475586067337,-6.403762531460188,-25.59623746853981,86.70547558606734,3233295.7109017945,23947.315286615445,11.403762531460188,11.403762531460188,0.15246383627919796
18.670407152209275,10.392501002278948,14.272308744534188,-16.705475586067337,-6.403762531460188,-25.59623746853981,86.70547558606734,3233295.7109017945,23947.315286615445,11.403762531460188,11.403762531460188,0.15246383627919796
18.118989608043787,10.319854348571148,14.272308744534188,-16.705475586067337,-6.403762531460188,-25.59623746853981,86.70547558606734,3233295.7109017945,23947.315286615445,11.403762531460188,11.403762531460188,0.15246383627919796
18.65050982454638,10.011619283918826,14.272308744534188,-16.705475586067337,-6.403762531460188,-25.59623746853981,86.70547558606734,3233295.7109017945,23947.315286615445,11.403762531460188,11.403762531460188,0.15246383627919796
18.65978417022674,20.310619062918846,14.272308744534188,-16.705475586067337,-6.403762531460188,-25.59623746853981,86.70547558606734,3233295.7109017945,23947.315286615445,11.403762531460188,11.403762531460188,0.15246383627919796
18.675910186072507,11.14121371500774,14.272308744534188,-16.705475586067337,-6.403762531460188,-25.59623746853981,86.70547558606734,3233295.7109017945,23947.315286615445,11.403762531460188,11.403762531460188,0.15246383627919796
17.70470933638126,13.534406333839957,14.272308744534188,-16.705475586067337,-6.403762531460188,-25.59623746853981,86.70547558606734,3233295.7109017945,23947.315286615445,11.403762531460188,11.403762531460188,0.15246383627919796
11.262484174246948,10.273029336722104,14.272308744534188,-16.705475586067337,-6.403762531460188,-25.59623746853981,86.70547558606734,3233295.7109017945,23947.315286615445,11.403762531460188,11.403762531460188,0.15246383627919796
18.664923869650412,10.062427151770322,14.272308744534188,-16.705475586067337,-6.403762531460188,-25.59623746853981,86.70547558606734,3233295.7109017945,23947.315286615445,11.403762531460188,11.403762531460188,0.15246383627919796
16.998786763187645,13.529405497941603,14.272308744534188,-16.705475586067337,-6.403762531460188,-25.59623746853981,86.70547558606734,3233295.7109017945,23947.315286615445,11.403762531460188,11.403762531460188,0.15246383627919796
18.678578118354235,10.45070630569548,14.272308744534188,-16.705475586067337,-6.403762531460188,-25.59623746853981,86.70547558606734,3233295.7109017945,23947.315286615445,11.403762531460188,11.403762531460188,0.15246383627919796
18.380673207800147,14.588086406992382,14.272308744534188,-16.705475586067337,-6.403762531460188,-25.59623746853981,86.70547558606734,3233295.7109017945,23947.315286615445,11.403762531460188,11.403762531460188,0.15246383627919796
18.66774788481618,22.206947115197536,14.272308744534188,-16.705475586067337,-6.403762531460188,-25.59623746853981,86.70547558606734,3233295.7109017945,23947.315286615445,11.403762531460188,11.403762531460188,0.15246383627919796
15.905732138108439,14.587735940845597,14.272308744534188,-16.705475586067337,-6.403762531460188,-25.59623746853981,86.70547558606734,3233295.7109017945,23947.315286615445,11.403762531460188,11.403762531460188,0.15246383627919796
18.26364725405336,19.994356295217017,14.272308744534188,-16.705475586067337,-6.403762531460188,-25.59623746853981,86.70547558606734,3233295.7109017945,23947.315286615445,11.403762531460188,11.403762531460188,0.15246383627919796
14.036831844055165,16.363208012293185,14.272308744534188,-16.705475586067337,-6.403762531460188,-25.59623746853981,86.70547558606734,3233295.7109017945,23947.315286615445,11.403762531460188,11.403762531460188,0.15246383627919796
18.66540483807637,11.856960565960179,14.272308744534188,-16.705475586067337,-6.403762531460188,-25.59623746853981,86.70547558606734,3233295.7109017945,23947.315286615445,11.403762531460188,11.403762531460188,0.15246383627919796
18.656313133127906,10.35953514050259,14.272308744534188,-16.705475586067337,-6.403762531460188,-25.59623746853981,86.70547558606734,3233295.7109017945,23947.315286615445,11.403762531460188,11.403762531460188,0.15246383627919796
18.655947939499754,12.35261517341489,14.272308744534188,-16.705475586067337,-6.403762531460188,-25.59623746853981,86.70547558606734,3233295.7109017945,23947.315286615445,11.403762531460188,11.403762531460188,0.15246383627919796
18.66424127791139,14.352784250857077,14.272308744534188,-16.705475586067337,-6.403762531460188,-25.59623746853981,86.70547558606734,3233295.7109017945,23947.315286615445,11.403762531460188,11.403762531460188,0.15246383627919796
18.66998245066909,10.300103100248421,14.272308744534188,-16.705475586067337,-6.403762531460188,-25.59623746853981,86.70547558606734,3233295.7109017945,23947.315286615445,11.403762531460188,11.403762531460188,0.15246383627919796
17.294441275845923,19.084469719944565,14.272308744534188,-16.705475586067337,-6.403762531460188,-25.59623746853981,86.70547558606734,3233295.7109017945,23947.315286615445,11.403762531460188,11.403762531460188,0.15246383627919796
18.65894340062634,12.239123258289737,14.272308744534188,-16.705475586067337,-6.403762531460188,-25.59623746853981,86.70547558606734,3233295.7109017945,23947.315286615445,11.403762531460188,11.403762531460188,0.15246383627919796
15.302037123094259,10.238035497035273,14.272308744534188,-16.705475586067337,-6.403762531460188,-25.59623746853981,86.70547558606734,3233295.7109017945,23947.315286615445,11.403762531460188,11.403762531460188,0.15246383627919796
18.667696398080306,17.8272935351374,14.272308744534188,-16.705475586067337,-6.403762531460188,-25.59623746853981,86.70547558606734,3233295.7109017945,23947.315286615445,11.403762531460188,11.403762531460188,0.15246383627919796
16.489113409616138,10.014572099215158,14.272308744534188,-16.705475586067337,-6.403762531460188,-25.59623746853981,86.70547558606734,3233295.7109017945,23947.315286615445,11.403762531460188,11.403762531460188,0.15246383627919796
17.300207821799134,13.106251747890905,14.272308744534188,-16.705475586067337,-6.403762531460188,-25.59623746853981,86.70547558606734,3233295.7109017945,23947.315286615445,11.403762531460188,11.403762531460188,0.15246383627919796
11.342282239880285,16.83653186295114,14.272308744534188,-16.705475586067337,-6.403762531460188,-25.59623746853981,86.70547558606734,3233295.7109017945,23947.315286615445,11.403762531460188,11.403762531460188,0.15246383627919796
18.66041186167322,10.140729562092783,14.272308744534188,-16.705475586067337,-6.403762531460188,-25.59623746853981,86.70547558606734,3233295.7109017945,23947.315286615445,11.403762531460188,11.403762531460188,0.15246383627919796
18.678154596434883,10.167998426236363,14.272308744534188,-16.705475586067337,-6.403762531460188,-25.59623746853981,86.70547558606734,3233295.7109017945,23947.315286615445,11.403762531460188,11.403762531460188,0.15246383627919796
18.65826037411664,10.26618742932591,14.272308744534188,-16.705475586067337,-6.403762531460188,-25.59623746853981,86.70547558606734,3233295.7109017945,23947.315286615445,11.403762531460188,11.403762531460188,0.15246383627919796
18.023207777039225,10.2867725700754,14.272308744534188,-16.705475586067337,-6.403762531460188,-25.59623746853981,86.70547558606734,3233295.7109017945,23947.315286615445,11.403762531460188,11.403762531460188,0.15246383627919796
18.676311923072184,10.082109162384448,14.272308744534188,-16.705475586067337,-6.403762531460188,-25.59623746853981,86.70547558606734,3233295.7109017945,23947.315286615445,11.403762531460188,11.403762531460188,0.15246383627919796
18.670381604648526,20.260977470324555,14.272308744534188,-16.705475586067337,-6.403762531460188,-25.59623746853981,86.70547558606734,3233295.7109017945,23947.315286615445,11.403762531460188,11.403762531460188,0.15246383627919796
18.66377736686909,10.175921488385445,14.272308744534188,-16.705475586067337,-6.403762531460188,-25.59623746853981,86.70547558606734,3233295.7109017945,23947.315286615445,11.403762531460188,11.403762531460188,0.15246383627919796
18.649596269931312,17.2844620571841,14.272308744534188,-16.705475586067337,-6.403762531460188,-25.59623746853981,86.70547558606734,3233295.7109017945,23947.315286615445,11.403762531460188,11.403762531460188,0.15246383627919796
18.676088235729676,11.40093546496912,14.272308744534188,-16.705475586067337,-6.403762531460188,-25.59623746853981,86.70547558606734,3233295.7109017945,23947.315286615445,11.403762531460188,11.403762531460188,0.15246383627919796
17.223685916994427,10.37163291804691,14.272308744534188,-16.705475586067337,-6.403762531460188,-25.59623746853981,86.70547558606734,3233295.7109017945,23947.315286615445,11.403762531460188,11.403762531460188,0.15246383627919796
11.260688753460355,10.013027208270508,14.272308744534188,-16.705475586067337,-6.403762531460188,-25.59623746853981,86.70547558606734,3233295.7109017945,23947.315286615445,11.403762531460188,11.403762531460188,0.15246383627919796
18.649664770693335,17.596872380670483,14.272308744534188,-16.705475586067337,-6.403762531460188,-25.59623746853981,86.70547558606734,3233295.7109017945,23947.315286615445,11.403762531460188,11.403762531460188,0.15246383627919796
16.5295101658026,17.522468736162196,14.272308744534188,-16.705475586067337,-6.403762531460188,-25.59623746853981,86.70547558606734,3233295.7109017945,23947.315286615445,11.403762531460188,11.403762531460188,0.15246383627919796
18.655026602818406,15.795506827393154,14.272308744534188,-16.705475586067337,-6.403762531460188,-25.59623746853981,86.70547558606734,3233295.7109017945,23947.315286615445,11.403762531460188,11.403762531460188,0.15246383627919796
16.340567391311716,16.388994432220336,14.272308744534188,-16.705475586067337,-6.403762531460188,-25.59623746853981,86.70547558606734,3233295.7109017945,23947.315286615445,11.403762531460188,11.403762531460188,0.15246383627919796
18.6782311323406,10.011619283918826,14.272308744534188,-16.705475586067337,-6.403762531460188,-25.59623746853981,86.70547558606734,3233295.7109017945,23947.315286615445,11.403762531460188,11.403762531460188,0.15246383627919796
18.67017730211665,10.101402057745169,14.272308744534188,-16.705475586067337,-6.403762531460188,-25.59623746853981,86.70547558606734,3233295.7109017945,23947.315286615445,11.403762531460188,11.403762531460188,0.15246383627919796
17.627035767831977,25.7814819329734,14.272308744534188,-16.705475586067337,-6.403762531460188,-25.59623746853981,86.70547558606734,3233295.7109017945,23947.315286615445,11.403762531460188,11.403762531460188,0.15246383627919796
18.661139404594376,18.19991006969083,14.272308744534188,-16.705475586067337,-6.403762531460188,-25.59623746853981,86.70547558606734,3233295.7109017945,23947.315286615445,11.403762531460188,11.403762531460188,0.15246383627919796
11.262484174246948,10.067868164938009,14.272308744534188,-16.705475586067337,-6.403762531460188,-25.59623746853981,86.70547558606734,3233295.7109017945,23947.315286615445,11.403762531460188,11.403762531460188,0.15246383627919796
17.50106944548422,13.095635946391265,14.272308744534188,-16.705475586067337,-6.403762531460188,-25.59623746853981,86.70547558606734,3233295.7109017945,23947.315286615445,11.403762531460188,11.403762531460188,0.15246383627919796
18.67410039479074,10.222826866296089,14.272308744534188,-16.705475586067337,-6.403762531460188,-25.59623746853981,86.70547558606734,3233295.7109017945,23947.315286615445,11.403762531460188,11.403762531460188,0.15246383627919796
16.493152869900648,10.028361753728177,14.272308744534188,-16.705475586067337,-6.403762531460188,-25.59623746853981,86.70547558606734,3233295.7109017945,23947.315286615445,11.403762531460188,11.403762531460188,0.15246383627919796
18.667542218082556,14.588086406992382,14.272308744534188,-16.705475586067337,-6.403762531460188,-25.59623746853981,86.70547558606734,3233295.7109017945,23947.315286615445,11.403762531460188,11.403762531460188,0.15246383627919796
18.668025920010393,10.171367822364267,14.272308744534188,-16.705475586067337,-6.403762531460188,-25.59623746853981,86.70547558606734,3233295.7109017945,23947.315286615445,11.403762531460188,11.403762531460188,0.15246383627919796
15.905732138108439,10.267238056350138,14.272308744534188,-16.705475586067337,-6.403762531460188,-25.59623746853981,86.70547558606734,3233295.7109017945,23947.315286615445,11.403762531460188,11.403762531460188,0.15246383627919796
18.349474333429754,10.106298791959134,14.272308744534188,-16.705475586067337,-6.403762531460188,-25.59623746853981,86.70547558606734,3233295.7109017945,23947.315286615445,11.403762531460188,11.403762531460188,0.15246383627919796
18.666116241573107,16.301111783195434,14.272308744534188,-16.705475586067337,-6.403762531460188,-25.59623746853981,86.70547558606734,3233295.7109017945,23947.315286615445,11.403762531460188,11.403762531460188,0.15246383627919796
18.658676269084232,11.856960565960179,14.272308744534188,-16.705475586067337,-6.403762531460188,-25.59623746853981,86.70547558606734,3233295.7109017945,23947.315286615445,11.403762531460188,11.403762531460188,0.15246383627919796
18.546790981632846,10.35953514050259,14.272308744534188,-16.705475586067337,-6.403762531460188,-25.59623746853981,86.70547558606734,3233295.7109017945,23947.315286615445,11.403762531460188,11.403762531460188,0.15246383627919796
14.23116585511995,12.35261517341489,14.272308744534188,-16.705475586067337,-6.403762531460188,-25.59623746853981,86.70547558606734,3233295.7109017945,23947.315286615445,11.403762531460188,11.403762531460188,0.15246383627919796
16.602278704143778,12.703235816535145,14.272308744534188,-16.705475586067337,-6.403762531460188,-25.59623746853981,86.70547558606734,3233295.7109017945,23947.315286615445,11.403762531460188,11.403762531460188,0.15246383627919796
17.332729070452217,10.300103100248421,14.272308744534188,-16.705475586067337,-6.403762531460188,-25.59623746853981,86.70547558606734,3233295.7109017945,23947.315286615445,11.403762531460188,11.403762531460188,0.15246383627919796
17.900052212118254,19.084469719944565,14.272308744534188,-16.705475586067337,-6.403762531460188,-25.59623746853981,86.70547558606734,3233295.7109017945,23947.315286615445,11.403762531460188,11.403762531460188,0.15246383627919796
18.665126981419,22.126233284237223,14.272308744534188,-16.705475586067337,-6.403762531460188,-25.59623746853981,86.70547558606734,3233295.7109017945,23947.315286615445,11.403762531460188,11.403762531460188,0.15246383627919796
18.67703254669248,21.843439428515815,14.272308744534188,-16.705475586067337,-6.403762531460188,-25.59623746853981,86.70547558606734,3233295.7109017945,23947.315286615445,11.403762531460188,11.403762531460188,0.15246383627919796
18.667696398080306,10.231385546479235,14.272308744534188,-16.705475586067337,-6.403762531460188,-25.59623746853981,86.70547558606734,3233295.7109017945,23947.315286615445,11.403762531460188,11.403762531460188,0.15246383627919796
18.661361500449356,26.413089820187793,14.272308744534188,-16.705475586067337,-6.403762531460188,-25.59623746853981,86.70547558606734,3233295.7109017945,23947.315286615445,11.403762531460188,11.403762531460188,0.15246383627919796
18.665750267068546,10.266820690199445,14.272308744534188,-16.705475586067337,-6.403762531460188,-25.59623746853981,86.70547558606734,3233295.7109017945,23947.315286615445,11.403762531460188,11.403762531460188,0.15246383627919796
11.342282239880285,15.787706136197222,14.272308744534188,-16.705475586067337,-6.403762531460188,-25.59623746853981,86.70547558606734,3233295.7109017945,23947.315286615445,11.403762531460188,11.403762531460188,0.15246383627919796
18.666373469698026,11.29396307996824,14.272308744534188,-16.705475586067337,-6.403762531460188,-25.59623746853981,86.70547558606734,3233295.7109017945,23947.315286615445,11.403762531460188,11.403762531460188,0.15246383627919796
18.576575963706972,25.669201810420255,14.272308744534188,-16.705475586067337,-6.403762531460188,-25.59623746853981,86.70547558606734,3233295.7109017945,23947.315286615445,11.403762531460188,11.403762531460188,0.15246383627919796
18.65826037411664,14.822522004956664,14.272308744534188,-16.705475586067337,-6.403762531460188,-25.59623746853981,86.70547558606734,3233295.7109017945,23947.315286615445,11.403762531460188,11.403762531460188,0.15246383627919796
18.346899192572117,14.580153004384464,14.272308744534188,-16.705475586067337,-6.403762531460188,-25.59623746853981,86.70547558606734,3233295.7109017945,23947.315286615445,11.403762531460188,11.403762531460188,0.15246383627919796
18.657463064666544,19.686244465218167,14.272308744534188,-16.705475586067337,-6.403762531460188,-25.59623746853981,86.70547558606734,3233295.7109017945,23947.315286615445,11.403762531460188,11.403762531460188,0.15246383627919796
14.891698286137533,10.761879611363536,14.272308744534188,-16.705475586067337,-6.403762531460188,-25.59623746853981,86.70547558606734,3233295.7109017945,23947.315286615445,11.403762531460188,11.403762531460188,0.15246383627919796
18.66377736686909,10.018017704983702,14.272308744534188,-16.705475586067337,-6.403762531460188,-25.59623746853981,86.70547558606734,3233295.7109017945,23947.315286615445,11.403762531460188,11.403762531460188,0.15246383627919796
17.563447076232638,17.2844620571841,14.272308744534188,-16.705475586067337,-6.403762531460188,-25.59623746853981,86.70547558606734,3233295.7109017945,23947.315286615445,11.403762531460188,11.403762531460188,0.15246383627919796
18.44680672198883,11.40093546496912,14.272308744534188,-16.705475586067337,-6.403762531460188,-25.59623746853981,86.70547558606734,3233295.7109017945,23947.315286615445,11.403762531460188,11.403762531460188,0.15246383627919796
18.656985001722376,23.33876802703987,14.272308744534188,-16.705475586067337,-6.403762531460188,-25.59623746853981,86.70547558606734,3233295.7109017945,23947.315286615445,11.403762531460188,11.403762531460188,0.15246383627919796
18.19199103421997,11.518635433405315,14.272308744534188,-16.705475586067337,-6.403762531460188,-25.59623746853981,86.70547558606734,3233295.7109017945,23947.315286615445,11.403762531460188,11.403762531460188,0.15246383627919796
14.732796792399467,17.596872380670483,14.272308744534188,-16.705475586067337,-6.403762531460188,-25.59623746853981,86.70547558606734,3233295.7109017945,23947.315286615445,11.403762531460188,11.403762531460188,0.15246383627919796
18.663710864041327,18.46787379269405,14.272308744534188,-16.705475586067337,-6.403762531460188,-25.59623746853981,86.70547558606734,3233295.7109017945,23947.315286615445,11.403762531460188,11.403762531460188,0.15246383627919796
18.652160160840477,10.392501002278948,14.272308744534188,-16.705475586067337,-6.403762531460188,-25.59623746853981,86.70547558606734,3233295.7109017945,23947.315286615445,11.403762531460188,11.403762531460188,0.15246383627919796
17.728525461122018,16.388994432220336,14.272308744534188,-16.705475586067337,-6.403762531460188,-25.59623746853981,86.70547558606734,3233295.7109017945,23947.315286615445,11.403762531460188,11.403762531460188,0.15246383627919796
17.682722260250912,10.011619283918826,14.272308744534188,-16.705475586067337,-6.403762531460188,-25.59623746853981,86.70547558606734,3233295.7109017945,23947.315286615445,11.403762531460188,11.403762531460188,0.15246383627919796
18.67017730211665,13.450130311918528,14.272308744534188,-16.705475586067337,-6.403762531460188,-25.59623746853981,86.70547558606734,3233295.7109017945,23947.315286615445,11.403762531460188,11.403762531460188,0.15246383627919796
17.65112472826454,25.7814819329734,14.272308744534188,-16.705475586067337,-6.403762531460188,-25.59623746853981,86.70547558606734,3233295.7109017945,23947.315286615445,11.403762531460188,11.403762531460188,0.15246383627919796
17.70470933638126,10.177600865151284,14.272308744534188,-16.705475586067337,-6.403762531460188,-25.59623746853981,86.70547558606734,3233295.7109017945,23947.315286615445,11.403762531460188,11.403762531460188,0.15246383627919796
18.66704158382659,14.47167580015931,14.272308744534188,-16.705475586067337,-6.403762531460188,-25.59623746853981,86.70547558606734,3233295.7109017945,23947.315286615445,11.403762531460188,11.403762531460188,0.15246383627919796
13.95250469760575,10.062427151770322,14.272308744534188,-16.705475586067337,-6.403762531460188,-25.59623746853981,86.70547558606734,3233295.7109017945,23947.315286615445,11.403762531460188,11.403762531460188,0.15246383627919796
18.67410039479074,10.289242163438544,14.272308744534188,-16.705475586067337,-6.403762531460188,-25.59623746853981,86.70547558606734,3233295.7109017945,23947.315286615445,11.403762531460188,11.403762531460188,0.15246383627919796
16.493152869900648,10.438699953294211,14.272308744534188,-16.705475586067337,-6.403762531460188,-25.59623746853981,86.70547558606734,3233295.7109017945,23947.315286615445,11.403762531460188,11.403762531460188,0.15246383627919796
18.46322862877115,13.419653987206832,14.272308744534188,-16.705475586067337,-6.403762531460188,-25.59623746853981,86.70547558606734,3233295.7109017945,23947.315286615445,11.403762531460188,11.403762531460188,0.15246383627919796
18.618333472985064,22.206947115197536,14.272308744534188,-16.705475586067337,-6.403762531460188,-25.59623746853981,86.70547558606734,3233295.7109017945,23947.315286615445,11.403762531460188,11.403762531460188,0.15246383627919796
18.673845049793318,11.521546465206889,14.272308744534188,-16.705475586067337,-6.403762531460188,-25.59623746853981,86.70547558606734,3233295.7109017945,23947.315286615445,11.403762531460188,11.403762531460188,0.15246383627919796
18.349474333429754,17.84377646602558,14.272308744534188,-16.705475586067337,-6.403762531460188,-25.59623746853981,86.70547558606734,3233295.7109017945,23947.315286615445,11.403762531460188,11.403762531460188,0.15246383627919796
14.036831844055165,14.90352228636607,14.272308744534188,-16.705475586067337,-6.403762531460188,-25.59623746853981,86.70547558606734,3233295.7109017945,23947.315286615445,11.403762531460188,11.403762531460188,0.15246383627919796
14.89045783411936,11.856960565960179,14.272308744534188,-16.705475586067337,-6.403762531460188,-25.59623746853981,86.70547558606734,3233295.7109017945,23947.315286615445,11.403762531460188,11.403762531460188,0.15246383627919796
15.150748949509634,10.076858879239182,14.272308744534188,-16.705475586067337,-6.403762531460188,-25.59623746853981,86.70547558606734,3233295.7109017945,23947.315286615445,11.403762531460188,11.403762531460188,0.15246383627919796
11.141039764718558,10.048730523871974,14.272308744534188,-16.705475586067337,-6.403762531460188,-25.59623746853981,86.70547558606734,3233295.7109017945,23947.315286615445,11.403762531460188,11.403762531460188,0.15246383627919796
18.274703908172654,14.352784250857077,14.272308744534188,-16.705475586067337,-6.403762531460188,-25.59623746853981,86.70547558606734,3233295.7109017945,23947.315286615445,11.403762531460188,11.403762531460188,0.15246383627919796
9.99966332663882,16.307707112401598,14.272308744534188,-16.705475586067337,-6.403762531460188,-25.59623746853981,86.70547558606734,3233295.7109017945,23947.315286615445,11.403762531460188,11.403762531460188,0.15246383627919796
18.67969987114227,10.151224859859887,14.272308744534188,-16.705475586067337,-6.403762531460188,-25.59623746853981,86.70547558606734,3233295.7109017945,23947.315286615445,11.403762531460188,11.403762531460188,0.15246383627919796
18.656017199355936,22.126233284237223,14.272308744534188,-16.705475586067337,-6.403762531460188,-25.59623746853981,86.70547558606734,3233295.7109017945,23947.315286615445,11.403762531460188,11.403762531460188,0.15246383627919796
17.278762484814305,21.843439428515815,14.272308744534188,-16.705475586067337,-6.403762531460188,-25.59623746853981,86.70547558606734,3233295.7109017945,23947.315286615445,11.403762531460188,11.403762531460188,0.15246383627919796
18.667696398080306,14.139073188181946,14.272308744534188,-16.705475586067337,-6.403762531460188,-25.59623746853981,86.70547558606734,3233295.7109017945,23947.315286615445,11.403762531460188,11.403762531460188,0.15246383627919796
18.661674841452093,26.413089820187793,14.272308744534188,-16.705475586067337,-6.403762531460188,-25.59623746853981,86.70547558606734,3233295.7109017945,23947.315286615445,11.403762531460188,11.403762531460188,0.15246383627919796
18.665750267068546,10.25235178766394,14.272308744534188,-16.705475586067337,-6.403762531460188,-25.59623746853981,86.70547558606734,3233295.7109017945,23947.315286615445,11.403762531460188,11.403762531460188,0.15246383627919796
18.598149455147706,10.017301120073412,14.272308744534188,-16.705475586067337,-6.403762531460188,-25.59623746853981,86.70547558606734,3233295.7109017945,23947.315286615445,11.403762531460188,11.403762531460188,0.15246383627919796
18.66041186167322,10.21956932036467,14.272308744534188,-16.705475586067337,-6.403762531460188,-25.59623746853981,86.70547558606734,3233295.7109017945,23947.315286615445,11.403762531460188,11.403762531460188,0.15246383627919796
18.678154596434883,10.536038948267901,14.272308744534188,-16.705475586067337,-6.403762531460188,-25.59623746853981,86.70547558606734,3233295.7109017945,23947.315286615445,11.403762531460188,11.403762531460188,0.15246383627919796
18.6577460848598,21.90470950215264,14.272308744534188,-16.705475586067337,-6.403762531460188,-25.59623746853981,86.70547558606734,3233295.7109017945,23947.315286615445,11.403762531460188,11.403762531460188,0.15246383627919796
18.658276732599074,10.077403915560748,14.272308744534188,-16.705475586067337,-6.403762531460188,-25.59623746853981,86.70547558606734,3233295.7109017945,23947.315286615445,11.403762531460188,11.403762531460188,0.15246383627919796
18.667859052914,19.686244465218167,14.272308744534188,-16.705475586067337,-6.403762531460188,-25.59623746853981,86.70547558606734,3233295.7109017945,23947.315286615445,11.403762531460188,11.403762531460188,0.15246383627919796
18.658613276758224,20.260977470324555,14.272308744534188,-16.705475586067337,-6.403762531460188,-25.59623746853981,86.70547558606734,3233295.7109017945,23947.315286615445,11.403762531460188,11.403762531460188,0.15246383627919796
18.66377736686909,10.23084078492171,14.272308744534188,-16.705475586067337,-6.403762531460188,-25.59623746853981,86.70547558606734,3233295.7109017945,23947.315286615445,11.403762531460188,11.403762531460188,0.15246383627919796
18.40130219488925,10.332229159478235,14.272308744534188,-16.705475586067337,-6.403762531460188,-25.59623746853981,86.70547558606734,3233295.7109017945,23947.315286615445,11.403762531460188,11.403762531460188,0.15246383627919796
11.095575984604098,11.40093546496912,14.272308744534188,-16.705475586067337,-6.403762531460188,-25.59623746853981,86.70547558606734,3233295.7109017945,23947.315286615445,11.403762531460188,11.403762531460188,0.15246383627919796
17.223685916994427,13.384008214991333,14.272308744534188,-16.705475586067337,-6.403762531460188,-25.59623746853981,86.70547558606734,3233295.7109017945,23947.315286615445,11.403762531460188,11.403762531460188,0.15246383627919796
18.67163453464681,10.001756983504428,14.272308744534188,-16.705475586067337,-6.403762531460188,-25.59623746853981,86.70547558606734,3233295.7109017945,23947.315286615445,11.403762531460188,11.403762531460188,0.15246383627919796
17.396733549146045,16.946324627074876,14.272308744534188,-16.705475586067337,-6.403762531460188,-25.59623746853981,86.70547558606734,3233295.7109017945,23947.315286615445,11.403762531460188,11.403762531460188,0.15246383627919796
18.665475483454674,18.46787379269405,14.272308744534188,-16.705475586067337,-6.403762531460188,-25.59623746853981,86.70547558606734,3233295.7109017945,23947.315286615445,11.403762531460188,11.403762531460188,0.15246383627919796
18.655026602818406,13.227803053248138,14.272308744534188,-16.705475586067337,-6.403762531460188,-25.59623746853981,86.70547558606734,3233295.7109017945,23947.315286615445,11.403762531460188,11.403762531460188,0.15246383627919796
18.118989608043787,11.267596928390198,14.272308744534188,-16.705475586067337,-6.403762531460188,-25.59623746853981,86.70547558606734,3233295.7109017945,23947.315286615445,11.403762531460188,11.403762531460188,0.15246383627919796
3.5607986347136524,14.296205535984889,14.272308744534188,-16.705475586067337,-6.403762531460188,-25.59623746853981,86.70547558606734,3233295.7109017945,23947.315286615445,11.403762531460188,11.403762531460188,0.15246383627919796
18.67017730211665,10.973506664631095,14.272308744534188,-16.705475586067337,-6.403762531460188,-25.59623746853981,86.70547558606734,3233295.7109017945,23947.315286615445,11.403762531460188,11.403762531460188,0.15246383627919796
16.824639141519203,24.971645493734606,14.272308744534188,-16.705475586067337,-6.403762531460188,-25.59623746853981,86.70547558606734,3233295.7109017945,23947.315286615445,11.403762531460188,11.403762531460188,0.15246383627919796
17.70470933638126,16.339046111395852,14.272308744534188,-16.705475586067337,-6.403762531460188,-25.59623746853981,86.70547558606734,3233295.7109017945,23947.315286615445,11.403762531460188,11.403762531460188,0.15246383627919796
18.666185666347825,14.465590950809517,14.272308744534188,-16.705475586067337,-6.403762531460188,-25.59623746853981,86.70547558606734,3233295.7109017945,23947.315286615445,11.403762531460188,11.403762531460188,0.15246383627919796
17.40868744194469,10.062427151770322,14.272308744534188,-16.705475586067337,-6.403762531460188,-25.59623746853981,86.70547558606734,3233295.7109017945,23947.315286615445,11.403762531460188,11.403762531460188,0.15246383627919796
18.664362227072896,13.529405497941603,14.272308744534188,-16.705475586067337,-6.403762531460188,-25.59623746853981,86.70547558606734,3233295.7109017945,23947.315286615445,11.403762531460188,11.403762531460188,0.15246383627919796
16.493152869900648,10.274351746218215,14.272308744534188,-16.705475586067337,-6.403762531460188,-25.59623746853981,86.70547558606734,3233295.7109017945,23947.315286615445,11.403762531460188,11.403762531460188,0.15246383627919796
18.662932787237445,14.588086406992382,14.272308744534188,-16.705475586067337,-6.403762531460188,-25.59623746853981,86.70547558606734,3233295.7109017945,23947.315286615445,11.403762531460188,11.403762531460188,0.15246383627919796
18.65822768592033,18.244540010985276,14.272308744534188,-16.705475586067337,-6.403762531460188,-25.59623746853981,86.70547558606734,3233295.7109017945,23947.315286615445,11.403762531460188,11.403762531460188,0.15246383627919796
18.645489706832237,11.521546465206889,14.272308744534188,-16.705475586067337,-6.403762531460188,-25.59623746853981,86.70547558606734,3233295.7109017945,23947.315286615445,11.403762531460188,11.403762531460188,0.15246383627919796
18.349474333429754,10.272225237265534,14.272308744534188,-16.705475586067337,-6.403762531460188,-25.59623746853981,86.70547558606734,3233295.7109017945,23947.315286615445,11.403762531460188,11.403762531460188,0.15246383627919796
14.036831844055165,10.331342747119724,14.272308744534188,-16.705475586067337,-6.403762531460188,-25.59623746853981,86.70547558606734,3233295.7109017945,23947.315286615445,11.403762531460188,11.403762531460188,0.15246383627919796
17.8441229474767,17.798190883429136,14.272308744534188,-16.705475586067337,-6.403762531460188,-25.59623746853981,86.70547558606734,3233295.7109017945,23947.315286615445,11.403762531460188,11.403762531460188,0.15246383627919796
15.150748949509634,10.128123199155027,14.272308744534188,-16.705475586067337,-6.403762531460188,-25.59623746853981,86.70547558606734,3233295.7109017945,23947.315286615445,11.403762531460188,11.403762531460188,0.15246383627919796
18.67741841041424,12.35261517341489,14.272308744534188,-16.705475586067337,-6.403762531460188,-25.59623746853981,86.70547558606734,3233295.7109017945,23947.315286615445,11.403762531460188,11.403762531460188,0.15246383627919796
16.968090071329282,14.352784250857077,14.272308744534188,-16.705475586067337,-6.403762531460188,-25.59623746853981,86.70547558606734,3233295.7109017945,23947.315286615445,11.403762531460188,11.403762531460188,0.15246383627919796
18.333755357803746,10.300103100248421,14.272308744534188,-16.705475586067337,-6.403762531460188,-25.59623746853981,86.70547558606734,3233295.7109017945,23947.315286615445,11.403762531460188,11.403762531460188,0.15246383627919796
18.067427017529077,19.084469719944565,14.272308744534188,-16.705475586067337,-6.403762531460188,-25.59623746853981,86.70547558606734,3233295.7109017945,23947.315286615445,11.403762531460188,11.403762531460188,0.15246383627919796
18.65894340062634,12.64069265875504,14.272308744534188,-16.705475586067337,-6.403762531460188,-25.59623746853981,86.70547558606734,3233295.7109017945,23947.315286615445,11.403762531460188,11.403762531460188,0.15246383627919796
15.144192936927016,10.23255356464021,14.272308744534188,-16.705475586067337,-6.403762531460188,-25.59623746853981,86.70547558606734,3233295.7109017945,23947.315286615445,11.403762531460188,11.403762531460188,0.15246383627919796
18.346066521538624,11.613857955245713,14.272308744534188,-16.705475586067337,-6.403762531460188,-25.59623746853981,86.70547558606734,3233295.7109017945,23947.315286615445,11.403762531460188,11.403762531460188,0.15246383627919796
18.667910460393898,26.413089820187793,14.272308744534188,-16.705475586067337,-6.403762531460188,-25.59623746853981,86.70547558606734,3233295.7109017945,23947.315286615445,11.403762531460188,11.403762531460188,0.15246383627919796
18.67067395024051,10.42221702240603,14.272308744534188,-16.705475586067337,-6.403762531460188,-25.59623746853981,86.70547558606734,3233295.7109017945,23947.315286615445,11.403762531460188,11.403762531460188,0.15246383627919796
11.342282239880285,10.673999745274916,14.272308744534188,-16.705475586067337,-6.403762531460188,-25.59623746853981,86.70547558606734,3233295.7109017945,23947.315286615445,11.403762531460188,11.403762531460188,0.15246383627919796
18.676020711649358,11.29396307996824,14.272308744534188,-16.705475586067337,-6.403762531460188,-25.59623746853981,86.70547558606734,3233295.7109017945,23947.315286615445,11.403762531460188,11.403762531460188,0.15246383627919796
18.65920042367211,25.669201810420255,14.272308744534188,-16.705475586067337,-6.403762531460188,-25.59623746853981,86.70547558606734,3233295.7109017945,23947.315286615445,11.403762531460188,11.403762531460188,0.15246383627919796
18.65826037411664,13.263448825463641,14.272308744534188,-16.705475586067337,-6.403762531460188,-25.59623746853981,86.70547558606734,3233295.7109017945,23947.315286615445,11.403762531460188,11.403762531460188,0.15246383627919796
13.961188958828672,10.077403915560748,14.272308744534188,-16.705475586067337,-6.403762531460188,-25.59623746853981,86.70547558606734,3233295.7109017945,23947.315286615445,11.403762531460188,11.403762531460188,0.15246383627919796
18.649797503641118,19.438950071167973,14.272308744534188,-16.705475586067337,-6.403762531460188,-25.59623746853981,86.70547558606734,3233295.7109017945,23947.315286615445,11.403762531460188,11.403762531460188,0.15246383627919796
15.364207216203532,20.260977470324555,14.272308744534188,-16.705475586067337,-6.403762531460188,-25.59623746853981,86.70547558606734,3233295.7109017945,23947.315286615445,11.403762531460188,11.403762531460188,0.15246383627919796
18.66377736686909,10.102409547657203,14.272308744534188,-16.705475586067337,-6.403762531460188,-25.59623746853981,86.70547558606734,3233295.7109017945,23947.315286615445,11.403762531460188,11.403762531460188,0.15246383627919796
18.40130219488925,11.868425395222925,14.272308744534188,-16.705475586067337,-6.403762531460188,-25.59623746853981,86.70547558606734,3233295.7109017945,23947.315286615445,11.403762531460188,11.403762531460188,0.15246383627919796
15.991120664083919,11.858339905442456,14.272308744534188,-16.705475586067337,-6.403762531460188,-25.59623746853981,86.70547558606734,3233295.7109017945,23947.315286615445,11.403762531460188,11.403762531460188,0.15246383627919796
18.67104160681717,23.33876802703987,14.272308744534188,-16.705475586067337,-6.403762531460188,-25.59623746853981,86.70547558606734,3233295.7109017945,23947.315286615445,11.403762531460188,11.403762531460188,0.15246383627919796
9.271268112646874,10.057423662421638,14.272308744534188,-16.705475586067337,-6.403762531460188,-25.59623746853981,86.70547558606734,3233295.7109017945,23947.315286615445,11.403762531460188,11.403762531460188,0.15246383627919796
18.650265318305596,17.596872380670483,14.272308744534188,-16.705475586067337,-6.403762531460188,-25.59623746853981,86.70547558606734,3233295.7109017945,23947.315286615445,11.403762531460188,11.403762531460188,0.15246383627919796
16.5295101658026,10.19748932402965,14.272308744534188,-16.705475586067337,-6.403762531460188,-25.59623746853981,86.70547558606734,3233295.7109017945,23947.315286615445,11.403762531460188,11.403762531460188,0.15246383627919796
18.655026602818406,10.381904313590336,14.272308744534188,-16.705475586067337,-6.403762531460188,-25.59623746853981,86.70547558606734,3233295.7109017945,23947.315286615445,11.403762531460188,11.403762531460188,0.15246383627919796
18.672351381451314,18.25053447409765,14.272308744534188,-16.705475586067337,-6.403762531460188,-25.59623746853981,86.70547558606734,3233295.7109017945,23947.315286615445,11.403762531460188,11.403762531460188,0.15246383627919796
16.27224473711426,10.011619283918826,14.272308744534188,-16.705475586067337,-6.403762531460188,-25.59623746853981,86.70547558606734,3233295.7109017945,23947.315286615445,11.403762531460188,11.403762531460188,0.15246383627919796
18.67017730211665,10.34828209584959,14.272308744534188,-16.705475586067337,-6.403762531460188,-25.59623746853981,86.70547558606734,3233295.7109017945,23947.315286615445,11.403762531460188,11.403762531460188,0.15246383627919796
18.675910186072507,10.263287861226992,14.272308744534188,-16.705475586067337,-6.403762531460188,-25.59623746853981,86.70547558606734,3233295.7109017945,23947.315286615445,11.403762531460188,11.403762531460188,0.15246383627919796
17.70470933638126,10.255415536677717,14.272308744534188,-16.705475586067337,-6.403762531460188,-25.59623746853981,86.70547558606734,3233295.7109017945,23947.315286615445,11.403762531460188,11.403762531460188,0.15246383627919796
11.262484174246948,10.143201707862591,14.272308744534188,-16.705475586067337,-6.403762531460188,-25.59623746853981,86.70547558606734,3233295.7109017945,23947.315286615445,11.403762531460188,11.403762531460188,0.15246383627919796
18.660388434943478,17.8272935351374,14.272308744534188,-16.705475586067337,-6.403762531460188,-25.59623746853981,86.70547558606734,3233295.7109017945,23947.315286615445,11.403762531460188,11.403762531460188,0.15246383627919796
12.784407358628103,13.529405497941603,14.272308744534188,-16.705475586067337,-6.403762531460188,-25.59623746853981,86.70547558606734,3233295.7109017945,23947.315286615445,11.403762531460188,11.403762531460188,0.15246383627919796
18.662594183239452,10.45070630569548,14.272308744534188,-16.705475586067337,-6.403762531460188,-25.59623746853981,86.70547558606734,3233295.7109017945,23947.315286615445,11.403762531460188,11.403762531460188,0.15246383627919796
18.46322862877115,10.34806636699021,14.272308744534188,-16.705475586067337,-6.403762531460188,-25.59623746853981,86.70547558606734,3233295.7109017945,23947.315286615445,11.403762531460188,11.403762531460188,0.15246383627919796
17.38503740167387,10.224508843029213,14.272308744534188,-16.705475586067337,-6.403762531460188,-25.59623746853981,86.70547558606734,3233295.7109017945,23947.315286615445,11.403762531460188,11.403762531460188,0.15246383627919796
18.24519939312221,11.521546465206889,14.272308744534188,-16.705475586067337,-6.403762531460188,-25.59623746853981,86.70547558606734,3233295.7109017945,23947.315286615445,11.403762531460188,11.403762531460188,0.15246383627919796
14.595363462115923,19.994356295217017,14.272308744534188,-16.705475586067337,-6.403762531460188,-25.59623746853981,86.70547558606734,3233295.7109017945,23947.315286615445,11.403762531460188,11.403762531460188,0.15246383627919796
18.64875932471686,16.301111783195434,14.272308744534188,-16.705475586067337,-6.403762531460188,-25.59623746853981,86.70547558606734,3233295.7109017945,23947.315286615445,11.403762531460188,11.403762531460188,0.15246383627919796
17.8441229474767,16.83653186295114,14.272308744534188,-16.705475586067337,-6.403762531460188,-25.59623746853981,86.70547558606734,3233295.7109017945,23947.315286615445,11.403762531460188,11.403762531460188,0.15246383627919796
18.679250056936425,10.35953514050259,14.272308744534188,-16.705475586067337,-6.403762531460188,-25.59623746853981,86.70547558606734,3233295.7109017945,23947.315286615445,11.403762531460188,11.403762531460188,0.15246383627919796
17.62251898955995,12.35261517341489,14.272308744534188,-16.705475586067337,-6.403762531460188,-25.59623746853981,86.70547558606734,3233295.7109017945,23947.315286615445,11.403762531460188,11.403762531460188,0.15246383627919796
16.602278704143778,12.535929270254229,14.272308744534188,-16.705475586067337,-6.403762531460188,-25.59623746853981,86.70547558606734,3233295.7109017945,23947.315286615445,11.403762531460188,11.403762531460188,0.15246383627919796
18.65645255058269,10.300103100248421,14.272308744534188,-16.705475586067337,-6.403762531460188,-25.59623746853981,86.70547558606734,3233295.7109017945,23947.315286615445,11.403762531460188,11.403762531460188,0.15246383627919796
18.585319797270685,19.084469719944565,14.272308744534188,-16.705475586067337,-6.403762531460188,-25.59623746853981,86.70547558606734,3233295.7109017945,23947.315286615445,11.403762531460188,11.403762531460188,0.15246383627919796
18.310484832323574,22.126233284237223,14.272308744534188,-16.705475586067337,-6.403762531460188,-25.59623746853981,86.70547558606734,3233295.7109017945,23947.315286615445,11.403762531460188,11.403762531460188,0.15246383627919796
16.021513607040582,21.843439428515815,14.272308744534188,-16.705475586067337,-6.403762531460188,-25.59623746853981,86.70547558606734,3233295.7109017945,23947.315286615445,11.403762531460188,11.403762531460188,0.15246383627919796
16.998786763187645,11.613857955245713,14.272308744534188,-16.705475586067337,-6.403762531460188,-25.59623746853981,86.70547558606734,3233295.7109017945,23947.315286615445,11.403762531460188,11.403762531460188,0.15246383627919796
16.0154040279315,10.384780199587652,14.272308744534188,-16.705475586067337,-6.403762531460188,-25.59623746853981,86.70547558606734,3233295.7109017945,23947.315286615445,11.403762531460188,11.403762531460188,0.15246383627919796
18.679694177039966,25.262086067995867,14.272308744534188,-16.705475586067337,-6.403762531460188,-25.59623746853981,86.70547558606734,3233295.7109017945,23947.315286615445,11.403762531460188,11.403762531460188,0.15246383627919796
11.342282239880285,14.690914895426758,14.272308744534188,-16.705475586067337,-6.403762531460188,-25.59623746853981,86.70547558606734,3233295.7109017945,23947.315286615445,11.403762531460188,11.403762531460188,0.15246383627919796
18.66041186167322,14.628905917284008,14.272308744534188,-16.705475586067337,-6.403762531460188,-25.59623746853981,86.70547558606734,3233295.7109017945,23947.315286615445,11.403762531460188,11.403762531460188,0.15246383627919796
16.75079324800373,25.669201810420255,14.272308744534188,-16.705475586067337,-6.403762531460188,-25.59623746853981,86.70547558606734,3233295.7109017945,23947.315286615445,11.403762531460188,11.403762531460188,0.15246383627919796
18.65826037411664,11.350274773626893,14.272308744534188,-16.705475586067337,-6.403762531460188,-25.59623746853981,86.70547558606734,3233295.7109017945,23947.315286615445,11.403762531460188,11.403762531460188,0.15246383627919796
18.67806582622263,10.077403915560748,14.272308744534188,-16.705475586067337,-6.403762531460188,-25.59623746853981,86.70547558606734,3233295.7109017945,23947.315286615445,11.403762531460188,11.403762531460188,0.15246383627919796
18.282706631338783,13.844799287689554,14.272308744534188,-16.705475586067337,-6.403762531460188,-25.59623746853981,86.70547558606734,3233295.7109017945,23947.315286615445,11.403762531460188,11.403762531460188,0.15246383627919796
17.061599566348775,20.260977470324555,14.272308744534188,-16.705475586067337,-6.403762531460188,-25.59623746853981,86.70547558606734,3233295.7109017945,23947.315286615445,11.403762531460188,11.403762531460188,0.15246383627919796
18.66377736686909,10.148644270814046,14.272308744534188,-16.705475586067337,-6.403762531460188,-25.59623746853981,86.70547558606734,3233295.7109017945,23947.315286615445,11.403762531460188,11.403762531460188,0.15246383627919796
18.3375003042797,17.2844620571841,14.272308744534188,-16.705475586067337,-6.403762531460188,-25.59623746853981,86.70547558606734,3233295.7109017945,23947.315286615445,11.403762531460188,11.403762531460188,0.15246383627919796
18.659201666679504,11.40093546496912,14.272308744534188,-16.705475586067337,-6.403762531460188,-25.59623746853981,86.70547558606734,3233295.7109017945,23947.315286615445,11.403762531460188,11.403762531460188,0.15246383627919796
17.223685916994427,15.20440965900287,14.272308744534188,-16.705475586067337,-6.403762531460188,-25.59623746853981,86.70547558606734,3233295.7109017945,23947.315286615445,11.403762531460188,11.403762531460188,0.15246383627919796
17.571397106932118,10.013027208270508,14.272308744534188,-16.705475586067337,-6.403762531460188,-25.59623746853981,86.70547558606734,3233295.7109017945,23947.315286615445,11.403762531460188,11.403762531460188,0.15246383627919796
18.274703908172654,17.596872380670483,14.272308744534188,-16.705475586067337,-6.403762531460188,-25.59623746853981,86.70547558606734,3233295.7109017945,23947.315286615445,11.403762531460188,11.403762531460188,0.15246383627919796
16.5295101658026,14.185127550654773,14.272308744534188,-16.705475586067337,-6.403762531460188,-25.59623746853981,86.70547558606734,3233295.7109017945,23947.315286615445,11.403762531460188,11.403762531460188,0.15246383627919796
18.65621292845138,10.392501002278948,14.272308744534188,-16.705475586067337,-6.403762531460188,-25.59623746853981,86.70547558606734,3233295.7109017945,23947.315286615445,11.403762531460188,11.403762531460188,0.15246383627919796
18.329580293942648,16.388994432220336,14.272308744534188,-16.705475586067337,-6.403762531460188,-25.59623746853981,86.70547558606734,3233295.7109017945,23947.315286615445,11.403762531460188,11.403762531460188,0.15246383627919796
3.5607986347136524,10.169124057938362,14.272308744534188,-16.705475586067337,-6.403762531460188,-25.59623746853981,86.70547558606734,3233295.7109017945,23947.315286615445,11.403762531460188,11.403762531460188,0.15246383627919796
18.67017730211665,10.514052307636181,14.272308744534188,-16.705475586067337,-6.403762531460188,-25.59623746853981,86.70547558606734,3233295.7109017945,23947.315286615445,11.403762531460188,11.403762531460188,0.15246383627919796
18.675910186072507,10.385870946819757,14.272308744534188,-16.705475586067337,-6.403762531460188,-25.59623746853981,86.70547558606734,3233295.7109017945,23947.315286615445,11.403762531460188,11.403762531460188,0.15246383627919796
16.613947720824093,18.19991006969083,14.272308744534188,-16.705475586067337,-6.403762531460188,-25.59623746853981,86.70547558606734,3233295.7109017945,23947.315286615445,11.403762531460188,11.403762531460188,0.15246383627919796
18.66016687656692,15.541296929603114,14.272308744534188,-16.705475586067337,-6.403762531460188,-25.59623746853981,86.70547558606734,3233295.7109017945,23947.315286615445,11.403762531460188,11.403762531460188,0.15246383627919796
18.612332339830665,10.062427151770322,14.272308744534188,-16.705475586067337,-6.403762531460188,-25.59623746853981,86.70547558606734,3233295.7109017945,23947.315286615445,11.403762531460188,11.403762531460188,0.15246383627919796
18.679450290642198,13.529405497941603,14.272308744534188,-16.705475586067337,-6.403762531460188,-25.59623746853981,86.70547558606734,3233295.7109017945,23947.315286615445,11.403762531460188,11.403762531460188,0.15246383627919796
16.493152869900648,13.346597612012687,14.272308744534188,-16.705475586067337,-6.403762531460188,-25.59623746853981,86.70547558606734,3233295.7109017945,23947.315286615445,11.403762531460188,11.403762531460188,0.15246383627919796
18.46322862877115,10.359622733895286,14.272308744534188,-16.705475586067337,-6.403762531460188,-25.59623746853981,86.70547558606734,3233295.7109017945,23947.315286615445,11.403762531460188,11.403762531460188,0.15246383627919796
18.660622371350858,22.206947115197536,14.272308744534188,-16.705475586067337,-6.403762531460188,-25.59623746853981,86.70547558606734,3233295.7109017945,23947.315286615445,11.403762531460188,11.403762531460188,0.15246383627919796
15.905732138108439,10.158461281909503,14.272308744534188,-16.705475586067337,-6.403762531460188,-25.59623746853981,86.70547558606734,3233295.7109017945,23947.315286615445,11.403762531460188,11.403762531460188,0.15246383627919796
18.656212362907805,19.994356295217017,14.272308744534188,-16.705475586067337,-6.403762531460188,-25.59623746853981,86.70547558606734,3233295.7109017945,23947.315286615445,11.403762531460188,11.403762531460188,0.15246383627919796
15.583970246700352,16.301111783195434,14.272308744534188,-16.705475586067337,-6.403762531460188,-25.59623746853981,86.70547558606734,3233295.7109017945,23947.315286615445,11.403762531460188,11.403762531460188,0.15246383627919796
18.653920838677685,11.856960565960179,14.272308744534188,-16.705475586067337,-6.403762531460188,-25.59623746853981,86.70547558606734,3233295.7109017945,23947.315286615445,11.403762531460188,11.403762531460188,0.15246383627919796
15.150748949509634,10.366895831075361,14.272308744534188,-16.705475586067337,-6.403762531460188,-25.59623746853981,86.70547558606734,3233295.7109017945,23947.315286615445,11.403762531460188,11.403762531460188,0.15246383627919796
18.663374551091998,12.35261517341489,14.272308744534188,-16.705475586067337,-6.403762531460188,-25.59623746853981,86.70547558606734,3233295.7109017945,23947.315286615445,11.403762531460188,11.403762531460188,0.15246383627919796
17.252393552670046,14.141638979268532,14.272308744534188,-16.705475586067337,-6.403762531460188,-25.59623746853981,86.70547558606734,3233295.7109017945,23947.315286615445,11.403762531460188,11.403762531460188,0.15246383627919796
18.679319118592556,10.300103100248421,14.272308744534188,-16.705475586067337,-6.403762531460188,-25.59623746853981,86.70547558606734,3233295.7109017945,23947.315286615445,11.403762531460188,11.403762531460188,0.15246383627919796
18.67969987114227,18.593236270413428,14.272308744534188,-16.705475586067337,-6.403762531460188,-25.59623746853981,86.70547558606734,3233295.7109017945,23947.315286615445,11.403762531460188,11.403762531460188,0.15246383627919796
18.669145838878848,10.344318950095282,14.272308744534188,-16.705475586067337,-6.403762531460188,-25.59623746853981,86.70547558606734,3233295.7109017945,23947.315286615445,11.403762531460188,11.403762531460188,0.15246383627919796
17.889999149249117,21.843439428515815,14.272308744534188,-16.705475586067337,-6.403762531460188,-25.59623746853981,86.70547558606734,3233295.7109017945,23947.315286615445,11.403762531460188,11.403762531460188,0.15246383627919796
18.15484480544678,11.613857955245713,14.272308744534188,-16.705475586067337,-6.403762531460188,-25.59623746853981,86.70547558606734,3233295.7109017945,23947.315286615445,11.403762531460188,11.403762531460188,0.15246383627919796
16.0154040279315,10.29908187047262,14.272308744534188,-16.705475586067337,-6.403762531460188,-25.59623746853981,86.70547558606734,3233295.7109017945,23947.315286615445,11.403762531460188,11.403762531460188,0.15246383627919796
18.653131760283525,25.262086067995867,14.272308744534188,-16.705475586067337,-6.403762531460188,-25.59623746853981,86.70547558606734,3233295.7109017945,23947.315286615445,11.403762531460188,11.403762531460188,0.15246383627919796
11.342282239880285,10.225488886465904,14.272308744534188,-16.705475586067337,-6.403762531460188,-25.59623746853981,86.70547558606734,3233295.7109017945,23947.315286615445,11.403762531460188,11.403762531460188,0.15246383627919796
18.49180867649703,10.584341506289164,14.272308744534188,-16.705475586067337,-6.403762531460188,-25.59623746853981,86.70547558606734,3233295.7109017945,23947.315286615445,11.403762531460188,11.403762531460188,0.15246383627919796
18.660055017256116,25.669201810420255,14.272308744534188,-16.705475586067337,-6.403762531460188,-25.59623746853981,86.70547558606734,3233295.7109017945,23947.315286615445,11.403762531460188,11.403762531460188,0.15246383627919796
18.65826037411664,10.089927538352946,14.272308744534188,-16.705475586067337,-6.403762531460188,-25.59623746853981,86.70547558606734,3233295.7109017945,23947.315286615445,11.403762531460188,11.403762531460188,0.15246383627919796
17.74504451900483,10.077403915560748,14.272308744534188,-16.705475586067337,-6.403762531460188,-25.59623746853981,86.70547558606734,3233295.7109017945,23947.315286615445,11.403762531460188,11.403762531460188,0.15246383627919796
18.676311923072184,10.071241986983885,14.272308744534188,-16.705475586067337,-6.403762531460188,-25.59623746853981,86.70547558606734,3233295.7109017945,23947.315286615445,11.403762531460188,11.403762531460188,0.15246383627919796
17.91750920714338,10.017745352104747,14.272308744534188,-16.705475586067337,-6.403762531460188,-25.59623746853981,86.70547558606734,3233295.7109017945,23947.315286615445,11.403762531460188,11.403762531460188,0.15246383627919796
16.975839233528923,14.633088912431226,14.272308744534188,-16.705475586067337,-6.403762531460188,-25.59623746853981,86.70547558606734,3233295.7109017945,23947.315286615445,11.403762531460188,11.403762531460188,0.15246383627919796
18.67999982685926,17.2844620571841,14.272308744534188,-16.705475586067337,-6.403762531460188,-25.59623746853981,86.70547558606734,3233295.7109017945,23947.315286615445,11.403762531460188,11.403762531460188,0.15246383627919796
15.991120664083919,10.18894313106675,14.272308744534188,-16.705475586067337,-6.403762531460188,-25.59623746853981,86.70547558606734,3233295.7109017945,23947.315286615445,11.403762531460188,11.403762531460188,0.15246383627919796
17.223685916994427,13.014629605906741,14.272308744534188,-16.705475586067337,-6.403762531460188,-25.59623746853981,86.70547558606734,3233295.7109017945,23947.315286615445,11.403762531460188,11.403762531460188,0.15246383627919796
9.776337189596314,16.412859366319676,14.272308744534188,-16.705475586067337,-6.403762531460188,-25.59623746853981,86.70547558606734,3233295.7109017945,23947.315286615445,11.403762531460188,11.403762531460188,0.15246383627919796
18.66841062680664,10.340771998353759,14.272308744534188,-16.705475586067337,-6.403762531460188,-25.59623746853981,86.70547558606734,3233295.7109017945,23947.315286615445,11.403762531460188,11.403762531460188,0.15246383627919796
18.61512757000174,18.46787379269405,14.272308744534188,-16.705475586067337,-6.403762531460188,-25.59623746853981,86.70547558606734,3233295.7109017945,23947.315286615445,11.403762531460188,11.403762531460188,0.15246383627919796
18.655026602818406,10.269203331176136,14.272308744534188,-16.705475586067337,-6.403762531460188,-25.59623746853981,86.70547558606734,3233295.7109017945,23947.315286615445,11.403762531460188,11.403762531460188,0.15246383627919796
18.118989608043787,10.382489549045488,14.272308744534188,-16.705475586067337,-6.403762531460188,-25.59623746853981,86.70547558606734,3233295.7109017945,23947.315286615445,11.403762531460188,11.403762531460188,0.15246383627919796
3.5607986347136524,10.392235802312083,14.272308744534188,-16.705475586067337,-6.403762531460188,-25.59623746853981,86.70547558606734,3233295.7109017945,23947.315286615445,11.403762531460188,11.403762531460188,0.15246383627919796
18.67017730211665,15.326739236301751,14.272308744534188,-16.705475586067337,-6.403762531460188,-25.59623746853981,86.70547558606734,3233295.7109017945,23947.315286615445,11.403762531460188,11.403762531460188,0.15246383627919796
18.379846809748877,25.340703633913968,14.272308744534188,-16.705475586067337,-6.403762531460188,-25.59623746853981,86.70547558606734,3233295.7109017945,23947.315286615445,11.403762531460188,11.403762531460188,0.15246383627919796
14.32121130080747,18.54392465113476,14.272308744534188,-16.705475586067337,-6.403762531460188,-25.59623746853981,86.70547558606734,3233295.7109017945,23947.315286615445,11.403762531460188,11.403762531460188,0.15246383627919796
11.262484174246948,15.516596957853206,14.272308744534188,-16.705475586067337,-6.403762531460188,-25.59623746853981,86.70547558606734,3233295.7109017945,23947.315286615445,11.403762531460188,11.403762531460188,0.15246383627919796
18.66871775633655,10.062427151770322,14.272308744534188,-16.705475586067337,-6.403762531460188,-25.59623746853981,86.70547558606734,3233295.7109017945,23947.315286615445,11.403762531460188,11.403762531460188,0.15246383627919796
18.67410039479074,14.307142951907942,14.272308744534188,-16.705475586067337,-6.403762531460188,-25.59623746853981,86.70547558606734,3233295.7109017945,23947.315286615445,11.403762531460188,11.403762531460188,0.15246383627919796
18.66744005764649,10.45070630569548,14.272308744534188,-16.705475586067337,-6.403762531460188,-25.59623746853981,86.70547558606734,3233295.7109017945,23947.315286615445,11.403762531460188,11.403762531460188,0.15246383627919796
18.46322862877115,10.061910774606314,14.272308744534188,-16.705475586067337,-6.403762531460188,-25.59623746853981,86.70547558606734,3233295.7109017945,23947.315286615445,11.403762531460188,11.403762531460188,0.15246383627919796
17.38503740167387,17.522468736162196,14.272308744534188,-16.705475586067337,-6.403762531460188,-25.59623746853981,86.70547558606734,3233295.7109017945,23947.315286615445,11.403762531460188,11.403762531460188,0.15246383627919796
18.664227939307953,11.521546465206889,14.272308744534188,-16.705475586067337,-6.403762531460188,-25.59623746853981,86.70547558606734,3233295.7109017945,23947.315286615445,11.403762531460188,11.403762531460188,0.15246383627919796
18.657817374730044,19.994356295217017,14.272308744534188,-16.705475586067337,-6.403762531460188,-25.59623746853981,86.70547558606734,3233295.7109017945,23947.315286615445,11.403762531460188,11.403762531460188,0.15246383627919796
18.675117435354096,16.301111783195434,14.272308744534188,-16.705475586067337,-6.403762531460188,-25.59623746853981,86.70547558606734,3233295.7109017945,23947.315286615445,11.403762531460188,11.403762531460188,0.15246383627919796
17.8441229474767,10.289904828767504,14.272308744534188,-16.705475586067337,-6.403762531460188,-25.59623746853981,86.70547558606734,3233295.7109017945,23947.315286615445,11.403762531460188,11.403762531460188,0.15246383627919796
15.150748949509634,10.067032354663496,14.272308744534188,-16.705475586067337,-6.403762531460188,-25.59623746853981,86.70547558606734,3233295.7109017945,23947.315286615445,11.403762531460188,11.403762531460188,0.15246383627919796
17.3247735237479,12.35261517341489,14.272308744534188,-16.705475586067337,-6.403762531460188,-25.59623746853981,86.70547558606734,3233295.7109017945,23947.315286615445,11.403762531460188,11.403762531460188,0.15246383627919796
16.602278704143778,12.071189285200557,14.272308744534188,-16.705475586067337,-6.403762531460188,-25.59623746853981,86.70547558606734,3233295.7109017945,23947.315286615445,11.403762531460188,11.403762531460188,0.15246383627919796
17.965645994671924,10.300103100248421,14.272308744534188,-16.705475586067337,-6.403762531460188,-25.59623746853981,86.70547558606734,3233295.7109017945,23947.315286615445,11.403762531460188,11.403762531460188,0.15246383627919796
18.67969987114227,10.295628449709781,14.272308744534188,-16.705475586067337,-6.403762531460188,-25.59623746853981,86.70547558606734,3233295.7109017945,23947.315286615445,11.403762531460188,11.403762531460188,0.15246383627919796
18.65894340062634,10.291453835178395,14.272308744534188,-16.705475586067337,-6.403762531460188,-25.59623746853981,86.70547558606734,3233295.7109017945,23947.315286615445,11.403762531460188,11.403762531460188,0.15246383627919796
18.66057727877702,21.843439428515815,14.272308744534188,-16.705475586067337,-6.403762531460188,-25.59623746853981,86.70547558606734,3233295.7109017945,23947.315286615445,11.403762531460188,11.403762531460188,0.15246383627919796
18.667696398080306,10.996439976504021,14.272308744534188,-16.705475586067337,-6.403762531460188,-25.59623746853981,86.70547558606734,3233295.7109017945,23947.315286615445,11.403762531460188,11.403762531460188,0.15246383627919796
16.0154040279315,11.22651243766105,14.272308744534188,-16.705475586067337,-6.403762531460188,-25.59623746853981,86.70547558606734,3233295.7109017945,23947.315286615445,11.403762531460188,11.403762531460188,0.15246383627919796
18.665750267068546,11.365485824715439,14.272308744534188,-16.705475586067337,-6.403762531460188,-25.59623746853981,86.70547558606734,3233295.7109017945,23947.315286615445,11.403762531460188,11.403762531460188,0.15246383627919796
11.342282239880285,10.241382195756497,14.272308744534188,-16.705475586067337,-6.403762531460188,-25.59623746853981,86.70547558606734,3233295.7109017945,23947.315286615445,11.403762531460188,11.403762531460188,0.15246383627919796
18.66041186167322,12.647842247994763,14.272308744534188,-16.705475586067337,-6.403762531460188,-25.59623746853981,86.70547558606734,3233295.7109017945,23947.315286615445,11.403762531460188,11.403762531460188,0.15246383627919796
18.678154596434883,11.981357362374482,14.272308744534188,-16.705475586067337,-6.403762531460188,-25.59623746853981,86.70547558606734,3233295.7109017945,23947.315286615445,11.403762531460188,11.403762531460188,0.15246383627919796
18.65826037411664,11.747448121295406,14.272308744534188,-16.705475586067337,-6.403762531460188,-25.59623746853981,86.70547558606734,3233295.7109017945,23947.315286615445,11.403762531460188,11.403762531460188,0.15246383627919796
18.023207777039225,10.061241378643096,14.272308744534188,-16.705475586067337,-6.403762531460188,-25.59623746853981,86.70547558606734,3233295.7109017945,23947.315286615445,11.403762531460188,11.403762531460188,0.15246383627919796
18.676311923072184,12.214265681691437,14.272308744534188,-16.705475586067337,-6.403762531460188,-25.59623746853981,86.70547558606734,3233295.7109017945,23947.315286615445,11.403762531460188,11.403762531460188,0.15246383627919796
17.91750920714338,11.087159092804093,14.272308744534188,-16.705475586067337,-6.403762531460188,-25.59623746853981,86.70547558606734,3233295.7109017945,23947.315286615445,11.403762531460188,11.403762531460188,0.15246383627919796
12.134286568103343,10.284425308942616,14.272308744534188,-16.705475586067337,-6.403762531460188,-25.59623746853981,86.70547558606734,3233295.7109017945,23947.315286615445,11.403762531460188,11.403762531460188,0.15246383627919796
18.40130219488925,13.685527059501506,14.272308744534188,-16.705475586067337,-6.403762531460188,-25.59623746853981,86.70547558606734,3233295.7109017945,23947.315286615445,11.403762531460188,11.403762531460188,0.15246383627919796
18.312719082399695,11.349722150354541,14.272308744534188,-16.705475586067337,-6.403762531460188,-25.59623746853981,86.70547558606734,3233295.7109017945,23947.315286615445,11.403762531460188,11.403762531460188,0.15246383627919796
17.223685916994427,10.038576316330182,14.272308744534188,-16.705475586067337,-6.403762531460188,-25.59623746853981,86.70547558606734,3233295.7109017945,23947.315286615445,11.403762531460188,11.403762531460188,0.15246383627919796
9.271268112646874,10.131375810135623,14.272308744534188,-16.705475586067337,-6.403762531460188,-25.59623746853981,86.70547558606734,3233295.7109017945,23947.315286615445,11.403762531460188,11.403762531460188,0.15246383627919796
18.667293930660694,10.05991034872136,14.272308744534188,-16.705475586067337,-6.403762531460188,-25.59623746853981,86.70547558606734,3233295.7109017945,23947.315286615445,11.403762531460188,11.403762531460188,0.15246383627919796
16.5295101658026,10.394637958180397,14.272308744534188,-16.705475586067337,-6.403762531460188,-25.59623746853981,86.70547558606734,3233295.7109017945,23947.315286615445,11.403762531460188,11.403762531460188,0.15246383627919796
18.663378914060775,10.311764537723914,14.272308744534188,-16.705475586067337,-6.403762531460188,-25.59623746853981,86.70547558606734,3233295.7109017945,23947.315286615445,11.403762531460188,11.403762531460188,0.15246383627919796
18.667909482993583,16.388994432220336,14.272308744534188,-16.705475586067337,-6.403762531460188,-25.59623746853981,86.70547558606734,3233295.7109017945,23947.315286615445,11.403762531460188,11.403762531460188,0.15246383627919796
18.657638970317482,10.011619283918826,14.272308744534188,-16.705475586067337,-6.403762531460188,-25.59623746853981,86.70547558606734,3233295.7109017945,23947.315286615445,11.403762531460188,11.403762531460188,0.15246383627919796
17.798232266669736,20.310619062918846,14.272308744534188,-16.705475586067337,-6.403762531460188,-25.59623746853981,86.70547558606734,3233295.7109017945,23947.315286615445,11.403762531460188,11.403762531460188,0.15246383627919796
18.675910186072507,16.259367143258086,14.272308744534188,-16.705475586067337,-6.403762531460188,-25.59623746853981,86.70547558606734,3233295.7109017945,23947.315286615445,11.403762531460188,11.403762531460188,0.15246383627919796
18.670667369903793,18.19991006969083,14.272308744534188,-16.705475586067337,-6.403762531460188,-25.59623746853981,86.70547558606734,3233295.7109017945,23947.315286615445,11.403762531460188,11.403762531460188,0.15246383627919796
18.653067087212797,14.47167580015931,14.272308744534188,-16.705475586067337,-6.403762531460188,-25.59623746853981,86.70547558606734,3233295.7109017945,23947.315286615445,11.403762531460188,11.403762531460188,0.15246383627919796
17.50106944548422,10.333055227627831,14.272308744534188,-16.705475586067337,-6.403762531460188,-25.59623746853981,86.70547558606734,3233295.7109017945,23947.315286615445,11.403762531460188,11.403762531460188,0.15246383627919796
18.67410039479074,13.014629605906741,14.272308744534188,-16.705475586067337,-6.403762531460188,-25.59623746853981,86.70547558606734,3233295.7109017945,23947.315286615445,11.403762531460188,11.403762531460188,0.15246383627919796
16.493152869900648,10.012423213571907,14.272308744534188,-16.705475586067337,-6.403762531460188,-25.59623746853981,86.70547558606734,3233295.7109017945,23947.315286615445,11.403762531460188,11.403762531460188,0.15246383627919796
18.46322862877115,18.448994362248634,14.272308744534188,-16.705475586067337,-6.403762531460188,-25.59623746853981,86.70547558606734,3233295.7109017945,23947.315286615445,11.403762531460188,11.403762531460188,0.15246383627919796
17.889999149249117,22.206947115197536,14.272308744534188,-16.705475586067337,-6.403762531460188,-25.59623746853981,86.70547558606734,3233295.7109017945,23947.315286615445,11.403762531460188,11.403762531460188,0.15246383627919796
18.675629421632046,11.521546465206889,14.272308744534188,-16.705475586067337,-6.403762531460188,-25.59623746853981,86.70547558606734,3233295.7109017945,23947.315286615445,11.403762531460188,11.403762531460188,0.15246383627919796
18.349474333429754,12.758343736822688,14.272308744534188,-16.705475586067337,-6.403762531460188,-25.59623746853981,86.70547558606734,3233295.7109017945,23947.315286615445,11.403762531460188,11.403762531460188,0.15246383627919796
18.648051800781545,16.301111783195434,14.272308744534188,-16.705475586067337,-6.403762531460188,-25.59623746853981,86.70547558606734,3233295.7109017945,23947.315286615445,11.403762531460188,11.403762531460188,0.15246383627919796
17.8441229474767,10.332634471356574,14.272308744534188,-16.705475586067337,-6.403762531460188,-25.59623746853981,86.70547558606734,3233295.7109017945,23947.315286615445,11.403762531460188,11.403762531460188,0.15246383627919796
16.973170030831263,10.35953514050259,14.272308744534188,-16.705475586067337,-6.403762531460188,-25.59623746853981,86.70547558606734,3233295.7109017945,23947.315286615445,11.403762531460188,11.403762531460188,0.15246383627919796
18.661870869377168,12.35261517341489,14.272308744534188,-16.705475586067337,-6.403762531460188,-25.59623746853981,86.70547558606734,3233295.7109017945,23947.315286615445,11.403762531460188,11.403762531460188,0.15246383627919796
18.676618113706418,14.352784250857077,14.272308744534188,-16.705475586067337,-6.403762531460188,-25.59623746853981,86.70547558606734,3233295.7109017945,23947.315286615445,11.403762531460188,11.403762531460188,0.15246383627919796
9.99966332663882,10.096155745351048,14.272308744534188,-16.705475586067337,-6.403762531460188,-25.59623746853981,86.70547558606734,3233295.7109017945,23947.315286615445,11.403762531460188,11.403762531460188,0.15246383627919796
18.115930989269764,19.322112086434117,14.272308744534188,-16.705475586067337,-6.403762531460188,-25.59623746853981,86.70547558606734,3233295.7109017945,23947.315286615445,11.403762531460188,11.403762531460188,0.15246383627919796
18.675138967332646,22.126233284237223,14.272308744534188,-16.705475586067337,-6.403762531460188,-25.59623746853981,86.70547558606734,3233295.7109017945,23947.315286615445,11.403762531460188,11.403762531460188,0.15246383627919796
15.078927117510597,12.861735149655168,14.272308744534188,-16.705475586067337,-6.403762531460188,-25.59623746853981,86.70547558606734,3233295.7109017945,23947.315286615445,11.403762531460188,11.403762531460188,0.15246383627919796
18.667696398080306,11.880758708849175,14.272308744534188,-16.705475586067337,-6.403762531460188,-25.59623746853981,86.70547558606734,3233295.7109017945,23947.315286615445,11.403762531460188,11.403762531460188,0.15246383627919796
16.0154040279315,10.09376849199866,14.272308744534188,-16.705475586067337,-6.403762531460188,-25.59623746853981,86.70547558606734,3233295.7109017945,23947.315286615445,11.403762531460188,11.403762531460188,0.15246383627919796
18.67156730637304,25.262086067995867,14.272308744534188,-16.705475586067337,-6.403762531460188,-25.59623746853981,86.70547558606734,3233295.7109017945,23947.315286615445,11.403762531460188,11.403762531460188,0.15246383627919796
18.664973713977528,10.017301120073412,14.272308744534188,-16.705475586067337,-6.403762531460188,-25.59623746853981,86.70547558606734,3233295.7109017945,23947.315286615445,11.403762531460188,11.403762531460188,0.15246383627919796
17.38267886195789,11.29396307996824,14.272308744534188,-16.705475586067337,-6.403762531460188,-25.59623746853981,86.70547558606734,3233295.7109017945,23947.315286615445,11.403762531460188,11.403762531460188,0.15246383627919796
18.375444108622858,25.669201810420255,14.272308744534188,-16.705475586067337,-6.403762531460188,-25.59623746853981,86.70547558606734,3233295.7109017945,23947.315286615445,11.403762531460188,11.403762531460188,0.15246383627919796
11.893343117635524,20.423579140305264,14.272308744534188,-16.705475586067337,-6.403762531460188,-25.59623746853981,86.70547558606734,3233295.7109017945,23947.315286615445,11.403762531460188,11.403762531460188,0.15246383627919796
18.023207777039225,10.050934471016902,14.272308744534188,-16.705475586067337,-6.403762531460188,-25.59623746853981,86.70547558606734,3233295.7109017945,23947.315286615445,11.403762531460188,11.403762531460188,0.15246383627919796
18.66187932583901,10.278709309659622,14.272308744534188,-16.705475586067337,-6.403762531460188,-25.59623746853981,86.70547558606734,3233295.7109017945,23947.315286615445,11.403762531460188,11.403762531460188,0.15246383627919796
17.91750920714338,10.498962247417243,14.272308744534188,-16.705475586067337,-6.403762531460188,-25.59623746853981,86.70547558606734,3233295.7109017945,23947.315286615445,11.403762531460188,11.403762531460188,0.15246383627919796
18.678090394647075,10.622847540104267,14.272308744534188,-16.705475586067337,-6.403762531460188,-25.59623746853981,86.70547558606734,3233295.7109017945,23947.315286615445,11.403762531460188,11.403762531460188,0.15246383627919796
16.350637288441128,18.471144152315503,14.272308744534188,-16.705475586067337,-6.403762531460188,-25.59623746853981,86.70547558606734,3233295.7109017945,23947.315286615445,11.403762531460188,11.403762531460188,0.15246383627919796
18.661436978255022,11.40093546496912,14.272308744534188,-16.705475586067337,-6.403762531460188,-25.59623746853981,86.70547558606734,3233295.7109017945,23947.315286615445,11.403762531460188,11.403762531460188,0.15246383627919796
18.675885719544915,23.33876802703987,14.272308744534188,-16.705475586067337,-6.403762531460188,-25.59623746853981,86.70547558606734,3233295.7109017945,23947.315286615445,11.403762531460188,11.403762531460188,0.15246383627919796
18.645079491659285,10.013027208270508,14.272308744534188,-16.705475586067337,-6.403762531460188,-25.59623746853981,86.70547558606734,3233295.7109017945,23947.315286615445,11.403762531460188,11.403762531460188,0.15246383627919796
18.169225309472942,17.596872380670483,14.272308744534188,-16.705475586067337,-6.403762531460188,-25.59623746853981,86.70547558606734,3233295.7109017945,23947.315286615445,11.403762531460188,11.403762531460188,0.15246383627919796
16.5295101658026,10.37680376581612,14.272308744534188,-16.705475586067337,-6.403762531460188,-25.59623746853981,86.70547558606734,3233295.7109017945,23947.315286615445,11.403762531460188,11.403762531460188,0.15246383627919796
18.655026602818406,11.537595013101232,14.272308744534188,-16.705475586067337,-6.403762531460188,-25.59623746853981,86.70547558606734,3233295.7109017945,23947.315286615445,11.403762531460188,11.403762531460188,0.15246383627919796
18.118989608043787,10.168574277404673,14.272308744534188,-16.705475586067337,-6.403762531460188,-25.59623746853981,86.70547558606734,3233295.7109017945,23947.315286615445,11.403762531460188,11.403762531460188,0.15246383627919796
3.5607986347136524,10.030662301168178,14.272308744534188,-16.705475586067337,-6.403762531460188,-25.59623746853981,86.70547558606734,3233295.7109017945,23947.315286615445,11.403762531460188,11.403762531460188,0.15246383627919796
18.67017730211665,10.28603975714065,14.272308744534188,-16.705475586067337,-6.403762531460188,-25.59623746853981,86.70547558606734,3233295.7109017945,23947.315286615445,11.403762531460188,11.403762531460188,0.15246383627919796
18.675910186072507,14.279225518969021,14.272308744534188,-16.705475586067337,-6.403762531460188,-25.59623746853981,86.70547558606734,3233295.7109017945,23947.315286615445,11.403762531460188,11.403762531460188,0.15246383627919796
17.70470933638126,13.301477343767548,14.272308744534188,-16.705475586067337,-6.403762531460188,-25.59623746853981,86.70547558606734,3233295.7109017945,23947.315286615445,11.403762531460188,11.403762531460188,0.15246383627919796
18.647106592481357,14.47167580015931,14.272308744534188,-16.705475586067337,-6.403762531460188,-25.59623746853981,86.70547558606734,3233295.7109017945,23947.315286615445,11.403762531460188,11.403762531460188,0.15246383627919796
17.50106944548422,13.317703741028922,14.272308744534188,-16.705475586067337,-6.403762531460188,-25.59623746853981,86.70547558606734,3233295.7109017945,23947.315286615445,11.403762531460188,11.403762531460188,0.15246383627919796
18.67410039479074,15.343222167189928,14.272308744534188,-16.705475586067337,-6.403762531460188,-25.59623746853981,86.70547558606734,3233295.7109017945,23947.315286615445,11.403762531460188,11.403762531460188,0.15246383627919796
13.961530472083524,10.45070630569548,14.272308744534188,-16.705475586067337,-6.403762531460188,-25.59623746853981,86.70547558606734,3233295.7109017945,23947.315286615445,11.403762531460188,11.403762531460188,0.15246383627919796
18.46322862877115,10.18704875878413,14.272308744534188,-16.705475586067337,-6.403762531460188,-25.59623746853981,86.70547558606734,3233295.7109017945,23947.315286615445,11.403762531460188,11.403762531460188,0.15246383627919796
18.17229261995071,22.206947115197536,14.272308744534188,-16.705475586067337,-6.403762531460188,-25.59623746853981,86.70547558606734,3233295.7109017945,23947.315286615445,11.403762531460188,11.403762531460188,0.15246383627919796
15.905732138108439,10.03070628140307,14.272308744534188,-16.705475586067337,-6.403762531460188,-25.59623746853981,86.70547558606734,3233295.7109017945,23947.315286615445,11.403762531460188,11.403762531460188,0.15246383627919796
18.658226570442185,19.994356295217017,14.272308744534188,-16.705475586067337,-6.403762531460188,-25.59623746853981,86.70547558606734,3233295.7109017945,23947.315286615445,11.403762531460188,11.403762531460188,0.15246383627919796
14.327344964728614,16.301111783195434,14.272308744534188,-16.705475586067337,-6.403762531460188,-25.59623746853981,86.70547558606734,3233295.7109017945,23947.315286615445,11.403762531460188,11.403762531460188,0.15246383627919796
18.6639410970258,12.062892479130578,14.272308744534188,-16.705475586067337,-6.403762531460188,-25.59623746853981,86.70547558606734,3233295.7109017945,23947.315286615445,11.403762531460188,11.403762531460188,0.15246383627919796
18.65657602410861,10.35953514050259,14.272308744534188,-16.705475586067337,-6.403762531460188,-25.59623746853981,86.70547558606734,3233295.7109017945,23947.315286615445,11.403762531460188,11.403762531460188,0.15246383627919796
11.141039764718558,10.394637958180397,14.272308744534188,-16.705475586067337,-6.403762531460188,-25.59623746853981,86.70547558606734,3233295.7109017945,23947.315286615445,11.403762531460188,11.403762531460188,0.15246383627919796
18.49068647131584,14.352784250857077,14.272308744534188,-16.705475586067337,-6.403762531460188,-25.59623746853981,86.70547558606734,3233295.7109017945,23947.315286615445,11.403762531460188,11.403762531460188,0.15246383627919796
9.99966332663882,17.056075373839462,14.272308744534188,-16.705475586067337,-6.403762531460188,-25.59623746853981,86.70547558606734,3233295.7109017945,23947.315286615445,11.403762531460188,11.403762531460188,0.15246383627919796
17.965645994671924,19.084469719944565,14.272308744534188,-16.705475586067337,-6.403762531460188,-25.59623746853981,86.70547558606734,3233295.7109017945,23947.315286615445,11.403762531460188,11.403762531460188,0.15246383627919796
18.670134712865227,22.126233284237223,14.272308744534188,-16.705475586067337,-6.403762531460188,-25.59623746853981,86.70547558606734,3233295.7109017945,23947.315286615445,11.403762531460188,11.403762531460188,0.15246383627919796
18.677633002914163,21.843439428515815,14.272308744534188,-16.705475586067337,-6.403762531460188,-25.59623746853981,86.70547558606734,3233295.7109017945,23947.315286615445,11.403762531460188,11.403762531460188,0.15246383627919796
18.672615449949244,11.613857955245713,14.272308744534188,-16.705475586067337,-6.403762531460188,-25.59623746853981,86.70547558606734,3233295.7109017945,23947.315286615445,11.403762531460188,11.403762531460188,0.15246383627919796
16.0154040279315,17.095063753296785,14.272308744534188,-16.705475586067337,-6.403762531460188,-25.59623746853981,86.70547558606734,3233295.7109017945,23947.315286615445,11.403762531460188,11.403762531460188,0.15246383627919796
16.8523806759437,23.387023137736833,14.272308744534188,-16.705475586067337,-6.403762531460188,-25.59623746853981,86.70547558606734,3233295.7109017945,23947.315286615445,11.403762531460188,11.403762531460188,0.15246383627919796
18.671073708097303,10.015459391004025,14.272308744534188,-16.705475586067337,-6.403762531460188,-25.59623746853981,86.70547558606734,3233295.7109017945,23947.315286615445,11.403762531460188,11.403762531460188,0.15246383627919796
18.66041186167322,10.255058890922179,14.272308744534188,-16.705475586067337,-6.403762531460188,-25.59623746853981,86.70547558606734,3233295.7109017945,23947.315286615445,11.403762531460188,11.403762531460188,0.15246383627919796
18.438464723514148,13.443736380913421,14.272308744534188,-16.705475586067337,-6.403762531460188,-25.59623746853981,86.70547558606734,3233295.7109017945,23947.315286615445,11.403762531460188,11.403762531460188,0.15246383627919796
18.675571106702684,21.90470950215264,14.272308744534188,-16.705475586067337,-6.403762531460188,-25.59623746853981,86.70547558606734,3233295.7109017945,23947.315286615445,11.403762531460188,11.403762531460188,0.15246383627919796
18.023207777039225,10.388361810889716,14.272308744534188,-16.705475586067337,-6.403762531460188,-25.59623746853981,86.70547558606734,3233295.7109017945,23947.315286615445,11.403762531460188,11.403762531460188,0.15246383627919796
17.596288783353014,19.686244465218167,14.272308744534188,-16.705475586067337,-6.403762531460188,-25.59623746853981,86.70547558606734,3233295.7109017945,23947.315286615445,11.403762531460188,11.403762531460188,0.15246383627919796
17.91750920714338,10.010849311740579,14.272308744534188,-16.705475586067337,-6.403762531460188,-25.59623746853981,86.70547558606734,3233295.7109017945,23947.315286615445,11.403762531460188,11.403762531460188,0.15246383627919796
18.189528022363824,14.633088912431226,14.272308744534188,-16.705475586067337,-6.403762531460188,-25.59623746853981,86.70547558606734,3233295.7109017945,23947.315286615445,11.403762531460188,11.403762531460188,0.15246383627919796
18.40130219488925,11.418757038862182,14.272308744534188,-16.705475586067337,-6.403762531460188,-25.59623746853981,86.70547558606734,3233295.7109017945,23947.315286615445,11.403762531460188,11.403762531460188,0.15246383627919796
17.568727904234457,11.40093546496912,14.272308744534188,-16.705475586067337,-6.403762531460188,-25.59623746853981,86.70547558606734,3233295.7109017945,23947.315286615445,11.403762531460188,11.403762531460188,0.15246383627919796
17.223685916994427,10.056345691905314,14.272308744534188,-16.705475586067337,-6.403762531460188,-25.59623746853981,86.70547558606734,3233295.7109017945,23947.315286615445,11.403762531460188,11.403762531460188,0.15246383627919796
18.670725774327128,10.013027208270508,14.272308744534188,-16.705475586067337,-6.403762531460188,-25.59623746853981,86.70547558606734,3233295.7109017945,23947.315286615445,11.403762531460188,11.403762531460188,0.15246383627919796
18.667293930660694,18.567832336487683,14.272308744534188,-16.705475586067337,-6.403762531460188,-25.59623746853981,86.70547558606734,3233295.7109017945,23947.315286615445,11.403762531460188,11.403762531460188,0.15246383627919796
17.347290560793844,18.46787379269405,14.272308744534188,-16.705475586067337,-6.403762531460188,-25.59623746853981,86.70547558606734,3233295.7109017945,23947.315286615445,11.403762531460188,11.403762531460188,0.15246383627919796
18.645382598083884,10.392501002278948,14.272308744534188,-16.705475586067337,-6.403762531460188,-25.59623746853981,86.70547558606734,3233295.7109017945,23947.315286615445,11.403762531460188,11.403762531460188,0.15246383627919796
18.118989608043787,18.188399949708696,14.272308744534188,-16.705475586067337,-6.403762531460188,-25.59623746853981,86.70547558606734,3233295.7109017945,23947.315286615445,11.403762531460188,11.403762531460188,0.15246383627919796
3.5607986347136524,10.224948466726325,14.272308744534188,-16.705475586067337,-6.403762531460188,-25.59623746853981,86.70547558606734,3233295.7109017945,23947.315286615445,11.403762531460188,11.403762531460188,0.15246383627919796
18.67919491318669,20.310619062918846,14.272308744534188,-16.705475586067337,-6.403762531460188,-25.59623746853981,86.70547558606734,3233295.7109017945,23947.315286615445,11.403762531460188,11.403762531460188,0.15246383627919796
18.672466488412464,25.7814819329734,14.272308744534188,-16.705475586067337,-6.403762531460188,-25.59623746853981,86.70547558606734,3233295.7109017945,23947.315286615445,11.403762531460188,11.403762531460188,0.15246383627919796
18.664808915724816,18.19991006969083,14.272308744534188,-16.705475586067337,-6.403762531460188,-25.59623746853981,86.70547558606734,3233295.7109017945,23947.315286615445,11.403762531460188,11.403762531460188,0.15246383627919796
11.262484174246948,10.029586398370483,14.272308744534188,-16.705475586067337,-6.403762531460188,-25.59623746853981,86.70547558606734,3233295.7109017945,23947.315286615445,11.403762531460188,11.403762531460188,0.15246383627919796
17.50106944548422,14.716060759818369,14.272308744534188,-16.705475586067337,-6.403762531460188,-25.59623746853981,86.70547558606734,3233295.7109017945,23947.315286615445,11.403762531460188,11.403762531460188,0.15246383627919796
11.684891197433123,13.529405497941603,14.272308744534188,-16.705475586067337,-6.403762531460188,-25.59623746853981,86.70547558606734,3233295.7109017945,23947.315286615445,11.403762531460188,11.403762531460188,0.15246383627919796
18.66203197358763,10.45070630569548,14.272308744534188,-16.705475586067337,-6.403762531460188,-25.59623746853981,86.70547558606734,3233295.7109017945,23947.315286615445,11.403762531460188,11.403762531460188,0.15246383627919796
18.658566522002545,14.588086406992382,14.272308744534188,-16.705475586067337,-6.403762531460188,-25.59623746853981,86.70547558606734,3233295.7109017945,23947.315286615445,11.403762531460188,11.403762531460188,0.15246383627919796
17.38503740167387,17.05537141166363,14.272308744534188,-16.705475586067337,-6.403762531460188,-25.59623746853981,86.70547558606734,3233295.7109017945,23947.315286615445,11.403762531460188,11.403762531460188,0.15246383627919796
15.905732138108439,11.005575673766085,14.272308744534188,-16.705475586067337,-6.403762531460188,-25.59623746853981,86.70547558606734,3233295.7109017945,23947.315286615445,11.403762531460188,11.403762531460188,0.15246383627919796
18.374671471269167,19.994356295217017,14.272308744534188,-16.705475586067337,-6.403762531460188,-25.59623746853981,86.70547558606734,3233295.7109017945,23947.315286615445,11.403762531460188,11.403762531460188,0.15246383627919796
15.373191816987056,16.301111783195434,14.272308744534188,-16.705475586067337,-6.403762531460188,-25.59623746853981,86.70547558606734,3233295.7109017945,23947.315286615445,11.403762531460188,11.403762531460188,0.15246383627919796
18.66977896673254,11.856960565960179,14.272308744534188,-16.705475586067337,-6.403762531460188,-25.59623746853981,86.70547558606734,3233295.7109017945,23947.315286615445,11.403762531460188,11.403762531460188,0.15246383627919796
16.47279142740136,10.35953514050259,14.272308744534188,-16.705475586067337,-6.403762531460188,-25.59623746853981,86.70547558606734,3233295.7109017945,23947.315286615445,11.403762531460188,11.403762531460188,0.15246383627919796
17.269937578836373,12.35261517341489,14.272308744534188,-16.705475586067337,-6.403762531460188,-25.59623746853981,86.70547558606734,3233295.7109017945,23947.315286615445,11.403762531460188,11.403762531460188,0.15246383627919796
17.321115234547193,14.352784250857077,14.272308744534188,-16.705475586067337,-6.403762531460188,-25.59623746853981,86.70547558606734,3233295.7109017945,23947.315286615445,11.403762531460188,11.403762531460188,0.15246383627919796
17.703974013212466,10.300103100248421,14.272308744534188,-16.705475586067337,-6.403762531460188,-25.59623746853981,86.70547558606734,3233295.7109017945,23947.315286615445,11.403762531460188,11.403762531460188,0.15246383627919796
18.67969987114227,13.19429986175755,14.272308744534188,-16.705475586067337,-6.403762531460188,-25.59623746853981,86.70547558606734,3233295.7109017945,23947.315286615445,11.403762531460188,11.403762531460188,0.15246383627919796
18.618642333647816,22.126233284237223,14.272308744534188,-16.705475586067337,-6.403762531460188,-25.59623746853981,86.70547558606734,3233295.7109017945,23947.315286615445,11.403762531460188,11.403762531460188,0.15246383627919796
18.666910289281077,21.843439428515815,14.272308744534188,-16.705475586067337,-6.403762531460188,-25.59623746853981,86.70547558606734,3233295.7109017945,23947.315286615445,11.403762531460188,11.403762531460188,0.15246383627919796
18.261723004773106,11.613857955245713,14.272308744534188,-16.705475586067337,-6.403762531460188,-25.59623746853981,86.70547558606734,3233295.7109017945,23947.315286615445,11.403762531460188,11.403762531460188,0.15246383627919796
18.656315836068828,14.92608530221452,14.272308744534188,-16.705475586067337,-6.403762531460188,-25.59623746853981,86.70547558606734,3233295.7109017945,23947.315286615445,11.403762531460188,11.403762531460188,0.15246383627919796
18.665750267068546,11.155742253540431,14.272308744534188,-16.705475586067337,-6.403762531460188,-25.59623746853981,86.70547558606734,3233295.7109017945,23947.315286615445,11.403762531460188,11.403762531460188,0.15246383627919796
11.342282239880285,15.729500832780687,14.272308744534188,-16.705475586067337,-6.403762531460188,-25.59623746853981,86.70547558606734,3233295.7109017945,23947.315286615445,11.403762531460188,11.403762531460188,0.15246383627919796
16.635250128394752,11.29396307996824,14.272308744534188,-16.705475586067337,-6.403762531460188,-25.59623746853981,86.70547558606734,3233295.7109017945,23947.315286615445,11.403762531460188,11.403762531460188,0.15246383627919796
18.334741807903473,25.669201810420255,14.272308744534188,-16.705475586067337,-6.403762531460188,-25.59623746853981,86.70547558606734,3233295.7109017945,23947.315286615445,11.403762531460188,11.403762531460188,0.15246383627919796
18.65826037411664,10.228883770499785,14.272308744534188,-16.705475586067337,-6.403762531460188,-25.59623746853981,86.70547558606734,3233295.7109017945,23947.315286615445,11.403762531460188,11.403762531460188,0.15246383627919796
18.023207777039225,10.089640526227875,14.272308744534188,-16.705475586067337,-6.403762531460188,-25.59623746853981,86.70547558606734,3233295.7109017945,23947.315286615445,11.403762531460188,11.403762531460188,0.15246383627919796
18.658984179485916,19.686244465218167,14.272308744534188,-16.705475586067337,-6.403762531460188,-25.59623746853981,86.70547558606734,3233295.7109017945,23947.315286615445,11.403762531460188,11.403762531460188,0.15246383627919796
18.672116084210742,10.243947007912812,14.272308744534188,-16.705475586067337,-6.403762531460188,-25.59623746853981,86.70547558606734,3233295.7109017945,23947.315286615445,11.403762531460188,11.403762531460188,0.15246383627919796
18.66377736686909,10.161504802179927,14.272308744534188,-16.705475586067337,-6.403762531460188,-25.59623746853981,86.70547558606734,3233295.7109017945,23947.315286615445,11.403762531460188,11.403762531460188,0.15246383627919796
18.40130219488925,10.283694072426158,14.272308744534188,-16.705475586067337,-6.403762531460188,-25.59623746853981,86.70547558606734,3233295.7109017945,23947.315286615445,11.403762531460188,11.403762531460188,0.15246383627919796
15.647156252172067,11.40093546496912,14.272308744534188,-16.705475586067337,-6.403762531460188,-25.59623746853981,86.70547558606734,3233295.7109017945,23947.315286615445,11.403762531460188,11.403762531460188,0.15246383627919796
17.223685916994427,10.029658776468711,14.272308744534188,-16.705475586067337,-6.403762531460188,-25.59623746853981,86.70547558606734,3233295.7109017945,23947.315286615445,11.403762531460188,11.403762531460188,0.15246383627919796
18.658467637312143,10.013027208270508,14.272308744534188,-16.705475586067337,-6.403762531460188,-25.59623746853981,86.70547558606734,3233295.7109017945,23947.315286615445,11.403762531460188,11.403762531460188,0.15246383627919796
16.33060739071659,17.596872380670483,14.272308744534188,-16.705475586067337,-6.403762531460188,-25.59623746853981,86.70547558606734,3233295.7109017945,23947.315286615445,11.403762531460188,11.403762531460188,0.15246383627919796
18.24199942549843,18.46787379269405,14.272308744534188,-16.705475586067337,-6.403762531460188,-25.59623746853981,86.70547558606734,3233295.7109017945,23947.315286615445,11.403762531460188,11.403762531460188,0.15246383627919796
18.655026602818406,10.201671778669635,14.272308744534188,-16.705475586067337,-6.403762531460188,-25.59623746853981,86.70547558606734,3233295.7109017945,23947.315286615445,11.403762531460188,11.403762531460188,0.15246383627919796
18.118989608043787,10.04411334523386,14.272308744534188,-16.705475586067337,-6.403762531460188,-25.59623746853981,86.70547558606734,3233295.7109017945,23947.315286615445,11.403762531460188,11.403762531460188,0.15246383627919796
18.6666057439689,10.011619283918826,14.272308744534188,-16.705475586067337,-6.403762531460188,-25.59623746853981,86.70547558606734,3233295.7109017945,23947.315286615445,11.403762531460188,11.403762531460188,0.15246383627919796
18.67017730211665,10.330258343907168,14.272308744534188,-16.705475586067337,-6.403762531460188,-25.59623746853981,86.70547558606734,3233295.7109017945,23947.315286615445,11.403762531460188,11.403762531460188,0.15246383627919796
18.015656620220796,25.7814819329734,14.272308744534188,-16.705475586067337,-6.403762531460188,-25.59623746853981,86.70547558606734,3233295.7109017945,23947.315286615445,11.403762531460188,11.403762531460188,0.15246383627919796
15.390103183236517,18.19991006969083,14.272308744534188,-16.705475586067337,-6.403762531460188,-25.59623746853981,86.70547558606734,3233295.7109017945,23947.315286615445,11.403762531460188,11.403762531460188,0.15246383627919796
18.662459709946752,14.47167580015931,14.272308744534188,-16.705475586067337,-6.403762531460188,-25.59623746853981,86.70547558606734,3233295.7109017945,23947.315286615445,11.403762531460188,11.403762531460188,0.15246383627919796
15.97897005022736,10.062427151770322,14.272308744534188,-16.705475586067337,-6.403762531460188,-25.59623746853981,86.70547558606734,3233295.7109017945,23947.315286615445,11.403762531460188,11.403762531460188,0.15246383627919796
18.66030084888432,13.529405497941603,14.272308744534188,-16.705475586067337,-6.403762531460188,-25.59623746853981,86.70547558606734,3233295.7109017945,23947.315286615445,11.403762531460188,11.403762531460188,0.15246383627919796
18.670244613714136,10.377585393381999,14.272308744534188,-16.705475586067337,-6.403762531460188,-25.59623746853981,86.70547558606734,3233295.7109017945,23947.315286615445,11.403762531460188,11.403762531460188,0.15246383627919796
18.46322862877115,16.13445314628556,14.272308744534188,-16.705475586067337,-6.403762531460188,-25.59623746853981,86.70547558606734,3233295.7109017945,23947.315286615445,11.403762531460188,11.403762531460188,0.15246383627919796
18.664054591130373,22.206947115197536,14.272308744534188,-16.705475586067337,-6.403762531460188,-25.59623746853981,86.70547558606734,3233295.7109017945,23947.315286615445,11.403762531460188,11.403762531460188,0.15246383627919796
15.905732138108439,10.804190378736685,14.272308744534188,-16.705475586067337,-6.403762531460188,-25.59623746853981,86.70547558606734,3233295.7109017945,23947.315286615445,11.403762531460188,11.403762531460188,0.15246383627919796
18.349474333429754,17.053234455762173,14.272308744534188,-16.705475586067337,-6.403762531460188,-25.59623746853981,86.70547558606734,3233295.7109017945,23947.315286615445,11.403762531460188,11.403762531460188,0.15246383627919796
18.670960152679893,16.301111783195434,14.272308744534188,-16.705475586067337,-6.403762531460188,-25.59623746853981,86.70547558606734,3233295.7109017945,23947.315286615445,11.403762531460188,11.403762531460188,0.15246383627919796
17.900052212118254,11.856960565960179,14.272308744534188,-16.705475586067337,-6.403762531460188,-25.59623746853981,86.70547558606734,3233295.7109017945,23947.315286615445,11.403762531460188,11.403762531460188,0.15246383627919796
15.150748949509634,13.481309176304595,14.272308744534188,-16.705475586067337,-6.403762531460188,-25.59623746853981,86.70547558606734,3233295.7109017945,23947.315286615445,11.403762531460188,11.403762531460188,0.15246383627919796
18.65583945345365,14.461198866907367,14.272308744534188,-16.705475586067337,-6.403762531460188,-25.59623746853981,86.70547558606734,3233295.7109017945,23947.315286615445,11.403762531460188,11.403762531460188,0.15246383627919796
16.602278704143778,10.101650322882222,14.272308744534188,-16.705475586067337,-6.403762531460188,-25.59623746853981,86.70547558606734,3233295.7109017945,23947.315286615445,11.403762531460188,11.403762531460188,0.15246383627919796
9.99966332663882,10.183631464221968,14.272308744534188,-16.705475586067337,-6.403762531460188,-25.59623746853981,86.70547558606734,3233295.7109017945,23947.315286615445,11.403762531460188,11.403762531460188,0.15246383627919796
14.948112728405789,19.084469719944565,14.272308744534188,-16.705475586067337,-6.403762531460188,-25.59623746853981,86.70547558606734,3233295.7109017945,23947.315286615445,11.403762531460188,11.403762531460188,0.15246383627919796
18.65894340062634,11.033672900303653,14.272308744534188,-16.705475586067337,-6.403762531460188,-25.59623746853981,86.70547558606734,3233295.7109017945,23947.315286615445,11.403762531460188,11.403762531460188,0.15246383627919796
15.302037123094259,10.020747488691086,14.272308744534188,-16.705475586067337,-6.403762531460188,-25.59623746853981,86.70547558606734,3233295.7109017945,23947.315286615445,11.403762531460188,11.403762531460188,0.15246383627919796
18.667696398080306,10.004920192602281,14.272308744534188,-16.705475586067337,-6.403762531460188,-25.59623746853981,86.70547558606734,3233295.7109017945,23947.315286615445,11.403762531460188,11.403762531460188,0.15246383627919796
18.655851858900082,26.413089820187793,14.272308744534188,-16.705475586067337,-6.403762531460188,-25.59623746853981,86.70547558606734,3233295.7109017945,23947.315286615445,11.403762531460188,11.403762531460188,0.15246383627919796
18.665750267068546,10.107235059242676,14.272308744534188,-16.705475586067337,-6.403762531460188,-25.59623746853981,86.70547558606734,3233295.7109017945,23947.315286615445,11.403762531460188,11.403762531460188,0.15246383627919796
18.661361500449356,10.017301120073412,14.272308744534188,-16.705475586067337,-6.403762531460188,-25.59623746853981,86.70547558606734,3233295.7109017945,23947.315286615445,11.403762531460188,11.403762531460188,0.15246383627919796
18.66041186167322,10.037175207703086,14.272308744534188,-16.705475586067337,-6.403762531460188,-25.59623746853981,86.70547558606734,3233295.7109017945,23947.315286615445,11.403762531460188,11.403762531460188,0.15246383627919796
18.678154596434883,10.366598600375987,14.272308744534188,-16.705475586067337,-6.403762531460188,-25.59623746853981,86.70547558606734,3233295.7109017945,23947.315286615445,11.403762531460188,11.403762531460188,0.15246383627919796
18.2432398775166,21.90470950215264,14.272308744534188,-16.705475586067337,-6.403762531460188,-25.59623746853981,86.70547558606734,3233295.7109017945,23947.315286615445,11.403762531460188,11.403762531460188,0.15246383627919796
18.023207777039225,10.31094291809887,14.272308744534188,-16.705475586067337,-6.403762531460188,-25.59623746853981,86.70547558606734,3233295.7109017945,23947.315286615445,11.403762531460188,11.403762531460188,0.15246383627919796
17.278762484814305,19.686244465218167,14.272308744534188,-16.705475586067337,-6.403762531460188,-25.59623746853981,86.70547558606734,3233295.7109017945,23947.315286615445,11.403762531460188,11.403762531460188,0.15246383627919796
16.339795559515643,20.260977470324555,14.272308744534188,-16.705475586067337,-6.403762531460188,-25.59623746853981,86.70547558606734,3233295.7109017945,23947.315286615445,11.403762531460188,11.403762531460188,0.15246383627919796
18.66377736686909,10.274874844665135,14.272308744534188,-16.705475586067337,-6.403762531460188,-25.59623746853981,86.70547558606734,3233295.7109017945,23947.315286615445,11.403762531460188,11.403762531460188,0.15246383627919796
18.66499693146543,17.2844620571841,14.272308744534188,-16.705475586067337,-6.403762531460188,-25.59623746853981,86.70547558606734,3233295.7109017945,23947.315286615445,11.403762531460188,11.403762531460188,0.15246383627919796
17.329853483249885,10.96800287837491,14.272308744534188,-16.705475586067337,-6.403762531460188,-25.59623746853981,86.70547558606734,3233295.7109017945,23947.315286615445,11.403762531460188,11.403762531460188,0.15246383627919796
17.223685916994427,10.136008721084863,14.272308744534188,-16.705475586067337,-6.403762531460188,-25.59623746853981,86.70547558606734,3233295.7109017945,23947.315286615445,11.403762531460188,11.403762531460188,0.15246383627919796
9.271268112646874,10.180332307652769,14.272308744534188,-16.705475586067337,-6.403762531460188,-25.59623746853981,86.70547558606734,3233295.7109017945,23947.315286615445,11.403762531460188,11.403762531460188,0.15246383627919796
18.670211462890723,17.596872380670483,14.272308744534188,-16.705475586067337,-6.403762531460188,-25.59623746853981,86.70547558606734,3233295.7109017945,23947.315286615445,11.403762531460188,11.403762531460188,0.15246383627919796
18.669801713858302,18.46787379269405,14.272308744534188,-16.705475586067337,-6.403762531460188,-25.59623746853981,86.70547558606734,3233295.7109017945,23947.315286615445,11.403762531460188,11.403762531460188,0.15246383627919796
14.989244033878135,10.392501002278948,14.272308744534188,-16.705475586067337,-6.403762531460188,-25.59623746853981,86.70547558606734,3233295.7109017945,23947.315286615445,11.403762531460188,11.403762531460188,0.15246383627919796
18.672945427906647,16.388994432220336,14.272308744534188,-16.705475586067337,-6.403762531460188,-25.59623746853981,86.70547558606734,3233295.7109017945,23947.315286615445,11.403762531460188,11.403762531460188,0.15246383627919796
17.268042736301492,10.011619283918826,14.272308744534188,-16.705475586067337,-6.403762531460188,-25.59623746853981,86.70547558606734,3233295.7109017945,23947.315286615445,11.403762531460188,11.403762531460188,0.15246383627919796
17.603233812762262,20.310619062918846,14.272308744534188,-16.705475586067337,-6.403762531460188,-25.59623746853981,86.70547558606734,3233295.7109017945,23947.315286615445,11.403762531460188,11.403762531460188,0.15246383627919796
13.960454728305233,25.7814819329734,14.272308744534188,-16.705475586067337,-6.403762531460188,-25.59623746853981,86.70547558606734,3233295.7109017945,23947.315286615445,11.403762531460188,11.403762531460188,0.15246383627919796
17.70470933638126,14.78468431212702,14.272308744534188,-16.705475586067337,-6.403762531460188,-25.59623746853981,86.70547558606734,3233295.7109017945,23947.315286615445,11.403762531460188,11.403762531460188,0.15246383627919796
18.65705370364048,16.462399158518274,14.272308744534188,-16.705475586067337,-6.403762531460188,-25.59623746853981,86.70547558606734,3233295.7109017945,23947.315286615445,11.403762531460188,11.403762531460188,0.15246383627919796
18.66210362382413,10.062427151770322,14.272308744534188,-16.705475586067337,-6.403762531460188,-25.59623746853981,86.70547558606734,3233295.7109017945,23947.315286615445,11.403762531460188,11.403762531460188,0.15246383627919796
18.67410039479074,13.412592687893241,14.272308744534188,-16.705475586067337,-6.403762531460188,-25.59623746853981,86.70547558606734,3233295.7109017945,23947.315286615445,11.403762531460188,11.403762531460188,0.15246383627919796
14.764284800235089,10.45070630569548,14.272308744534188,-16.705475586067337,-6.403762531460188,-25.59623746853981,86.70547558606734,3233295.7109017945,23947.315286615445,11.403762531460188,11.403762531460188,0.15246383627919796
18.46322862877115,14.296205535984889,14.272308744534188,-16.705475586067337,-6.403762531460188,-25.59623746853981,86.70547558606734,3233295.7109017945,23947.315286615445,11.403762531460188,11.403762531460188,0.15246383627919796
18.668066522037947,22.206947115197536,14.272308744534188,-16.705475586067337,-6.403762531460188,-25.59623746853981,86.70547558606734,3233295.7109017945,23947.315286615445,11.403762531460188,11.403762531460188,0.15246383627919796
15.905732138108439,10.21747174315248,14.272308744534188,-16.705475586067337,-6.403762531460188,-25.59623746853981,86.70547558606734,3233295.7109017945,23947.315286615445,11.403762531460188,11.403762531460188,0.15246383627919796
18.653343850220473,19.994356295217017,14.272308744534188,-16.705475586067337,-6.403762531460188,-25.59623746853981,86.70547558606734,3233295.7109017945,23947.315286615445,11.403762531460188,11.403762531460188,0.15246383627919796
18.673073456888723,16.301111783195434,14.272308744534188,-16.705475586067337,-6.403762531460188,-25.59623746853981,86.70547558606734,3233295.7109017945,23947.315286615445,11.403762531460188,11.403762531460188,0.15246383627919796
17.8441229474767,10.244713656378622,14.272308744534188,-16.705475586067337,-6.403762531460188,-25.59623746853981,86.70547558606734,3233295.7109017945,23947.315286615445,11.403762531460188,11.403762531460188,0.15246383627919796
15.150748949509634,12.221680748050531,14.272308744534188,-16.705475586067337,-6.403762531460188,-25.59623746853981,86.70547558606734,3233295.7109017945,23947.315286615445,11.403762531460188,11.403762531460188,0.15246383627919796
11.141039764718558,13.311972633658712,14.272308744534188,-16.705475586067337,-6.403762531460188,-25.59623746853981,86.70547558606734,3233295.7109017945,23947.315286615445,11.403762531460188,11.403762531460188,0.15246383627919796
18.656057648735697,14.43202531170861,14.272308744534188,-16.705475586067337,-6.403762531460188,-25.59623746853981,86.70547558606734,3233295.7109017945,23947.315286615445,11.403762531460188,11.403762531460188,0.15246383627919796
18.49160780799719,10.300103100248421,14.272308744534188,-16.705475586067337,-6.403762531460188,-25.59623746853981,86.70547558606734,3233295.7109017945,23947.315286615445,11.403762531460188,11.403762531460188,0.15246383627919796
18.67969987114227,10.05113772241809,14.272308744534188,-16.705475586067337,-6.403762531460188,-25.59623746853981,86.70547558606734,3233295.7109017945,23947.315286615445,11.403762531460188,11.403762531460188,0.15246383627919796
18.656532691826712,22.126233284237223,14.272308744534188,-16.705475586067337,-6.403762531460188,-25.59623746853981,86.70547558606734,3233295.7109017945,23947.315286615445,11.403762531460188,11.403762531460188,0.15246383627919796
18.146894206210717,12.853743531285666,14.272308744534188,-16.705475586067337,-6.403762531460188,-25.59623746853981,86.70547558606734,3233295.7109017945,23947.315286615445,11.403762531460188,11.403762531460188,0.15246383627919796
18.344322996393082,11.613857955245713,14.272308744534188,-16.705475586067337,-6.403762531460188,-25.59623746853981,86.70547558606734,3233295.7109017945,23947.315286615445,11.403762531460188,11.403762531460188,0.15246383627919796
18.663166348505236,26.413089820187793,14.272308744534188,-16.705475586067337,-6.403762531460188,-25.59623746853981,86.70547558606734,3233295.7109017945,23947.315286615445,11.403762531460188,11.403762531460188,0.15246383627919796
18.674480238207924,11.289767709373876,14.272308744534188,-16.705475586067337,-6.403762531460188,-25.59623746853981,86.70547558606734,3233295.7109017945,23947.315286615445,11.403762531460188,11.403762531460188,0.15246383627919796
16.665280721060846,11.937405177927658,14.272308744534188,-16.705475586067337,-6.403762531460188,-25.59623746853981,86.70547558606734,3233295.7109017945,23947.315286615445,11.403762531460188,11.403762531460188,0.15246383627919796
14.99393217079211,11.29396307996824,14.272308744534188,-16.705475586067337,-6.403762531460188,-25.59623746853981,86.70547558606734,3233295.7109017945,23947.315286615445,11.403762531460188,11.403762531460188,0.15246383627919796
18.15997688619857,25.669201810420255,14.272308744534188,-16.705475586067337,-6.403762531460188,-25.59623746853981,86.70547558606734,3233295.7109017945,23947.315286615445,11.403762531460188,11.403762531460188,0.15246383627919796
18.65826037411664,10.32904664178859,14.272308744534188,-16.705475586067337,-6.403762531460188,-25.59623746853981,86.70547558606734,3233295.7109017945,23947.315286615445,11.403762531460188,11.403762531460188,0.15246383627919796
18.65506369929726,10.077403915560748,14.272308744534188,-16.705475586067337,-6.403762531460188,-25.59623746853981,86.70547558606734,3233295.7109017945,23947.315286615445,11.403762531460188,11.403762531460188,0.15246383627919796
18.676311923072184,10.247103667405206,14.272308744534188,-16.705475586067337,-6.403762531460188,-25.59623746853981,86.70547558606734,3233295.7109017945,23947.315286615445,11.403762531460188,11.403762531460188,0.15246383627919796
17.91750920714338,10.322901339093896,14.272308744534188,-16.705475586067337,-6.403762531460188,-25.59623746853981,86.70547558606734,3233295.7109017945,23947.315286615445,11.403762531460188,11.403762531460188,0.15246383627919796
18.66377736686909,10.231054487923771,14.272308744534188,-16.705475586067337,-6.403762531460188,-25.59623746853981,86.70547558606734,3233295.7109017945,23947.315286615445,11.403762531460188,11.403762531460188,0.15246383627919796
18.40130219488925,10.173651422412938,14.272308744534188,-16.705475586067337,-6.403762531460188,-25.59623746853981,86.70547558606734,3233295.7109017945,23947.315286615445,11.403762531460188,11.403762531460188,0.15246383627919796
15.991120664083919,12.782283661273219,14.272308744534188,-16.705475586067337,-6.403762531460188,-25.59623746853981,86.70547558606734,3233295.7109017945,23947.315286615445,11.403762531460188,11.403762531460188,0.15246383627919796
14.316903173101563,23.33876802703987,14.272308744534188,-16.705475586067337,-6.403762531460188,-25.59623746853981,86.70547558606734,3233295.7109017945,23947.315286615445,11.403762531460188,11.403762531460188,0.15246383627919796
18.649596269931312,10.013027208270508,14.272308744534188,-16.705475586067337,-6.403762531460188,-25.59623746853981,86.70547558606734,3233295.7109017945,23947.315286615445,11.403762531460188,11.403762531460188,0.15246383627919796
18.667293930660694,16.27551875875648,14.272308744534188,-16.705475586067337,-6.403762531460188,-25.59623746853981,86.70547558606734,3233295.7109017945,23947.315286615445,11.403762531460188,11.403762531460188,0.15246383627919796
18.483499851822167,18.46787379269405,14.272308744534188,-16.705475586067337,-6.403762531460188,-25.59623746853981,86.70547558606734,3233295.7109017945,23947.315286615445,11.403762531460188,11.403762531460188,0.15246383627919796
18.66247618650303,10.392501002278948,14.272308744534188,-16.705475586067337,-6.403762531460188,-25.59623746853981,86.70547558606734,3233295.7109017945,23947.315286615445,11.403762531460188,11.403762531460188,0.15246383627919796
18.118989608043787,10.18180174021282,14.272308744534188,-16.705475586067337,-6.403762531460188,-25.59623746853981,86.70547558606734,3233295.7109017945,23947.315286615445,11.403762531460188,11.403762531460188,0.15246383627919796
17.86028688169781,10.011619283918826,14.272308744534188,-16.705475586067337,-6.403762531460188,-25.59623746853981,86.70547558606734,3233295.7109017945,23947.315286615445,11.403762531460188,11.403762531460188,0.15246383627919796
18.67017730211665,10.093006368460998,14.272308744534188,-16.705475586067337,-6.403762531460188,-25.59623746853981,86.70547558606734,3233295.7109017945,23947.315286615445,11.403762531460188,11.403762531460188,0.15246383627919796
18.668423820023012,25.7814819329734,14.272308744534188,-16.705475586067337,-6.403762531460188,-25.59623746853981,86.70547558606734,3233295.7109017945,23947.315286615445,11.403762531460188,11.403762531460188,0.15246383627919796
18.678228386495036,18.19991006969083,14.272308744534188,-16.705475586067337,-6.403762531460188,-25.59623746853981,86.70547558606734,3233295.7109017945,23947.315286615445,11.403762531460188,11.403762531460188,0.15246383627919796
11.262484174246948,10.249421164724787,14.272308744534188,-16.705475586067337,-6.403762531460188,-25.59623746853981,86.70547558606734,3233295.7109017945,23947.315286615445,11.403762531460188,11.403762531460188,0.15246383627919796
18.679982338280862,10.062427151770322,14.272308744534188,-16.705475586067337,-6.403762531460188,-25.59623746853981,86.70547558606734,3233295.7109017945,23947.315286615445,11.403762531460188,11.403762531460188,0.15246383627919796
18.67410039479074,12.448571332107306,14.272308744534188,-16.705475586067337,-6.403762531460188,-25.59623746853981,86.70547558606734,3233295.7109017945,23947.315286615445,11.403762531460188,11.403762531460188,0.15246383627919796
16.493152869900648,14.483805477087653,14.272308744534188,-16.705475586067337,-6.403762531460188,-25.59623746853981,86.70547558606734,3233295.7109017945,23947.315286615445,11.403762531460188,11.403762531460188,0.15246383627919796
18.671081755855024,14.588086406992382,14.272308744534188,-16.705475586067337,-6.403762531460188,-25.59623746853981,86.70547558606734,3233295.7109017945,23947.315286615445,11.403762531460188,11.403762531460188,0.15246383627919796
18.660345805052675,22.206947115197536,14.272308744534188,-16.705475586067337,-6.403762531460188,-25.59623746853981,86.70547558606734,3233295.7109017945,23947.315286615445,11.403762531460188,11.403762531460188,0.15246383627919796
18.67839507910222,12.721583155313795,14.272308744534188,-16.705475586067337,-6.403762531460188,-25.59623746853981,86.70547558606734,3233295.7109017945,23947.315286615445,11.403762531460188,11.403762531460188,0.15246383627919796
18.65536637538271,15.01027008204029,14.272308744534188,-16.705475586067337,-6.403762531460188,-25.59623746853981,86.70547558606734,3233295.7109017945,23947.315286615445,11.403762531460188,11.403762531460188,0.15246383627919796
14.036831844055165,10.230434817446437,14.272308744534188,-16.705475586067337,-6.403762531460188,-25.59623746853981,86.70547558606734,3233295.7109017945,23947.315286615445,11.403762531460188,11.403762531460188,0.15246383627919796
17.8441229474767,13.15275323360337,14.272308744534188,-16.705475586067337,-6.403762531460188,-25.59623746853981,86.70547558606734,3233295.7109017945,23947.315286615445,11.403762531460188,11.403762531460188,0.15246383627919796
14.99703753570023,10.35953514050259,14.272308744534188,-16.705475586067337,-6.403762531460188,-25.59623746853981,86.70547558606734,3233295.7109017945,23947.315286615445,11.403762531460188,11.403762531460188,0.15246383627919796
11.141039764718558,16.164169166412645,14.272308744534188,-16.705475586067337,-6.403762531460188,-25.59623746853981,86.70547558606734,3233295.7109017945,23947.315286615445,11.403762531460188,11.403762531460188,0.15246383627919796
16.602278704143778,10.318639896205092,14.272308744534188,-16.705475586067337,-6.403762531460188,-25.59623746853981,86.70547558606734,3233295.7109017945,23947.315286615445,11.403762531460188,11.403762531460188,0.15246383627919796
9.99966332663882,10.191552369018353,14.272308744534188,-16.705475586067337,-6.403762531460188,-25.59623746853981,86.70547558606734,3233295.7109017945,23947.315286615445,11.403762531460188,11.403762531460188,0.15246383627919796
14.904323543395707,19.084469719944565,14.272308744534188,-16.705475586067337,-6.403762531460188,-25.59623746853981,86.70547558606734,3233295.7109017945,23947.315286615445,11.403762531460188,11.403762531460188,0.15246383627919796
18.678697271427332,22.126233284237223,14.272308744534188,-16.705475586067337,-6.403762531460188,-25.59623746853981,86.70547558606734,3233295.7109017945,23947.315286615445,11.403762531460188,11.403762531460188,0.15246383627919796
17.78142878817542,21.843439428515815,14.272308744534188,-16.705475586067337,-6.403762531460188,-25.59623746853981,86.70547558606734,3233295.7109017945,23947.315286615445,11.403762531460188,11.403762531460188,0.15246383627919796
18.667696398080306,14.584870878897025,14.272308744534188,-16.705475586067337,-6.403762531460188,-25.59623746853981,86.70547558606734,3233295.7109017945,23947.315286615445,11.403762531460188,11.403762531460188,0.15246383627919796
16.0154040279315,11.313873637391342,14.272308744534188,-16.705475586067337,-6.403762531460188,-25.59623746853981,86.70547558606734,3233295.7109017945,23947.315286615445,11.403762531460188,11.403762531460188,0.15246383627919796
14.952621724611532,25.262086067995867,14.272308744534188,-16.705475586067337,-6.403762531460188,-25.59623746853981,86.70547558606734,3233295.7109017945,23947.315286615445,11.403762531460188,11.403762531460188,0.15246383627919796
11.342282239880285,10.421603653987212,14.272308744534188,-16.705475586067337,-6.403762531460188,-25.59623746853981,86.70547558606734,3233295.7109017945,23947.315286615445,11.403762531460188,11.403762531460188,0.15246383627919796
18.66041186167322,10.078288878268179,14.272308744534188,-16.705475586067337,-6.403762531460188,-25.59623746853981,86.70547558606734,3233295.7109017945,23947.315286615445,11.403762531460188,11.403762531460188,0.15246383627919796
18.660031333424307,25.669201810420255,14.272308744534188,-16.705475586067337,-6.403762531460188,-25.59623746853981,86.70547558606734,3233295.7109017945,23947.315286615445,11.403762531460188,11.403762531460188,0.15246383627919796
18.65826037411664,10.08992921685654,14.272308744534188,-16.705475586067337,-6.403762531460188,-25.59623746853981,86.70547558606734,3233295.7109017945,23947.315286615445,11.403762531460188,11.403762531460188,0.15246383627919796
18.669299525511633,10.077403915560748,14.272308744534188,-16.705475586067337,-6.403762531460188,-25.59623746853981,86.70547558606734,3233295.7109017945,23947.315286615445,11.403762531460188,11.403762531460188,0.15246383627919796
18.652357400120742,19.686244465218167,14.272308744534188,-16.705475586067337,-6.403762531460188,-25.59623746853981,86.70547558606734,3233295.7109017945,23947.315286615445,11.403762531460188,11.403762531460188,0.15246383627919796
18.656299666959075,20.260977470324555,14.272308744534188,-16.705475586067337,-6.403762531460188,-25.59623746853981,86.70547558606734,3233295.7109017945,23947.315286615445,11.403762531460188,11.403762531460188,0.15246383627919796
18.66377736686909,10.168050263752605,14.272308744534188,-16.705475586067337,-6.403762531460188,-25.59623746853981,86.70547558606734,3233295.7109017945,23947.315286615445,11.403762531460188,11.403762531460188,0.15246383627919796
18.026700110294463,10.390201370055117,14.272308744534188,-16.705475586067337,-6.403762531460188,-25.59623746853981,86.70547558606734,3233295.7109017945,23947.315286615445,11.403762531460188,11.403762531460188,0.15246383627919796
18.495915570493132,11.40093546496912,14.272308744534188,-16.705475586067337,-6.403762531460188,-25.59623746853981,86.70547558606734,3233295.7109017945,23947.315286615445,11.403762531460188,11.403762531460188,0.15246383627919796
17.223685916994427,10.113786126345595,14.272308744534188,-16.705475586067337,-6.403762531460188,-25.59623746853981,86.70547558606734,3233295.7109017945,23947.315286615445,11.403762531460188,11.403762531460188,0.15246383627919796
9.271268112646874,11.802620893382986,14.272308744534188,-16.705475586067337,-6.403762531460188,-25.59623746853981,86.70547558606734,3233295.7109017945,23947.315286615445,11.403762531460188,11.403762531460188,0.15246383627919796
14.27905677062223,17.596872380670483,14.272308744534188,-16.705475586067337,-6.403762531460188,-25.59623746853981,86.70547558606734,3233295.7109017945,23947.315286615445,11.403762531460188,11.403762531460188,0.15246383627919796
16.5295101658026,10.08255907555413,14.272308744534188,-16.705475586067337,-6.403762531460188,-25.59623746853981,86.70547558606734,3233295.7109017945,23947.315286615445,11.403762531460188,11.403762531460188,0.15246383627919796
16.343236594009376,10.392501002278948,14.272308744534188,-16.705475586067337,-6.403762531460188,-25.59623746853981,86.70547558606734,3233295.7109017945,23947.315286615445,11.403762531460188,11.403762531460188,0.15246383627919796
18.660046890451937,16.388994432220336,14.272308744534188,-16.705475586067337,-6.403762531460188,-25.59623746853981,86.70547558606734,3233295.7109017945,23947.315286615445,11.403762531460188,11.403762531460188,0.15246383627919796
14.891899519847339,10.011619283918826,14.272308744534188,-16.705475586067337,-6.403762531460188,-25.59623746853981,86.70547558606734,3233295.7109017945,23947.315286615445,11.403762531460188,11.403762531460188,0.15246383627919796
18.344322996393082,20.310619062918846,14.272308744534188,-16.705475586067337,-6.403762531460188,-25.59623746853981,86.70547558606734,3233295.7109017945,23947.315286615445,11.403762531460188,11.403762531460188,0.15246383627919796
18.675910186072507,18.221292265529655,14.272308744534188,-16.705475586067337,-6.403762531460188,-25.59623746853981,86.70547558606734,3233295.7109017945,23947.315286615445,11.403762531460188,11.403762531460188,0.15246383627919796
17.70470933638126,12.125990175364588,14.272308744534188,-16.705475586067337,-6.403762531460188,-25.59623746853981,86.70547558606734,3233295.7109017945,23947.315286615445,11.403762531460188,11.403762531460188,0.15246383627919796
18.657848440307323,14.47167580015931,14.272308744534188,-16.705475586067337,-6.403762531460188,-25.59623746853981,86.70547558606734,3233295.7109017945,23947.315286615445,11.403762531460188,11.403762531460188,0.15246383627919796
15.266672918736656,10.062427151770322,14.272308744534188,-16.705475586067337,-6.403762531460188,-25.59623746853981,86.70547558606734,3233295.7109017945,23947.315286615445,11.403762531460188,11.403762531460188,0.15246383627919796
18.67410039479074,10.503262893321235,14.272308744534188,-16.705475586067337,-6.403762531460188,-25.59623746853981,86.70547558606734,3233295.7109017945,23947.315286615445,11.403762531460188,11.403762531460188,0.15246383627919796
16.493152869900648,10.084572805225111,14.272308744534188,-16.705475586067337,-6.403762531460188,-25.59623746853981,86.70547558606734,3233295.7109017945,23947.315286615445,11.403762531460188,11.403762531460188,0.15246383627919796
18.46322862877115,10.010330822224688,14.272308744534188,-16.705475586067337,-6.403762531460188,-25.59623746853981,86.70547558606734,3233295.7109017945,23947.315286615445,11.403762531460188,11.403762531460188,0.15246383627919796
18.52182950122288,22.206947115197536,14.272308744534188,-16.705475586067337,-6.403762531460188,-25.59623746853981,86.70547558606734,3233295.7109017945,23947.315286615445,11.403762531460188,11.403762531460188,0.15246383627919796
16.714687921274297,11.521546465206889,14.272308744534188,-16.705475586067337,-6.403762531460188,-25.59623746853981,86.70547558606734,3233295.7109017945,23947.315286615445,11.403762531460188,11.403762531460188,0.15246383627919796
17.93935625990642,19.994356295217017,14.272308744534188,-16.705475586067337,-6.403762531460188,-25.59623746853981,86.70547558606734,3233295.7109017945,23947.315286615445,11.403762531460188,11.403762531460188,0.15246383627919796
18.660471408273942,16.301111783195434,14.272308744534188,-16.705475586067337,-6.403762531460188,-25.59623746853981,86.70547558606734,3233295.7109017945,23947.315286615445,11.403762531460188,11.403762531460188,0.15246383627919796
17.8441229474767,10.072528760064397,14.272308744534188,-16.705475586067337,-6.403762531460188,-25.59623746853981,86.70547558606734,3233295.7109017945,23947.315286615445,11.403762531460188,11.403762531460188,0.15246383627919796
15.150748949509634,10.359608686457985,14.272308744534188,-16.705475586067337,-6.403762531460188,-25.59623746853981,86.70547558606734,3233295.7109017945,23947.315286615445,11.403762531460188,11.403762531460188,0.15246383627919796
14.316903173101563,12.35261517341489,14.272308744534188,-16.705475586067337,-6.403762531460188,-25.59623746853981,86.70547558606734,3233295.7109017945,23947.315286615445,11.403762531460188,11.403762531460188,0.15246383627919796
17.41897262047479,14.352784250857077,14.272308744534188,-16.705475586067337,-6.403762531460188,-25.59623746853981,86.70547558606734,3233295.7109017945,23947.315286615445,11.403762531460188,11.403762531460188,0.15246383627919796
18.30673017356441,10.300103100248421,14.272308744534188,-16.705475586067337,-6.403762531460188,-25.59623746853981,86.70547558606734,3233295.7109017945,23947.315286615445,11.403762531460188,11.403762531460188,0.15246383627919796
18.675716550420294,19.084469719944565,14.272308744534188,-16.705475586067337,-6.403762531460188,-25.59623746853981,86.70547558606734,3233295.7109017945,23947.315286615445,11.403762531460188,11.403762531460188,0.15246383627919796
18.65894340062634,16.28250145615723,14.272308744534188,-16.705475586067337,-6.403762531460188,-25.59623746853981,86.70547558606734,3233295.7109017945,23947.315286615445,11.403762531460188,11.403762531460188,0.15246383627919796
15.302037123094259,10.234369618428033,14.272308744534188,-16.705475586067337,-6.403762531460188,-25.59623746853981,86.70547558606734,3233295.7109017945,23947.315286615445,11.403762531460188,11.403762531460188,0.15246383627919796
18.657623748386843,11.613857955245713,14.272308744534188,-16.705475586067337,-6.403762531460188,-25.59623746853981,86.70547558606734,3233295.7109017945,23947.315286615445,11.403762531460188,11.403762531460188,0.15246383627919796
18.66344781690557,26.413089820187793,14.272308744534188,-16.705475586067337,-6.403762531460188,-25.59623746853981,86.70547558606734,3233295.7109017945,23947.315286615445,11.403762531460188,11.403762531460188,0.15246383627919796
18.665750267068546,10.291341183931085,14.272308744534188,-16.705475586067337,-6.403762531460188,-25.59623746853981,86.70547558606734,3233295.7109017945,23947.315286615445,11.403762531460188,11.403762531460188,0.15246383627919796
18.664025077553642,10.017301120073412,14.272308744534188,-16.705475586067337,-6.403762531460188,-25.59623746853981,86.70547558606734,3233295.7109017945,23947.315286615445,11.403762531460188,11.403762531460188,0.15246383627919796
17.453690496174907,11.29396307996824,14.272308744534188,-16.705475586067337,-6.403762531460188,-25.59623746853981,86.70547558606734,3233295.7109017945,23947.315286615445,11.403762531460188,11.403762531460188,0.15246383627919796
18.678154596434883,10.814129389415328,14.272308744534188,-16.705475586067337,-6.403762531460188,-25.59623746853981,86.70547558606734,3233295.7109017945,23947.315286615445,11.403762531460188,11.403762531460188,0.15246383627919796
18.65826037411664,10.157783510340614,14.272308744534188,-16.705475586067337,-6.403762531460188,-25.59623746853981,86.70547558606734,3233295.7109017945,23947.315286615445,11.403762531460188,11.403762531460188,0.15246383627919796
18.65738992622373,10.077403915560748,14.272308744534188,-16.705475586067337,-6.403762531460188,-25.59623746853981,86.70547558606734,3233295.7109017945,23947.315286615445,11.403762531460188,11.403762531460188,0.15246383627919796
18.676311923072184,10.362506400672952,14.272308744534188,-16.705475586067337,-6.403762531460188,-25.59623746853981,86.70547558606734,3233295.7109017945,23947.315286615445,11.403762531460188,11.403762531460188,0.15246383627919796
18.670231777707723,20.260977470324555,14.272308744534188,-16.705475586067337,-6.403762531460188,-25.59623746853981,86.70547558606734,3233295.7109017945,23947.315286615445,11.403762531460188,11.403762531460188,0.15246383627919796
18.66377736686909,10.031137894417192,14.272308744534188,-16.705475586067337,-6.403762531460188,-25.59623746853981,86.70547558606734,3233295.7109017945,23947.315286615445,11.403762531460188,11.403762531460188,0.15246383627919796
18.664605375239596,17.2844620571841,14.272308744534188,-16.705475586067337,-6.403762531460188,-25.59623746853981,86.70547558606734,3233295.7109017945,23947.315286615445,11.403762531460188,11.403762531460188,0.15246383627919796
15.991120664083919,10.301033659532951,14.272308744534188,-16.705475586067337,-6.403762531460188,-25.59623746853981,86.70547558606734,3233295.7109017945,23947.315286615445,11.403762531460188,11.403762531460188,0.15246383627919796
18.65721510980942,23.33876802703987,14.272308744534188,-16.705475586067337,-6.403762531460188,-25.59623746853981,86.70547558606734,3233295.7109017945,23947.315286615445,11.403762531460188,11.403762531460188,0.15246383627919796
9.271268112646874,11.14121371500774,14.272308744534188,-16.705475586067337,-6.403762531460188,-25.59623746853981,86.70547558606734,3233295.7109017945,23947.315286615445,11.403762531460188,11.403762531460188,0.15246383627919796
16.60570245244968,17.596872380670483,14.272308744534188,-16.705475586067337,-6.403762531460188,-25.59623746853981,86.70547558606734,3233295.7109017945,23947.315286615445,11.403762531460188,11.403762531460188,0.15246383627919796
18.654685089563557,18.46787379269405,14.272308744534188,-16.705475586067337,-6.403762531460188,-25.59623746853981,86.70547558606734,3233295.7109017945,23947.315286615445,11.403762531460188,11.403762531460188,0.15246383627919796
18.655026602818406,10.300376419813745,14.272308744534188,-16.705475586067337,-6.403762531460188,-25.59623746853981,86.70547558606734,3233295.7109017945,23947.315286615445,11.403762531460188,11.403762531460188,0.15246383627919796
18.661866362682403,16.388994432220336,14.272308744534188,-16.705475586067337,-6.403762531460188,-25.59623746853981,86.70547558606734,3233295.7109017945,23947.315286615445,11.403762531460188,11.403762531460188,0.15246383627919796
3.5607986347136524,10.269544191397522,14.272308744534188,-16.705475586067337,-6.403762531460188,-25.59623746853981,86.70547558606734,3233295.7109017945,23947.315286615445,11.403762531460188,11.403762531460188,0.15246383627919796
18.65071884032247,20.310619062918846,14.272308744534188,-16.705475586067337,-6.403762531460188,-25.59623746853981,86.70547558606734,3233295.7109017945,23947.315286615445,11.403762531460188,11.403762531460188,0.15246383627919796
18.499557838696674,25.7814819329734,14.272308744534188,-16.705475586067337,-6.403762531460188,-25.59623746853981,86.70547558606734,3233295.7109017945,23947.315286615445,11.403762531460188,11.403762531460188,0.15246383627919796
17.659585797342437,12.30989344241036,14.272308744534188,-16.705475586067337,-6.403762531460188,-25.59623746853981,86.70547558606734,3233295.7109017945,23947.315286615445,11.403762531460188,11.403762531460188,0.15246383627919796
18.679996961757364,14.47167580015931,14.272308744534188,-16.705475586067337,-6.403762531460188,-25.59623746853981,86.70547558606734,3233295.7109017945,23947.315286615445,11.403762531460188,11.403762531460188,0.15246383627919796
16.338353873787664,10.062427151770322,14.272308744534188,-16.705475586067337,-6.403762531460188,-25.59623746853981,86.70547558606734,3233295.7109017945,23947.315286615445,11.403762531460188,11.403762531460188,0.15246383627919796
18.679572759711174,13.529405497941603,14.272308744534188,-16.705475586067337,-6.403762531460188,-25.59623746853981,86.70547558606734,3233295.7109017945,23947.315286615445,11.403762531460188,11.403762531460188,0.15246383627919796
16.493152869900648,10.663793081343904,14.272308744534188,-16.705475586067337,-6.403762531460188,-25.59623746853981,86.70547558606734,3233295.7109017945,23947.315286615445,11.403762531460188,11.403762531460188,0.15246383627919796
18.46322862877115,13.19429986175755,14.272308744534188,-16.705475586067337,-6.403762531460188,-25.59623746853981,86.70547558606734,3233295.7109017945,23947.315286615445,11.403762531460188,11.403762531460188,0.15246383627919796
17.38503740167387,15.29718226682808,14.272308744534188,-16.705475586067337,-6.403762531460188,-25.59623746853981,86.70547558606734,3233295.7109017945,23947.315286615445,11.403762531460188,11.403762531460188,0.15246383627919796
18.46181779488515,10.071435758347217,14.272308744534188,-16.705475586067337,-6.403762531460188,-25.59623746853981,86.70547558606734,3233295.7109017945,23947.315286615445,11.403762531460188,11.403762531460188,0.15246383627919796
18.67359106276857,19.994356295217017,14.272308744534188,-16.705475586067337,-6.403762531460188,-25.59623746853981,86.70547558606734,3233295.7109017945,23947.315286615445,11.403762531460188,11.403762531460188,0.15246383627919796
17.038576051965382,16.301111783195434,14.272308744534188,-16.705475586067337,-6.403762531460188,-25.59623746853981,86.70547558606734,3233295.7109017945,23947.315286615445,11.403762531460188,11.403762531460188,0.15246383627919796
14.48012109942294,11.856960565960179,14.272308744534188,-16.705475586067337,-6.403762531460188,-25.59623746853981,86.70547558606734,3233295.7109017945,23947.315286615445,11.403762531460188,11.403762531460188,0.15246383627919796
17.603233812762262,10.35953514050259,14.272308744534188,-16.705475586067337,-6.403762531460188,-25.59623746853981,86.70547558606734,3233295.7109017945,23947.315286615445,11.403762531460188,11.403762531460188,0.15246383627919796
11.141039764718558,10.510152080346597,14.272308744534188,-16.705475586067337,-6.403762531460188,-25.59623746853981,86.70547558606734,3233295.7109017945,23947.315286615445,11.403762531460188,11.403762531460188,0.15246383627919796
11.096348621957791,14.352784250857077,14.272308744534188,-16.705475586067337,-6.403762531460188,-25.59623746853981,86.70547558606734,3233295.7109017945,23947.315286615445,11.403762531460188,11.403762531460188,0.15246383627919796
17.638983046340755,10.300103100248421,14.272308744534188,-16.705475586067337,-6.403762531460188,-25.59623746853981,86.70547558606734,3233295.7109017945,23947.315286615445,11.403762531460188,11.403762531460188,0.15246383627919796
18.67969987114227,15.933058703992884,14.272308744534188,-16.705475586067337,-6.403762531460188,-25.59623746853981,86.70547558606734,3233295.7109017945,23947.315286615445,11.403762531460188,11.403762531460188,0.15246383627919796
18.53950286484602,20.745020834510825,14.272308744534188,-16.705475586067337,-6.403762531460188,-25.59623746853981,86.70547558606734,3233295.7109017945,23947.315286615445,11.403762531460188,11.403762531460188,0.15246383627919796
18.652160160840477,21.843439428515815,14.272308744534188,-16.705475586067337,-6.403762531460188,-25.59623746853981,86.70547558606734,3233295.7109017945,23947.315286615445,11.403762531460188,11.403762531460188,0.15246383627919796
18.65843003603951,11.613857955245713,14.272308744534188,-16.705475586067337,-6.403762531460188,-25.59623746853981,86.70547558606734,3233295.7109017945,23947.315286615445,11.403762531460188,11.403762531460188,0.15246383627919796
16.896754112242874,26.413089820187793,14.272308744534188,-16.705475586067337,-6.403762531460188,-25.59623746853981,86.70547558606734,3233295.7109017945,23947.315286615445,11.403762531460188,11.403762531460188,0.15246383627919796
18.665750267068546,10.141267165416433,14.272308744534188,-16.705475586067337,-6.403762531460188,-25.59623746853981,86.70547558606734,3233295.7109017945,23947.315286615445,11.403762531460188,11.403762531460188,0.15246383627919796
15.960791402276385,10.017301120073412,14.272308744534188,-16.705475586067337,-6.403762531460188,-25.59623746853981,86.70547558606734,3233295.7109017945,23947.315286615445,11.403762531460188,11.403762531460188,0.15246383627919796
17.755514857445668,11.29396307996824,14.272308744534188,-16.705475586067337,-6.403762531460188,-25.59623746853981,86.70547558606734,3233295.7109017945,23947.315286615445,11.403762531460188,11.403762531460188,0.15246383627919796
18.676283458737867,25.669201810420255,14.272308744534188,-16.705475586067337,-6.403762531460188,-25.59623746853981,86.70547558606734,3233295.7109017945,23947.315286615445,11.403762531460188,11.403762531460188,0.15246383627919796
18.65826037411664,18.25202839288049,14.272308744534188,-16.705475586067337,-6.403762531460188,-25.59623746853981,86.70547558606734,3233295.7109017945,23947.315286615445,11.403762531460188,11.403762531460188,0.15246383627919796
18.023207777039225,10.37636456521114,14.272308744534188,-16.705475586067337,-6.403762531460188,-25.59623746853981,86.70547558606734,3233295.7109017945,23947.315286615445,11.403762531460188,11.403762531460188,0.15246383627919796
16.714687921274297,19.686244465218167,14.272308744534188,-16.705475586067337,-6.403762531460188,-25.59623746853981,86.70547558606734,3233295.7109017945,23947.315286615445,11.403762531460188,11.403762531460188,0.15246383627919796
17.91750920714338,13.27395879826755,14.272308744534188,-16.705475586067337,-6.403762531460188,-25.59623746853981,86.70547558606734,3233295.7109017945,23947.315286615445,11.403762531460188,11.403762531460188,0.15246383627919796
18.66377736686909,10.242707550357984,14.272308744534188,-16.705475586067337,-6.403762531460188,-25.59623746853981,86.70547558606734,3233295.7109017945,23947.315286615445,11.403762531460188,11.403762531460188,0.15246383627919796
18.40130219488925,10.574254845619809,14.272308744534188,-16.705475586067337,-6.403762531460188,-25.59623746853981,86.70547558606734,3233295.7109017945,23947.315286615445,11.403762531460188,11.403762531460188,0.15246383627919796
15.674425731444668,11.40093546496912,14.272308744534188,-16.705475586067337,-6.403762531460188,-25.59623746853981,86.70547558606734,3233295.7109017945,23947.315286615445,11.403762531460188,11.403762531460188,0.15246383627919796
18.6548253691086,23.33876802703987,14.272308744534188,-16.705475586067337,-6.403762531460188,-25.59623746853981,86.70547558606734,3233295.7109017945,23947.315286615445,11.403762531460188,11.403762531460188,0.15246383627919796
18.665153823071066,10.013027208270508,14.272308744534188,-16.705475586067337,-6.403762531460188,-25.59623746853981,86.70547558606734,3233295.7109017945,23947.315286615445,11.403762531460188,11.403762531460188,0.15246383627919796
18.674387118129648,10.210747158938084,14.272308744534188,-16.705475586067337,-6.403762531460188,-25.59623746853981,86.70547558606734,3233295.7109017945,23947.315286615445,11.403762531460188,11.403762531460188,0.15246383627919796
16.5295101658026,11.931850598402008,14.272308744534188,-16.705475586067337,-6.403762531460188,-25.59623746853981,86.70547558606734,3233295.7109017945,23947.315286615445,11.403762531460188,11.403762531460188,0.15246383627919796
18.655026602818406,10.473207558414902,14.272308744534188,-16.705475586067337,-6.403762531460188,-25.59623746853981,86.70547558606734,3233295.7109017945,23947.315286615445,11.403762531460188,11.403762531460188,0.15246383627919796
17.480913411015603,11.144623674845683,14.272308744534188,-16.705475586067337,-6.403762531460188,-25.59623746853981,86.70547558606734,3233295.7109017945,23947.315286615445,11.403762531460188,11.403762531460188,0.15246383627919796
3.5607986347136524,10.010549553069197,14.272308744534188,-16.705475586067337,-6.403762531460188,-25.59623746853981,86.70547558606734,3233295.7109017945,23947.315286615445,11.403762531460188,11.403762531460188,0.15246383627919796
18.677918185031924,20.310619062918846,14.272308744534188,-16.705475586067337,-6.403762531460188,-25.59623746853981,86.70547558606734,3233295.7109017945,23947.315286615445,11.403762531460188,11.403762531460188,0.15246383627919796
18.675910186072507,10.21923085111031,14.272308744534188,-16.705475586067337,-6.403762531460188,-25.59623746853981,86.70547558606734,3233295.7109017945,23947.315286615445,11.403762531460188,11.403762531460188,0.15246383627919796
17.70470933638126,10.017374361485928,14.272308744534188,-16.705475586067337,-6.403762531460188,-25.59623746853981,86.70547558606734,3233295.7109017945,23947.315286615445,11.403762531460188,11.403762531460188,0.15246383627919796
11.262484174246948,10.077759905662798,14.272308744534188,-16.705475586067337,-6.403762531460188,-25.59623746853981,86.70547558606734,3233295.7109017945,23947.315286615445,11.403762531460188,11.403762531460188,0.15246383627919796
17.50106944548422,10.082324244385305,14.272308744534188,-16.705475586067337,-6.403762531460188,-25.59623746853981,86.70547558606734,3233295.7109017945,23947.315286615445,11.403762531460188,11.403762531460188,0.15246383627919796
18.650265318305596,13.529405497941603,14.272308744534188,-16.705475586067337,-6.403762531460188,-25.59623746853981,86.70547558606734,3233295.7109017945,23947.315286615445,11.403762531460188,11.403762531460188,0.15246383627919796
18.678815929359352,10.45070630569548,14.272308744534188,-16.705475586067337,-6.403762531460188,-25.59623746853981,86.70547558606734,3233295.7109017945,23947.315286615445,11.403762531460188,11.403762531460188,0.15246383627919796
18.674391371651136,14.588086406992382,14.272308744534188,-16.705475586067337,-6.403762531460188,-25.59623746853981,86.70547558606734,3233295.7109017945,23947.315286615445,11.403762531460188,11.403762531460188,0.15246383627919796
17.38503740167387,10.358385318910727,14.272308744534188,-16.705475586067337,-6.403762531460188,-25.59623746853981,86.70547558606734,3233295.7109017945,23947.315286615445,11.403762531460188,11.403762531460188,0.15246383627919796
11.260688753460355,11.521546465206889,14.272308744534188,-16.705475586067337,-6.403762531460188,-25.59623746853981,86.70547558606734,3233295.7109017945,23947.315286615445,11.403762531460188,11.403762531460188,0.15246383627919796
18.674465926478774,19.994356295217017,14.272308744534188,-16.705475586067337,-6.403762531460188,-25.59623746853981,86.70547558606734,3233295.7109017945,23947.315286615445,11.403762531460188,11.403762531460188,0.15246383627919796
14.036831844055165,14.485942432989106,14.272308744534188,-16.705475586067337,-6.403762531460188,-25.59623746853981,86.70547558606734,3233295.7109017945,23947.315286615445,11.403762531460188,11.403762531460188,0.15246383627919796
18.656267054836576,11.856960565960179,14.272308744534188,-16.705475586067337,-6.403762531460188,-25.59623746853981,86.70547558606734,3233295.7109017945,23947.315286615445,11.403762531460188,11.403762531460188,0.15246383627919796
18.290828995822434,10.35953514050259,14.272308744534188,-16.705475586067337,-6.403762531460188,-25.59623746853981,86.70547558606734,3233295.7109017945,23947.315286615445,11.403762531460188,11.403762531460188,0.15246383627919796
18.658477528924763,12.35261517341489,14.272308744534188,-16.705475586067337,-6.403762531460188,-25.59623746853981,86.70547558606734,3233295.7109017945,23947.315286615445,11.403762531460188,11.403762531460188,0.15246383627919796
18.659828164605592,14.352784250857077,14.272308744534188,-16.705475586067337,-6.403762531460188,-25.59623746853981,86.70547558606734,3233295.7109017945,23947.315286615445,11.403762531460188,11.403762531460188,0.15246383627919796
9.99966332663882,15.729500832780687,14.272308744534188,-16.705475586067337,-6.403762531460188,-25.59623746853981,86.70547558606734,3233295.7109017945,23947.315286615445,11.403762531460188,11.403762531460188,0.15246383627919796
18.034104481151946,19.084469719944565,14.272308744534188,-16.705475586067337,-6.403762531460188,-25.59623746853981,86.70547558606734,3233295.7109017945,23947.315286615445,11.403762531460188,11.403762531460188,0.15246383627919796
18.523789016828488,11.718187574655381,14.272308744534188,-16.705475586067337,-6.403762531460188,-25.59623746853981,86.70547558606734,3233295.7109017945,23947.315286615445,11.403762531460188,11.403762531460188,0.15246383627919796
18.658853514119578,21.843439428515815,14.272308744534188,-16.705475586067337,-6.403762531460188,-25.59623746853981,86.70547558606734,3233295.7109017945,23947.315286615445,11.403762531460188,11.403762531460188,0.15246383627919796
18.667696398080306,10.295595001772227,14.272308744534188,-16.705475586067337,-6.403762531460188,-25.59623746853981,86.70547558606734,3233295.7109017945,23947.315286615445,11.403762531460188,11.403762531460188,0.15246383627919796
16.0154040279315,10.278709309659622,14.272308744534188,-16.705475586067337,-6.403762531460188,-25.59623746853981,86.70547558606734,3233295.7109017945,23947.315286615445,11.403762531460188,11.403762531460188,0.15246383627919796
18.648892938897262,25.262086067995867,14.272308744534188,-16.705475586067337,-6.403762531460188,-25.59623746853981,86.70547558606734,3233295.7109017945,23947.315286615445,11.403762531460188,11.403762531460188,0.15246383627919796
11.342282239880285,10.473207558414902,14.272308744534188,-16.705475586067337,-6.403762531460188,-25.59623746853981,86.70547558606734,3233295.7109017945,23947.315286615445,11.403762531460188,11.403762531460188,0.15246383627919796
18.66041186167322,14.137828591108317,14.272308744534188,-16.705475586067337,-6.403762531460188,-25.59623746853981,86.70547558606734,3233295.7109017945,23947.315286615445,11.403762531460188,11.403762531460188,0.15246383627919796
17.586906552185432,25.669201810420255,14.272308744534188,-16.705475586067337,-6.403762531460188,-25.59623746853981,86.70547558606734,3233295.7109017945,23947.315286615445,11.403762531460188,11.403762531460188,0.15246383627919796
18.65826037411664,10.084394659098123,14.272308744534188,-16.705475586067337,-6.403762531460188,-25.59623746853981,86.70547558606734,3233295.7109017945,23947.315286615445,11.403762531460188,11.403762531460188,0.15246383627919796
18.659825032403795,10.077403915560748,14.272308744534188,-16.705475586067337,-6.403762531460188,-25.59623746853981,86.70547558606734,3233295.7109017945,23947.315286615445,11.403762531460188,11.403762531460188,0.15246383627919796
17.928914468279366,19.686244465218167,14.272308744534188,-16.705475586067337,-6.403762531460188,-25.59623746853981,86.70547558606734,3233295.7109017945,23947.315286615445,11.403762531460188,11.403762531460188,0.15246383627919796
18.146894206210717,20.260977470324555,14.272308744534188,-16.705475586067337,-6.403762531460188,-25.59623746853981,86.70547558606734,3233295.7109017945,23947.315286615445,11.403762531460188,11.403762531460188,0.15246383627919796
18.671618885571387,11.054266776983134,14.272308744534188,-16.705475586067337,-6.403762531460188,-25.59623746853981,86.70547558606734,3233295.7109017945,23947.315286615445,11.403762531460188,11.403762531460188,0.15246383627919796
18.653584917090427,17.2844620571841,14.272308744534188,-16.705475586067337,-6.403762531460188,-25.59623746853981,86.70547558606734,3233295.7109017945,23947.315286615445,11.403762531460188,11.403762531460188,0.15246383627919796
14.325728079079497,11.40093546496912,14.272308744534188,-16.705475586067337,-6.403762531460188,-25.59623746853981,86.70547558606734,3233295.7109017945,23947.315286615445,11.403762531460188,11.403762531460188,0.15246383627919796
18.655894574649224,10.234841195567725,14.272308744534188,-16.705475586067337,-6.403762531460188,-25.59623746853981,86.70547558606734,3233295.7109017945,23947.315286615445,11.403762531460188,11.403762531460188,0.15246383627919796
9.271268112646874,14.580153004384464,14.272308744534188,-16.705475586067337,-6.403762531460188,-25.59623746853981,86.70547558606734,3233295.7109017945,23947.315286615445,11.403762531460188,11.403762531460188,0.15246383627919796
14.948112728405789,17.596872380670483,14.272308744534188,-16.705475586067337,-6.403762531460188,-25.59623746853981,86.70547558606734,3233295.7109017945,23947.315286615445,11.403762531460188,11.403762531460188,0.15246383627919796
14.833949393779774,18.059147200558094,14.272308744534188,-16.705475586067337,-6.403762531460188,-25.59623746853981,86.70547558606734,3233295.7109017945,23947.315286615445,11.403762531460188,11.403762531460188,0.15246383627919796
18.655026602818406,13.511843317991502,14.272308744534188,-16.705475586067337,-6.403762531460188,-25.59623746853981,86.70547558606734,3233295.7109017945,23947.315286615445,11.403762531460188,11.403762531460188,0.15246383627919796
18.328474529801927,16.388994432220336,14.272308744534188,-16.705475586067337,-6.403762531460188,-25.59623746853981,86.70547558606734,3233295.7109017945,23947.315286615445,11.403762531460188,11.403762531460188,0.15246383627919796
3.5607986347136524,17.262770803673433,14.272308744534188,-16.705475586067337,-6.403762531460188,-25.59623746853981,86.70547558606734,3233295.7109017945,23947.315286615445,11.403762531460188,11.403762531460188,0.15246383627919796
17.58613472038936,20.310619062918846,14.272308744534188,-16.705475586067337,-6.403762531460188,-25.59623746853981,86.70547558606734,3233295.7109017945,23947.315286615445,11.403762531460188,11.403762531460188,0.15246383627919796
18.653343850220473,25.7814819329734,14.272308744534188,-16.705475586067337,-6.403762531460188,-25.59623746853981,86.70547558606734,3233295.7109017945,23947.315286615445,11.403762531460188,11.403762531460188,0.15246383627919796
17.70470933638126,10.165941171492534,14.272308744534188,-16.705475586067337,-6.403762531460188,-25.59623746853981,86.70547558606734,3233295.7109017945,23947.315286615445,11.403762531460188,11.403762531460188,0.15246383627919796
17.89082399614598,13.163664824939136,14.272308744534188,-16.705475586067337,-6.403762531460188,-25.59623746853981,86.70547558606734,3233295.7109017945,23947.315286615445,11.403762531460188,11.403762531460188,0.15246383627919796
18.678513646073473,10.062427151770322,14.272308744534188,-16.705475586067337,-6.403762531460188,-25.59623746853981,86.70547558606734,3233295.7109017945,23947.315286615445,11.403762531460188,11.403762531460188,0.15246383627919796
18.67410039479074,12.31606391169582,14.272308744534188,-16.705475586067337,-6.403762531460188,-25.59623746853981,86.70547558606734,3233295.7109017945,23947.315286615445,11.403762531460188,11.403762531460188,0.15246383627919796
16.493152869900648,10.408983933167125,14.272308744534188,-16.705475586067337,-6.403762531460188,-25.59623746853981,86.70547558606734,3233295.7109017945,23947.315286615445,11.403762531460188,11.403762531460188,0.15246383627919796
17.8966711508684,14.588086406992382,14.272308744534188,-16.705475586067337,-6.403762531460188,-25.59623746853981,86.70547558606734,3233295.7109017945,23947.315286615445,11.403762531460188,11.403762531460188,0.15246383627919796
18.67059414082223,22.206947115197536,14.272308744534188,-16.705475586067337,-6.403762531460188,-25.59623746853981,86.70547558606734,3233295.7109017945,23947.315286615445,11.403762531460188,11.403762531460188,0.15246383627919796
18.676585605174147,11.521546465206889,14.272308744534188,-16.705475586067337,-6.403762531460188,-25.59623746853981,86.70547558606734,3233295.7109017945,23947.315286615445,11.403762531460188,11.403762531460188,0.15246383627919796
18.146894206210717,19.994356295217017,14.272308744534188,-16.705475586067337,-6.403762531460188,-25.59623746853981,86.70547558606734,3233295.7109017945,23947.315286615445,11.403762531460188,11.403762531460188,0.15246383627919796
14.036831844055165,10.122171708219568,14.272308744534188,-16.705475586067337,-6.403762531460188,-25.59623746853981,86.70547558606734,3233295.7109017945,23947.315286615445,11.403762531460188,11.403762531460188,0.15246383627919796
16.333592589274854,11.856960565960179,14.272308744534188,-16.705475586067337,-6.403762531460188,-25.59623746853981,86.70547558606734,3233295.7109017945,23947.315286615445,11.403762531460188,11.403762531460188,0.15246383627919796
15.150748949509634,10.957023733742918,14.272308744534188,-16.705475586067337,-6.403762531460188,-25.59623746853981,86.70547558606734,3233295.7109017945,23947.315286615445,11.403762531460188,11.403762531460188,0.15246383627919796
11.141039764718558,12.940016678404994,14.272308744534188,-16.705475586067337,-6.403762531460188,-25.59623746853981,86.70547558606734,3233295.7109017945,23947.315286615445,11.403762531460188,11.403762531460188,0.15246383627919796
14.886469186960245,14.352784250857077,14.272308744534188,-16.705475586067337,-6.403762531460188,-25.59623746853981,86.70547558606734,3233295.7109017945,23947.315286615445,11.403762531460188,11.403762531460188,0.15246383627919796
18.670815469214755,10.01388936866358,14.272308744534188,-16.705475586067337,-6.403762531460188,-25.59623746853981,86.70547558606734,3233295.7109017945,23947.315286615445,11.403762531460188,11.403762531460188,0.15246383627919796
18.67969987114227,10.130183176799399,14.272308744534188,-16.705475586067337,-6.403762531460188,-25.59623746853981,86.70547558606734,3233295.7109017945,23947.315286615445,11.403762531460188,11.403762531460188,0.15246383627919796
18.673192309438686,22.126233284237223,14.272308744534188,-16.705475586067337,-6.403762531460188,-25.59623746853981,86.70547558606734,3233295.7109017945,23947.315286615445,11.403762531460188,11.403762531460188,0.15246383627919796
18.656721466530026,21.843439428515815,14.272308744534188,-16.705475586067337,-6.403762531460188,-25.59623746853981,86.70547558606734,3233295.7109017945,23947.315286615445,11.403762531460188,11.403762531460188,0.15246383627919796
18.667696398080306,10.074997912993105,14.272308744534188,-16.705475586067337,-6.403762531460188,-25.59623746853981,86.70547558606734,3233295.7109017945,23947.315286615445,11.403762531460188,11.403762531460188,0.15246383627919796
16.0154040279315,11.34767760574676,14.272308744534188,-16.705475586067337,-6.403762531460188,-25.59623746853981,86.70547558606734,3233295.7109017945,23947.315286615445,11.403762531460188,11.403762531460188,0.15246383627919796
18.665750267068546,10.253602844109395,14.272308744534188,-16.705475586067337,-6.403762531460188,-25.59623746853981,86.70547558606734,3233295.7109017945,23947.315286615445,11.403762531460188,11.403762531460188,0.15246383627919796
11.342282239880285,10.208642532041189,14.272308744534188,-16.705475586067337,-6.403762531460188,-25.59623746853981,86.70547558606734,3233295.7109017945,23947.315286615445,11.403762531460188,11.403762531460188,0.15246383627919796
17.626694254577124,11.29396307996824,14.272308744534188,-16.705475586067337,-6.403762531460188,-25.59623746853981,86.70547558606734,3233295.7109017945,23947.315286615445,11.403762531460188,11.403762531460188,0.15246383627919796
18.602177317870485,25.669201810420255,14.272308744534188,-16.705475586067337,-6.403762531460188,-25.59623746853981,86.70547558606734,3233295.7109017945,23947.315286615445,11.403762531460188,11.403762531460188,0.15246383627919796
18.65902969724479,10.370721106902835,14.272308744534188,-16.705475586067337,-6.403762531460188,-25.59623746853981,86.70547558606734,3233295.7109017945,23947.315286615445,11.403762531460188,11.403762531460188,0.15246383627919796
18.023207777039225,10.372829023389137,14.272308744534188,-16.705475586067337,-6.403762531460188,-25.59623746853981,86.70547558606734,3233295.7109017945,23947.315286615445,11.403762531460188,11.403762531460188,0.15246383627919796
18.676311923072184,10.652198934767714,14.272308744534188,-16.705475586067337,-6.403762531460188,-25.59623746853981,86.70547558606734,3233295.7109017945,23947.315286615445,11.403762531460188,11.403762531460188,0.15246383627919796
18.16150469957258,11.87491195516094,14.272308744534188,-16.705475586067337,-6.403762531460188,-25.59623746853981,86.70547558606734,3233295.7109017945,23947.315286615445,11.403762531460188,11.403762531460188,0.15246383627919796
18.66553780474501,14.633088912431226,14.272308744534188,-16.705475586067337,-6.403762531460188,-25.59623746853981,86.70547558606734,3233295.7109017945,23947.315286615445,11.403762531460188,11.403762531460188,0.15246383627919796
18.40130219488925,10.164488451783416,14.272308744534188,-16.705475586067337,-6.403762531460188,-25.59623746853981,86.70547558606734,3233295.7109017945,23947.315286615445,11.403762531460188,11.403762531460188,0.15246383627919796
15.991120664083919,12.27474715641275,14.272308744534188,-16.705475586067337,-6.403762531460188,-25.59623746853981,86.70547558606734,3233295.7109017945,23947.315286615445,11.403762531460188,11.403762531460188,0.15246383627919796
18.662520685719063,23.33876802703987,14.272308744534188,-16.705475586067337,-6.403762531460188,-25.59623746853981,86.70547558606734,3233295.7109017945,23947.315286615445,11.403762531460188,11.403762531460188,0.15246383627919796
18.671293023295974,10.013027208270508,14.272308744534188,-16.705475586067337,-6.403762531460188,-25.59623746853981,86.70547558606734,3233295.7109017945,23947.315286615445,11.403762531460188,11.403762531460188,0.15246383627919796
18.667293930660694,18.593236270413428,14.272308744534188,-16.705475586067337,-6.403762531460188,-25.59623746853981,86.70547558606734,3233295.7109017945,23947.315286615445,11.403762531460188,11.403762531460188,0.15246383627919796
16.5295101658026,10.2788189229172,14.272308744534188,-16.705475586067337,-6.403762531460188,-25.59623746853981,86.70547558606734,3233295.7109017945,23947.315286615445,11.403762531460188,11.403762531460188,0.15246383627919796
14.989117525363177,10.301614675235697,14.272308744534188,-16.705475586067337,-6.403762531460188,-25.59623746853981,86.70547558606734,3233295.7109017945,23947.315286615445,11.403762531460188,11.403762531460188,0.15246383627919796
18.118989608043787,11.29250483365918,14.272308744534188,-16.705475586067337,-6.403762531460188,-25.59623746853981,86.70547558606734,3233295.7109017945,23947.315286615445,11.403762531460188,11.403762531460188,0.15246383627919796
18.22269906360747,10.011619283918826,14.272308744534188,-16.705475586067337,-6.403762531460188,-25.59623746853981,86.70547558606734,3233295.7109017945,23947.315286615445,11.403762531460188,11.403762531460188,0.15246383627919796
14.95679698962871,20.310619062918846,14.272308744534188,-16.705475586067337,-6.403762531460188,-25.59623746853981,86.70547558606734,3233295.7109017945,23947.315286615445,11.403762531460188,11.403762531460188,0.15246383627919796
16.33436522662855,25.7814819329734,14.272308744534188,-16.705475586067337,-6.403762531460188,-25.59623746853981,86.70547558606734,3233295.7109017945,23947.315286615445,11.403762531460188,11.403762531460188,0.15246383627919796
17.70470933638126,16.11797021539738,14.272308744534188,-16.705475586067337,-6.403762531460188,-25.59623746853981,86.70547558606734,3233295.7109017945,23947.315286615445,11.403762531460188,11.403762531460188,0.15246383627919796
10.409590119978864,10.195331182080288,14.272308744534188,-16.705475586067337,-6.403762531460188,-25.59623746853981,86.70547558606734,3233295.7109017945,23947.315286615445,11.403762531460188,11.403762531460188,0.15246383627919796
17.50106944548422,11.931850598402008,14.272308744534188,-16.705475586067337,-6.403762531460188,-25.59623746853981,86.70547558606734,3233295.7109017945,23947.315286615445,11.403762531460188,11.403762531460188,0.15246383627919796
18.67410039479074,12.703235816535145,14.272308744534188,-16.705475586067337,-6.403762531460188,-25.59623746853981,86.70547558606734,3233295.7109017945,23947.315286615445,11.403762531460188,11.403762531460188,0.15246383627919796
15.53302778434075,10.45070630569548,14.272308744534188,-16.705475586067337,-6.403762531460188,-25.59623746853981,86.70547558606734,3233295.7109017945,23947.315286615445,11.403762531460188,11.403762531460188,0.15246383627919796
18.46322862877115,11.282279327478662,14.272308744534188,-16.705475586067337,-6.403762531460188,-25.59623746853981,86.70547558606734,3233295.7109017945,23947.315286615445,11.403762531460188,11.403762531460188,0.15246383627919796
18.649745774816587,22.206947115197536,14.272308744534188,-16.705475586067337,-6.403762531460188,-25.59623746853981,86.70547558606734,3233295.7109017945,23947.315286615445,11.403762531460188,11.403762531460188,0.15246383627919796
18.661183721404136,11.521546465206889,14.272308744534188,-16.705475586067337,-6.403762531460188,-25.59623746853981,86.70547558606734,3233295.7109017945,23947.315286615445,11.403762531460188,11.403762531460188,0.15246383627919796
18.349474333429754,10.108690635540455,14.272308744534188,-16.705475586067337,-6.403762531460188,-25.59623746853981,86.70547558606734,3233295.7109017945,23947.315286615445,11.403762531460188,11.403762531460188,0.15246383627919796
14.036831844055165,13.346597612012687,14.272308744534188,-16.705475586067337,-6.403762531460188,-25.59623746853981,86.70547558606734,3233295.7109017945,23947.315286615445,11.403762531460188,11.403762531460188,0.15246383627919796
17.8441229474767,10.238445087279523,14.272308744534188,-16.705475586067337,-6.403762531460188,-25.59623746853981,86.70547558606734,3233295.7109017945,23947.315286615445,11.403762531460188,11.403762531460188,0.15246383627919796
15.150748949509634,11.913382784425274,14.272308744534188,-16.705475586067337,-6.403762531460188,-25.59623746853981,86.70547558606734,3233295.7109017945,23947.315286615445,11.403762531460188,11.403762531460188,0.15246383627919796
18.656267054836576,12.35261517341489,14.272308744534188,-16.705475586067337,-6.403762531460188,-25.59623746853981,86.70547558606734,3233295.7109017945,23947.315286615445,11.403762531460188,11.403762531460188,0.15246383627919796
16.602278704143778,10.233294174415732,14.272308744534188,-16.705475586067337,-6.403762531460188,-25.59623746853981,86.70547558606734,3233295.7109017945,23947.315286615445,11.403762531460188,11.403762531460188,0.15246383627919796
10.601178659015575,10.254601843582478,14.272308744534188,-16.705475586067337,-6.403762531460188,-25.59623746853981,86.70547558606734,3233295.7109017945,23947.315286615445,11.403762531460188,11.403762531460188,0.15246383627919796
18.67969987114227,12.697538369542475,14.272308744534188,-16.705475586067337,-6.403762531460188,-25.59623746853981,86.70547558606734,3233295.7109017945,23947.315286615445,11.403762531460188,11.403762531460188,0.15246383627919796
16.636442344110236,22.126233284237223,14.272308744534188,-16.705475586067337,-6.403762531460188,-25.59623746853981,86.70547558606734,3233295.7109017945,23947.315286615445,11.403762531460188,11.403762531460188,0.15246383627919796
18.660022683521916,21.843439428515815,14.272308744534188,-16.705475586067337,-6.403762531460188,-25.59623746853981,86.70547558606734,3233295.7109017945,23947.315286615445,11.403762531460188,11.403762531460188,0.15246383627919796
18.667696398080306,18.592532308237587,14.272308744534188,-16.705475586067337,-6.403762531460188,-25.59623746853981,86.70547558606734,3233295.7109017945,23947.315286615445,11.403762531460188,11.403762531460188,0.15246383627919796
16.0154040279315,10.034998896524169,14.272308744534188,-16.705475586067337,-6.403762531460188,-25.59623746853981,86.70547558606734,3233295.7109017945,23947.315286615445,11.403762531460188,11.403762531460188,0.15246383627919796
11.095575984604098,25.262086067995867,14.272308744534188,-16.705475586067337,-6.403762531460188,-25.59623746853981,86.70547558606734,3233295.7109017945,23947.315286615445,11.403762531460188,11.403762531460188,0.15246383627919796
18.676609551379464,10.017301120073412,14.272308744534188,-16.705475586067337,-6.403762531460188,-25.59623746853981,86.70547558606734,3233295.7109017945,23947.315286615445,11.403762531460188,11.403762531460188,0.15246383627919796
17.934980877881074,11.29396307996824,14.272308744534188,-16.705475586067337,-6.403762531460188,-25.59623746853981,86.70547558606734,3233295.7109017945,23947.315286615445,11.403762531460188,11.403762531460188,0.15246383627919796
18.678154596434883,17.522468736162196,14.272308744534188,-16.705475586067337,-6.403762531460188,-25.59623746853981,86.70547558606734,3233295.7109017945,23947.315286615445,11.403762531460188,11.403762531460188,0.15246383627919796
18.671380315385075,21.90470950215264,14.272308744534188,-16.705475586067337,-6.403762531460188,-25.59623746853981,86.70547558606734,3233295.7109017945,23947.315286615445,11.403762531460188,11.403762531460188,0.15246383627919796
18.67814455348495,10.077403915560748,14.272308744534188,-16.705475586067337,-6.403762531460188,-25.59623746853981,86.70547558606734,3233295.7109017945,23947.315286615445,11.403762531460188,11.403762531460188,0.15246383627919796
18.676311923072184,10.023122393194356,14.272308744534188,-16.705475586067337,-6.403762531460188,-25.59623746853981,86.70547558606734,3233295.7109017945,23947.315286615445,11.403762531460188,11.403762531460188,0.15246383627919796
14.368599185403493,20.260977470324555,14.272308744534188,-16.705475586067337,-6.403762531460188,-25.59623746853981,86.70547558606734,3233295.7109017945,23947.315286615445,11.403762531460188,11.403762531460188,0.15246383627919796
18.66377736686909,10.287131860358507,14.272308744534188,-16.705475586067337,-6.403762531460188,-25.59623746853981,86.70547558606734,3233295.7109017945,23947.315286615445,11.403762531460188,11.403762531460188,0.15246383627919796
17.625960024053683,16.88395456314274,14.272308744534188,-16.705475586067337,-6.403762531460188,-25.59623746853981,86.70547558606734,3233295.7109017945,23947.315286615445,11.403762531460188,11.403762531460188,0.15246383627919796
15.991120664083919,10.152342338461729,14.272308744534188,-16.705475586067337,-6.403762531460188,-25.59623746853981,86.70547558606734,3233295.7109017945,23947.315286615445,11.403762531460188,11.403762531460188,0.15246383627919796
18.67772869487376,23.33876802703987,14.272308744534188,-16.705475586067337,-6.403762531460188,-25.59623746853981,86.70547558606734,3233295.7109017945,23947.315286615445,11.403762531460188,11.403762531460188,0.15246383627919796
16.67514916121142,10.013027208270508,14.272308744534188,-16.705475586067337,-6.403762531460188,-25.59623746853981,86.70547558606734,3233295.7109017945,23947.315286615445,11.403762531460188,11.403762531460188,0.15246383627919796
18.656035941460104,17.596872380670483,14.272308744534188,-16.705475586067337,-6.403762531460188,-25.59623746853981,86.70547558606734,3233295.7109017945,23947.315286615445,11.403762531460188,11.403762531460188,0.15246383627919796
18.66385150879634,18.46787379269405,14.272308744534188,-16.705475586067337,-6.403762531460188,-25.59623746853981,86.70547558606734,3233295.7109017945,23947.315286615445,11.403762531460188,11.403762531460188,0.15246383627919796
18.670651779826386,10.392501002278948,14.272308744534188,-16.705475586067337,-6.403762531460188,-25.59623746853981,86.70547558606734,3233295.7109017945,23947.315286615445,11.403762531460188,11.403762531460188,0.15246383627919796
18.661936191705557,16.388994432220336,14.272308744534188,-16.705475586067337,-6.403762531460188,-25.59623746853981,86.70547558606734,3233295.7109017945,23947.315286615445,11.403762531460188,11.403762531460188,0.15246383627919796
18.67743223294464,10.011619283918826,14.272308744534188,-16.705475586067337,-6.403762531460188,-25.59623746853981,86.70547558606734,3233295.7109017945,23947.315286615445,11.403762531460188,11.403762531460188,0.15246383627919796
18.092132394600743,12.06470686819037,14.272308744534188,-16.705475586067337,-6.403762531460188,-25.59623746853981,86.70547558606734,3233295.7109017945,23947.315286615445,11.403762531460188,11.403762531460188,0.15246383627919796
18.67600687846439,25.7814819329734,14.272308744534188,-16.705475586067337,-6.403762531460188,-25.59623746853981,86.70547558606734,3233295.7109017945,23947.315286615445,11.403762531460188,11.403762531460188,0.15246383627919796
17.70470933638126,10.197232560124,14.272308744534188,-16.705475586067337,-6.403762531460188,-25.59623746853981,86.70547558606734,3233295.7109017945,23947.315286615445,11.403762531460188,11.403762531460188,0.15246383627919796
11.262484174246948,10.344895016376,14.272308744534188,-16.705475586067337,-6.403762531460188,-25.59623746853981,86.70547558606734,3233295.7109017945,23947.315286615445,11.403762531460188,11.403762531460188,0.15246383627919796
18.674238582815534,10.062427151770322,14.272308744534188,-16.705475586067337,-6.403762531460188,-25.59623746853981,86.70547558606734,3233295.7109017945,23947.315286615445,11.403762531460188,11.403762531460188,0.15246383627919796
18.67410039479074,14.02821842673574,14.272308744534188,-16.705475586067337,-6.403762531460188,-25.59623746853981,86.70547558606734,3233295.7109017945,23947.315286615445,11.403762531460188,11.403762531460188,0.15246383627919796
16.493152869900648,10.031342797355215,14.272308744534188,-16.705475586067337,-6.403762531460188,-25.59623746853981,86.70547558606734,3233295.7109017945,23947.315286615445,11.403762531460188,11.403762531460188,0.15246383627919796
18.46322862877115,13.578347658352406,14.272308744534188,-16.705475586067337,-6.403762531460188,-25.59623746853981,86.70547558606734,3233295.7109017945,23947.315286615445,11.403762531460188,11.403762531460188,0.15246383627919796
15.674425731444668,22.206947115197536,14.272308744534188,-16.705475586067337,-6.403762531460188,-25.59623746853981,86.70547558606734,3233295.7109017945,23947.315286615445,11.403762531460188,11.403762531460188,0.15246383627919796
17.603233812762262,11.521546465206889,14.272308744534188,-16.705475586067337,-6.403762531460188,-25.59623746853981,86.70547558606734,3233295.7109017945,23947.315286615445,11.403762531460188,11.403762531460188,0.15246383627919796
18.349474333429754,10.536038948267901,14.272308744534188,-16.705475586067337,-6.403762531460188,-25.59623746853981,86.70547558606734,3233295.7109017945,23947.315286615445,11.403762531460188,11.403762531460188,0.15246383627919796
14.036831844055165,10.212326183743563,14.272308744534188,-16.705475586067337,-6.403762531460188,-25.59623746853981,86.70547558606734,3233295.7109017945,23947.315286615445,11.403762531460188,11.403762531460188,0.15246383627919796
18.662987854954995,11.856960565960179,14.272308744534188,-16.705475586067337,-6.403762531460188,-25.59623746853981,86.70547558606734,3233295.7109017945,23947.315286615445,11.403762531460188,11.403762531460188,0.15246383627919796
18.676202715610348,10.35953514050259,14.272308744534188,-16.705475586067337,-6.403762531460188,-25.59623746853981,86.70547558606734,3233295.7109017945,23947.315286615445,11.403762531460188,11.403762531460188,0.15246383627919796
11.09726995863914,12.35261517341489,14.272308744534188,-16.705475586067337,-6.403762531460188,-25.59623746853981,86.70547558606734,3233295.7109017945,23947.315286615445,11.403762531460188,11.403762531460188,0.15246383627919796
17.566514386710406,14.352784250857077,14.272308744534188,-16.705475586067337,-6.403762531460188,-25.59623746853981,86.70547558606734,3233295.7109017945,23947.315286615445,11.403762531460188,11.403762531460188,0.15246383627919796
9.99966332663882,10.289390257753649,14.272308744534188,-16.705475586067337,-6.403762531460188,-25.59623746853981,86.70547558606734,3233295.7109017945,23947.315286615445,11.403762531460188,11.403762531460188,0.15246383627919796
18.66297105755974,19.084469719944565,14.272308744534188,-16.705475586067337,-6.403762531460188,-25.59623746853981,86.70547558606734,3233295.7109017945,23947.315286615445,11.403762531460188,11.403762531460188,0.15246383627919796
18.65894340062634,10.218586910849208,14.272308744534188,-16.705475586067337,-6.403762531460188,-25.59623746853981,86.70547558606734,3233295.7109017945,23947.315286615445,11.403762531460188,11.403762531460188,0.15246383627919796
11.097470827138979,24.185026418076383,14.272308744534188,-16.705475586067337,-6.403762531460188,-25.59623746853981,86.70547558606734,3233295.7109017945,23947.315286615445,11.403762531460188,11.403762531460188,0.15246383627919796
17.619115757494924,10.804190378736685,14.272308744534188,-16.705475586067337,-6.403762531460188,-25.59623746853981,86.70547558606734,3233295.7109017945,23947.315286615445,11.403762531460188,11.403762531460188,0.15246383627919796
18.67090514914343,26.413089820187793,14.272308744534188,-16.705475586067337,-6.403762531460188,-25.59623746853981,86.70547558606734,3233295.7109017945,23947.315286615445,11.403762531460188,11.403762531460188,0.15246383627919796
18.665750267068546,10.03774229543658,14.272308744534188,-16.705475586067337,-6.403762531460188,-25.59623746853981,86.70547558606734,3233295.7109017945,23947.315286615445,11.403762531460188,11.403762531460188,0.15246383627919796
18.669279764095364,10.017301120073412,14.272308744534188,-16.705475586067337,-6.403762531460188,-25.59623746853981,86.70547558606734,3233295.7109017945,23947.315286615445,11.403762531460188,11.403762531460188,0.15246383627919796
18.67759056634686,11.29396307996824,14.272308744534188,-16.705475586067337,-6.403762531460188,-25.59623746853981,86.70547558606734,3233295.7109017945,23947.315286615445,11.403762531460188,11.403762531460188,0.15246383627919796
18.678154596434883,10.332195502160062,14.272308744534188,-16.705475586067337,-6.403762531460188,-25.59623746853981,86.70547558606734,3233295.7109017945,23947.315286615445,11.403762531460188,11.403762531460188,0.15246383627919796
18.660198941866494,21.90470950215264,14.272308744534188,-16.705475586067337,-6.403762531460188,-25.59623746853981,86.70547558606734,3233295.7109017945,23947.315286615445,11.403762531460188,11.403762531460188,0.15246383627919796
18.023207777039225,11.366664768448125,14.272308744534188,-16.705475586067337,-6.403762531460188,-25.59623746853981,86.70547558606734,3233295.7109017945,23947.315286615445,11.403762531460188,11.403762531460188,0.15246383627919796
18.676311923072184,13.163664824939136,14.272308744534188,-16.705475586067337,-6.403762531460188,-25.59623746853981,86.70547558606734,3233295.7109017945,23947.315286615445,11.403762531460188,11.403762531460188,0.15246383627919796
18.664973713977528,20.260977470324555,14.272308744534188,-16.705475586067337,-6.403762531460188,-25.59623746853981,86.70547558606734,3233295.7109017945,23947.315286615445,11.403762531460188,11.403762531460188,0.15246383627919796
18.653131760283525,14.633088912431226,14.272308744534188,-16.705475586067337,-6.403762531460188,-25.59623746853981,86.70547558606734,3233295.7109017945,23947.315286615445,11.403762531460188,11.403762531460188,0.15246383627919796
18.40130219488925,10.212418624715756,14.272308744534188,-16.705475586067337,-6.403762531460188,-25.59623746853981,86.70547558606734,3233295.7109017945,23947.315286615445,11.403762531460188,11.403762531460188,0.15246383627919796
15.991120664083919,10.36339835057068,14.272308744534188,-16.705475586067337,-6.403762531460188,-25.59623746853981,86.70547558606734,3233295.7109017945,23947.315286615445,11.403762531460188,11.403762531460188,0.15246383627919796
18.678574308255545,23.33876802703987,14.272308744534188,-16.705475586067337,-6.403762531460188,-25.59623746853981,86.70547558606734,3233295.7109017945,23947.315286615445,11.403762531460188,11.403762531460188,0.15246383627919796
17.37804640938259,10.013027208270508,14.272308744534188,-16.705475586067337,-6.403762531460188,-25.59623746853981,86.70547558606734,3233295.7109017945,23947.315286615445,11.403762531460188,11.403762531460188,0.15246383627919796
18.67580805844537,17.596872380670483,14.272308744534188,-16.705475586067337,-6.403762531460188,-25.59623746853981,86.70547558606734,3233295.7109017945,23947.315286615445,11.403762531460188,11.403762531460188,0.15246383627919796
13.960454728305233,18.46787379269405,14.272308744534188,-16.705475586067337,-6.403762531460188,-25.59623746853981,86.70547558606734,3233295.7109017945,23947.315286615445,11.403762531460188,11.403762531460188,0.15246383627919796
18.248499453601486,10.31331658569962,14.272308744534188,-16.705475586067337,-6.403762531460188,-25.59623746853981,86.70547558606734,3233295.7109017945,23947.315286615445,11.403762531460188,11.403762531460188,0.15246383627919796
18.437636765525554,16.388994432220336,14.272308744534188,-16.705475586067337,-6.403762531460188,-25.59623746853981,86.70547558606734,3233295.7109017945,23947.315286615445,11.403762531460188,11.403762531460188,0.15246383627919796
18.255007261790425,10.011619283918826,14.272308744534188,-16.705475586067337,-6.403762531460188,-25.59623746853981,86.70547558606734,3233295.7109017945,23947.315286615445,11.403762531460188,11.403762531460188,0.15246383627919796
16.335286563309896,20.310619062918846,14.272308744534188,-16.705475586067337,-6.403762531460188,-25.59623746853981,86.70547558606734,3233295.7109017945,23947.315286615445,11.403762531460188,11.403762531460188,0.15246383627919796
18.6490681388184,25.7814819329734,14.272308744534188,-16.705475586067337,-6.403762531460188,-25.59623746853981,86.70547558606734,3233295.7109017945,23947.315286615445,11.403762531460188,11.403762531460188,0.15246383627919796
18.656784884714206,18.19991006969083,14.272308744534188,-16.705475586067337,-6.403762531460188,-25.59623746853981,86.70547558606734,3233295.7109017945,23947.315286615445,11.403762531460188,11.403762531460188,0.15246383627919796
11.262484174246948,10.240077412521579,14.272308744534188,-16.705475586067337,-6.403762531460188,-25.59623746853981,86.70547558606734,3233295.7109017945,23947.315286615445,11.403762531460188,11.403762531460188,0.15246383627919796
17.50106944548422,10.390364046377492,14.272308744534188,-16.705475586067337,-6.403762531460188,-25.59623746853981,86.70547558606734,3233295.7109017945,23947.315286615445,11.403762531460188,11.403762531460188,0.15246383627919796
18.67410039479074,10.318686973780615,14.272308744534188,-16.705475586067337,-6.403762531460188,-25.59623746853981,86.70547558606734,3233295.7109017945,23947.315286615445,11.403762531460188,11.403762531460188,0.15246383627919796
16.493152869900648,12.080283820189827,14.272308744534188,-16.705475586067337,-6.403762531460188,-25.59623746853981,86.70547558606734,3233295.7109017945,23947.315286615445,11.403762531460188,11.403762531460188,0.15246383627919796
18.658418469302678,11.396430518646302,14.272308744534188,-16.705475586067337,-6.403762531460188,-25.59623746853981,86.70547558606734,3233295.7109017945,23947.315286615445,11.403762531460188,11.403762531460188,0.15246383627919796
18.67540212770714,22.206947115197536,14.272308744534188,-16.705475586067337,-6.403762531460188,-25.59623746853981,86.70547558606734,3233295.7109017945,23947.315286615445,11.403762531460188,11.403762531460188,0.15246383627919796
17.84376239022715,11.273908797580372,14.272308744534188,-16.705475586067337,-6.403762531460188,-25.59623746853981,86.70547558606734,3233295.7109017945,23947.315286615445,11.403762531460188,11.403762531460188,0.15246383627919796
18.656132366959127,13.470920485917226,14.272308744534188,-16.705475586067337,-6.403762531460188,-25.59623746853981,86.70547558606734,3233295.7109017945,23947.315286615445,11.403762531460188,11.403762531460188,0.15246383627919796
18.381646273306025,16.301111783195434,14.272308744534188,-16.705475586067337,-6.403762531460188,-25.59623746853981,86.70547558606734,3233295.7109017945,23947.315286615445,11.403762531460188,11.403762531460188,0.15246383627919796
17.8441229474767,10.048079561384704,14.272308744534188,-16.705475586067337,-6.403762531460188,-25.59623746853981,86.70547558606734,3233295.7109017945,23947.315286615445,11.403762531460188,11.403762531460188,0.15246383627919796
18.664507616320087,10.35953514050259,14.272308744534188,-16.705475586067337,-6.403762531460188,-25.59623746853981,86.70547558606734,3233295.7109017945,23947.315286615445,11.403762531460188,11.403762531460188,0.15246383627919796
11.141039764718558,15.808636104413438,14.272308744534188,-16.705475586067337,-6.403762531460188,-25.59623746853981,86.70547558606734,3233295.7109017945,23947.315286615445,11.403762531460188,11.403762531460188,0.15246383627919796
18.557510730145662,14.352784250857077,14.272308744534188,-16.705475586067337,-6.403762531460188,-25.59623746853981,86.70547558606734,3233295.7109017945,23947.315286615445,11.403762531460188,11.403762531460188,0.15246383627919796
18.660255701995695,10.300103100248421,14.272308744534188,-16.705475586067337,-6.403762531460188,-25.59623746853981,86.70547558606734,3233295.7109017945,23947.315286615445,11.403762531460188,11.403762531460188,0.15246383627919796
18.67969987114227,10.30293046017524,14.272308744534188,-16.705475586067337,-6.403762531460188,-25.59623746853981,86.70547558606734,3233295.7109017945,23947.315286615445,11.403762531460188,11.403762531460188,0.15246383627919796
17.274245706542278,22.126233284237223,14.272308744534188,-16.705475586067337,-6.403762531460188,-25.59623746853981,86.70547558606734,3233295.7109017945,23947.315286615445,11.403762531460188,11.403762531460188,0.15246383627919796
18.009590210619088,21.843439428515815,14.272308744534188,-16.705475586067337,-6.403762531460188,-25.59623746853981,86.70547558606734,3233295.7109017945,23947.315286615445,11.403762531460188,11.403762531460188,0.15246383627919796
15.47381305456792,11.613857955245713,14.272308744534188,-16.705475586067337,-6.403762531460188,-25.59623746853981,86.70547558606734,3233295.7109017945,23947.315286615445,11.403762531460188,11.403762531460188,0.15246383627919796
16.0154040279315,10.276486813752921,14.272308744534188,-16.705475586067337,-6.403762531460188,-25.59623746853981,86.70547558606734,3233295.7109017945,23947.315286615445,11.403762531460188,11.403762531460188,0.15246383627919796
18.34480808757727,25.262086067995867,14.272308744534188,-16.705475586067337,-6.403762531460188,-25.59623746853981,86.70547558606734,3233295.7109017945,23947.315286615445,11.403762531460188,11.403762531460188,0.15246383627919796
11.342282239880285,10.867615581915764,14.272308744534188,-16.705475586067337,-6.403762531460188,-25.59623746853981,86.70547558606734,3233295.7109017945,23947.315286615445,11.403762531460188,11.403762531460188,0.15246383627919796
18.66041186167322,10.033215713402392,14.272308744534188,-16.705475586067337,-6.403762531460188,-25.59623746853981,86.70547558606734,3233295.7109017945,23947.315286615445,11.403762531460188,11.403762531460188,0.15246383627919796
18.678154596434883,10.307139849422661,14.272308744534188,-16.705475586067337,-6.403762531460188,-25.59623746853981,86.70547558606734,3233295.7109017945,23947.315286615445,11.403762531460188,11.403762531460188,0.15246383627919796
18.65826037411664,10.009338473265522,14.272308744534188,-16.705475586067337,-6.403762531460188,-25.59623746853981,86.70547558606734,3233295.7109017945,23947.315286615445,11.403762531460188,11.403762531460188,0.15246383627919796
18.023207777039225,10.248495801704259,14.272308744534188,-16.705475586067337,-6.403762531460188,-25.59623746853981,86.70547558606734,3233295.7109017945,23947.315286615445,11.403762531460188,11.403762531460188,0.15246383627919796
18.665984565588655,19.686244465218167,14.272308744534188,-16.705475586067337,-6.403762531460188,-25.59623746853981,86.70547558606734,3233295.7109017945,23947.315286615445,11.403762531460188,11.403762531460188,0.15246383627919796
17.0297499801286,19.839517155190222,14.272308744534188,-16.705475586067337,-6.403762531460188,-25.59623746853981,86.70547558606734,3233295.7109017945,23947.315286615445,11.403762531460188,11.403762531460188,0.15246383627919796
18.671868227597113,17.87349248615267,14.272308744534188,-16.705475586067337,-6.403762531460188,-25.59623746853981,86.70547558606734,3233295.7109017945,23947.315286615445,11.403762531460188,11.403762531460188,0.15246383627919796
18.657273948291188,17.2844620571841,14.272308744534188,-16.705475586067337,-6.403762531460188,-25.59623746853981,86.70547558606734,3233295.7109017945,23947.315286615445,11.403762531460188,11.403762531460188,0.15246383627919796
15.991120664083919,18.592532308237587,14.272308744534188,-16.705475586067337,-6.403762531460188,-25.59623746853981,86.70547558606734,3233295.7109017945,23947.315286615445,11.403762531460188,11.403762531460188,0.15246383627919796
18.66930465514657,23.33876802703987,14.272308744534188,-16.705475586067337,-6.403762531460188,-25.59623746853981,86.70547558606734,3233295.7109017945,23947.315286615445,11.403762531460188,11.403762531460188,0.15246383627919796
17.574089736359525,10.013027208270508,14.272308744534188,-16.705475586067337,-6.403762531460188,-25.59623746853981,86.70547558606734,3233295.7109017945,23947.315286615445,11.403762531460188,11.403762531460188,0.15246383627919796
18.67300379353727,17.596872380670483,14.272308744534188,-16.705475586067337,-6.403762531460188,-25.59623746853981,86.70547558606734,3233295.7109017945,23947.315286615445,11.403762531460188,11.403762531460188,0.15246383627919796
18.1675313354379,18.46787379269405,14.272308744534188,-16.705475586067337,-6.403762531460188,-25.59623746853981,86.70547558606734,3233295.7109017945,23947.315286615445,11.403762531460188,11.403762531460188,0.15246383627919796
18.655026602818406,12.375815394649344,14.272308744534188,-16.705475586067337,-6.403762531460188,-25.59623746853981,86.70547558606734,3233295.7109017945,23947.315286615445,11.403762531460188,11.403762531460188,0.15246383627919796
17.669988723383156,16.388994432220336,14.272308744534188,-16.705475586067337,-6.403762531460188,-25.59623746853981,86.70547558606734,3233295.7109017945,23947.315286615445,11.403762531460188,11.403762531460188,0.15246383627919796
18.67714145738465,12.48369230564682,14.272308744534188,-16.705475586067337,-6.403762531460188,-25.59623746853981,86.70547558606734,3233295.7109017945,23947.315286615445,11.403762531460188,11.403762531460188,0.15246383627919796
18.0956694271986,20.310619062918846,14.272308744534188,-16.705475586067337,-6.403762531460188,-25.59623746853981,86.70547558606734,3233295.7109017945,23947.315286615445,11.403762531460188,11.403762531460188,0.15246383627919796
16.896754112242874,25.7814819329734,14.272308744534188,-16.705475586067337,-6.403762531460188,-25.59623746853981,86.70547558606734,3233295.7109017945,23947.315286615445,11.403762531460188,11.403762531460188,0.15246383627919796
17.059849261099483,18.19991006969083,14.272308744534188,-16.705475586067337,-6.403762531460188,-25.59623746853981,86.70547558606734,3233295.7109017945,23947.315286615445,11.403762531460188,11.403762531460188,0.15246383627919796
18.675940683648296,14.47167580015931,14.272308744534188,-16.705475586067337,-6.403762531460188,-25.59623746853981,86.70547558606734,3233295.7109017945,23947.315286615445,11.403762531460188,11.403762531460188,0.15246383627919796
18.66405237729618,10.062427151770322,14.272308744534188,-16.705475586067337,-6.403762531460188,-25.59623746853981,86.70547558606734,3233295.7109017945,23947.315286615445,11.403762531460188,11.403762531460188,0.15246383627919796
18.246882145720143,13.529405497941603,14.272308744534188,-16.705475586067337,-6.403762531460188,-25.59623746853981,86.70547558606734,3233295.7109017945,23947.315286615445,11.403762531460188,11.403762531460188,0.15246383627919796
16.493152869900648,11.456736018765188,14.272308744534188,-16.705475586067337,-6.403762531460188,-25.59623746853981,86.70547558606734,3233295.7109017945,23947.315286615445,11.403762531460188,11.403762531460188,0.15246383627919796
18.662169966910454,14.588086406992382,14.272308744534188,-16.705475586067337,-6.403762531460188,-25.59623746853981,86.70547558606734,3233295.7109017945,23947.315286615445,11.403762531460188,11.403762531460188,0.15246383627919796
17.38503740167387,11.214367018192988,14.272308744534188,-16.705475586067337,-6.403762531460188,-25.59623746853981,86.70547558606734,3233295.7109017945,23947.315286615445,11.403762531460188,11.403762531460188,0.15246383627919796
18.65390439763722,11.521546465206889,14.272308744534188,-16.705475586067337,-6.403762531460188,-25.59623746853981,86.70547558606734,3233295.7109017945,23947.315286615445,11.403762531460188,11.403762531460188,0.15246383627919796
17.65019494998982,18.191639328640242,14.272308744534188,-16.705475586067337,-6.403762531460188,-25.59623746853981,86.70547558606734,3233295.7109017945,23947.315286615445,11.403762531460188,11.403762531460188,0.15246383627919796
14.036831844055165,10.263830991765786,14.272308744534188,-16.705475586067337,-6.403762531460188,-25.59623746853981,86.70547558606734,3233295.7109017945,23947.315286615445,11.403762531460188,11.403762531460188,0.15246383627919796
18.067405364024424,11.856960565960179,14.272308744534188,-16.705475586067337,-6.403762531460188,-25.59623746853981,86.70547558606734,3233295.7109017945,23947.315286615445,11.403762531460188,11.403762531460188,0.15246383627919796
14.322969582703271,10.35953514050259,14.272308744534188,-16.705475586067337,-6.403762531460188,-25.59623746853981,86.70547558606734,3233295.7109017945,23947.315286615445,11.403762531460188,11.403762531460188,0.15246383627919796
11.141039764718558,13.301477343767548,14.272308744534188,-16.705475586067337,-6.403762531460188,-25.59623746853981,86.70547558606734,3233295.7109017945,23947.315286615445,11.403762531460188,11.403762531460188,0.15246383627919796
17.275017538338354,14.352784250857077,14.272308744534188,-16.705475586067337,-6.403762531460188,-25.59623746853981,86.70547558606734,3233295.7109017945,23947.315286615445,11.403762531460188,11.403762531460188,0.15246383627919796
9.99966332663882,10.252581338864715,14.272308744534188,-16.705475586067337,-6.403762531460188,-25.59623746853981,86.70547558606734,3233295.7109017945,23947.315286615445,11.403762531460188,11.403762531460188,0.15246383627919796
18.67969987114227,10.203633423735983,14.272308744534188,-16.705475586067337,-6.403762531460188,-25.59623746853981,86.70547558606734,3233295.7109017945,23947.315286615445,11.403762531460188,11.403762531460188,0.15246383627919796
18.66501018781695,22.126233284237223,14.272308744534188,-16.705475586067337,-6.403762531460188,-25.59623746853981,86.70547558606734,3233295.7109017945,23947.315286615445,11.403762531460188,11.403762531460188,0.15246383627919796
17.590651498661387,21.843439428515815,14.272308744534188,-16.705475586067337,-6.403762531460188,-25.59623746853981,86.70547558606734,3233295.7109017945,23947.315286615445,11.403762531460188,11.403762531460188,0.15246383627919796
18.67443677353433,11.613857955245713,14.272308744534188,-16.705475586067337,-6.403762531460188,-25.59623746853981,86.70547558606734,3233295.7109017945,23947.315286615445,11.403762531460188,11.403762531460188,0.15246383627919796
15.760800496983391,10.192936565896094,14.272308744534188,-16.705475586067337,-6.403762531460188,-25.59623746853981,86.70547558606734,3233295.7109017945,23947.315286615445,11.403762531460188,11.403762531460188,0.15246383627919796
18.665750267068546,16.164169166412645,14.272308744534188,-16.705475586067337,-6.403762531460188,-25.59623746853981,86.70547558606734,3233295.7109017945,23947.315286615445,11.403762531460188,11.403762531460188,0.15246383627919796
11.342282239880285,10.242793240593869,14.272308744534188,-16.705475586067337,-6.403762531460188,-25.59623746853981,86.70547558606734,3233295.7109017945,23947.315286615445,11.403762531460188,11.403762531460188,0.15246383627919796
18.66041186167322,10.146335223169725,14.272308744534188,-16.705475586067337,-6.403762531460188,-25.59623746853981,86.70547558606734,3233295.7109017945,23947.315286615445,11.403762531460188,11.403762531460188,0.15246383627919796
18.660255821151594,25.669201810420255,14.272308744534188,-16.705475586067337,-6.403762531460188,-25.59623746853981,86.70547558606734,3233295.7109017945,23947.315286615445,11.403762531460188,11.403762531460188,0.15246383627919796
18.65085153895731,21.90470950215264,14.272308744534188,-16.705475586067337,-6.403762531460188,-25.59623746853981,86.70547558606734,3233295.7109017945,23947.315286615445,11.403762531460188,11.403762531460188,0.15246383627919796
18.023207777039225,10.186915057992273,14.272308744534188,-16.705475586067337,-6.403762531460188,-25.59623746853981,86.70547558606734,3233295.7109017945,23947.315286615445,11.403762531460188,11.403762531460188,0.15246383627919796
18.665726945288288,19.686244465218167,14.272308744534188,-16.705475586067337,-6.403762531460188,-25.59623746853981,86.70547558606734,3233295.7109017945,23947.315286615445,11.403762531460188,11.403762531460188,0.15246383627919796
15.337794590087624,20.260977470324555,14.272308744534188,-16.705475586067337,-6.403762531460188,-25.59623746853981,86.70547558606734,3233295.7109017945,23947.315286615445,11.403762531460188,11.403762531460188,0.15246383627919796
15.085617592497254,14.633088912431226,14.272308744534188,-16.705475586067337,-6.403762531460188,-25.59623746853981,86.70547558606734,3233295.7109017945,23947.315286615445,11.403762531460188,11.403762531460188,0.15246383627919796
18.40130219488925,10.31654668600897,14.272308744534188,-16.705475586067337,-6.403762531460188,-25.59623746853981,86.70547558606734,3233295.7109017945,23947.315286615445,11.403762531460188,11.403762531460188,0.15246383627919796
18.678274249815264,11.56293148507197,14.272308744534188,-16.705475586067337,-6.403762531460188,-25.59623746853981,86.70547558606734,3233295.7109017945,23947.315286615445,11.403762531460188,11.403762531460188,0.15246383627919796
17.223685916994427,18.030851406349598,14.272308744534188,-16.705475586067337,-6.403762531460188,-25.59623746853981,86.70547558606734,3233295.7109017945,23947.315286615445,11.403762531460188,11.403762531460188,0.15246383627919796
9.271268112646874,14.928926220291814,14.272308744534188,-16.705475586067337,-6.403762531460188,-25.59623746853981,86.70547558606734,3233295.7109017945,23947.315286615445,11.403762531460188,11.403762531460188,0.15246383627919796
18.667293930660694,10.847444289915174,14.272308744534188,-16.705475586067337,-6.403762531460188,-25.59623746853981,86.70547558606734,3233295.7109017945,23947.315286615445,11.403762531460188,11.403762531460188,0.15246383627919796
18.670669321219123,18.46787379269405,14.272308744534188,-16.705475586067337,-6.403762531460188,-25.59623746853981,86.70547558606734,3233295.7109017945,23947.315286615445,11.403762531460188,11.403762531460188,0.15246383627919796
18.670121648277426,10.392501002278948,14.272308744534188,-16.705475586067337,-6.403762531460188,-25.59623746853981,86.70547558606734,3233295.7109017945,23947.315286615445,11.403762531460188,11.403762531460188,0.15246383627919796
18.665280193686936,16.388994432220336,14.272308744534188,-16.705475586067337,-6.403762531460188,-25.59623746853981,86.70547558606734,3233295.7109017945,23947.315286615445,11.403762531460188,11.403762531460188,0.15246383627919796
14.891698286137533,10.011619283918826,14.272308744534188,-16.705475586067337,-6.403762531460188,-25.59623746853981,86.70547558606734,3233295.7109017945,23947.315286615445,11.403762531460188,11.403762531460188,0.15246383627919796
14.325728079079497,20.310619062918846,14.272308744534188,-16.705475586067337,-6.403762531460188,-25.59623746853981,86.70547558606734,3233295.7109017945,23947.315286615445,11.403762531460188,11.403762531460188,0.15246383627919796
18.678824158391503,25.7814819329734,14.272308744534188,-16.705475586067337,-6.403762531460188,-25.59623746853981,86.70547558606734,3233295.7109017945,23947.315286615445,11.403762531460188,11.403762531460188,0.15246383627919796
17.70470933638126,15.164325997039715,14.272308744534188,-16.705475586067337,-6.403762531460188,-25.59623746853981,86.70547558606734,3233295.7109017945,23947.315286615445,11.403762531460188,11.403762531460188,0.15246383627919796
18.676355400422665,14.47167580015931,14.272308744534188,-16.705475586067337,-6.403762531460188,-25.59623746853981,86.70547558606734,3233295.7109017945,23947.315286615445,11.403762531460188,11.403762531460188,0.15246383627919796
18.67290862642666,10.062427151770322,14.272308744534188,-16.705475586067337,-6.403762531460188,-25.59623746853981,86.70547558606734,3233295.7109017945,23947.315286615445,11.403762531460188,11.403762531460188,0.15246383627919796
18.666783774814554,13.529405497941603,14.272308744534188,-16.705475586067337,-6.403762531460188,-25.59623746853981,86.70547558606734,3233295.7109017945,23947.315286615445,11.403762531460188,11.403762531460188,0.15246383627919796
18.65825717002591,10.45070630569548,14.272308744534188,-16.705475586067337,-6.403762531460188,-25.59623746853981,86.70547558606734,3233295.7109017945,23947.315286615445,11.403762531460188,11.403762531460188,0.15246383627919796
18.659403101545387,14.588086406992382,14.272308744534188,-16.705475586067337,-6.403762531460188,-25.59623746853981,86.70547558606734,3233295.7109017945,23947.315286615445,11.403762531460188,11.403762531460188,0.15246383627919796
17.694202205868322,22.206947115197536,14.272308744534188,-16.705475586067337,-6.403762531460188,-25.59623746853981,86.70547558606734,3233295.7109017945,23947.315286615445,11.403762531460188,11.403762531460188,0.15246383627919796
15.905732138108439,14.885492890370344,14.272308744534188,-16.705475586067337,-6.403762531460188,-25.59623746853981,86.70547558606734,3233295.7109017945,23947.315286615445,11.403762531460188,11.403762531460188,0.15246383627919796
18.663589082743904,19.994356295217017,14.272308744534188,-16.705475586067337,-6.403762531460188,-25.59623746853981,86.70547558606734,3233295.7109017945,23947.315286615445,11.403762531460188,11.403762531460188,0.15246383627919796
14.036831844055165,10.154316315275327,14.272308744534188,-16.705475586067337,-6.403762531460188,-25.59623746853981,86.70547558606734,3233295.7109017945,23947.315286615445,11.403762531460188,11.403762531460188,0.15246383627919796
17.8441229474767,10.249327640600796,14.272308744534188,-16.705475586067337,-6.403762531460188,-25.59623746853981,86.70547558606734,3233295.7109017945,23947.315286615445,11.403762531460188,11.403762531460188,0.15246383627919796
18.661877000297764,10.35953514050259,14.272308744534188,-16.705475586067337,-6.403762531460188,-25.59623746853981,86.70547558606734,3233295.7109017945,23947.315286615445,11.403762531460188,11.403762531460188,0.15246383627919796
11.141039764718558,13.430163960010741,14.272308744534188,-16.705475586067337,-6.403762531460188,-25.59623746853981,86.70547558606734,3233295.7109017945,23947.315286615445,11.403762531460188,11.403762531460188,0.15246383627919796
16.602278704143778,10.270559684652184,14.272308744534188,-16.705475586067337,-6.403762531460188,-25.59623746853981,86.70547558606734,3233295.7109017945,23947.315286615445,11.403762531460188,11.403762531460188,0.15246383627919796
9.99966332663882,10.192144535470387,14.272308744534188,-16.705475586067337,-6.403762531460188,-25.59623746853981,86.70547558606734,3233295.7109017945,23947.315286615445,11.403762531460188,11.403762531460188,0.15246383627919796
16.06141263985725,19.084469719944565,14.272308744534188,-16.705475586067337,-6.403762531460188,-25.59623746853981,86.70547558606734,3233295.7109017945,23947.315286615445,11.403762531460188,11.403762531460188,0.15246383627919796
18.17229261995071,22.126233284237223,14.272308744534188,-16.705475586067337,-6.403762531460188,-25.59623746853981,86.70547558606734,3233295.7109017945,23947.315286615445,11.403762531460188,11.403762531460188,0.15246383627919796
15.302037123094259,10.1968508044041,14.272308744534188,-16.705475586067337,-6.403762531460188,-25.59623746853981,86.70547558606734,3233295.7109017945,23947.315286615445,11.403762531460188,11.403762531460188,0.15246383627919796
18.513870309395674,11.613857955245713,14.272308744534188,-16.705475586067337,-6.403762531460188,-25.59623746853981,86.70547558606734,3233295.7109017945,23947.315286615445,11.403762531460188,11.403762531460188,0.15246383627919796
18.671090793185368,27.46345321688308,14.272308744534188,-16.705475586067337,-6.403762531460188,-25.59623746853981,86.70547558606734,3233295.7109017945,23947.315286615445,11.403762531460188,11.403762531460188,0.15246383627919796
18.655947939499754,25.262086067995867,14.272308744534188,-16.705475586067337,-6.403762531460188,-25.59623746853981,86.70547558606734,3233295.7109017945,23947.315286615445,11.403762531460188,11.403762531460188,0.15246383627919796
18.667218508496315,10.017301120073412,14.272308744534188,-16.705475586067337,-6.403762531460188,-25.59623746853981,86.70547558606734,3233295.7109017945,23947.315286615445,11.403762531460188,11.403762531460188,0.15246383627919796
18.66041186167322,10.07071215486075,14.272308744534188,-16.705475586067337,-6.403762531460188,-25.59623746853981,86.70547558606734,3233295.7109017945,23947.315286615445,11.403762531460188,11.403762531460188,0.15246383627919796
17.62251898955995,25.669201810420255,14.272308744534188,-16.705475586067337,-6.403762531460188,-25.59623746853981,86.70547558606734,3233295.7109017945,23947.315286615445,11.403762531460188,11.403762531460188,0.15246383627919796
18.652226864642643,21.90470950215264,14.272308744534188,-16.705475586067337,-6.403762531460188,-25.59623746853981,86.70547558606734,3233295.7109017945,23947.315286615445,11.403762531460188,11.403762531460188,0.15246383627919796
18.023207777039225,10.279683142377536,14.272308744534188,-16.705475586067337,-6.403762531460188,-25.59623746853981,86.70547558606734,3233295.7109017945,23947.315286615445,11.403762531460188,11.403762531460188,0.15246383627919796
18.676311923072184,10.117633255416123,14.272308744534188,-16.705475586067337,-6.403762531460188,-25.59623746853981,86.70547558606734,3233295.7109017945,23947.315286615445,11.403762531460188,11.403762531460188,0.15246383627919796
18.665468394445455,20.260977470324555,14.272308744534188,-16.705475586067337,-6.403762531460188,-25.59623746853981,86.70547558606734,3233295.7109017945,23947.315286615445,11.403762531460188,11.403762531460188,0.15246383627919796
18.66377736686909,10.525811589832713,14.272308744534188,-16.705475586067337,-6.403762531460188,-25.59623746853981,86.70547558606734,3233295.7109017945,23947.315286615445,11.403762531460188,11.403762531460188,0.15246383627919796
18.67975283513545,17.2844620571841,14.272308744534188,-16.705475586067337,-6.403762531460188,-25.59623746853981,86.70547558606734,3233295.7109017945,23947.315286615445,11.403762531460188,11.403762531460188,0.15246383627919796
15.991120664083919,10.218130075135427,14.272308744534188,-16.705475586067337,-6.403762531460188,-25.59623746853981,86.70547558606734,3233295.7109017945,23947.315286615445,11.403762531460188,11.403762531460188,0.15246383627919796
17.223685916994427,18.592532308237587,14.272308744534188,-16.705475586067337,-6.403762531460188,-25.59623746853981,86.70547558606734,3233295.7109017945,23947.315286615445,11.403762531460188,11.403762531460188,0.15246383627919796
9.271268112646874,11.22651243766105,14.272308744534188,-16.705475586067337,-6.403762531460188,-25.59623746853981,86.70547558606734,3233295.7109017945,23947.315286615445,11.403762531460188,11.403762531460188,0.15246383627919796
18.435016176952445,17.596872380670483,14.272308744534188,-16.705475586067337,-6.403762531460188,-25.59623746853981,86.70547558606734,3233295.7109017945,23947.315286615445,11.403762531460188,11.403762531460188,0.15246383627919796
18.66334854559016,18.46787379269405,14.272308744534188,-16.705475586067337,-6.403762531460188,-25.59623746853981,86.70547558606734,3233295.7109017945,23947.315286615445,11.403762531460188,11.403762531460188,0.15246383627919796
18.655026602818406,10.16696630354209,14.272308744534188,-16.705475586067337,-6.403762531460188,-25.59623746853981,86.70547558606734,3233295.7109017945,23947.315286615445,11.403762531460188,11.403762531460188,0.15246383627919796
18.118989608043787,10.061236708093073,14.272308744534188,-16.705475586067337,-6.403762531460188,-25.59623746853981,86.70547558606734,3233295.7109017945,23947.315286615445,11.403762531460188,11.403762531460188,0.15246383627919796
18.664507469190102,10.011619283918826,14.272308744534188,-16.705475586067337,-6.403762531460188,-25.59623746853981,86.70547558606734,3233295.7109017945,23947.315286615445,11.403762531460188,11.403762531460188,0.15246383627919796
18.67017730211665,11.927871169874042,14.272308744534188,-16.705475586067337,-6.403762531460188,-25.59623746853981,86.70547558606734,3233295.7109017945,23947.315286615445,11.403762531460188,11.403762531460188,0.15246383627919796
18.55376578366971,25.7814819329734,14.272308744534188,-16.705475586067337,-6.403762531460188,-25.59623746853981,86.70547558606734,3233295.7109017945,23947.315286615445,11.403762531460188,11.403762531460188,0.15246383627919796
17.70470933638126,12.256618137044704,14.272308744534188,-16.705475586067337,-6.403762531460188,-25.59623746853981,86.70547558606734,3233295.7109017945,23947.315286615445,11.403762531460188,11.403762531460188,0.15246383627919796
11.262484174246948,12.080283820189827,14.272308744534188,-16.705475586067337,-6.403762531460188,-25.59623746853981,86.70547558606734,3233295.7109017945,23947.315286615445,11.403762531460188,11.403762531460188,0.15246383627919796
17.50106944548422,12.10182432201897,14.272308744534188,-16.705475586067337,-6.403762531460188,-25.59623746853981,86.70547558606734,3233295.7109017945,23947.315286615445,11.403762531460188,11.403762531460188,0.15246383627919796
14.764284800235089,15.012629808034504,14.272308744534188,-16.705475586067337,-6.403762531460188,-25.59623746853981,86.70547558606734,3233295.7109017945,23947.315286615445,11.403762531460188,11.403762531460188,0.15246383627919796
17.740149157738546,10.45070630569548,14.272308744534188,-16.705475586067337,-6.403762531460188,-25.59623746853981,86.70547558606734,3233295.7109017945,23947.315286615445,11.403762531460188,11.403762531460188,0.15246383627919796
17.28037937046342,14.588086406992382,14.272308744534188,-16.705475586067337,-6.403762531460188,-25.59623746853981,86.70547558606734,3233295.7109017945,23947.315286615445,11.403762531460188,11.403762531460188,0.15246383627919796
14.325386565824646,22.206947115197536,14.272308744534188,-16.705475586067337,-6.403762531460188,-25.59623746853981,86.70547558606734,3233295.7109017945,23947.315286615445,11.403762531460188,11.403762531460188,0.15246383627919796
15.905732138108439,14.754968291999933,14.272308744534188,-16.705475586067337,-6.403762531460188,-25.59623746853981,86.70547558606734,3233295.7109017945,23947.315286615445,11.403762531460188,11.403762531460188,0.15246383627919796
18.67204987393931,19.994356295217017,14.272308744534188,-16.705475586067337,-6.403762531460188,-25.59623746853981,86.70547558606734,3233295.7109017945,23947.315286615445,11.403762531460188,11.403762531460188,0.15246383627919796
14.036831844055165,12.861735149655168,14.272308744534188,-16.705475586067337,-6.403762531460188,-25.59623746853981,86.70547558606734,3233295.7109017945,23947.315286615445,11.403762531460188,11.403762531460188,0.15246383627919796
17.8441229474767,10.096359518317623,14.272308744534188,-16.705475586067337,-6.403762531460188,-25.59623746853981,86.70547558606734,3233295.7109017945,23947.315286615445,11.403762531460188,11.403762531460188,0.15246383627919796
15.150748949509634,10.12090049272382,14.272308744534188,-16.705475586067337,-6.403762531460188,-25.59623746853981,86.70547558606734,3233295.7109017945,23947.315286615445,11.403762531460188,11.403762531460188,0.15246383627919796
18.656810810217127,12.35261517341489,14.272308744534188,-16.705475586067337,-6.403762531460188,-25.59623746853981,86.70547558606734,3233295.7109017945,23947.315286615445,11.403762531460188,11.403762531460188,0.15246383627919796
16.602278704143778,10.171282488267437,14.272308744534188,-16.705475586067337,-6.403762531460188,-25.59623746853981,86.70547558606734,3233295.7109017945,23947.315286615445,11.403762531460188,11.403762531460188,0.15246383627919796
16.339795559515643,10.300103100248421,14.272308744534188,-16.705475586067337,-6.403762531460188,-25.59623746853981,86.70547558606734,3233295.7109017945,23947.315286615445,11.403762531460188,11.403762531460188,0.15246383627919796
18.67969987114227,10.205849807211578,14.272308744534188,-16.705475586067337,-6.403762531460188,-25.59623746853981,86.70547558606734,3233295.7109017945,23947.315286615445,11.403762531460188,11.403762531460188,0.15246383627919796
18.656102346596697,22.126233284237223,14.272308744534188,-16.705475586067337,-6.403762531460188,-25.59623746853981,86.70547558606734,3233295.7109017945,23947.315286615445,11.403762531460188,11.403762531460188,0.15246383627919796
15.302037123094259,10.41500225499837,14.272308744534188,-16.705475586067337,-6.403762531460188,-25.59623746853981,86.70547558606734,3233295.7109017945,23947.315286615445,11.403762531460188,11.403762531460188,0.15246383627919796
18.660585599552935,11.613857955245713,14.272308744534188,-16.705475586067337,-6.403762531460188,-25.59623746853981,86.70547558606734,3233295.7109017945,23947.315286615445,11.403762531460188,11.403762531460188,0.15246383627919796
16.0154040279315,11.31446768112378,14.272308744534188,-16.705475586067337,-6.403762531460188,-25.59623746853981,86.70547558606734,3233295.7109017945,23947.315286615445,11.403762531460188,11.403762531460188,0.15246383627919796
18.665750267068546,10.210472673717753,14.272308744534188,-16.705475586067337,-6.403762531460188,-25.59623746853981,86.70547558606734,3233295.7109017945,23947.315286615445,11.403762531460188,11.403762531460188,0.15246383627919796
18.677252650021376,10.017301120073412,14.272308744534188,-16.705475586067337,-6.403762531460188,-25.59623746853981,86.70547558606734,3233295.7109017945,23947.315286615445,11.403762531460188,11.403762531460188,0.15246383627919796
15.852115697927896,11.29396307996824,14.272308744534188,-16.705475586067337,-6.403762531460188,-25.59623746853981,86.70547558606734,3233295.7109017945,23947.315286615445,11.403762531460188,11.403762531460188,0.15246383627919796
17.995960197046667,11.569616633365392,14.272308744534188,-16.705475586067337,-6.403762531460188,-25.59623746853981,86.70547558606734,3233295.7109017945,23947.315286615445,11.403762531460188,11.403762531460188,0.15246383627919796
17.726865871053853,21.90470950215264,14.272308744534188,-16.705475586067337,-6.403762531460188,-25.59623746853981,86.70547558606734,3233295.7109017945,23947.315286615445,11.403762531460188,11.403762531460188,0.15246383627919796
18.669553455108097,10.077403915560748,14.272308744534188,-16.705475586067337,-6.403762531460188,-25.59623746853981,86.70547558606734,3233295.7109017945,23947.315286615445,11.403762531460188,11.403762531460188,0.15246383627919796
15.266791881605997,19.686244465218167,14.272308744534188,-16.705475586067337,-6.403762531460188,-25.59623746853981,86.70547558606734,3233295.7109017945,23947.315286615445,11.403762531460188,11.403762531460188,0.15246383627919796
17.91750920714338,10.193241040151566,14.272308744534188,-16.705475586067337,-6.403762531460188,-25.59623746853981,86.70547558606734,3233295.7109017945,23947.315286615445,11.403762531460188,11.403762531460188,0.15246383627919796
18.66377736686909,14.5827501722646,14.272308744534188,-16.705475586067337,-6.403762531460188,-25.59623746853981,86.70547558606734,3233295.7109017945,23947.315286615445,11.403762531460188,11.403762531460188,0.15246383627919796
18.40130219488925,10.149026888006745,14.272308744534188,-16.705475586067337,-6.403762531460188,-25.59623746853981,86.70547558606734,3233295.7109017945,23947.315286615445,11.403762531460188,11.403762531460188,0.15246383627919796
18.65051760661266,11.40093546496912,14.272308744534188,-16.705475586067337,-6.403762531460188,-25.59623746853981,86.70547558606734,3233295.7109017945,23947.315286615445,11.403762531460188,11.403762531460188,0.15246383627919796
18.334832727166607,10.020392886969315,14.272308744534188,-16.705475586067337,-6.403762531460188,-25.59623746853981,86.70547558606734,3233295.7109017945,23947.315286615445,11.403762531460188,11.403762531460188,0.15246383627919796
18.663852512457478,10.013027208270508,14.272308744534188,-16.705475586067337,-6.403762531460188,-25.59623746853981,86.70547558606734,3233295.7109017945,23947.315286615445,11.403762531460188,11.403762531460188,0.15246383627919796
18.667293930660694,12.118501793469374,14.272308744534188,-16.705475586067337,-6.403762531460188,-25.59623746853981,86.70547558606734,3233295.7109017945,23947.315286615445,11.403762531460188,11.403762531460188,0.15246383627919796
18.65723623414341,12.56308348574807,14.272308744534188,-16.705475586067337,-6.403762531460188,-25.59623746853981,86.70547558606734,3233295.7109017945,23947.315286615445,11.403762531460188,11.403762531460188,0.15246383627919796
17.660641784068076,10.489443738814117,14.272308744534188,-16.705475586067337,-6.403762531460188,-25.59623746853981,86.70547558606734,3233295.7109017945,23947.315286615445,11.403762531460188,11.403762531460188,0.15246383627919796
18.118989608043787,10.037910141220028,14.272308744534188,-16.705475586067337,-6.403762531460188,-25.59623746853981,86.70547558606734,3233295.7109017945,23947.315286615445,11.403762531460188,11.403762531460188,0.15246383627919796
3.5607986347136524,12.8930553011146,14.272308744534188,-16.705475586067337,-6.403762531460188,-25.59623746853981,86.70547558606734,3233295.7109017945,23947.315286615445,11.403762531460188,11.403762531460188,0.15246383627919796
18.672854176678054,10.417200974028852,14.272308744534188,-16.705475586067337,-6.403762531460188,-25.59623746853981,86.70547558606734,3233295.7109017945,23947.315286615445,11.403762531460188,11.403762531460188,0.15246383627919796
18.675910186072507,12.78006924076626,14.272308744534188,-16.705475586067337,-6.403762531460188,-25.59623746853981,86.70547558606734,3233295.7109017945,23947.315286615445,11.403762531460188,11.403762531460188,0.15246383627919796
18.669585046234488,18.19991006969083,14.272308744534188,-16.705475586067337,-6.403762531460188,-25.59623746853981,86.70547558606734,3233295.7109017945,23947.315286615445,11.403762531460188,11.403762531460188,0.15246383627919796
17.970209915947223,14.47167580015931,14.272308744534188,-16.705475586067337,-6.403762531460188,-25.59623746853981,86.70547558606734,3233295.7109017945,23947.315286615445,11.403762531460188,11.403762531460188,0.15246383627919796
17.50106944548422,10.269194982311976,14.272308744534188,-16.705475586067337,-6.403762531460188,-25.59623746853981,86.70547558606734,3233295.7109017945,23947.315286615445,11.403762531460188,11.403762531460188,0.15246383627919796
18.557169216890813,13.529405497941603,14.272308744534188,-16.705475586067337,-6.403762531460188,-25.59623746853981,86.70547558606734,3233295.7109017945,23947.315286615445,11.403762531460188,11.403762531460188,0.15246383627919796
18.650651220793065,10.45070630569548,14.272308744534188,-16.705475586067337,-6.403762531460188,-25.59623746853981,86.70547558606734,3233295.7109017945,23947.315286615445,11.403762531460188,11.403762531460188,0.15246383627919796
18.46322862877115,14.003518454985834,14.272308744534188,-16.705475586067337,-6.403762531460188,-25.59623746853981,86.70547558606734,3233295.7109017945,23947.315286615445,11.403762531460188,11.403762531460188,0.15246383627919796
18.657451207873585,22.206947115197536,14.272308744534188,-16.705475586067337,-6.403762531460188,-25.59623746853981,86.70547558606734,3233295.7109017945,23947.315286615445,11.403762531460188,11.403762531460188,0.15246383627919796
18.650851337801228,11.521546465206889,14.272308744534188,-16.705475586067337,-6.403762531460188,-25.59623746853981,86.70547558606734,3233295.7109017945,23947.315286615445,11.403762531460188,11.403762531460188,0.15246383627919796
18.349474333429754,10.422552400022614,14.272308744534188,-16.705475586067337,-6.403762531460188,-25.59623746853981,86.70547558606734,3233295.7109017945,23947.315286615445,11.403762531460188,11.403762531460188,0.15246383627919796
14.036831844055165,10.239897133638998,14.272308744534188,-16.705475586067337,-6.403762531460188,-25.59623746853981,86.70547558606734,3233295.7109017945,23947.315286615445,11.403762531460188,11.403762531460188,0.15246383627919796
17.8441229474767,15.132686077167929,14.272308744534188,-16.705475586067337,-6.403762531460188,-25.59623746853981,86.70547558606734,3233295.7109017945,23947.315286615445,11.403762531460188,11.403762531460188,0.15246383627919796
15.150748949509634,10.383095755440145,14.272308744534188,-16.705475586067337,-6.403762531460188,-25.59623746853981,86.70547558606734,3233295.7109017945,23947.315286615445,11.403762531460188,11.403762531460188,0.15246383627919796
18.664042425550665,12.35261517341489,14.272308744534188,-16.705475586067337,-6.403762531460188,-25.59623746853981,86.70547558606734,3233295.7109017945,23947.315286615445,11.403762531460188,11.403762531460188,0.15246383627919796
16.602278704143778,10.352645811235668,14.272308744534188,-16.705475586067337,-6.403762531460188,-25.59623746853981,86.70547558606734,3233295.7109017945,23947.315286615445,11.403762531460188,11.403762531460188,0.15246383627919796
13.952705566105589,10.300103100248421,14.272308744534188,-16.705475586067337,-6.403762531460188,-25.59623746853981,86.70547558606734,3233295.7109017945,23947.315286615445,11.403762531460188,11.403762531460188,0.15246383627919796
17.566514386710406,19.084469719944565,14.272308744534188,-16.705475586067337,-6.403762531460188,-25.59623746853981,86.70547558606734,3233295.7109017945,23947.315286615445,11.403762531460188,11.403762531460188,0.15246383627919796
18.499557838696674,22.126233284237223,14.272308744534188,-16.705475586067337,-6.403762531460188,-25.59623746853981,86.70547558606734,3233295.7109017945,23947.315286615445,11.403762531460188,11.403762531460188,0.15246383627919796
18.65827389287569,21.843439428515815,14.272308744534188,-16.705475586067337,-6.403762531460188,-25.59623746853981,86.70547558606734,3233295.7109017945,23947.315286615445,11.403762531460188,11.403762531460188,0.15246383627919796
18.656668382701326,11.613857955245713,14.272308744534188,-16.705475586067337,-6.403762531460188,-25.59623746853981,86.70547558606734,3233295.7109017945,23947.315286615445,11.403762531460188,11.403762531460188,0.15246383627919796
16.0154040279315,10.05071173960761,14.272308744534188,-16.705475586067337,-6.403762531460188,-25.59623746853981,86.70547558606734,3233295.7109017945,23947.315286615445,11.403762531460188,11.403762531460188,0.15246383627919796
18.676437678842788,10.797812593576325,14.272308744534188,-16.705475586067337,-6.403762531460188,-25.59623746853981,86.70547558606734,3233295.7109017945,23947.315286615445,11.403762531460188,11.403762531460188,0.15246383627919796
11.342282239880285,10.974076827054063,14.272308744534188,-16.705475586067337,-6.403762531460188,-25.59623746853981,86.70547558606734,3233295.7109017945,23947.315286615445,11.403762531460188,11.403762531460188,0.15246383627919796
18.66041186167322,15.885577429091434,14.272308744534188,-16.705475586067337,-6.403762531460188,-25.59623746853981,86.70547558606734,3233295.7109017945,23947.315286615445,11.403762531460188,11.403762531460188,0.15246383627919796
18.678154596434883,12.702624724763218,14.272308744534188,-16.705475586067337,-6.403762531460188,-25.59623746853981,86.70547558606734,3233295.7109017945,23947.315286615445,11.403762531460188,11.403762531460188,0.15246383627919796
18.660049336976606,21.90470950215264,14.272308744534188,-16.705475586067337,-6.403762531460188,-25.59623746853981,86.70547558606734,3233295.7109017945,23947.315286615445,11.403762531460188,11.403762531460188,0.15246383627919796
18.023207777039225,10.334295698862412,14.272308744534188,-16.705475586067337,-6.403762531460188,-25.59623746853981,86.70547558606734,3233295.7109017945,23947.315286615445,11.403762531460188,11.403762531460188,0.15246383627919796
17.5922683843105,14.430187397486499,14.272308744534188,-16.705475586067337,-6.403762531460188,-25.59623746853981,86.70547558606734,3233295.7109017945,23947.315286615445,11.403762531460188,11.403762531460188,0.15246383627919796
17.91750920714338,14.754968291999933,14.272308744534188,-16.705475586067337,-6.403762531460188,-25.59623746853981,86.70547558606734,3233295.7109017945,23947.315286615445,11.403762531460188,11.403762531460188,0.15246383627919796
16.229986153135727,14.633088912431226,14.272308744534188,-16.705475586067337,-6.403762531460188,-25.59623746853981,86.70547558606734,3233295.7109017945,23947.315286615445,11.403762531460188,11.403762531460188,0.15246383627919796
18.657719232245814,17.2844620571841,14.272308744534188,-16.705475586067337,-6.403762531460188,-25.59623746853981,86.70547558606734,3233295.7109017945,23947.315286615445,11.403762531460188,11.403762531460188,0.15246383627919796
15.991120664083919,13.470920485917226,14.272308744534188,-16.705475586067337,-6.403762531460188,-25.59623746853981,86.70547558606734,3233295.7109017945,23947.315286615445,11.403762531460188,11.403762531460188,0.15246383627919796
17.223685916994427,10.19373004198511,14.272308744534188,-16.705475586067337,-6.403762531460188,-25.59623746853981,86.70547558606734,3233295.7109017945,23947.315286615445,11.403762531460188,11.403762531460188,0.15246383627919796
18.66350616000674,10.013027208270508,14.272308744534188,-16.705475586067337,-6.403762531460188,-25.59623746853981,86.70547558606734,3233295.7109017945,23947.315286615445,11.403762531460188,11.403762531460188,0.15246383627919796
17.324572655248062,17.596872380670483,14.272308744534188,-16.705475586067337,-6.403762531460188,-25.59623746853981,86.70547558606734,3233295.7109017945,23947.315286615445,11.403762531460188,11.403762531460188,0.15246383627919796
18.67802790588293,18.46787379269405,14.272308744534188,-16.705475586067337,-6.403762531460188,-25.59623746853981,86.70547558606734,3233295.7109017945,23947.315286615445,11.403762531460188,11.403762531460188,0.15246383627919796
18.655026602818406,10.361865965460531,14.272308744534188,-16.705475586067337,-6.403762531460188,-25.59623746853981,86.70547558606734,3233295.7109017945,23947.315286615445,11.403762531460188,11.403762531460188,0.15246383627919796
18.54756361898654,16.388994432220336,14.272308744534188,-16.705475586067337,-6.403762531460188,-25.59623746853981,86.70547558606734,3233295.7109017945,23947.315286615445,11.403762531460188,11.403762531460188,0.15246383627919796
18.657182763796683,10.011619283918826,14.272308744534188,-16.705475586067337,-6.403762531460188,-25.59623746853981,86.70547558606734,3233295.7109017945,23947.315286615445,11.403762531460188,11.403762531460188,0.15246383627919796
18.67017730211665,11.190779419865095,14.272308744534188,-16.705475586067337,-6.403762531460188,-25.59623746853981,86.70547558606734,3233295.7109017945,23947.315286615445,11.403762531460188,11.403762531460188,0.15246383627919796
18.675910186072507,12.071189285200557,14.272308744534188,-16.705475586067337,-6.403762531460188,-25.59623746853981,86.70547558606734,3233295.7109017945,23947.315286615445,11.403762531460188,11.403762531460188,0.15246383627919796
18.671590356767616,18.19991006969083,14.272308744534188,-16.705475586067337,-6.403762531460188,-25.59623746853981,86.70547558606734,3233295.7109017945,23947.315286615445,11.403762531460188,11.403762531460188,0.15246383627919796
11.262484174246948,13.430163960010741,14.272308744534188,-16.705475586067337,-6.403762531460188,-25.59623746853981,86.70547558606734,3233295.7109017945,23947.315286615445,11.403762531460188,11.403762531460188,0.15246383627919796
18.679570688385947,10.062427151770322,14.272308744534188,-16.705475586067337,-6.403762531460188,-25.59623746853981,86.70547558606734,3233295.7109017945,23947.315286615445,11.403762531460188,11.403762531460188,0.15246383627919796
18.674187934251318,18.19588833160391,14.272308744534188,-16.705475586067337,-6.403762531460188,-25.59623746853981,86.70547558606734,3233295.7109017945,23947.315286615445,11.403762531460188,11.403762531460188,0.15246383627919796
18.425483829916992,10.45070630569548,14.272308744534188,-16.705475586067337,-6.403762531460188,-25.59623746853981,86.70547558606734,3233295.7109017945,23947.315286615445,11.403762531460188,11.403762531460188,0.15246383627919796
18.46322862877115,11.170929735134827,14.272308744534188,-16.705475586067337,-6.403762531460188,-25.59623746853981,86.70547558606734,3233295.7109017945,23947.315286615445,11.403762531460188,11.403762531460188,0.15246383627919796
17.38503740167387,14.213371563180011,14.272308744534188,-16.705475586067337,-6.403762531460188,-25.59623746853981,86.70547558606734,3233295.7109017945,23947.315286615445,11.403762531460188,11.403762531460188,0.15246383627919796
15.905732138108439,10.393204964454789,14.272308744534188,-16.705475586067337,-6.403762531460188,-25.59623746853981,86.70547558606734,3233295.7109017945,23947.315286615445,11.403762531460188,11.403762531460188,0.15246383627919796
18.435016176952445,19.994356295217017,14.272308744534188,-16.705475586067337,-6.403762531460188,-25.59623746853981,86.70547558606734,3233295.7109017945,23947.315286615445,11.403762531460188,11.403762531460188,0.15246383627919796
14.036831844055165,16.33834214922001,14.272308744534188,-16.705475586067337,-6.403762531460188,-25.59623746853981,86.70547558606734,3233295.7109017945,23947.315286615445,11.403762531460188,11.403762531460188,0.15246383627919796
14.956062759105269,11.856960565960179,14.272308744534188,-16.705475586067337,-6.403762531460188,-25.59623746853981,86.70547558606734,3233295.7109017945,23947.315286615445,11.403762531460188,11.403762531460188,0.15246383627919796
16.97095651330721,10.35953514050259,14.272308744534188,-16.705475586067337,-6.403762531460188,-25.59623746853981,86.70547558606734,3233295.7109017945,23947.315286615445,11.403762531460188,11.403762531460188,0.15246383627919796
11.141039764718558,10.17214365978871,14.272308744534188,-16.705475586067337,-6.403762531460188,-25.59623746853981,86.70547558606734,3233295.7109017945,23947.315286615445,11.403762531460188,11.403762531460188,0.15246383627919796
17.023655439225728,14.928222258115973,14.272308744534188,-16.705475586067337,-6.403762531460188,-25.59623746853981,86.70547558606734,3233295.7109017945,23947.315286615445,11.403762531460188,11.403762531460188,0.15246383627919796
9.99966332663882,10.048729768473926,14.272308744534188,-16.705475586067337,-6.403762531460188,-25.59623746853981,86.70547558606734,3233295.7109017945,23947.315286615445,11.403762531460188,11.403762531460188,0.15246383627919796
18.67969987114227,10.20490106117618,14.272308744534188,-16.705475586067337,-6.403762531460188,-25.59623746853981,86.70547558606734,3233295.7109017945,23947.315286615445,11.403762531460188,11.403762531460188,0.15246383627919796
17.62427727145575,22.126233284237223,14.272308744534188,-16.705475586067337,-6.403762531460188,-25.59623746853981,86.70547558606734,3233295.7109017945,23947.315286615445,11.403762531460188,11.403762531460188,0.15246383627919796
16.335487431809735,21.843439428515815,14.272308744534188,-16.705475586067337,-6.403762531460188,-25.59623746853981,86.70547558606734,3233295.7109017945,23947.315286615445,11.403762531460188,11.403762531460188,0.15246383627919796
17.325678419388787,11.613857955245713,14.272308744534188,-16.705475586067337,-6.403762531460188,-25.59623746853981,86.70547558606734,3233295.7109017945,23947.315286615445,11.403762531460188,11.403762531460188,0.15246383627919796
16.0154040279315,10.652198934767714,14.272308744534188,-16.705475586067337,-6.403762531460188,-25.59623746853981,86.70547558606734,3233295.7109017945,23947.315286615445,11.403762531460188,11.403762531460188,0.15246383627919796
18.653067087212797,25.262086067995867,14.272308744534188,-16.705475586067337,-6.403762531460188,-25.59623746853981,86.70547558606734,3233295.7109017945,23947.315286615445,11.403762531460188,11.403762531460188,0.15246383627919796
17.798232266669736,10.017301120073412,14.272308744534188,-16.705475586067337,-6.403762531460188,-25.59623746853981,86.70547558606734,3233295.7109017945,23947.315286615445,11.403762531460188,11.403762531460188,0.15246383627919796
18.675918094821476,11.29396307996824,14.272308744534188,-16.705475586067337,-6.403762531460188,-25.59623746853981,86.70547558606734,3233295.7109017945,23947.315286615445,11.403762531460188,11.403762531460188,0.15246383627919796
18.659448723064255,25.669201810420255,14.272308744534188,-16.705475586067337,-6.403762531460188,-25.59623746853981,86.70547558606734,3233295.7109017945,23947.315286615445,11.403762531460188,11.403762531460188,0.15246383627919796
18.663212036783527,21.90470950215264,14.272308744534188,-16.705475586067337,-6.403762531460188,-25.59623746853981,86.70547558606734,3233295.7109017945,23947.315286615445,11.403762531460188,11.403762531460188,0.15246383627919796
18.66632843393681,10.077403915560748,14.272308744534188,-16.705475586067337,-6.403762531460188,-25.59623746853981,86.70547558606734,3233295.7109017945,23947.315286615445,11.403762531460188,11.403762531460188,0.15246383627919796
18.676311923072184,10.35059167462217,14.272308744534188,-16.705475586067337,-6.403762531460188,-25.59623746853981,86.70547558606734,3233295.7109017945,23947.315286615445,11.403762531460188,11.403762531460188,0.15246383627919796
17.700951940324103,20.260977470324555,14.272308744534188,-16.705475586067337,-6.403762531460188,-25.59623746853981,86.70547558606734,3233295.7109017945,23947.315286615445,11.403762531460188,11.403762531460188,0.15246383627919796
18.66377736686909,10.041814083973371,14.272308744534188,-16.705475586067337,-6.403762531460188,-25.59623746853981,86.70547558606734,3233295.7109017945,23947.315286615445,11.403762531460188,11.403762531460188,0.15246383627919796
18.65158556832467,17.2844620571841,14.272308744534188,-16.705475586067337,-6.403762531460188,-25.59623746853981,86.70547558606734,3233295.7109017945,23947.315286615445,11.403762531460188,11.403762531460188,0.15246383627919796
18.51752173872694,11.40093546496912,14.272308744534188,-16.705475586067337,-6.403762531460188,-25.59623746853981,86.70547558606734,3233295.7109017945,23947.315286615445,11.403762531460188,11.403762531460188,0.15246383627919796
17.48163841174768,23.33876802703987,14.272308744534188,-16.705475586067337,-6.403762531460188,-25.59623746853981,86.70547558606734,3233295.7109017945,23947.315286615445,11.403762531460188,11.403762531460188,0.15246383627919796
9.271268112646874,11.913382784425274,14.272308744534188,-16.705475586067337,-6.403762531460188,-25.59623746853981,86.70547558606734,3233295.7109017945,23947.315286615445,11.403762531460188,11.403762531460188,0.15246383627919796
18.667293930660694,10.172957491390619,14.272308744534188,-16.705475586067337,-6.403762531460188,-25.59623746853981,86.70547558606734,3233295.7109017945,23947.315286615445,11.403762531460188,11.403762531460188,0.15246383627919796
18.679599489410315,18.46787379269405,14.272308744534188,-16.705475586067337,-6.403762531460188,-25.59623746853981,86.70547558606734,3233295.7109017945,23947.315286615445,11.403762531460188,11.403762531460188,0.15246383627919796
17.17090627355133,10.392501002278948,14.272308744534188,-16.705475586067337,-6.403762531460188,-25.59623746853981,86.70547558606734,3233295.7109017945,23947.315286615445,11.403762531460188,11.403762531460188,0.15246383627919796
18.678266548942773,16.388994432220336,14.272308744534188,-16.705475586067337,-6.403762531460188,-25.59623746853981,86.70547558606734,3233295.7109017945,23947.315286615445,11.403762531460188,11.403762531460188,0.15246383627919796
3.5607986347136524,15.966697512550034,14.272308744534188,-16.705475586067337,-6.403762531460188,-25.59623746853981,86.70547558606734,3233295.7109017945,23947.315286615445,11.403762531460188,11.403762531460188,0.15246383627919796
18.67017730211665,11.802620893382986,14.272308744534188,-16.705475586067337,-6.403762531460188,-25.59623746853981,86.70547558606734,3233295.7109017945,23947.315286615445,11.403762531460188,11.403762531460188,0.15246383627919796
18.66002643010568,25.7814819329734,14.272308744534188,-16.705475586067337,-6.403762531460188,-25.59623746853981,86.70547558606734,3233295.7109017945,23947.315286615445,11.403762531460188,11.403762531460188,0.15246383627919796
18.67294550904964,18.19991006969083,14.272308744534188,-16.705475586067337,-6.403762531460188,-25.59623746853981,86.70547558606734,3233295.7109017945,23947.315286615445,11.403762531460188,11.403762531460188,0.15246383627919796
11.262484174246948,10.828001708290728,14.272308744534188,-16.705475586067337,-6.403762531460188,-25.59623746853981,86.70547558606734,3233295.7109017945,23947.315286615445,11.403762531460188,11.403762531460188,0.15246383627919796
18.662924909174873,10.062427151770322,14.272308744534188,-16.705475586067337,-6.403762531460188,-25.59623746853981,86.70547558606734,3233295.7109017945,23947.315286615445,11.403762531460188,11.403762531460188,0.15246383627919796
18.672603843683245,13.529405497941603,14.272308744534188,-16.705475586067337,-6.403762531460188,-25.59623746853981,86.70547558606734,3233295.7109017945,23947.315286615445,11.403762531460188,11.403762531460188,0.15246383627919796
16.493152869900648,15.542000891778954,14.272308744534188,-16.705475586067337,-6.403762531460188,-25.59623746853981,86.70547558606734,3233295.7109017945,23947.315286615445,11.403762531460188,11.403762531460188,0.15246383627919796
18.3375003042797,14.588086406992382,14.272308744534188,-16.705475586067337,-6.403762531460188,-25.59623746853981,86.70547558606734,3233295.7109017945,23947.315286615445,11.403762531460188,11.403762531460188,0.15246383627919796
17.726865871053853,22.206947115197536,14.272308744534188,-16.705475586067337,-6.403762531460188,-25.59623746853981,86.70547558606734,3233295.7109017945,23947.315286615445,11.403762531460188,11.403762531460188,0.15246383627919796
15.905732138108439,10.216816313310986,14.272308744534188,-16.705475586067337,-6.403762531460188,-25.59623746853981,86.70547558606734,3233295.7109017945,23947.315286615445,11.403762531460188,11.403762531460188,0.15246383627919796
18.072686192026243,19.994356295217017,14.272308744534188,-16.705475586067337,-6.403762531460188,-25.59623746853981,86.70547558606734,3233295.7109017945,23947.315286615445,11.403762531460188,11.403762531460188,0.15246383627919796
14.036831844055165,11.447855498892952,14.272308744534188,-16.705475586067337,-6.403762531460188,-25.59623746853981,86.70547558606734,3233295.7109017945,23947.315286615445,11.403762531460188,11.403762531460188,0.15246383627919796
17.8441229474767,17.053234455762173,14.272308744534188,-16.705475586067337,-6.403762531460188,-25.59623746853981,86.70547558606734,3233295.7109017945,23947.315286615445,11.403762531460188,11.403762531460188,0.15246383627919796
15.3472844505096,10.021412446307,14.272308744534188,-16.705475586067337,-6.403762531460188,-25.59623746853981,86.70547558606734,3233295.7109017945,23947.315286615445,11.403762531460188,11.403762531460188,0.15246383627919796
11.141039764718558,10.061222715447997,14.272308744534188,-16.705475586067337,-6.403762531460188,-25.59623746853981,86.70547558606734,3233295.7109017945,23947.315286615445,11.403762531460188,11.403762531460188,0.15246383627919796
16.602278704143778,14.584870878897025,14.272308744534188,-16.705475586067337,-6.403762531460188,-25.59623746853981,86.70547558606734,3233295.7109017945,23947.315286615445,11.403762531460188,11.403762531460188,0.15246383627919796
9.99966332663882,17.1069343820582,14.272308744534188,-16.705475586067337,-6.403762531460188,-25.59623746853981,86.70547558606734,3233295.7109017945,23947.315286615445,11.403762531460188,11.403762531460188,0.15246383627919796
18.6682021992045,19.084469719944565,14.272308744534188,-16.705475586067337,-6.403762531460188,-25.59623746853981,86.70547558606734,3233295.7109017945,23947.315286615445,11.403762531460188,11.403762531460188,0.15246383627919796
17.324572655248062,22.126233284237223,14.272308744534188,-16.705475586067337,-6.403762531460188,-25.59623746853981,86.70547558606734,3233295.7109017945,23947.315286615445,11.403762531460188,11.403762531460188,0.15246383627919796
14.819537747758213,11.297958821014191,14.272308744534188,-16.705475586067337,-6.403762531460188,-25.59623746853981,86.70547558606734,3233295.7109017945,23947.315286615445,11.403762531460188,11.403762531460188,0.15246383627919796
18.65810909096502,11.613857955245713,14.272308744534188,-16.705475586067337,-6.403762531460188,-25.59623746853981,86.70547558606734,3233295.7109017945,23947.315286615445,11.403762531460188,11.403762531460188,0.15246383627919796
16.0154040279315,11.16821640401664,14.272308744534188,-16.705475586067337,-6.403762531460188,-25.59623746853981,86.70547558606734,3233295.7109017945,23947.315286615445,11.403762531460188,11.403762531460188,0.15246383627919796
18.667318344158037,25.262086067995867,14.272308744534188,-16.705475586067337,-6.403762531460188,-25.59623746853981,86.70547558606734,3233295.7109017945,23947.315286615445,11.403762531460188,11.403762531460188,0.15246383627919796
18.379432755781977,10.017301120073412,14.272308744534188,-16.705475586067337,-6.403762531460188,-25.59623746853981,86.70547558606734,3233295.7109017945,23947.315286615445,11.403762531460188,11.403762531460188,0.15246383627919796
18.66041186167322,10.153449598411232,14.272308744534188,-16.705475586067337,-6.403762531460188,-25.59623746853981,86.70547558606734,3233295.7109017945,23947.315286615445,11.403762531460188,11.403762531460188,0.15246383627919796
18.678154596434883,10.332195502160062,14.272308744534188,-16.705475586067337,-6.403762531460188,-25.59623746853981,86.70547558606734,3233295.7109017945,23947.315286615445,11.403762531460188,11.403762531460188,0.15246383627919796
18.674274315628647,21.90470950215264,14.272308744534188,-16.705475586067337,-6.403762531460188,-25.59623746853981,86.70547558606734,3233295.7109017945,23947.315286615445,11.403762531460188,11.403762531460188,0.15246383627919796
18.663120562737255,10.077403915560748,14.272308744534188,-16.705475586067337,-6.403762531460188,-25.59623746853981,86.70547558606734,3233295.7109017945,23947.315286615445,11.403762531460188,11.403762531460188,0.15246383627919796
18.67131343850889,19.686244465218167,14.272308744534188,-16.705475586067337,-6.403762531460188,-25.59623746853981,86.70547558606734,3233295.7109017945,23947.315286615445,11.403762531460188,11.403762531460188,0.15246383627919796
18.670232488302588,20.260977470324555,14.272308744534188,-16.705475586067337,-6.403762531460188,-25.59623746853981,86.70547558606734,3233295.7109017945,23947.315286615445,11.403762531460188,11.403762531460188,0.15246383627919796
18.66377736686909,13.468319840652605,14.272308744534188,-16.705475586067337,-6.403762531460188,-25.59623746853981,86.70547558606734,3233295.7109017945,23947.315286615445,11.403762531460188,11.403762531460188,0.15246383627919796
18.40130219488925,10.207755891339708,14.272308744534188,-16.705475586067337,-6.403762531460188,-25.59623746853981,86.70547558606734,3233295.7109017945,23947.315286615445,11.403762531460188,11.403762531460188,0.15246383627919796
15.991120664083919,10.392501002278948,14.272308744534188,-16.705475586067337,-6.403762531460188,-25.59623746853981,86.70547558606734,3233295.7109017945,23947.315286615445,11.403762531460188,11.403762531460188,0.15246383627919796
18.667742479282108,23.33876802703987,14.272308744534188,-16.705475586067337,-6.403762531460188,-25.59623746853981,86.70547558606734,3233295.7109017945,23947.315286615445,11.403762531460188,11.403762531460188,0.15246383627919796
9.271268112646874,10.29992730445834,14.272308744534188,-16.705475586067337,-6.403762531460188,-25.59623746853981,86.70547558606734,3233295.7109017945,23947.315286615445,11.403762531460188,11.403762531460188,0.15246383627919796
18.667293930660694,10.37207055619615,14.272308744534188,-16.705475586067337,-6.403762531460188,-25.59623746853981,86.70547558606734,3233295.7109017945,23947.315286615445,11.403762531460188,11.403762531460188,0.15246383627919796
16.5295101658026,10.053249744839913,14.272308744534188,-16.705475586067337,-6.403762531460188,-25.59623746853981,86.70547558606734,3233295.7109017945,23947.315286615445,11.403762531460188,11.403762531460188,0.15246383627919796
16.217844471211937,10.392501002278948,14.272308744534188,-16.705475586067337,-6.403762531460188,-25.59623746853981,86.70547558606734,3233295.7109017945,23947.315286615445,11.403762531460188,11.403762531460188,0.15246383627919796
