p_evap,dT_cd,net_power,T_injection>=70,evap_brine_pinch>=5,evap_brine_pinch<=37,T_injection,evap_steam_UA,evap_brine_UA,evap_steam_pinch,evap_brine_pinch,thermal_efficiency
5.300866356917855,28.183264828096654,5.726774156477635,-71.82267079844485,-44.11630895473979,12.116308954739793,141.82267079844485,760569.5819474008,5633.137579990721,49.11630895473979,49.11630895473979,0.1110322972928558
3.2930393649897853,19.354825932235016,4.3268142601601935,-76.74826938026598,-64.27232215985737,32.27232215985737,146.74826938026598,539895.6677142708,3998.722335553213,69.27232215985737,69.27232215985737,0.09057185350227559
2.5867643705662475,14.38375895259652,3.678599948664802,-78.50118877287338,-73.62904187346214,41.62904187346214,148.50118877287338,475809.60110744537,3524.0706551213457,78.62904187346214,78.62904187346214,0.0792540764156392
5.752503626936194,17.548593702698525,7.158970736161567,-67.4956948192854,-40.40608432522396,8.406084325223958,137.4956948192854,822449.0529151806,6091.446170831331,45.40608432522396,45.40608432522396,0.13037190797558704
11.590260213643115,28.222671792631814,10.577670643683716,-53.268870591687346,-5.206783681289664,-26.793216318710336,123.26887059168735,3605364.9744991832,26703.036000246186,10.206783681289664,10.206783681289664,0.1606934977415893
10.404630650019381,28.74393765198147,9.713728524291584,-56.74421374215234,-11.054780893411873,-20.945219106588127,126.74421374215234,2307886.579803427,17093.298143424876,16.054780893411873,16.054780893411873,0.15378155070815244
4.576476453464399,14.51132995388188,6.202148358213214,-70.68915302707364,-50.59445451432816,18.594454514328163,140.68915302707364,672256.9320182602,4979.052380013829,55.59445451432816,55.59445451432816,0.1182447464183282
7.183872740520429,26.3960016174902,7.568401435265548,-65.40794352098288,-29.923361519562263,-2.0766384804377367,135.40794352098288,1067935.539681216,7909.635047700303,34.92336151956226,34.92336151956226,0.13391126720386642
2.691303783625088,12.784009619522859,3.9207500660228862,-77.63849665158813,-72.13042498853213,40.13042498853213,147.63849665158813,485030.85625739174,3592.3676264344035,77.13042498853213,77.13042498853213,0.08327272173646284
3.4580633836156807,26.61545436545964,3.877218917818397,-77.96763572342525,-62.3095700264617,30.3095700264617,147.96763572342525,555593.1242336434,4114.9851132508675,67.3095700264617,67.3095700264617,0.08279624322217063
9.484003215614063,20.72113991846902,9.916234448388677,-57.06103126528956,-15.945710190141654,-16.054289809858346,127.06103126528956,1773978.4605364238,13138.92241989887,20.945710190141654,20.945710190141654,0.15759283570603239
2.9369709337045515,16.08483192312088,4.091864259154649,-77.39268027283117,-68.77551623282591,36.77551623282591,147.39268027283117,507028.66930320393,3755.2938205486857,73.77551623282591,73.77551623282591,0.08655722545518431
5.058047638823394,17.314273409678044,6.504459084189054,-69.74528623930485,-46.20961686653584,14.209616866535839,139.74528623930485,729598.6525461817,5403.752247684186,51.20961686653584,51.20961686653584,0.12231176079424788
6.410033378245316,15.55143970964004,7.9084919606292985,-64.85580225474672,-35.37473423118598,3.3747342311859825,134.85580225474672,924442.5388353538,6846.85810431951,40.37473423118598,40.37473423118598,0.138885537537111
2.858073275519401,19.154966545638445,3.743681054846462,-78.50021387732477,-69.82891715738236,37.828917157382364,148.50021387732477,499909.7388771629,3702.5676591771016,74.82891715738236,74.82891715738236,0.08065491277382913
10.311427251995669,20.065509966272415,10.576347191312575,-54.50427640696989,-11.535014785848148,-20.464985214151852,124.5042764069699,2241642.0240467847,16602.65967278302,16.535014785848148,16.535014785848148,0.16301339292281894
2.6482629767359387,17.54926378545663,3.558577980331952,-79.01213781471381,-72.74196967240903,40.74196967240903,149.0121378147138,481225.0850161148,3564.180286960225,77.74196967240903,77.74196967240903,0.07732762229193808
10.467426005598552,17.765291172184618,10.902134167803235,-53.40360224060612,-10.733015863895957,-21.266984136104043,123.40360224060612,2354506.4320116797,17438.58678982933,15.733015863895957,15.733015863895957,0.16588230062651585
1.9472684317458353,10.023905408814272,10.902134167803235,-53.40360224060612,-10.733015863895957,-21.266984136104043,123.40360224060612,2354506.4320116797,17438.58678982933,15.733015863895957,15.733015863895957,0.16588230062651585
8.300004120699578,24.214719870001375,10.902134167803235,-53.40360224060612,-10.733015863895957,-21.266984136104043,123.40360224060612,2354506.4320116797,17438.58678982933,15.733015863895957,15.733015863895957,0.16588230062651585
5.101307255527923,16.289810629934593,10.902134167803235,-53.40360224060612,-10.733015863895957,-21.266984136104043,123.40360224060612,2354506.4320116797,17438.58678982933,15.733015863895957,15.733015863895957,0.16588230062651585
7.767297220834625,11.868844436717744,10.902134167803235,-53.40360224060612,-10.733015863895957,-21.266984136104043,123.40360224060612,2354506.4320116797,17438.58678982933,15.733015863895957,15.733015863895957,0.16588230062651585
9.868975126567012,24.971274523336078,10.902134167803235,-53.40360224060612,-10.733015863895957,-21.266984136104043,123.40360224060612,2354506.4320116797,17438.58678982933,15.733015863895957,15.733015863895957,0.16588230062651585
10.470975140334948,17.143801044706663,10.902134167803235,-53.40360224060612,-10.733015863895957,-21.266984136104043,123.40360224060612,2354506.4320116797,17438.58678982933,15.733015863895957,15.733015863895957,0.16588230062651585
8.865430793586366,15.565100129324883,10.902134167803235,-53.40360224060612,-10.733015863895957,-21.266984136104043,123.40360224060612,2354506.4320116797,17438.58678982933,15.733015863895957,15.733015863895957,0.16588230062651585
2.5628116552756657,22.402407466641378,10.902134167803235,-53.40360224060612,-10.733015863895957,-21.266984136104043,123.40360224060612,2354506.4320116797,17438.58678982933,15.733015863895957,15.733015863895957,0.16588230062651585
6.438514917259214,22.9322777222266,10.902134167803235,-53.40360224060612,-10.733015863895957,-21.266984136104043,123.40360224060612,2354506.4320116797,17438.58678982933,15.733015863895957,15.733015863895957,0.16588230062651585
2.214591947610052,20.212664812313953,10.902134167803235,-53.40360224060612,-10.733015863895957,-21.266984136104043,123.40360224060612,2354506.4320116797,17438.58678982933,15.733015863895957,15.733015863895957,0.16588230062651585
8.872097272134994,19.416653322536845,10.902134167803235,-53.40360224060612,-10.733015863895957,-21.266984136104043,123.40360224060612,2354506.4320116797,17438.58678982933,15.733015863895957,15.733015863895957,0.16588230062651585
4.23056788605353,19.769559140818174,10.902134167803235,-53.40360224060612,-10.733015863895957,-21.266984136104043,123.40360224060612,2354506.4320116797,17438.58678982933,15.733015863895957,15.733015863895957,0.16588230062651585
10.516788989867148,10.55337232920219,10.902134167803235,-53.40360224060612,-10.733015863895957,-21.266984136104043,123.40360224060612,2354506.4320116797,17438.58678982933,15.733015863895957,15.733015863895957,0.16588230062651585
9.470526519300126,15.31192271630809,10.902134167803235,-53.40360224060612,-10.733015863895957,-21.266984136104043,123.40360224060612,2354506.4320116797,17438.58678982933,15.733015863895957,15.733015863895957,0.16588230062651585
5.2157359656424775,14.614604185041863,10.902134167803235,-53.40360224060612,-10.733015863895957,-21.266984136104043,123.40360224060612,2354506.4320116797,17438.58678982933,15.733015863895957,15.733015863895957,0.16588230062651585
6.787480919647653,23.939167425701385,10.902134167803235,-53.40360224060612,-10.733015863895957,-21.266984136104043,123.40360224060612,2354506.4320116797,17438.58678982933,15.733015863895957,15.733015863895957,0.16588230062651585
11.025615616266496,20.73985740180514,10.902134167803235,-53.40360224060612,-10.733015863895957,-21.266984136104043,123.40360224060612,2354506.4320116797,17438.58678982933,15.733015863895957,15.733015863895957,0.16588230062651585
7.571319059657564,21.43810305050799,10.902134167803235,-53.40360224060612,-10.733015863895957,-21.266984136104043,123.40360224060612,2354506.4320116797,17438.58678982933,15.733015863895957,15.733015863895957,0.16588230062651585
10.366269972580438,10.044453377093063,10.902134167803235,-53.40360224060612,-10.733015863895957,-21.266984136104043,123.40360224060612,2354506.4320116797,17438.58678982933,15.733015863895957,15.733015863895957,0.16588230062651585
2.135374401795481,12.432256162381645,10.902134167803235,-53.40360224060612,-10.733015863895957,-21.266984136104043,123.40360224060612,2354506.4320116797,17438.58678982933,15.733015863895957,15.733015863895957,0.16588230062651585
6.105848154609243,20.376534096911257,10.902134167803235,-53.40360224060612,-10.733015863895957,-21.266984136104043,123.40360224060612,2354506.4320116797,17438.58678982933,15.733015863895957,15.733015863895957,0.16588230062651585
10.763315866443738,13.767409610157337,10.902134167803235,-53.40360224060612,-10.733015863895957,-21.266984136104043,123.40360224060612,2354506.4320116797,17438.58678982933,15.733015863895957,15.733015863895957,0.16588230062651585
11.374176798057249,16.659722270305828,10.902134167803235,-53.40360224060612,-10.733015863895957,-21.266984136104043,123.40360224060612,2354506.4320116797,17438.58678982933,15.733015863895957,15.733015863895957,0.16588230062651585
3.2930393649897853,18.046997035016574,10.902134167803235,-53.40360224060612,-10.733015863895957,-21.266984136104043,123.40360224060612,2354506.4320116797,17438.58678982933,15.733015863895957,15.733015863895957,0.16588230062651585
6.3002700892778485,14.38375895259652,10.902134167803235,-53.40360224060612,-10.733015863895957,-21.266984136104043,123.40360224060612,2354506.4320116797,17438.58678982933,15.733015863895957,15.733015863895957,0.16588230062651585
8.890406593707509,17.548593702698525,10.902134167803235,-53.40360224060612,-10.733015863895957,-21.266984136104043,123.40360224060612,2354506.4320116797,17438.58678982933,15.733015863895957,15.733015863895957,0.16588230062651585
10.766640629181119,28.222671792631814,10.902134167803235,-53.40360224060612,-10.733015863895957,-21.266984136104043,123.40360224060612,2354506.4320116797,17438.58678982933,15.733015863895957,15.733015863895957,0.16588230062651585
10.404630650019381,19.87181462159375,10.902134167803235,-53.40360224060612,-10.733015863895957,-21.266984136104043,123.40360224060612,2354506.4320116797,17438.58678982933,15.733015863895957,15.733015863895957,0.16588230062651585
4.576476453464399,13.424559225483875,10.902134167803235,-53.40360224060612,-10.733015863895957,-21.266984136104043,123.40360224060612,2354506.4320116797,17438.58678982933,15.733015863895957,15.733015863895957,0.16588230062651585
7.183872740520429,22.775819466774294,10.902134167803235,-53.40360224060612,-10.733015863895957,-21.266984136104043,123.40360224060612,2354506.4320116797,17438.58678982933,15.733015863895957,15.733015863895957,0.16588230062651585
9.701159316656359,12.784009619522859,10.902134167803235,-53.40360224060612,-10.733015863895957,-21.266984136104043,123.40360224060612,2354506.4320116797,17438.58678982933,15.733015863895957,15.733015863895957,0.16588230062651585
3.4580633836156807,22.092337887677182,10.902134167803235,-53.40360224060612,-10.733015863895957,-21.266984136104043,123.40360224060612,2354506.4320116797,17438.58678982933,15.733015863895957,15.733015863895957,0.16588230062651585
10.65351221707665,20.72113991846902,10.902134167803235,-53.40360224060612,-10.733015863895957,-21.266984136104043,123.40360224060612,2354506.4320116797,17438.58678982933,15.733015863895957,15.733015863895957,0.16588230062651585
6.556069923799048,16.08483192312088,10.902134167803235,-53.40360224060612,-10.733015863895957,-21.266984136104043,123.40360224060612,2354506.4320116797,17438.58678982933,15.733015863895957,15.733015863895957,0.16588230062651585
10.75913824575565,17.30838238435529,10.902134167803235,-53.40360224060612,-10.733015863895957,-21.266984136104043,123.40360224060612,2354506.4320116797,17438.58678982933,15.733015863895957,15.733015863895957,0.16588230062651585
10.880435513910863,15.55143970964004,10.902134167803235,-53.40360224060612,-10.733015863895957,-21.266984136104043,123.40360224060612,2354506.4320116797,17438.58678982933,15.733015863895957,15.733015863895957,0.16588230062651585
8.78508682325311,20.297596862486202,10.902134167803235,-53.40360224060612,-10.733015863895957,-21.266984136104043,123.40360224060612,2354506.4320116797,17438.58678982933,15.733015863895957,15.733015863895957,0.16588230062651585
10.311427251995669,17.772121382027038,10.902134167803235,-53.40360224060612,-10.733015863895957,-21.266984136104043,123.40360224060612,2354506.4320116797,17438.58678982933,15.733015863895957,15.733015863895957,0.16588230062651585
2.6482629767359387,13.3510717242538,10.902134167803235,-53.40360224060612,-10.733015863895957,-21.266984136104043,123.40360224060612,2354506.4320116797,17438.58678982933,15.733015863895957,15.733015863895957,0.16588230062651585
10.467426005598552,15.774952150608847,10.902134167803235,-53.40360224060612,-10.733015863895957,-21.266984136104043,123.40360224060612,2354506.4320116797,17438.58678982933,15.733015863895957,15.733015863895957,0.16588230062651585
10.761725740870968,10.023905408814272,10.902134167803235,-53.40360224060612,-10.733015863895957,-21.266984136104043,123.40360224060612,2354506.4320116797,17438.58678982933,15.733015863895957,15.733015863895957,0.16588230062651585
6.4904373383028116,24.214719870001375,10.902134167803235,-53.40360224060612,-10.733015863895957,-21.266984136104043,123.40360224060612,2354506.4320116797,17438.58678982933,15.733015863895957,15.733015863895957,0.16588230062651585
5.101307255527923,20.029900063174665,10.902134167803235,-53.40360224060612,-10.733015863895957,-21.266984136104043,123.40360224060612,2354506.4320116797,17438.58678982933,15.733015863895957,15.733015863895957,0.16588230062651585
11.164937727570752,11.868844436717744,10.902134167803235,-53.40360224060612,-10.733015863895957,-21.266984136104043,123.40360224060612,2354506.4320116797,17438.58678982933,15.733015863895957,15.733015863895957,0.16588230062651585
10.60108776353066,24.971274523336078,10.902134167803235,-53.40360224060612,-10.733015863895957,-21.266984136104043,123.40360224060612,2354506.4320116797,17438.58678982933,15.733015863895957,15.733015863895957,0.16588230062651585
6.662749640558976,17.143801044706663,10.902134167803235,-53.40360224060612,-10.733015863895957,-21.266984136104043,123.40360224060612,2354506.4320116797,17438.58678982933,15.733015863895957,15.733015863895957,0.16588230062651585
8.865430793586366,24.97321878115428,10.902134167803235,-53.40360224060612,-10.733015863895957,-21.266984136104043,123.40360224060612,2354506.4320116797,17438.58678982933,15.733015863895957,15.733015863895957,0.16588230062651585
11.01586174141927,22.402407466641378,10.902134167803235,-53.40360224060612,-10.733015863895957,-21.266984136104043,123.40360224060612,2354506.4320116797,17438.58678982933,15.733015863895957,15.733015863895957,0.16588230062651585
6.438514917259214,22.542995408737056,10.902134167803235,-53.40360224060612,-10.733015863895957,-21.266984136104043,123.40360224060612,2354506.4320116797,17438.58678982933,15.733015863895957,15.733015863895957,0.16588230062651585
2.214591947610052,21.924127940776984,10.902134167803235,-53.40360224060612,-10.733015863895957,-21.266984136104043,123.40360224060612,2354506.4320116797,17438.58678982933,15.733015863895957,15.733015863895957,0.16588230062651585
8.872097272134994,17.81692828776461,10.902134167803235,-53.40360224060612,-10.733015863895957,-21.266984136104043,123.40360224060612,2354506.4320116797,17438.58678982933,15.733015863895957,15.733015863895957,0.16588230062651585
11.501373141360038,19.769559140818174,10.902134167803235,-53.40360224060612,-10.733015863895957,-21.266984136104043,123.40360224060612,2354506.4320116797,17438.58678982933,15.733015863895957,15.733015863895957,0.16588230062651585
10.960911967958996,15.97662173530344,10.902134167803235,-53.40360224060612,-10.733015863895957,-21.266984136104043,123.40360224060612,2354506.4320116797,17438.58678982933,15.733015863895957,15.733015863895957,0.16588230062651585
7.201319718188692,15.31192271630809,10.902134167803235,-53.40360224060612,-10.733015863895957,-21.266984136104043,123.40360224060612,2354506.4320116797,17438.58678982933,15.733015863895957,15.733015863895957,0.16588230062651585
10.853678256817478,14.614604185041863,10.902134167803235,-53.40360224060612,-10.733015863895957,-21.266984136104043,123.40360224060612,2354506.4320116797,17438.58678982933,15.733015863895957,15.733015863895957,0.16588230062651585
6.787480919647653,19.15359958193131,10.902134167803235,-53.40360224060612,-10.733015863895957,-21.266984136104043,123.40360224060612,2354506.4320116797,17438.58678982933,15.733015863895957,15.733015863895957,0.16588230062651585
10.956922855234723,20.73985740180514,10.902134167803235,-53.40360224060612,-10.733015863895957,-21.266984136104043,123.40360224060612,2354506.4320116797,17438.58678982933,15.733015863895957,15.733015863895957,0.16588230062651585
7.571319059657564,22.19921410238301,10.902134167803235,-53.40360224060612,-10.733015863895957,-21.266984136104043,123.40360224060612,2354506.4320116797,17438.58678982933,15.733015863895957,15.733015863895957,0.16588230062651585
9.361923772506925,10.044453377093063,10.902134167803235,-53.40360224060612,-10.733015863895957,-21.266984136104043,123.40360224060612,2354506.4320116797,17438.58678982933,15.733015863895957,15.733015863895957,0.16588230062651585
9.239727297928027,12.432256162381645,10.902134167803235,-53.40360224060612,-10.733015863895957,-21.266984136104043,123.40360224060612,2354506.4320116797,17438.58678982933,15.733015863895957,15.733015863895957,0.16588230062651585
6.105848154609243,17.070453485457705,10.902134167803235,-53.40360224060612,-10.733015863895957,-21.266984136104043,123.40360224060612,2354506.4320116797,17438.58678982933,15.733015863895957,15.733015863895957,0.16588230062651585
11.555001859302218,13.767409610157337,10.902134167803235,-53.40360224060612,-10.733015863895957,-21.266984136104043,123.40360224060612,2354506.4320116797,17438.58678982933,15.733015863895957,15.733015863895957,0.16588230062651585
7.2983377855720555,16.659722270305828,10.902134167803235,-53.40360224060612,-10.733015863895957,-21.266984136104043,123.40360224060612,2354506.4320116797,17438.58678982933,15.733015863895957,15.733015863895957,0.16588230062651585
11.27618771746872,18.046997035016574,10.902134167803235,-53.40360224060612,-10.733015863895957,-21.266984136104043,123.40360224060612,2354506.4320116797,17438.58678982933,15.733015863895957,15.733015863895957,0.16588230062651585
6.3002700892778485,17.997564552875993,10.902134167803235,-53.40360224060612,-10.733015863895957,-21.266984136104043,123.40360224060612,2354506.4320116797,17438.58678982933,15.733015863895957,15.733015863895957,0.16588230062651585
8.890406593707509,12.766814450081291,10.902134167803235,-53.40360224060612,-10.733015863895957,-21.266984136104043,123.40360224060612,2354506.4320116797,17438.58678982933,15.733015863895957,15.733015863895957,0.16588230062651585
9.51241296443966,28.222671792631814,10.902134167803235,-53.40360224060612,-10.733015863895957,-21.266984136104043,123.40360224060612,2354506.4320116797,17438.58678982933,15.733015863895957,15.733015863895957,0.16588230062651585
10.404630650019381,17.300943344193215,10.902134167803235,-53.40360224060612,-10.733015863895957,-21.266984136104043,123.40360224060612,2354506.4320116797,17438.58678982933,15.733015863895957,15.733015863895957,0.16588230062651585
9.241077535214684,13.74718657172535,10.902134167803235,-53.40360224060612,-10.733015863895957,-21.266984136104043,123.40360224060612,2354506.4320116797,17438.58678982933,15.733015863895957,15.733015863895957,0.16588230062651585
11.499572441519918,22.775819466774294,10.902134167803235,-53.40360224060612,-10.733015863895957,-21.266984136104043,123.40360224060612,2354506.4320116797,17438.58678982933,15.733015863895957,15.733015863895957,0.16588230062651585
9.701159316656359,15.870371812614938,10.902134167803235,-53.40360224060612,-10.733015863895957,-21.266984136104043,123.40360224060612,2354506.4320116797,17438.58678982933,15.733015863895957,15.733015863895957,0.16588230062651585
3.4580633836156807,13.264523762580996,10.902134167803235,-53.40360224060612,-10.733015863895957,-21.266984136104043,123.40360224060612,2354506.4320116797,17438.58678982933,15.733015863895957,15.733015863895957,0.16588230062651585
10.65351221707665,18.162852433283888,10.902134167803235,-53.40360224060612,-10.733015863895957,-21.266984136104043,123.40360224060612,2354506.4320116797,17438.58678982933,15.733015863895957,15.733015863895957,0.16588230062651585
6.556069923799048,19.326239775207313,10.902134167803235,-53.40360224060612,-10.733015863895957,-21.266984136104043,123.40360224060612,2354506.4320116797,17438.58678982933,15.733015863895957,15.733015863895957,0.16588230062651585
11.673921117952855,17.30838238435529,10.902134167803235,-53.40360224060612,-10.733015863895957,-21.266984136104043,123.40360224060612,2354506.4320116797,17438.58678982933,15.733015863895957,15.733015863895957,0.16588230062651585
9.100344766823547,16.487419359526946,10.902134167803235,-53.40360224060612,-10.733015863895957,-21.266984136104043,123.40360224060612,2354506.4320116797,17438.58678982933,15.733015863895957,15.733015863895957,0.16588230062651585
11.70673212601929,20.22198059846137,10.902134167803235,-53.40360224060612,-10.733015863895957,-21.266984136104043,123.40360224060612,2354506.4320116797,17438.58678982933,15.733015863895957,15.733015863895957,0.16588230062651585
10.311427251995669,14.085576060019129,10.902134167803235,-53.40360224060612,-10.733015863895957,-21.266984136104043,123.40360224060612,2354506.4320116797,17438.58678982933,15.733015863895957,15.733015863895957,0.16588230062651585
2.6482629767359387,13.788379672138053,10.902134167803235,-53.40360224060612,-10.733015863895957,-21.266984136104043,123.40360224060612,2354506.4320116797,17438.58678982933,15.733015863895957,15.733015863895957,0.16588230062651585
11.504967645130304,17.765291172184618,10.902134167803235,-53.40360224060612,-10.733015863895957,-21.266984136104043,123.40360224060612,2354506.4320116797,17438.58678982933,15.733015863895957,15.733015863895957,0.16588230062651585
11.068746332250495,10.023905408814272,10.902134167803235,-53.40360224060612,-10.733015863895957,-21.266984136104043,123.40360224060612,2354506.4320116797,17438.58678982933,15.733015863895957,15.733015863895957,0.16588230062651585
8.300004120699578,17.941438388925057,10.902134167803235,-53.40360224060612,-10.733015863895957,-21.266984136104043,123.40360224060612,2354506.4320116797,17438.58678982933,15.733015863895957,15.733015863895957,0.16588230062651585
5.101307255527923,19.25393111638838,10.902134167803235,-53.40360224060612,-10.733015863895957,-21.266984136104043,123.40360224060612,2354506.4320116797,17438.58678982933,15.733015863895957,15.733015863895957,0.16588230062651585
11.433960038836325,11.694875483653853,10.902134167803235,-53.40360224060612,-10.733015863895957,-21.266984136104043,123.40360224060612,2354506.4320116797,17438.58678982933,15.733015863895957,15.733015863895957,0.16588230062651585
9.868975126567012,19.60580746564824,10.902134167803235,-53.40360224060612,-10.733015863895957,-21.266984136104043,123.40360224060612,2354506.4320116797,17438.58678982933,15.733015863895957,15.733015863895957,0.16588230062651585
11.19969379686303,17.143801044706663,10.902134167803235,-53.40360224060612,-10.733015863895957,-21.266984136104043,123.40360224060612,2354506.4320116797,17438.58678982933,15.733015863895957,15.733015863895957,0.16588230062651585
8.865430793586366,15.08914220006681,10.902134167803235,-53.40360224060612,-10.733015863895957,-21.266984136104043,123.40360224060612,2354506.4320116797,17438.58678982933,15.733015863895957,15.733015863895957,0.16588230062651585
11.387419924686306,22.402407466641378,10.902134167803235,-53.40360224060612,-10.733015863895957,-21.266984136104043,123.40360224060612,2354506.4320116797,17438.58678982933,15.733015863895957,15.733015863895957,0.16588230062651585
6.438514917259214,16.47301627023937,10.902134167803235,-53.40360224060612,-10.733015863895957,-21.266984136104043,123.40360224060612,2354506.4320116797,17438.58678982933,15.733015863895957,15.733015863895957,0.16588230062651585
2.214591947610052,16.200314489369752,10.902134167803235,-53.40360224060612,-10.733015863895957,-21.266984136104043,123.40360224060612,2354506.4320116797,17438.58678982933,15.733015863895957,15.733015863895957,0.16588230062651585
8.872097272134994,12.863460031611627,10.902134167803235,-53.40360224060612,-10.733015863895957,-21.266984136104043,123.40360224060612,2354506.4320116797,17438.58678982933,15.733015863895957,15.733015863895957,0.16588230062651585
11.040462662153164,19.769559140818174,10.902134167803235,-53.40360224060612,-10.733015863895957,-21.266984136104043,123.40360224060612,2354506.4320116797,17438.58678982933,15.733015863895957,15.733015863895957,0.16588230062651585
10.516788989867148,17.51025875556801,10.902134167803235,-53.40360224060612,-10.733015863895957,-21.266984136104043,123.40360224060612,2354506.4320116797,17438.58678982933,15.733015863895957,15.733015863895957,0.16588230062651585
11.512344081486244,15.31192271630809,10.902134167803235,-53.40360224060612,-10.733015863895957,-21.266984136104043,123.40360224060612,2354506.4320116797,17438.58678982933,15.733015863895957,15.733015863895957,0.16588230062651585
11.541578033835547,14.917753072196245,10.902134167803235,-53.40360224060612,-10.733015863895957,-21.266984136104043,123.40360224060612,2354506.4320116797,17438.58678982933,15.733015863895957,15.733015863895957,0.16588230062651585
6.787480919647653,12.74598553099112,10.902134167803235,-53.40360224060612,-10.733015863895957,-21.266984136104043,123.40360224060612,2354506.4320116797,17438.58678982933,15.733015863895957,15.733015863895957,0.16588230062651585
10.666069447850987,20.17635380172863,10.902134167803235,-53.40360224060612,-10.733015863895957,-21.266984136104043,123.40360224060612,2354506.4320116797,17438.58678982933,15.733015863895957,15.733015863895957,0.16588230062651585
7.571319059657564,16.53961661113421,10.902134167803235,-53.40360224060612,-10.733015863895957,-21.266984136104043,123.40360224060612,2354506.4320116797,17438.58678982933,15.733015863895957,15.733015863895957,0.16588230062651585
10.366269972580438,15.175854260416777,10.902134167803235,-53.40360224060612,-10.733015863895957,-21.266984136104043,123.40360224060612,2354506.4320116797,17438.58678982933,15.733015863895957,15.733015863895957,0.16588230062651585
2.135374401795481,13.269514684621281,10.902134167803235,-53.40360224060612,-10.733015863895957,-21.266984136104043,123.40360224060612,2354506.4320116797,17438.58678982933,15.733015863895957,15.733015863895957,0.16588230062651585
6.105848154609243,18.970941175072177,10.902134167803235,-53.40360224060612,-10.733015863895957,-21.266984136104043,123.40360224060612,2354506.4320116797,17438.58678982933,15.733015863895957,15.733015863895957,0.16588230062651585
10.763315866443738,18.88854048256087,10.902134167803235,-53.40360224060612,-10.733015863895957,-21.266984136104043,123.40360224060612,2354506.4320116797,17438.58678982933,15.733015863895957,15.733015863895957,0.16588230062651585
11.379235799238623,16.659722270305828,10.902134167803235,-53.40360224060612,-10.733015863895957,-21.266984136104043,123.40360224060612,2354506.4320116797,17438.58678982933,15.733015863895957,15.733015863895957,0.16588230062651585
11.443689642698768,18.046997035016574,10.902134167803235,-53.40360224060612,-10.733015863895957,-21.266984136104043,123.40360224060612,2354506.4320116797,17438.58678982933,15.733015863895957,15.733015863895957,0.16588230062651585
6.357792782537527,20.044389054576612,10.902134167803235,-53.40360224060612,-10.733015863895957,-21.266984136104043,123.40360224060612,2354506.4320116797,17438.58678982933,15.733015863895957,15.733015863895957,0.16588230062651585
8.890406593707509,11.95663507330023,10.902134167803235,-53.40360224060612,-10.733015863895957,-21.266984136104043,123.40360224060612,2354506.4320116797,17438.58678982933,15.733015863895957,15.733015863895957,0.16588230062651585
10.766640629181119,18.660749799149542,10.902134167803235,-53.40360224060612,-10.733015863895957,-21.266984136104043,123.40360224060612,2354506.4320116797,17438.58678982933,15.733015863895957,15.733015863895957,0.16588230062651585
11.666320446610595,19.87181462159375,10.902134167803235,-53.40360224060612,-10.733015863895957,-21.266984136104043,123.40360224060612,2354506.4320116797,17438.58678982933,15.733015863895957,15.733015863895957,0.16588230062651585
4.576476453464399,15.09330028683421,10.902134167803235,-53.40360224060612,-10.733015863895957,-21.266984136104043,123.40360224060612,2354506.4320116797,17438.58678982933,15.733015863895957,15.733015863895957,0.16588230062651585
11.473590153068518,22.775819466774294,10.902134167803235,-53.40360224060612,-10.733015863895957,-21.266984136104043,123.40360224060612,2354506.4320116797,17438.58678982933,15.733015863895957,15.733015863895957,0.16588230062651585
9.701159316656359,16.39612597556023,10.902134167803235,-53.40360224060612,-10.733015863895957,-21.266984136104043,123.40360224060612,2354506.4320116797,17438.58678982933,15.733015863895957,15.733015863895957,0.16588230062651585
11.500715664439028,22.092337887677182,10.902134167803235,-53.40360224060612,-10.733015863895957,-21.266984136104043,123.40360224060612,2354506.4320116797,17438.58678982933,15.733015863895957,15.733015863895957,0.16588230062651585
7.416120090836465,20.72113991846902,10.902134167803235,-53.40360224060612,-10.733015863895957,-21.266984136104043,123.40360224060612,2354506.4320116797,17438.58678982933,15.733015863895957,15.733015863895957,0.16588230062651585
9.931069299936237,16.08483192312088,10.902134167803235,-53.40360224060612,-10.733015863895957,-21.266984136104043,123.40360224060612,2354506.4320116797,17438.58678982933,15.733015863895957,15.733015863895957,0.16588230062651585
11.653271603391222,17.30838238435529,10.902134167803235,-53.40360224060612,-10.733015863895957,-21.266984136104043,123.40360224060612,2354506.4320116797,17438.58678982933,15.733015863895957,15.733015863895957,0.16588230062651585
10.880435513910863,21.573402892556174,10.902134167803235,-53.40360224060612,-10.733015863895957,-21.266984136104043,123.40360224060612,2354506.4320116797,17438.58678982933,15.733015863895957,15.733015863895957,0.16588230062651585
8.78508682325311,13.269514684621281,10.902134167803235,-53.40360224060612,-10.733015863895957,-21.266984136104043,123.40360224060612,2354506.4320116797,17438.58678982933,15.733015863895957,15.733015863895957,0.16588230062651585
11.101300081075562,19.281645738126883,10.902134167803235,-53.40360224060612,-10.733015863895957,-21.266984136104043,123.40360224060612,2354506.4320116797,17438.58678982933,15.733015863895957,15.733015863895957,0.16588230062651585
11.694051891678214,13.3510717242538,10.902134167803235,-53.40360224060612,-10.733015863895957,-21.266984136104043,123.40360224060612,2354506.4320116797,17438.58678982933,15.733015863895957,15.733015863895957,0.16588230062651585
10.20700846310302,17.765291172184618,10.902134167803235,-53.40360224060612,-10.733015863895957,-21.266984136104043,123.40360224060612,2354506.4320116797,17438.58678982933,15.733015863895957,15.733015863895957,0.16588230062651585
1.9472684317458353,20.61007962235604,10.902134167803235,-53.40360224060612,-10.733015863895957,-21.266984136104043,123.40360224060612,2354506.4320116797,17438.58678982933,15.733015863895957,15.733015863895957,0.16588230062651585
11.621047440130443,24.214719870001375,10.902134167803235,-53.40360224060612,-10.733015863895957,-21.266984136104043,123.40360224060612,2354506.4320116797,17438.58678982933,15.733015863895957,15.733015863895957,0.16588230062651585
10.435544302612957,15.544403625145492,10.902134167803235,-53.40360224060612,-10.733015863895957,-21.266984136104043,123.40360224060612,2354506.4320116797,17438.58678982933,15.733015863895957,15.733015863895957,0.16588230062651585
7.767297220834625,11.797169388443272,10.902134167803235,-53.40360224060612,-10.733015863895957,-21.266984136104043,123.40360224060612,2354506.4320116797,17438.58678982933,15.733015863895957,15.733015863895957,0.16588230062651585
11.175980887620861,24.971274523336078,10.902134167803235,-53.40360224060612,-10.733015863895957,-21.266984136104043,123.40360224060612,2354506.4320116797,17438.58678982933,15.733015863895957,15.733015863895957,0.16588230062651585
11.660742908757515,17.143801044706663,10.902134167803235,-53.40360224060612,-10.733015863895957,-21.266984136104043,123.40360224060612,2354506.4320116797,17438.58678982933,15.733015863895957,15.733015863895957,0.16588230062651585
9.73062559814999,15.565100129324883,10.902134167803235,-53.40360224060612,-10.733015863895957,-21.266984136104043,123.40360224060612,2354506.4320116797,17438.58678982933,15.733015863895957,15.733015863895957,0.16588230062651585
2.5628116552756657,18.039743316360898,10.902134167803235,-53.40360224060612,-10.733015863895957,-21.266984136104043,123.40360224060612,2354506.4320116797,17438.58678982933,15.733015863895957,15.733015863895957,0.16588230062651585
6.438514917259214,20.172453456634557,10.902134167803235,-53.40360224060612,-10.733015863895957,-21.266984136104043,123.40360224060612,2354506.4320116797,17438.58678982933,15.733015863895957,15.733015863895957,0.16588230062651585
2.214591947610052,12.256713035258347,10.902134167803235,-53.40360224060612,-10.733015863895957,-21.266984136104043,123.40360224060612,2354506.4320116797,17438.58678982933,15.733015863895957,15.733015863895957,0.16588230062651585
9.96777240324752,19.416653322536845,10.902134167803235,-53.40360224060612,-10.733015863895957,-21.266984136104043,123.40360224060612,2354506.4320116797,17438.58678982933,15.733015863895957,15.733015863895957,0.16588230062651585
4.23056788605353,20.666494182817885,10.902134167803235,-53.40360224060612,-10.733015863895957,-21.266984136104043,123.40360224060612,2354506.4320116797,17438.58678982933,15.733015863895957,15.733015863895957,0.16588230062651585
11.712384525738052,10.55337232920219,10.902134167803235,-53.40360224060612,-10.733015863895957,-21.266984136104043,123.40360224060612,2354506.4320116797,17438.58678982933,15.733015863895957,15.733015863895957,0.16588230062651585
11.374176798057249,15.31192271630809,10.902134167803235,-53.40360224060612,-10.733015863895957,-21.266984136104043,123.40360224060612,2354506.4320116797,17438.58678982933,15.733015863895957,15.733015863895957,0.16588230062651585
7.9552676023036115,14.614604185041863,10.902134167803235,-53.40360224060612,-10.733015863895957,-21.266984136104043,123.40360224060612,2354506.4320116797,17438.58678982933,15.733015863895957,15.733015863895957,0.16588230062651585
9.774828365471421,23.340349322213427,10.902134167803235,-53.40360224060612,-10.733015863895957,-21.266984136104043,123.40360224060612,2354506.4320116797,17438.58678982933,15.733015863895957,15.733015863895957,0.16588230062651585
11.025615616266496,14.594861937229481,10.902134167803235,-53.40360224060612,-10.733015863895957,-21.266984136104043,123.40360224060612,2354506.4320116797,17438.58678982933,15.733015863895957,15.733015863895957,0.16588230062651585
7.571319059657564,11.402418170197073,10.902134167803235,-53.40360224060612,-10.733015863895957,-21.266984136104043,123.40360224060612,2354506.4320116797,17438.58678982933,15.733015863895957,15.733015863895957,0.16588230062651585
11.15295073534292,10.044453377093063,10.902134167803235,-53.40360224060612,-10.733015863895957,-21.266984136104043,123.40360224060612,2354506.4320116797,17438.58678982933,15.733015863895957,15.733015863895957,0.16588230062651585
2.7672427688017827,20.10016405297955,10.902134167803235,-53.40360224060612,-10.733015863895957,-21.266984136104043,123.40360224060612,2354506.4320116797,17438.58678982933,15.733015863895957,15.733015863895957,0.16588230062651585
7.316650353203349,16.45155332735406,10.902134167803235,-53.40360224060612,-10.733015863895957,-21.266984136104043,123.40360224060612,2354506.4320116797,17438.58678982933,15.733015863895957,15.733015863895957,0.16588230062651585
11.34949530592295,13.767409610157337,10.902134167803235,-53.40360224060612,-10.733015863895957,-21.266984136104043,123.40360224060612,2354506.4320116797,17438.58678982933,15.733015863895957,15.733015863895957,0.16588230062651585
11.374176798057249,17.575661434505115,10.902134167803235,-53.40360224060612,-10.733015863895957,-21.266984136104043,123.40360224060612,2354506.4320116797,17438.58678982933,15.733015863895957,15.733015863895957,0.16588230062651585
3.4661724197241117,19.425032835244693,10.902134167803235,-53.40360224060612,-10.733015863895957,-21.266984136104043,123.40360224060612,2354506.4320116797,17438.58678982933,15.733015863895957,15.733015863895957,0.16588230062651585
6.3002700892778485,17.32729899419367,10.902134167803235,-53.40360224060612,-10.733015863895957,-21.266984136104043,123.40360224060612,2354506.4320116797,17438.58678982933,15.733015863895957,15.733015863895957,0.16588230062651585
11.55593075692319,17.548593702698525,10.902134167803235,-53.40360224060612,-10.733015863895957,-21.266984136104043,123.40360224060612,2354506.4320116797,17438.58678982933,15.733015863895957,15.733015863895957,0.16588230062651585
7.847728628097039,28.222671792631814,10.902134167803235,-53.40360224060612,-10.733015863895957,-21.266984136104043,123.40360224060612,2354506.4320116797,17438.58678982933,15.733015863895957,15.733015863895957,0.16588230062651585
10.404630650019381,12.318990323605085,10.902134167803235,-53.40360224060612,-10.733015863895957,-21.266984136104043,123.40360224060612,2354506.4320116797,17438.58678982933,15.733015863895957,15.733015863895957,0.16588230062651585
4.576476453464399,13.852351833988365,10.902134167803235,-53.40360224060612,-10.733015863895957,-21.266984136104043,123.40360224060612,2354506.4320116797,17438.58678982933,15.733015863895957,15.733015863895957,0.16588230062651585
7.183872740520429,18.152599342358094,10.902134167803235,-53.40360224060612,-10.733015863895957,-21.266984136104043,123.40360224060612,2354506.4320116797,17438.58678982933,15.733015863895957,15.733015863895957,0.16588230062651585
9.701159316656359,15.54138677711061,10.902134167803235,-53.40360224060612,-10.733015863895957,-21.266984136104043,123.40360224060612,2354506.4320116797,17438.58678982933,15.733015863895957,15.733015863895957,0.16588230062651585
11.571302521726004,22.092337887677182,10.902134167803235,-53.40360224060612,-10.733015863895957,-21.266984136104043,123.40360224060612,2354506.4320116797,17438.58678982933,15.733015863895957,15.733015863895957,0.16588230062651585
10.65351221707665,15.064090420752521,10.902134167803235,-53.40360224060612,-10.733015863895957,-21.266984136104043,123.40360224060612,2354506.4320116797,17438.58678982933,15.733015863895957,15.733015863895957,0.16588230062651585
9.384596943290516,16.08483192312088,10.902134167803235,-53.40360224060612,-10.733015863895957,-21.266984136104043,123.40360224060612,2354506.4320116797,17438.58678982933,15.733015863895957,15.733015863895957,0.16588230062651585
8.541827023923057,17.30838238435529,10.902134167803235,-53.40360224060612,-10.733015863895957,-21.266984136104043,123.40360224060612,2354506.4320116797,17438.58678982933,15.733015863895957,15.733015863895957,0.16588230062651585
11.556216333950418,15.55143970964004,10.902134167803235,-53.40360224060612,-10.733015863895957,-21.266984136104043,123.40360224060612,2354506.4320116797,17438.58678982933,15.733015863895957,15.733015863895957,0.16588230062651585
7.183469504021415,20.297596862486202,10.902134167803235,-53.40360224060612,-10.733015863895957,-21.266984136104043,123.40360224060612,2354506.4320116797,17438.58678982933,15.733015863895957,15.733015863895957,0.16588230062651585
10.311427251995669,19.679911543319733,10.902134167803235,-53.40360224060612,-10.733015863895957,-21.266984136104043,123.40360224060612,2354506.4320116797,17438.58678982933,15.733015863895957,15.733015863895957,0.16588230062651585
2.6482629767359387,10.890239491068332,10.902134167803235,-53.40360224060612,-10.733015863895957,-21.266984136104043,123.40360224060612,2354506.4320116797,17438.58678982933,15.733015863895957,15.733015863895957,0.16588230062651585
11.700925396883184,17.765291172184618,10.902134167803235,-53.40360224060612,-10.733015863895957,-21.266984136104043,123.40360224060612,2354506.4320116797,17438.58678982933,15.733015863895957,15.733015863895957,0.16588230062651585
11.226231867634656,10.023905408814272,10.902134167803235,-53.40360224060612,-10.733015863895957,-21.266984136104043,123.40360224060612,2354506.4320116797,17438.58678982933,15.733015863895957,15.733015863895957,0.16588230062651585
8.300004120699578,13.788379672138053,10.902134167803235,-53.40360224060612,-10.733015863895957,-21.266984136104043,123.40360224060612,2354506.4320116797,17438.58678982933,15.733015863895957,15.733015863895957,0.16588230062651585
10.323337845191055,16.289810629934593,10.902134167803235,-53.40360224060612,-10.733015863895957,-21.266984136104043,123.40360224060612,2354506.4320116797,17438.58678982933,15.733015863895957,15.733015863895957,0.16588230062651585
7.767297220834625,18.578815156850887,10.902134167803235,-53.40360224060612,-10.733015863895957,-21.266984136104043,123.40360224060612,2354506.4320116797,17438.58678982933,15.733015863895957,15.733015863895957,0.16588230062651585
11.391454362213825,24.971274523336078,10.902134167803235,-53.40360224060612,-10.733015863895957,-21.266984136104043,123.40360224060612,2354506.4320116797,17438.58678982933,15.733015863895957,15.733015863895957,0.16588230062651585
10.470975140334948,22.366821091152687,10.902134167803235,-53.40360224060612,-10.733015863895957,-21.266984136104043,123.40360224060612,2354506.4320116797,17438.58678982933,15.733015863895957,15.733015863895957,0.16588230062651585
10.870223385318845,13.352087823699446,10.902134167803235,-53.40360224060612,-10.733015863895957,-21.266984136104043,123.40360224060612,2354506.4320116797,17438.58678982933,15.733015863895957,15.733015863895957,0.16588230062651585
2.5628116552756657,15.82545031546092,10.902134167803235,-53.40360224060612,-10.733015863895957,-21.266984136104043,123.40360224060612,2354506.4320116797,17438.58678982933,15.733015863895957,15.733015863895957,0.16588230062651585
6.438514917259214,15.809185785043645,10.902134167803235,-53.40360224060612,-10.733015863895957,-21.266984136104043,123.40360224060612,2354506.4320116797,17438.58678982933,15.733015863895957,15.733015863895957,0.16588230062651585
7.785208910384668,20.212664812313953,10.902134167803235,-53.40360224060612,-10.733015863895957,-21.266984136104043,123.40360224060612,2354506.4320116797,17438.58678982933,15.733015863895957,15.733015863895957,0.16588230062651585
8.872097272134994,18.006611369962542,10.902134167803235,-53.40360224060612,-10.733015863895957,-21.266984136104043,123.40360224060612,2354506.4320116797,17438.58678982933,15.733015863895957,15.733015863895957,0.16588230062651585
4.23056788605353,19.24321554532682,10.902134167803235,-53.40360224060612,-10.733015863895957,-21.266984136104043,123.40360224060612,2354506.4320116797,17438.58678982933,15.733015863895957,15.733015863895957,0.16588230062651585
11.416122168130789,10.55337232920219,10.902134167803235,-53.40360224060612,-10.733015863895957,-21.266984136104043,123.40360224060612,2354506.4320116797,17438.58678982933,15.733015863895957,15.733015863895957,0.16588230062651585
9.470526519300126,16.4468311498596,10.902134167803235,-53.40360224060612,-10.733015863895957,-21.266984136104043,123.40360224060612,2354506.4320116797,17438.58678982933,15.733015863895957,15.733015863895957,0.16588230062651585
10.552554862101129,19.560985899177126,10.902134167803235,-53.40360224060612,-10.733015863895957,-21.266984136104043,123.40360224060612,2354506.4320116797,17438.58678982933,15.733015863895957,15.733015863895957,0.16588230062651585
6.787480919647653,14.1578732279322,10.902134167803235,-53.40360224060612,-10.733015863895957,-21.266984136104043,123.40360224060612,2354506.4320116797,17438.58678982933,15.733015863895957,15.733015863895957,0.16588230062651585
11.025615616266496,17.759906262998946,10.902134167803235,-53.40360224060612,-10.733015863895957,-21.266984136104043,123.40360224060612,2354506.4320116797,17438.58678982933,15.733015863895957,15.733015863895957,0.16588230062651585
11.656890134500642,21.43810305050799,10.902134167803235,-53.40360224060612,-10.733015863895957,-21.266984136104043,123.40360224060612,2354506.4320116797,17438.58678982933,15.733015863895957,15.733015863895957,0.16588230062651585
7.154716663323951,10.044453377093063,10.902134167803235,-53.40360224060612,-10.733015863895957,-21.266984136104043,123.40360224060612,2354506.4320116797,17438.58678982933,15.733015863895957,15.733015863895957,0.16588230062651585
2.135374401795481,13.889124910050523,10.902134167803235,-53.40360224060612,-10.733015863895957,-21.266984136104043,123.40360224060612,2354506.4320116797,17438.58678982933,15.733015863895957,15.733015863895957,0.16588230062651585
6.105848154609243,17.175775819123174,10.902134167803235,-53.40360224060612,-10.733015863895957,-21.266984136104043,123.40360224060612,2354506.4320116797,17438.58678982933,15.733015863895957,15.733015863895957,0.16588230062651585
9.81039954231963,13.767409610157337,10.902134167803235,-53.40360224060612,-10.733015863895957,-21.266984136104043,123.40360224060612,2354506.4320116797,17438.58678982933,15.733015863895957,15.733015863895957,0.16588230062651585
11.493156404140729,16.659722270305828,10.902134167803235,-53.40360224060612,-10.733015863895957,-21.266984136104043,123.40360224060612,2354506.4320116797,17438.58678982933,15.733015863895957,15.733015863895957,0.16588230062651585
3.2930393649897853,15.564850943142115,10.902134167803235,-53.40360224060612,-10.733015863895957,-21.266984136104043,123.40360224060612,2354506.4320116797,17438.58678982933,15.733015863895957,15.733015863895957,0.16588230062651585
6.3002700892778485,15.498111810858216,10.902134167803235,-53.40360224060612,-10.733015863895957,-21.266984136104043,123.40360224060612,2354506.4320116797,17438.58678982933,15.733015863895957,15.733015863895957,0.16588230062651585
8.890406593707509,21.883377400227843,10.902134167803235,-53.40360224060612,-10.733015863895957,-21.266984136104043,123.40360224060612,2354506.4320116797,17438.58678982933,15.733015863895957,15.733015863895957,0.16588230062651585
10.766640629181119,14.980139198187103,10.902134167803235,-53.40360224060612,-10.733015863895957,-21.266984136104043,123.40360224060612,2354506.4320116797,17438.58678982933,15.733015863895957,15.733015863895957,0.16588230062651585
10.404630650019381,15.465820877661535,10.902134167803235,-53.40360224060612,-10.733015863895957,-21.266984136104043,123.40360224060612,2354506.4320116797,17438.58678982933,15.733015863895957,15.733015863895957,0.16588230062651585
4.576476453464399,14.626045868252007,10.902134167803235,-53.40360224060612,-10.733015863895957,-21.266984136104043,123.40360224060612,2354506.4320116797,17438.58678982933,15.733015863895957,15.733015863895957,0.16588230062651585
9.8320427205287,22.775819466774294,10.902134167803235,-53.40360224060612,-10.733015863895957,-21.266984136104043,123.40360224060612,2354506.4320116797,17438.58678982933,15.733015863895957,15.733015863895957,0.16588230062651585
9.701159316656359,25.49437200202064,10.902134167803235,-53.40360224060612,-10.733015863895957,-21.266984136104043,123.40360224060612,2354506.4320116797,17438.58678982933,15.733015863895957,15.733015863895957,0.16588230062651585
3.4580633836156807,13.816885862750219,10.902134167803235,-53.40360224060612,-10.733015863895957,-21.266984136104043,123.40360224060612,2354506.4320116797,17438.58678982933,15.733015863895957,15.733015863895957,0.16588230062651585
10.73865231286739,20.72113991846902,10.902134167803235,-53.40360224060612,-10.733015863895957,-21.266984136104043,123.40360224060612,2354506.4320116797,17438.58678982933,15.733015863895957,15.733015863895957,0.16588230062651585
10.61100658368597,16.08483192312088,10.902134167803235,-53.40360224060612,-10.733015863895957,-21.266984136104043,123.40360224060612,2354506.4320116797,17438.58678982933,15.733015863895957,15.733015863895957,0.16588230062651585
11.334568025149963,17.30838238435529,10.902134167803235,-53.40360224060612,-10.733015863895957,-21.266984136104043,123.40360224060612,2354506.4320116797,17438.58678982933,15.733015863895957,15.733015863895957,0.16588230062651585
10.880435513910863,16.34897720656685,10.902134167803235,-53.40360224060612,-10.733015863895957,-21.266984136104043,123.40360224060612,2354506.4320116797,17438.58678982933,15.733015863895957,15.733015863895957,0.16588230062651585
10.784538699429998,20.297596862486202,10.902134167803235,-53.40360224060612,-10.733015863895957,-21.266984136104043,123.40360224060612,2354506.4320116797,17438.58678982933,15.733015863895957,15.733015863895957,0.16588230062651585
10.311427251995669,14.341568272631758,10.902134167803235,-53.40360224060612,-10.733015863895957,-21.266984136104043,123.40360224060612,2354506.4320116797,17438.58678982933,15.733015863895957,15.733015863895957,0.16588230062651585
2.6482629767359387,18.375459779030756,10.902134167803235,-53.40360224060612,-10.733015863895957,-21.266984136104043,123.40360224060612,2354506.4320116797,17438.58678982933,15.733015863895957,15.733015863895957,0.16588230062651585
10.467426005598552,17.729992722226328,10.902134167803235,-53.40360224060612,-10.733015863895957,-21.266984136104043,123.40360224060612,2354506.4320116797,17438.58678982933,15.733015863895957,15.733015863895957,0.16588230062651585
10.022337838307088,10.023905408814272,10.902134167803235,-53.40360224060612,-10.733015863895957,-21.266984136104043,123.40360224060612,2354506.4320116797,17438.58678982933,15.733015863895957,15.733015863895957,0.16588230062651585
8.300004120699578,16.771486109970084,10.902134167803235,-53.40360224060612,-10.733015863895957,-21.266984136104043,123.40360224060612,2354506.4320116797,17438.58678982933,15.733015863895957,15.733015863895957,0.16588230062651585
5.101307255527923,24.123132843427335,10.902134167803235,-53.40360224060612,-10.733015863895957,-21.266984136104043,123.40360224060612,2354506.4320116797,17438.58678982933,15.733015863895957,15.733015863895957,0.16588230062651585
11.461238920507244,11.868844436717744,10.902134167803235,-53.40360224060612,-10.733015863895957,-21.266984136104043,123.40360224060612,2354506.4320116797,17438.58678982933,15.733015863895957,15.733015863895957,0.16588230062651585
9.868975126567012,22.366821091152687,10.902134167803235,-53.40360224060612,-10.733015863895957,-21.266984136104043,123.40360224060612,2354506.4320116797,17438.58678982933,15.733015863895957,15.733015863895957,0.16588230062651585
8.638881082755834,17.143801044706663,10.902134167803235,-53.40360224060612,-10.733015863895957,-21.266984136104043,123.40360224060612,2354506.4320116797,17438.58678982933,15.733015863895957,15.733015863895957,0.16588230062651585
11.657249462452533,19.980955816451832,10.902134167803235,-53.40360224060612,-10.733015863895957,-21.266984136104043,123.40360224060612,2354506.4320116797,17438.58678982933,15.733015863895957,15.733015863895957,0.16588230062651585
2.5628116552756657,18.744526412747433,10.902134167803235,-53.40360224060612,-10.733015863895957,-21.266984136104043,123.40360224060612,2354506.4320116797,17438.58678982933,15.733015863895957,15.733015863895957,0.16588230062651585
6.438514917259214,20.172453456634557,10.902134167803235,-53.40360224060612,-10.733015863895957,-21.266984136104043,123.40360224060612,2354506.4320116797,17438.58678982933,15.733015863895957,15.733015863895957,0.16588230062651585
9.137047870134829,20.212664812313953,10.902134167803235,-53.40360224060612,-10.733015863895957,-21.266984136104043,123.40360224060612,2354506.4320116797,17438.58678982933,15.733015863895957,15.733015863895957,0.16588230062651585
11.716896646080757,19.416653322536845,10.902134167803235,-53.40360224060612,-10.733015863895957,-21.266984136104043,123.40360224060612,2354506.4320116797,17438.58678982933,15.733015863895957,15.733015863895957,0.16588230062651585
4.23056788605353,15.966084887950458,10.902134167803235,-53.40360224060612,-10.733015863895957,-21.266984136104043,123.40360224060612,2354506.4320116797,17438.58678982933,15.733015863895957,15.733015863895957,0.16588230062651585
10.516788989867148,10.849620870764689,10.902134167803235,-53.40360224060612,-10.733015863895957,-21.266984136104043,123.40360224060612,2354506.4320116797,17438.58678982933,15.733015863895957,15.733015863895957,0.16588230062651585
11.301586746879433,15.31192271630809,10.902134167803235,-53.40360224060612,-10.733015863895957,-21.266984136104043,123.40360224060612,2354506.4320116797,17438.58678982933,15.733015863895957,15.733015863895957,0.16588230062651585
11.387190326886671,14.614604185041863,10.902134167803235,-53.40360224060612,-10.733015863895957,-21.266984136104043,123.40360224060612,2354506.4320116797,17438.58678982933,15.733015863895957,15.733015863895957,0.16588230062651585
6.787480919647653,14.616360536817496,10.902134167803235,-53.40360224060612,-10.733015863895957,-21.266984136104043,123.40360224060612,2354506.4320116797,17438.58678982933,15.733015863895957,15.733015863895957,0.16588230062651585
11.025615616266496,18.152599342358094,10.902134167803235,-53.40360224060612,-10.733015863895957,-21.266984136104043,123.40360224060612,2354506.4320116797,17438.58678982933,15.733015863895957,15.733015863895957,0.16588230062651585
11.49698477605504,21.43810305050799,10.902134167803235,-53.40360224060612,-10.733015863895957,-21.266984136104043,123.40360224060612,2354506.4320116797,17438.58678982933,15.733015863895957,15.733015863895957,0.16588230062651585
11.532107710878265,10.044453377093063,10.902134167803235,-53.40360224060612,-10.733015863895957,-21.266984136104043,123.40360224060612,2354506.4320116797,17438.58678982933,15.733015863895957,15.733015863895957,0.16588230062651585
8.927151765139385,12.432256162381645,10.902134167803235,-53.40360224060612,-10.733015863895957,-21.266984136104043,123.40360224060612,2354506.4320116797,17438.58678982933,15.733015863895957,15.733015863895957,0.16588230062651585
6.105848154609243,19.376030078991505,10.902134167803235,-53.40360224060612,-10.733015863895957,-21.266984136104043,123.40360224060612,2354506.4320116797,17438.58678982933,15.733015863895957,15.733015863895957,0.16588230062651585
10.763315866443738,11.20257756616757,10.902134167803235,-53.40360224060612,-10.733015863895957,-21.266984136104043,123.40360224060612,2354506.4320116797,17438.58678982933,15.733015863895957,15.733015863895957,0.16588230062651585
11.180453638488682,16.659722270305828,10.902134167803235,-53.40360224060612,-10.733015863895957,-21.266984136104043,123.40360224060612,2354506.4320116797,17438.58678982933,15.733015863895957,15.733015863895957,0.16588230062651585
11.487708938888119,13.94341446162015,10.902134167803235,-53.40360224060612,-10.733015863895957,-21.266984136104043,123.40360224060612,2354506.4320116797,17438.58678982933,15.733015863895957,15.733015863895957,0.16588230062651585
10.564404085783462,17.53831547284682,10.902134167803235,-53.40360224060612,-10.733015863895957,-21.266984136104043,123.40360224060612,2354506.4320116797,17438.58678982933,15.733015863895957,15.733015863895957,0.16588230062651585
9.44116114934275,17.548593702698525,10.902134167803235,-53.40360224060612,-10.733015863895957,-21.266984136104043,123.40360224060612,2354506.4320116797,17438.58678982933,15.733015863895957,15.733015863895957,0.16588230062651585
10.573179192051157,28.222671792631814,10.902134167803235,-53.40360224060612,-10.733015863895957,-21.266984136104043,123.40360224060612,2354506.4320116797,17438.58678982933,15.733015863895957,15.733015863895957,0.16588230062651585
9.197675969291243,19.87181462159375,10.902134167803235,-53.40360224060612,-10.733015863895957,-21.266984136104043,123.40360224060612,2354506.4320116797,17438.58678982933,15.733015863895957,15.733015863895957,0.16588230062651585
4.576476453464399,16.923318565051424,10.902134167803235,-53.40360224060612,-10.733015863895957,-21.266984136104043,123.40360224060612,2354506.4320116797,17438.58678982933,15.733015863895957,15.733015863895957,0.16588230062651585
7.183872740520429,18.36004917864063,10.902134167803235,-53.40360224060612,-10.733015863895957,-21.266984136104043,123.40360224060612,2354506.4320116797,17438.58678982933,15.733015863895957,15.733015863895957,0.16588230062651585
9.701159316656359,20.209396104112628,10.902134167803235,-53.40360224060612,-10.733015863895957,-21.266984136104043,123.40360224060612,2354506.4320116797,17438.58678982933,15.733015863895957,15.733015863895957,0.16588230062651585
11.514206495698186,14.495796154690787,10.902134167803235,-53.40360224060612,-10.733015863895957,-21.266984136104043,123.40360224060612,2354506.4320116797,17438.58678982933,15.733015863895957,15.733015863895957,0.16588230062651585
10.654511808126912,20.72113991846902,10.902134167803235,-53.40360224060612,-10.733015863895957,-21.266984136104043,123.40360224060612,2354506.4320116797,17438.58678982933,15.733015863895957,15.733015863895957,0.16588230062651585
7.041255014906843,16.08483192312088,10.902134167803235,-53.40360224060612,-10.733015863895957,-21.266984136104043,123.40360224060612,2354506.4320116797,17438.58678982933,15.733015863895957,15.733015863895957,0.16588230062651585
10.75913824575565,19.52794142067203,10.902134167803235,-53.40360224060612,-10.733015863895957,-21.266984136104043,123.40360224060612,2354506.4320116797,17438.58678982933,15.733015863895957,15.733015863895957,0.16588230062651585
9.045442942140001,15.55143970964004,10.902134167803235,-53.40360224060612,-10.733015863895957,-21.266984136104043,123.40360224060612,2354506.4320116797,17438.58678982933,15.733015863895957,15.733015863895957,0.16588230062651585
9.210113942096296,20.297596862486202,10.902134167803235,-53.40360224060612,-10.733015863895957,-21.266984136104043,123.40360224060612,2354506.4320116797,17438.58678982933,15.733015863895957,15.733015863895957,0.16588230062651585
10.311427251995669,13.59709566192419,10.902134167803235,-53.40360224060612,-10.733015863895957,-21.266984136104043,123.40360224060612,2354506.4320116797,17438.58678982933,15.733015863895957,15.733015863895957,0.16588230062651585
2.6482629767359387,18.26576844594979,10.902134167803235,-53.40360224060612,-10.733015863895957,-21.266984136104043,123.40360224060612,2354506.4320116797,17438.58678982933,15.733015863895957,15.733015863895957,0.16588230062651585
10.467426005598552,21.444351577200948,10.902134167803235,-53.40360224060612,-10.733015863895957,-21.266984136104043,123.40360224060612,2354506.4320116797,17438.58678982933,15.733015863895957,15.733015863895957,0.16588230062651585
1.9472684317458353,15.549239551246004,10.902134167803235,-53.40360224060612,-10.733015863895957,-21.266984136104043,123.40360224060612,2354506.4320116797,17438.58678982933,15.733015863895957,15.733015863895957,0.16588230062651585
11.38978558374855,24.214719870001375,10.902134167803235,-53.40360224060612,-10.733015863895957,-21.266984136104043,123.40360224060612,2354506.4320116797,17438.58678982933,15.733015863895957,15.733015863895957,0.16588230062651585
5.337794910491204,18.026602369739365,10.902134167803235,-53.40360224060612,-10.733015863895957,-21.266984136104043,123.40360224060612,2354506.4320116797,17438.58678982933,15.733015863895957,15.733015863895957,0.16588230062651585
11.394386224284082,11.868844436717744,10.902134167803235,-53.40360224060612,-10.733015863895957,-21.266984136104043,123.40360224060612,2354506.4320116797,17438.58678982933,15.733015863895957,15.733015863895957,0.16588230062651585
11.4654453364281,24.971274523336078,10.902134167803235,-53.40360224060612,-10.733015863895957,-21.266984136104043,123.40360224060612,2354506.4320116797,17438.58678982933,15.733015863895957,15.733015863895957,0.16588230062651585
10.470975140334948,15.357515912863718,10.902134167803235,-53.40360224060612,-10.733015863895957,-21.266984136104043,123.40360224060612,2354506.4320116797,17438.58678982933,15.733015863895957,15.733015863895957,0.16588230062651585
8.865430793586366,12.658237177867825,10.902134167803235,-53.40360224060612,-10.733015863895957,-21.266984136104043,123.40360224060612,2354506.4320116797,17438.58678982933,15.733015863895957,15.733015863895957,0.16588230062651585
11.408837328686694,22.402407466641378,10.902134167803235,-53.40360224060612,-10.733015863895957,-21.266984136104043,123.40360224060612,2354506.4320116797,17438.58678982933,15.733015863895957,15.733015863895957,0.16588230062651585
8.638881082755834,22.9322777222266,10.902134167803235,-53.40360224060612,-10.733015863895957,-21.266984136104043,123.40360224060612,2354506.4320116797,17438.58678982933,15.733015863895957,15.733015863895957,0.16588230062651585
2.214591947610052,18.83742748611823,10.902134167803235,-53.40360224060612,-10.733015863895957,-21.266984136104043,123.40360224060612,2354506.4320116797,17438.58678982933,15.733015863895957,15.733015863895957,0.16588230062651585
8.872097272134994,17.565878471985826,10.902134167803235,-53.40360224060612,-10.733015863895957,-21.266984136104043,123.40360224060612,2354506.4320116797,17438.58678982933,15.733015863895957,15.733015863895957,0.16588230062651585
11.667827559114055,19.769559140818174,10.902134167803235,-53.40360224060612,-10.733015863895957,-21.266984136104043,123.40360224060612,2354506.4320116797,17438.58678982933,15.733015863895957,15.733015863895957,0.16588230062651585
10.516788989867148,11.487940618109501,10.902134167803235,-53.40360224060612,-10.733015863895957,-21.266984136104043,123.40360224060612,2354506.4320116797,17438.58678982933,15.733015863895957,15.733015863895957,0.16588230062651585
8.253104989571465,15.31192271630809,10.902134167803235,-53.40360224060612,-10.733015863895957,-21.266984136104043,123.40360224060612,2354506.4320116797,17438.58678982933,15.733015863895957,15.733015863895957,0.16588230062651585
11.608117147452532,14.614604185041863,10.902134167803235,-53.40360224060612,-10.733015863895957,-21.266984136104043,123.40360224060612,2354506.4320116797,17438.58678982933,15.733015863895957,15.733015863895957,0.16588230062651585
6.787480919647653,13.027757766674714,10.902134167803235,-53.40360224060612,-10.733015863895957,-21.266984136104043,123.40360224060612,2354506.4320116797,17438.58678982933,15.733015863895957,15.733015863895957,0.16588230062651585
11.031456950033741,20.73985740180514,10.902134167803235,-53.40360224060612,-10.733015863895957,-21.266984136104043,123.40360224060612,2354506.4320116797,17438.58678982933,15.733015863895957,15.733015863895957,0.16588230062651585
7.571319059657564,19.039027125816887,10.902134167803235,-53.40360224060612,-10.733015863895957,-21.266984136104043,123.40360224060612,2354506.4320116797,17438.58678982933,15.733015863895957,15.733015863895957,0.16588230062651585
10.366269972580438,18.21931404393503,10.902134167803235,-53.40360224060612,-10.733015863895957,-21.266984136104043,123.40360224060612,2354506.4320116797,17438.58678982933,15.733015863895957,15.733015863895957,0.16588230062651585
2.135374401795481,17.499951894837693,10.902134167803235,-53.40360224060612,-10.733015863895957,-21.266984136104043,123.40360224060612,2354506.4320116797,17438.58678982933,15.733015863895957,15.733015863895957,0.16588230062651585
11.581121021677985,20.376534096911257,10.902134167803235,-53.40360224060612,-10.733015863895957,-21.266984136104043,123.40360224060612,2354506.4320116797,17438.58678982933,15.733015863895957,15.733015863895957,0.16588230062651585
10.763315866443738,14.166885197216772,10.902134167803235,-53.40360224060612,-10.733015863895957,-21.266984136104043,123.40360224060612,2354506.4320116797,17438.58678982933,15.733015863895957,15.733015863895957,0.16588230062651585
10.871906348516589,16.659722270305828,10.902134167803235,-53.40360224060612,-10.733015863895957,-21.266984136104043,123.40360224060612,2354506.4320116797,17438.58678982933,15.733015863895957,15.733015863895957,0.16588230062651585
3.2930393649897853,15.596282028227748,10.902134167803235,-53.40360224060612,-10.733015863895957,-21.266984136104043,123.40360224060612,2354506.4320116797,17438.58678982933,15.733015863895957,15.733015863895957,0.16588230062651585
11.623769149491602,14.38375895259652,10.902134167803235,-53.40360224060612,-10.733015863895957,-21.266984136104043,123.40360224060612,2354506.4320116797,17438.58678982933,15.733015863895957,15.733015863895957,0.16588230062651585
10.70212617195652,15.726123471460973,10.902134167803235,-53.40360224060612,-10.733015863895957,-21.266984136104043,123.40360224060612,2354506.4320116797,17438.58678982933,15.733015863895957,15.733015863895957,0.16588230062651585
10.766640629181119,17.300943344193215,10.902134167803235,-53.40360224060612,-10.733015863895957,-21.266984136104043,123.40360224060612,2354506.4320116797,17438.58678982933,15.733015863895957,15.733015863895957,0.16588230062651585
11.662460470723875,19.792885346174785,10.902134167803235,-53.40360224060612,-10.733015863895957,-21.266984136104043,123.40360224060612,2354506.4320116797,17438.58678982933,15.733015863895957,15.733015863895957,0.16588230062651585
11.666997451138615,13.424559225483875,10.902134167803235,-53.40360224060612,-10.733015863895957,-21.266984136104043,123.40360224060612,2354506.4320116797,17438.58678982933,15.733015863895957,15.733015863895957,0.16588230062651585
7.183872740520429,16.487419359526946,10.902134167803235,-53.40360224060612,-10.733015863895957,-21.266984136104043,123.40360224060612,2354506.4320116797,17438.58678982933,15.733015863895957,15.733015863895957,0.16588230062651585
10.191494206257493,12.69616557120851,10.902134167803235,-53.40360224060612,-10.733015863895957,-21.266984136104043,123.40360224060612,2354506.4320116797,17438.58678982933,15.733015863895957,15.733015863895957,0.16588230062651585
8.695813242033493,16.047003151208813,10.902134167803235,-53.40360224060612,-10.733015863895957,-21.266984136104043,123.40360224060612,2354506.4320116797,17438.58678982933,15.733015863895957,15.733015863895957,0.16588230062651585
10.65351221707665,18.80687327320649,10.902134167803235,-53.40360224060612,-10.733015863895957,-21.266984136104043,123.40360224060612,2354506.4320116797,17438.58678982933,15.733015863895957,15.733015863895957,0.16588230062651585
10.576512431325469,16.08483192312088,10.902134167803235,-53.40360224060612,-10.733015863895957,-21.266984136104043,123.40360224060612,2354506.4320116797,17438.58678982933,15.733015863895957,15.733015863895957,0.16588230062651585
6.660722614901542,17.30838238435529,10.902134167803235,-53.40360224060612,-10.733015863895957,-21.266984136104043,123.40360224060612,2354506.4320116797,17438.58678982933,15.733015863895957,15.733015863895957,0.16588230062651585
10.623757208560214,15.55143970964004,10.902134167803235,-53.40360224060612,-10.733015863895957,-21.266984136104043,123.40360224060612,2354506.4320116797,17438.58678982933,15.733015863895957,15.733015863895957,0.16588230062651585
8.78508682325311,15.199581537296424,10.902134167803235,-53.40360224060612,-10.733015863895957,-21.266984136104043,123.40360224060612,2354506.4320116797,17438.58678982933,15.733015863895957,15.733015863895957,0.16588230062651585
11.474860584372866,17.772121382027038,10.902134167803235,-53.40360224060612,-10.733015863895957,-21.266984136104043,123.40360224060612,2354506.4320116797,17438.58678982933,15.733015863895957,15.733015863895957,0.16588230062651585
7.272262311104523,13.815402483180954,10.902134167803235,-53.40360224060612,-10.733015863895957,-21.266984136104043,123.40360224060612,2354506.4320116797,17438.58678982933,15.733015863895957,15.733015863895957,0.16588230062651585
10.467426005598552,16.748987648641414,10.902134167803235,-53.40360224060612,-10.733015863895957,-21.266984136104043,123.40360224060612,2354506.4320116797,17438.58678982933,15.733015863895957,15.733015863895957,0.16588230062651585
11.610195190736565,10.023905408814272,10.902134167803235,-53.40360224060612,-10.733015863895957,-21.266984136104043,123.40360224060612,2354506.4320116797,17438.58678982933,15.733015863895957,15.733015863895957,0.16588230062651585
11.478884860941193,15.394425847782014,10.902134167803235,-53.40360224060612,-10.733015863895957,-21.266984136104043,123.40360224060612,2354506.4320116797,17438.58678982933,15.733015863895957,15.733015863895957,0.16588230062651585
11.380251445852863,16.289810629934593,10.902134167803235,-53.40360224060612,-10.733015863895957,-21.266984136104043,123.40360224060612,2354506.4320116797,17438.58678982933,15.733015863895957,15.733015863895957,0.16588230062651585
7.767297220834625,13.019999692608046,10.902134167803235,-53.40360224060612,-10.733015863895957,-21.266984136104043,123.40360224060612,2354506.4320116797,17438.58678982933,15.733015863895957,15.733015863895957,0.16588230062651585
9.39138045441326,24.971274523336078,10.902134167803235,-53.40360224060612,-10.733015863895957,-21.266984136104043,123.40360224060612,2354506.4320116797,17438.58678982933,15.733015863895957,15.733015863895957,0.16588230062651585
11.519136192077932,17.143801044706663,10.902134167803235,-53.40360224060612,-10.733015863895957,-21.266984136104043,123.40360224060612,2354506.4320116797,17438.58678982933,15.733015863895957,15.733015863895957,0.16588230062651585
9.891210371191029,14.730945036529356,10.902134167803235,-53.40360224060612,-10.733015863895957,-21.266984136104043,123.40360224060612,2354506.4320116797,17438.58678982933,15.733015863895957,15.733015863895957,0.16588230062651585
11.717236773405366,22.402407466641378,10.902134167803235,-53.40360224060612,-10.733015863895957,-21.266984136104043,123.40360224060612,2354506.4320116797,17438.58678982933,15.733015863895957,15.733015863895957,0.16588230062651585
9.255109449747827,24.8851810767339,10.902134167803235,-53.40360224060612,-10.733015863895957,-21.266984136104043,123.40360224060612,2354506.4320116797,17438.58678982933,15.733015863895957,15.733015863895957,0.16588230062651585
11.668456696027599,20.212664812313953,10.902134167803235,-53.40360224060612,-10.733015863895957,-21.266984136104043,123.40360224060612,2354506.4320116797,17438.58678982933,15.733015863895957,15.733015863895957,0.16588230062651585
9.763797843307772,19.416653322536845,10.902134167803235,-53.40360224060612,-10.733015863895957,-21.266984136104043,123.40360224060612,2354506.4320116797,17438.58678982933,15.733015863895957,15.733015863895957,0.16588230062651585
11.581746418719643,19.769559140818174,10.902134167803235,-53.40360224060612,-10.733015863895957,-21.266984136104043,123.40360224060612,2354506.4320116797,17438.58678982933,15.733015863895957,15.733015863895957,0.16588230062651585
10.516788989867148,17.890310648537266,10.902134167803235,-53.40360224060612,-10.733015863895957,-21.266984136104043,123.40360224060612,2354506.4320116797,17438.58678982933,15.733015863895957,15.733015863895957,0.16588230062651585
11.566668516581888,15.31192271630809,10.902134167803235,-53.40360224060612,-10.733015863895957,-21.266984136104043,123.40360224060612,2354506.4320116797,17438.58678982933,15.733015863895957,15.733015863895957,0.16588230062651585
5.2157359656424775,18.531474370977364,10.902134167803235,-53.40360224060612,-10.733015863895957,-21.266984136104043,123.40360224060612,2354506.4320116797,17438.58678982933,15.733015863895957,15.733015863895957,0.16588230062651585
6.787480919647653,17.13932213386215,10.902134167803235,-53.40360224060612,-10.733015863895957,-21.266984136104043,123.40360224060612,2354506.4320116797,17438.58678982933,15.733015863895957,15.733015863895957,0.16588230062651585
11.025615616266496,14.31175961492444,10.902134167803235,-53.40360224060612,-10.733015863895957,-21.266984136104043,123.40360224060612,2354506.4320116797,17438.58678982933,15.733015863895957,15.733015863895957,0.16588230062651585
7.571319059657564,15.834041195129714,10.902134167803235,-53.40360224060612,-10.733015863895957,-21.266984136104043,123.40360224060612,2354506.4320116797,17438.58678982933,15.733015863895957,15.733015863895957,0.16588230062651585
10.443432196337067,10.044453377093063,10.902134167803235,-53.40360224060612,-10.733015863895957,-21.266984136104043,123.40360224060612,2354506.4320116797,17438.58678982933,15.733015863895957,15.733015863895957,0.16588230062651585
7.947494863867255,12.432256162381645,10.902134167803235,-53.40360224060612,-10.733015863895957,-21.266984136104043,123.40360224060612,2354506.4320116797,17438.58678982933,15.733015863895957,15.733015863895957,0.16588230062651585
6.105848154609243,18.799515982735443,10.902134167803235,-53.40360224060612,-10.733015863895957,-21.266984136104043,123.40360224060612,2354506.4320116797,17438.58678982933,15.733015863895957,15.733015863895957,0.16588230062651585
11.060001994165638,23.21093731361499,10.902134167803235,-53.40360224060612,-10.733015863895957,-21.266984136104043,123.40360224060612,2354506.4320116797,17438.58678982933,15.733015863895957,15.733015863895957,0.16588230062651585
11.660223373774958,16.659722270305828,10.902134167803235,-53.40360224060612,-10.733015863895957,-21.266984136104043,123.40360224060612,2354506.4320116797,17438.58678982933,15.733015863895957,15.733015863895957,0.16588230062651585
11.55045106943887,18.046997035016574,10.902134167803235,-53.40360224060612,-10.733015863895957,-21.266984136104043,123.40360224060612,2354506.4320116797,17438.58678982933,15.733015863895957,15.733015863895957,0.16588230062651585
8.045424135794779,14.38375895259652,10.902134167803235,-53.40360224060612,-10.733015863895957,-21.266984136104043,123.40360224060612,2354506.4320116797,17438.58678982933,15.733015863895957,15.733015863895957,0.16588230062651585
11.700452859675563,17.548593702698525,10.902134167803235,-53.40360224060612,-10.733015863895957,-21.266984136104043,123.40360224060612,2354506.4320116797,17438.58678982933,15.733015863895957,15.733015863895957,0.16588230062651585
11.457926522406447,28.222671792631814,10.902134167803235,-53.40360224060612,-10.733015863895957,-21.266984136104043,123.40360224060612,2354506.4320116797,17438.58678982933,15.733015863895957,15.733015863895957,0.16588230062651585
10.034557463735315,19.87181462159375,10.902134167803235,-53.40360224060612,-10.733015863895957,-21.266984136104043,123.40360224060612,2354506.4320116797,17438.58678982933,15.733015863895957,15.733015863895957,0.16588230062651585
4.576476453464399,12.897378123363701,10.902134167803235,-53.40360224060612,-10.733015863895957,-21.266984136104043,123.40360224060612,2354506.4320116797,17438.58678982933,15.733015863895957,15.733015863895957,0.16588230062651585
11.577050606616373,22.775819466774294,10.902134167803235,-53.40360224060612,-10.733015863895957,-21.266984136104043,123.40360224060612,2354506.4320116797,17438.58678982933,15.733015863895957,15.733015863895957,0.16588230062651585
9.701159316656359,20.204964645472472,10.902134167803235,-53.40360224060612,-10.733015863895957,-21.266984136104043,123.40360224060612,2354506.4320116797,17438.58678982933,15.733015863895957,15.733015863895957,0.16588230062651585
3.4580633836156807,14.798244153773691,10.902134167803235,-53.40360224060612,-10.733015863895957,-21.266984136104043,123.40360224060612,2354506.4320116797,17438.58678982933,15.733015863895957,15.733015863895957,0.16588230062651585
10.65351221707665,22.429205049543327,10.902134167803235,-53.40360224060612,-10.733015863895957,-21.266984136104043,123.40360224060612,2354506.4320116797,17438.58678982933,15.733015863895957,15.733015863895957,0.16588230062651585
6.556069923799048,11.875092963410705,10.902134167803235,-53.40360224060612,-10.733015863895957,-21.266984136104043,123.40360224060612,2354506.4320116797,17438.58678982933,15.733015863895957,15.733015863895957,0.16588230062651585
10.75913824575565,16.105580989972935,10.902134167803235,-53.40360224060612,-10.733015863895957,-21.266984136104043,123.40360224060612,2354506.4320116797,17438.58678982933,15.733015863895957,15.733015863895957,0.16588230062651585
11.620609540513756,15.55143970964004,10.902134167803235,-53.40360224060612,-10.733015863895957,-21.266984136104043,123.40360224060612,2354506.4320116797,17438.58678982933,15.733015863895957,15.733015863895957,0.16588230062651585
9.084094085740741,20.297596862486202,10.902134167803235,-53.40360224060612,-10.733015863895957,-21.266984136104043,123.40360224060612,2354506.4320116797,17438.58678982933,15.733015863895957,15.733015863895957,0.16588230062651585
10.311427251995669,16.356234792259286,10.902134167803235,-53.40360224060612,-10.733015863895957,-21.266984136104043,123.40360224060612,2354506.4320116797,17438.58678982933,15.733015863895957,15.733015863895957,0.16588230062651585
2.6482629767359387,14.86169409175659,10.902134167803235,-53.40360224060612,-10.733015863895957,-21.266984136104043,123.40360224060612,2354506.4320116797,17438.58678982933,15.733015863895957,15.733015863895957,0.16588230062651585
11.647850930108152,17.765291172184618,10.902134167803235,-53.40360224060612,-10.733015863895957,-21.266984136104043,123.40360224060612,2354506.4320116797,17438.58678982933,15.733015863895957,15.733015863895957,0.16588230062651585
11.481078285177839,10.69396447279772,10.902134167803235,-53.40360224060612,-10.733015863895957,-21.266984136104043,123.40360224060612,2354506.4320116797,17438.58678982933,15.733015863895957,15.733015863895957,0.16588230062651585
10.225348764602526,24.214719870001375,10.902134167803235,-53.40360224060612,-10.733015863895957,-21.266984136104043,123.40360224060612,2354506.4320116797,17438.58678982933,15.733015863895957,15.733015863895957,0.16588230062651585
11.62452413428899,16.289810629934593,10.902134167803235,-53.40360224060612,-10.733015863895957,-21.266984136104043,123.40360224060612,2354506.4320116797,17438.58678982933,15.733015863895957,15.733015863895957,0.16588230062651585
7.837561494261923,11.868844436717744,10.902134167803235,-53.40360224060612,-10.733015863895957,-21.266984136104043,123.40360224060612,2354506.4320116797,17438.58678982933,15.733015863895957,15.733015863895957,0.16588230062651585
9.868975126567012,17.300943344193215,10.902134167803235,-53.40360224060612,-10.733015863895957,-21.266984136104043,123.40360224060612,2354506.4320116797,17438.58678982933,15.733015863895957,15.733015863895957,0.16588230062651585
10.470975140334948,13.993204765404343,10.902134167803235,-53.40360224060612,-10.733015863895957,-21.266984136104043,123.40360224060612,2354506.4320116797,17438.58678982933,15.733015863895957,15.733015863895957,0.16588230062651585
8.865430793586366,16.54795843064157,10.902134167803235,-53.40360224060612,-10.733015863895957,-21.266984136104043,123.40360224060612,2354506.4320116797,17438.58678982933,15.733015863895957,15.733015863895957,0.16588230062651585
2.5628116552756657,18.122033986185215,10.902134167803235,-53.40360224060612,-10.733015863895957,-21.266984136104043,123.40360224060612,2354506.4320116797,17438.58678982933,15.733015863895957,15.733015863895957,0.16588230062651585
11.063684314933692,22.9322777222266,10.902134167803235,-53.40360224060612,-10.733015863895957,-21.266984136104043,123.40360224060612,2354506.4320116797,17438.58678982933,15.733015863895957,15.733015863895957,0.16588230062651585
11.430311318364668,20.212664812313953,10.902134167803235,-53.40360224060612,-10.733015863895957,-21.266984136104043,123.40360224060612,2354506.4320116797,17438.58678982933,15.733015863895957,15.733015863895957,0.16588230062651585
8.872097272134994,21.733856321657697,10.902134167803235,-53.40360224060612,-10.733015863895957,-21.266984136104043,123.40360224060612,2354506.4320116797,17438.58678982933,15.733015863895957,15.733015863895957,0.16588230062651585
11.63612150378986,19.769559140818174,10.902134167803235,-53.40360224060612,-10.733015863895957,-21.266984136104043,123.40360224060612,2354506.4320116797,17438.58678982933,15.733015863895957,15.733015863895957,0.16588230062651585
10.516788989867148,14.344579227998658,10.902134167803235,-53.40360224060612,-10.733015863895957,-21.266984136104043,123.40360224060612,2354506.4320116797,17438.58678982933,15.733015863895957,15.733015863895957,0.16588230062651585
9.470526519300126,15.156592107327768,10.902134167803235,-53.40360224060612,-10.733015863895957,-21.266984136104043,123.40360224060612,2354506.4320116797,17438.58678982933,15.733015863895957,15.733015863895957,0.16588230062651585
11.630621085527478,14.614604185041863,10.902134167803235,-53.40360224060612,-10.733015863895957,-21.266984136104043,123.40360224060612,2354506.4320116797,17438.58678982933,15.733015863895957,15.733015863895957,0.16588230062651585
10.531232639516329,18.236620179195597,10.902134167803235,-53.40360224060612,-10.733015863895957,-21.266984136104043,123.40360224060612,2354506.4320116797,17438.58678982933,15.733015863895957,15.733015863895957,0.16588230062651585
11.025615616266496,20.855752527394714,10.902134167803235,-53.40360224060612,-10.733015863895957,-21.266984136104043,123.40360224060612,2354506.4320116797,17438.58678982933,15.733015863895957,15.733015863895957,0.16588230062651585
11.048738494857968,21.43810305050799,10.902134167803235,-53.40360224060612,-10.733015863895957,-21.266984136104043,123.40360224060612,2354506.4320116797,17438.58678982933,15.733015863895957,15.733015863895957,0.16588230062651585
11.483002619732101,19.05516118709987,10.902134167803235,-53.40360224060612,-10.733015863895957,-21.266984136104043,123.40360224060612,2354506.4320116797,17438.58678982933,15.733015863895957,15.733015863895957,0.16588230062651585
2.135374401795481,12.691157120832749,10.902134167803235,-53.40360224060612,-10.733015863895957,-21.266984136104043,123.40360224060612,2354506.4320116797,17438.58678982933,15.733015863895957,15.733015863895957,0.16588230062651585
10.21949636316359,20.376534096911257,10.902134167803235,-53.40360224060612,-10.733015863895957,-21.266984136104043,123.40360224060612,2354506.4320116797,17438.58678982933,15.733015863895957,15.733015863895957,0.16588230062651585
9.582792853726904,13.767409610157337,10.902134167803235,-53.40360224060612,-10.733015863895957,-21.266984136104043,123.40360224060612,2354506.4320116797,17438.58678982933,15.733015863895957,15.733015863895957,0.16588230062651585
9.271387249364036,16.659722270305828,10.902134167803235,-53.40360224060612,-10.733015863895957,-21.266984136104043,123.40360224060612,2354506.4320116797,17438.58678982933,15.733015863895957,15.733015863895957,0.16588230062651585
3.2930393649897853,16.03033073392386,10.902134167803235,-53.40360224060612,-10.733015863895957,-21.266984136104043,123.40360224060612,2354506.4320116797,17438.58678982933,15.733015863895957,15.733015863895957,0.16588230062651585
9.268891445366213,14.38375895259652,10.902134167803235,-53.40360224060612,-10.733015863895957,-21.266984136104043,123.40360224060612,2354506.4320116797,17438.58678982933,15.733015863895957,15.733015863895957,0.16588230062651585
9.011504034562925,17.548593702698525,10.902134167803235,-53.40360224060612,-10.733015863895957,-21.266984136104043,123.40360224060612,2354506.4320116797,17438.58678982933,15.733015863895957,15.733015863895957,0.16588230062651585
6.968241891052341,28.222671792631814,10.902134167803235,-53.40360224060612,-10.733015863895957,-21.266984136104043,123.40360224060612,2354506.4320116797,17438.58678982933,15.733015863895957,15.733015863895957,0.16588230062651585
10.404630650019381,19.66347525258398,10.902134167803235,-53.40360224060612,-10.733015863895957,-21.266984136104043,123.40360224060612,2354506.4320116797,17438.58678982933,15.733015863895957,15.733015863895957,0.16588230062651585
11.542904698756134,13.424559225483875,10.902134167803235,-53.40360224060612,-10.733015863895957,-21.266984136104043,123.40360224060612,2354506.4320116797,17438.58678982933,15.733015863895957,15.733015863895957,0.16588230062651585
7.183872740520429,20.262713945881558,10.902134167803235,-53.40360224060612,-10.733015863895957,-21.266984136104043,123.40360224060612,2354506.4320116797,17438.58678982933,15.733015863895957,15.733015863895957,0.16588230062651585
9.701159316656359,17.900670723151677,10.902134167803235,-53.40360224060612,-10.733015863895957,-21.266984136104043,123.40360224060612,2354506.4320116797,17438.58678982933,15.733015863895957,15.733015863895957,0.16588230062651585
11.414784051844897,22.092337887677182,10.902134167803235,-53.40360224060612,-10.733015863895957,-21.266984136104043,123.40360224060612,2354506.4320116797,17438.58678982933,15.733015863895957,15.733015863895957,0.16588230062651585
11.541975667920578,20.72113991846902,10.902134167803235,-53.40360224060612,-10.733015863895957,-21.266984136104043,123.40360224060612,2354506.4320116797,17438.58678982933,15.733015863895957,15.733015863895957,0.16588230062651585
11.330671573616307,16.08483192312088,10.902134167803235,-53.40360224060612,-10.733015863895957,-21.266984136104043,123.40360224060612,2354506.4320116797,17438.58678982933,15.733015863895957,15.733015863895957,0.16588230062651585
10.75913824575565,10.108507226996661,10.902134167803235,-53.40360224060612,-10.733015863895957,-21.266984136104043,123.40360224060612,2354506.4320116797,17438.58678982933,15.733015863895957,15.733015863895957,0.16588230062651585
7.420095055527607,15.55143970964004,10.902134167803235,-53.40360224060612,-10.733015863895957,-21.266984136104043,123.40360224060612,2354506.4320116797,17438.58678982933,15.733015863895957,15.733015863895957,0.16588230062651585
8.78508682325311,14.626045868252007,10.902134167803235,-53.40360224060612,-10.733015863895957,-21.266984136104043,123.40360224060612,2354506.4320116797,17438.58678982933,15.733015863895957,15.733015863895957,0.16588230062651585
10.311427251995669,16.7751448865285,10.902134167803235,-53.40360224060612,-10.733015863895957,-21.266984136104043,123.40360224060612,2354506.4320116797,17438.58678982933,15.733015863895957,15.733015863895957,0.16588230062651585
11.66136220328551,13.3510717242538,10.902134167803235,-53.40360224060612,-10.733015863895957,-21.266984136104043,123.40360224060612,2354506.4320116797,17438.58678982933,15.733015863895957,15.733015863895957,0.16588230062651585
10.467426005598552,18.058571967831632,10.902134167803235,-53.40360224060612,-10.733015863895957,-21.266984136104043,123.40360224060612,2354506.4320116797,17438.58678982933,15.733015863895957,15.733015863895957,0.16588230062651585
1.9472684317458353,15.07344916242058,10.902134167803235,-53.40360224060612,-10.733015863895957,-21.266984136104043,123.40360224060612,2354506.4320116797,17438.58678982933,15.733015863895957,15.733015863895957,0.16588230062651585
8.300004120699578,16.979997073286334,10.902134167803235,-53.40360224060612,-10.733015863895957,-21.266984136104043,123.40360224060612,2354506.4320116797,17438.58678982933,15.733015863895957,15.733015863895957,0.16588230062651585
5.101307255527923,23.60707929460999,10.902134167803235,-53.40360224060612,-10.733015863895957,-21.266984136104043,123.40360224060612,2354506.4320116797,17438.58678982933,15.733015863895957,15.733015863895957,0.16588230062651585
7.767297220834625,16.60859452991804,10.902134167803235,-53.40360224060612,-10.733015863895957,-21.266984136104043,123.40360224060612,2354506.4320116797,17438.58678982933,15.733015863895957,15.733015863895957,0.16588230062651585
9.868975126567012,15.66100339091026,10.902134167803235,-53.40360224060612,-10.733015863895957,-21.266984136104043,123.40360224060612,2354506.4320116797,17438.58678982933,15.733015863895957,15.733015863895957,0.16588230062651585
11.496764421545276,17.143801044706663,10.902134167803235,-53.40360224060612,-10.733015863895957,-21.266984136104043,123.40360224060612,2354506.4320116797,17438.58678982933,15.733015863895957,15.733015863895957,0.16588230062651585
11.679083993086406,15.565100129324883,10.902134167803235,-53.40360224060612,-10.733015863895957,-21.266984136104043,123.40360224060612,2354506.4320116797,17438.58678982933,15.733015863895957,15.733015863895957,0.16588230062651585
2.5628116552756657,15.494897499627292,10.902134167803235,-53.40360224060612,-10.733015863895957,-21.266984136104043,123.40360224060612,2354506.4320116797,17438.58678982933,15.733015863895957,15.733015863895957,0.16588230062651585
6.438514917259214,12.769517945339672,10.902134167803235,-53.40360224060612,-10.733015863895957,-21.266984136104043,123.40360224060612,2354506.4320116797,17438.58678982933,15.733015863895957,15.733015863895957,0.16588230062651585
11.6831129108711,20.212664812313953,10.902134167803235,-53.40360224060612,-10.733015863895957,-21.266984136104043,123.40360224060612,2354506.4320116797,17438.58678982933,15.733015863895957,15.733015863895957,0.16588230062651585
11.390447867076931,19.416653322536845,10.902134167803235,-53.40360224060612,-10.733015863895957,-21.266984136104043,123.40360224060612,2354506.4320116797,17438.58678982933,15.733015863895957,15.733015863895957,0.16588230062651585
4.23056788605353,12.969303264012545,10.902134167803235,-53.40360224060612,-10.733015863895957,-21.266984136104043,123.40360224060612,2354506.4320116797,17438.58678982933,15.733015863895957,15.733015863895957,0.16588230062651585
11.719237727012208,11.65644028390546,10.902134167803235,-53.40360224060612,-10.733015863895957,-21.266984136104043,123.40360224060612,2354506.4320116797,17438.58678982933,15.733015863895957,15.733015863895957,0.16588230062651585
11.578569033277914,15.31192271630809,10.902134167803235,-53.40360224060612,-10.733015863895957,-21.266984136104043,123.40360224060612,2354506.4320116797,17438.58678982933,15.733015863895957,15.733015863895957,0.16588230062651585
8.916480515794637,14.614604185041863,10.902134167803235,-53.40360224060612,-10.733015863895957,-21.266984136104043,123.40360224060612,2354506.4320116797,17438.58678982933,15.733015863895957,15.733015863895957,0.16588230062651585
6.787480919647653,16.208124275150873,10.902134167803235,-53.40360224060612,-10.733015863895957,-21.266984136104043,123.40360224060612,2354506.4320116797,17438.58678982933,15.733015863895957,15.733015863895957,0.16588230062651585
7.7462095122122125,20.73985740180514,10.902134167803235,-53.40360224060612,-10.733015863895957,-21.266984136104043,123.40360224060612,2354506.4320116797,17438.58678982933,15.733015863895957,15.733015863895957,0.16588230062651585
6.637540252132918,17.355412333958213,10.902134167803235,-53.40360224060612,-10.733015863895957,-21.266984136104043,123.40360224060612,2354506.4320116797,17438.58678982933,15.733015863895957,15.733015863895957,0.16588230062651585
11.70468826260318,10.044453377093063,10.902134167803235,-53.40360224060612,-10.733015863895957,-21.266984136104043,123.40360224060612,2354506.4320116797,17438.58678982933,15.733015863895957,15.733015863895957,0.16588230062651585
11.642636700399017,12.432256162381645,10.902134167803235,-53.40360224060612,-10.733015863895957,-21.266984136104043,123.40360224060612,2354506.4320116797,17438.58678982933,15.733015863895957,15.733015863895957,0.16588230062651585
6.105848154609243,17.008381535938938,10.902134167803235,-53.40360224060612,-10.733015863895957,-21.266984136104043,123.40360224060612,2354506.4320116797,17438.58678982933,15.733015863895957,15.733015863895957,0.16588230062651585
10.763315866443738,21.09522875284953,10.902134167803235,-53.40360224060612,-10.733015863895957,-21.266984136104043,123.40360224060612,2354506.4320116797,17438.58678982933,15.733015863895957,15.733015863895957,0.16588230062651585
11.374176798057249,16.027956039911796,10.902134167803235,-53.40360224060612,-10.733015863895957,-21.266984136104043,123.40360224060612,2354506.4320116797,17438.58678982933,15.733015863895957,15.733015863895957,0.16588230062651585
3.2930393649897853,18.80557335720102,10.902134167803235,-53.40360224060612,-10.733015863895957,-21.266984136104043,123.40360224060612,2354506.4320116797,17438.58678982933,15.733015863895957,15.733015863895957,0.16588230062651585
11.556748159803913,14.38375895259652,10.902134167803235,-53.40360224060612,-10.733015863895957,-21.266984136104043,123.40360224060612,2354506.4320116797,17438.58678982933,15.733015863895957,15.733015863895957,0.16588230062651585
10.253912401550556,17.548593702698525,10.902134167803235,-53.40360224060612,-10.733015863895957,-21.266984136104043,123.40360224060612,2354506.4320116797,17438.58678982933,15.733015863895957,15.733015863895957,0.16588230062651585
9.38834813500325,28.222671792631814,10.902134167803235,-53.40360224060612,-10.733015863895957,-21.266984136104043,123.40360224060612,2354506.4320116797,17438.58678982933,15.733015863895957,15.733015863895957,0.16588230062651585
10.404630650019381,20.410488207387225,10.902134167803235,-53.40360224060612,-10.733015863895957,-21.266984136104043,123.40360224060612,2354506.4320116797,17438.58678982933,15.733015863895957,15.733015863895957,0.16588230062651585
4.576476453464399,16.50468748082373,10.902134167803235,-53.40360224060612,-10.733015863895957,-21.266984136104043,123.40360224060612,2354506.4320116797,17438.58678982933,15.733015863895957,15.733015863895957,0.16588230062651585
7.639038547330273,22.775819466774294,10.902134167803235,-53.40360224060612,-10.733015863895957,-21.266984136104043,123.40360224060612,2354506.4320116797,17438.58678982933,15.733015863895957,15.733015863895957,0.16588230062651585
8.33374711508618,12.784009619522859,10.902134167803235,-53.40360224060612,-10.733015863895957,-21.266984136104043,123.40360224060612,2354506.4320116797,17438.58678982933,15.733015863895957,15.733015863895957,0.16588230062651585
3.4580633836156807,16.979997073286334,10.902134167803235,-53.40360224060612,-10.733015863895957,-21.266984136104043,123.40360224060612,2354506.4320116797,17438.58678982933,15.733015863895957,15.733015863895957,0.16588230062651585
10.65351221707665,13.060145699651308,10.902134167803235,-53.40360224060612,-10.733015863895957,-21.266984136104043,123.40360224060612,2354506.4320116797,17438.58678982933,15.733015863895957,15.733015863895957,0.16588230062651585
6.556069923799048,14.629724943549832,10.902134167803235,-53.40360224060612,-10.733015863895957,-21.266984136104043,123.40360224060612,2354506.4320116797,17438.58678982933,15.733015863895957,15.733015863895957,0.16588230062651585
10.75913824575565,23.744855516759984,10.902134167803235,-53.40360224060612,-10.733015863895957,-21.266984136104043,123.40360224060612,2354506.4320116797,17438.58678982933,15.733015863895957,15.733015863895957,0.16588230062651585
11.663536035046768,15.55143970964004,10.902134167803235,-53.40360224060612,-10.733015863895957,-21.266984136104043,123.40360224060612,2354506.4320116797,17438.58678982933,15.733015863895957,15.733015863895957,0.16588230062651585
8.78508682325311,17.766736472841373,10.902134167803235,-53.40360224060612,-10.733015863895957,-21.266984136104043,123.40360224060612,2354506.4320116797,17438.58678982933,15.733015863895957,15.733015863895957,0.16588230062651585
11.655006520080672,17.772121382027038,10.902134167803235,-53.40360224060612,-10.733015863895957,-21.266984136104043,123.40360224060612,2354506.4320116797,17438.58678982933,15.733015863895957,15.733015863895957,0.16588230062651585
2.6482629767359387,10.952623449458969,10.902134167803235,-53.40360224060612,-10.733015863895957,-21.266984136104043,123.40360224060612,2354506.4320116797,17438.58678982933,15.733015863895957,15.733015863895957,0.16588230062651585
10.467426005598552,16.372277096713354,10.902134167803235,-53.40360224060612,-10.733015863895957,-21.266984136104043,123.40360224060612,2354506.4320116797,17438.58678982933,15.733015863895957,15.733015863895957,0.16588230062651585
1.9472684317458353,10.878247509142838,10.902134167803235,-53.40360224060612,-10.733015863895957,-21.266984136104043,123.40360224060612,2354506.4320116797,17438.58678982933,15.733015863895957,15.733015863895957,0.16588230062651585
8.300004120699578,17.001463059854387,10.902134167803235,-53.40360224060612,-10.733015863895957,-21.266984136104043,123.40360224060612,2354506.4320116797,17438.58678982933,15.733015863895957,15.733015863895957,0.16588230062651585
8.541827023923057,16.289810629934593,10.902134167803235,-53.40360224060612,-10.733015863895957,-21.266984136104043,123.40360224060612,2354506.4320116797,17438.58678982933,15.733015863895957,15.733015863895957,0.16588230062651585
9.106997121579793,15.245848857982516,10.902134167803235,-53.40360224060612,-10.733015863895957,-21.266984136104043,123.40360224060612,2354506.4320116797,17438.58678982933,15.733015863895957,15.733015863895957,0.16588230062651585
9.874468199783701,15.675867954020344,10.902134167803235,-53.40360224060612,-10.733015863895957,-21.266984136104043,123.40360224060612,2354506.4320116797,17438.58678982933,15.733015863895957,15.733015863895957,0.16588230062651585
8.08892936023572,17.143801044706663,10.902134167803235,-53.40360224060612,-10.733015863895957,-21.266984136104043,123.40360224060612,2354506.4320116797,17438.58678982933,15.733015863895957,15.733015863895957,0.16588230062651585
8.865430793586366,17.97614643321743,10.902134167803235,-53.40360224060612,-10.733015863895957,-21.266984136104043,123.40360224060612,2354506.4320116797,17438.58678982933,15.733015863895957,15.733015863895957,0.16588230062651585
11.465855037949215,22.402407466641378,10.902134167803235,-53.40360224060612,-10.733015863895957,-21.266984136104043,123.40360224060612,2354506.4320116797,17438.58678982933,15.733015863895957,15.733015863895957,0.16588230062651585
10.522562148824498,22.9322777222266,10.902134167803235,-53.40360224060612,-10.733015863895957,-21.266984136104043,123.40360224060612,2354506.4320116797,17438.58678982933,15.733015863895957,15.733015863895957,0.16588230062651585
2.214591947610052,15.433038042367563,10.902134167803235,-53.40360224060612,-10.733015863895957,-21.266984136104043,123.40360224060612,2354506.4320116797,17438.58678982933,15.733015863895957,15.733015863895957,0.16588230062651585
8.872097272134994,17.39746254143084,10.902134167803235,-53.40360224060612,-10.733015863895957,-21.266984136104043,123.40360224060612,2354506.4320116797,17438.58678982933,15.733015863895957,15.733015863895957,0.16588230062651585
7.996660702101235,19.769559140818174,10.902134167803235,-53.40360224060612,-10.733015863895957,-21.266984136104043,123.40360224060612,2354506.4320116797,17438.58678982933,15.733015863895957,15.733015863895957,0.16588230062651585
11.41045299613632,10.55337232920219,10.902134167803235,-53.40360224060612,-10.733015863895957,-21.266984136104043,123.40360224060612,2354506.4320116797,17438.58678982933,15.733015863895957,15.733015863895957,0.16588230062651585
9.470526519300126,11.882018033753393,10.902134167803235,-53.40360224060612,-10.733015863895957,-21.266984136104043,123.40360224060612,2354506.4320116797,17438.58678982933,15.733015863895957,15.733015863895957,0.16588230062651585
11.417674559609807,14.614604185041863,10.902134167803235,-53.40360224060612,-10.733015863895957,-21.266984136104043,123.40360224060612,2354506.4320116797,17438.58678982933,15.733015863895957,15.733015863895957,0.16588230062651585
9.335039761753283,23.939167425701385,10.902134167803235,-53.40360224060612,-10.733015863895957,-21.266984136104043,123.40360224060612,2354506.4320116797,17438.58678982933,15.733015863895957,15.733015863895957,0.16588230062651585
10.607910109115055,20.73985740180514,10.902134167803235,-53.40360224060612,-10.733015863895957,-21.266984136104043,123.40360224060612,2354506.4320116797,17438.58678982933,15.733015863895957,15.733015863895957,0.16588230062651585
11.479295121625693,21.43810305050799,10.902134167803235,-53.40360224060612,-10.733015863895957,-21.266984136104043,123.40360224060612,2354506.4320116797,17438.58678982933,15.733015863895957,15.733015863895957,0.16588230062651585
10.692972766693243,10.041895555456268,10.902134167803235,-53.40360224060612,-10.733015863895957,-21.266984136104043,123.40360224060612,2354506.4320116797,17438.58678982933,15.733015863895957,15.733015863895957,0.16588230062651585
9.924348757718557,12.432256162381645,10.902134167803235,-53.40360224060612,-10.733015863895957,-21.266984136104043,123.40360224060612,2354506.4320116797,17438.58678982933,15.733015863895957,15.733015863895957,0.16588230062651585
6.105848154609243,21.583676876695563,10.902134167803235,-53.40360224060612,-10.733015863895957,-21.266984136104043,123.40360224060612,2354506.4320116797,17438.58678982933,15.733015863895957,15.733015863895957,0.16588230062651585
11.446644945084197,13.767409610157337,10.902134167803235,-53.40360224060612,-10.733015863895957,-21.266984136104043,123.40360224060612,2354506.4320116797,17438.58678982933,15.733015863895957,15.733015863895957,0.16588230062651585
11.374176798057249,13.391849529497534,10.902134167803235,-53.40360224060612,-10.733015863895957,-21.266984136104043,123.40360224060612,2354506.4320116797,17438.58678982933,15.733015863895957,15.733015863895957,0.16588230062651585
3.2930393649897853,16.457325941309897,10.902134167803235,-53.40360224060612,-10.733015863895957,-21.266984136104043,123.40360224060612,2354506.4320116797,17438.58678982933,15.733015863895957,15.733015863895957,0.16588230062651585
9.589501369251932,14.38375895259652,10.902134167803235,-53.40360224060612,-10.733015863895957,-21.266984136104043,123.40360224060612,2354506.4320116797,17438.58678982933,15.733015863895957,15.733015863895957,0.16588230062651585
11.692325012849118,17.548593702698525,10.902134167803235,-53.40360224060612,-10.733015863895957,-21.266984136104043,123.40360224060612,2354506.4320116797,17438.58678982933,15.733015863895957,15.733015863895957,0.16588230062651585
11.59305063899797,28.222671792631814,10.902134167803235,-53.40360224060612,-10.733015863895957,-21.266984136104043,123.40360224060612,2354506.4320116797,17438.58678982933,15.733015863895957,15.733015863895957,0.16588230062651585
11.615615405332317,19.87181462159375,10.902134167803235,-53.40360224060612,-10.733015863895957,-21.266984136104043,123.40360224060612,2354506.4320116797,17438.58678982933,15.733015863895957,15.733015863895957,0.16588230062651585
7.142774817561834,13.424559225483875,10.902134167803235,-53.40360224060612,-10.733015863895957,-21.266984136104043,123.40360224060612,2354506.4320116797,17438.58678982933,15.733015863895957,15.733015863895957,0.16588230062651585
10.709785646269543,22.775819466774294,10.902134167803235,-53.40360224060612,-10.733015863895957,-21.266984136104043,123.40360224060612,2354506.4320116797,17438.58678982933,15.733015863895957,15.733015863895957,0.16588230062651585
9.701159316656359,20.41179243310856,10.902134167803235,-53.40360224060612,-10.733015863895957,-21.266984136104043,123.40360224060612,2354506.4320116797,17438.58678982933,15.733015863895957,15.733015863895957,0.16588230062651585
11.676724660914129,22.092337887677182,10.902134167803235,-53.40360224060612,-10.733015863895957,-21.266984136104043,123.40360224060612,2354506.4320116797,17438.58678982933,15.733015863895957,15.733015863895957,0.16588230062651585
11.194834189845071,20.72113991846902,10.902134167803235,-53.40360224060612,-10.733015863895957,-21.266984136104043,123.40360224060612,2354506.4320116797,17438.58678982933,15.733015863895957,15.733015863895957,0.16588230062651585
11.07495135854148,16.332002431253137,10.902134167803235,-53.40360224060612,-10.733015863895957,-21.266984136104043,123.40360224060612,2354506.4320116797,17438.58678982933,15.733015863895957,15.733015863895957,0.16588230062651585
11.471723366136258,17.30838238435529,10.902134167803235,-53.40360224060612,-10.733015863895957,-21.266984136104043,123.40360224060612,2354506.4320116797,17438.58678982933,15.733015863895957,15.733015863895957,0.16588230062651585
10.880435513910863,12.405877440209068,10.902134167803235,-53.40360224060612,-10.733015863895957,-21.266984136104043,123.40360224060612,2354506.4320116797,17438.58678982933,15.733015863895957,15.733015863895957,0.16588230062651585
11.602987207352566,20.297596862486202,10.902134167803235,-53.40360224060612,-10.733015863895957,-21.266984136104043,123.40360224060612,2354506.4320116797,17438.58678982933,15.733015863895957,15.733015863895957,0.16588230062651585
10.311427251995669,17.134970242447338,10.902134167803235,-53.40360224060612,-10.733015863895957,-21.266984136104043,123.40360224060612,2354506.4320116797,17438.58678982933,15.733015863895957,15.733015863895957,0.16588230062651585
9.144742719818348,13.3510717242538,10.902134167803235,-53.40360224060612,-10.733015863895957,-21.266984136104043,123.40360224060612,2354506.4320116797,17438.58678982933,15.733015863895957,15.733015863895957,0.16588230062651585
8.953206429515301,17.765291172184618,10.902134167803235,-53.40360224060612,-10.733015863895957,-21.266984136104043,123.40360224060612,2354506.4320116797,17438.58678982933,15.733015863895957,15.733015863895957,0.16588230062651585
1.690319803428773,14.544013709540359,10.902134167803235,-53.40360224060612,-10.733015863895957,-21.266984136104043,123.40360224060612,2354506.4320116797,17438.58678982933,15.733015863895957,15.733015863895957,0.16588230062651585
8.300004120699578,20.628287419778907,10.902134167803235,-53.40360224060612,-10.733015863895957,-21.266984136104043,123.40360224060612,2354506.4320116797,17438.58678982933,15.733015863895957,15.733015863895957,0.16588230062651585
11.583349422017426,16.289810629934593,10.902134167803235,-53.40360224060612,-10.733015863895957,-21.266984136104043,123.40360224060612,2354506.4320116797,17438.58678982933,15.733015863895957,15.733015863895957,0.16588230062651585
7.767297220834625,16.881275106053717,10.902134167803235,-53.40360224060612,-10.733015863895957,-21.266984136104043,123.40360224060612,2354506.4320116797,17438.58678982933,15.733015863895957,15.733015863895957,0.16588230062651585
9.868975126567012,20.973344625002476,10.902134167803235,-53.40360224060612,-10.733015863895957,-21.266984136104043,123.40360224060612,2354506.4320116797,17438.58678982933,15.733015863895957,15.733015863895957,0.16588230062651585
11.509931418061587,17.143801044706663,10.902134167803235,-53.40360224060612,-10.733015863895957,-21.266984136104043,123.40360224060612,2354506.4320116797,17438.58678982933,15.733015863895957,15.733015863895957,0.16588230062651585
11.372402230689051,15.565100129324883,10.902134167803235,-53.40360224060612,-10.733015863895957,-21.266984136104043,123.40360224060612,2354506.4320116797,17438.58678982933,15.733015863895957,15.733015863895957,0.16588230062651585
2.5628116552756657,15.381850457648156,10.902134167803235,-53.40360224060612,-10.733015863895957,-21.266984136104043,123.40360224060612,2354506.4320116797,17438.58678982933,15.733015863895957,15.733015863895957,0.16588230062651585
6.438514917259214,18.486010150675448,10.902134167803235,-53.40360224060612,-10.733015863895957,-21.266984136104043,123.40360224060612,2354506.4320116797,17438.58678982933,15.733015863895957,15.733015863895957,0.16588230062651585
10.921433134313245,20.212664812313953,10.902134167803235,-53.40360224060612,-10.733015863895957,-21.266984136104043,123.40360224060612,2354506.4320116797,17438.58678982933,15.733015863895957,15.733015863895957,0.16588230062651585
11.051788603930326,19.416653322536845,10.902134167803235,-53.40360224060612,-10.733015863895957,-21.266984136104043,123.40360224060612,2354506.4320116797,17438.58678982933,15.733015863895957,15.733015863895957,0.16588230062651585
4.23056788605353,18.31404754333184,10.902134167803235,-53.40360224060612,-10.733015863895957,-21.266984136104043,123.40360224060612,2354506.4320116797,17438.58678982933,15.733015863895957,15.733015863895957,0.16588230062651585
10.516788989867148,19.176169455275996,10.902134167803235,-53.40360224060612,-10.733015863895957,-21.266984136104043,123.40360224060612,2354506.4320116797,17438.58678982933,15.733015863895957,15.733015863895957,0.16588230062651585
9.470526519300126,20.666494182817885,10.902134167803235,-53.40360224060612,-10.733015863895957,-21.266984136104043,123.40360224060612,2354506.4320116797,17438.58678982933,15.733015863895957,15.733015863895957,0.16588230062651585
11.69142086391142,13.579266034771315,10.902134167803235,-53.40360224060612,-10.733015863895957,-21.266984136104043,123.40360224060612,2354506.4320116797,17438.58678982933,15.733015863895957,15.733015863895957,0.16588230062651585
6.787480919647653,15.60731696822824,10.902134167803235,-53.40360224060612,-10.733015863895957,-21.266984136104043,123.40360224060612,2354506.4320116797,17438.58678982933,15.733015863895957,15.733015863895957,0.16588230062651585
11.592834463815976,20.73985740180514,10.902134167803235,-53.40360224060612,-10.733015863895957,-21.266984136104043,123.40360224060612,2354506.4320116797,17438.58678982933,15.733015863895957,15.733015863895957,0.16588230062651585
7.693940372013817,21.43810305050799,10.902134167803235,-53.40360224060612,-10.733015863895957,-21.266984136104043,123.40360224060612,2354506.4320116797,17438.58678982933,15.733015863895957,15.733015863895957,0.16588230062651585
6.964490699339607,10.044453377093063,10.902134167803235,-53.40360224060612,-10.733015863895957,-21.266984136104043,123.40360224060612,2354506.4320116797,17438.58678982933,15.733015863895957,15.733015863895957,0.16588230062651585
2.135374401795481,18.09531571844667,10.902134167803235,-53.40360224060612,-10.733015863895957,-21.266984136104043,123.40360224060612,2354506.4320116797,17438.58678982933,15.733015863895957,15.733015863895957,0.16588230062651585
9.525895411362033,20.376534096911257,10.902134167803235,-53.40360224060612,-10.733015863895957,-21.266984136104043,123.40360224060612,2354506.4320116797,17438.58678982933,15.733015863895957,15.733015863895957,0.16588230062651585
10.763315866443738,16.60859452991804,10.902134167803235,-53.40360224060612,-10.733015863895957,-21.266984136104043,123.40360224060612,2354506.4320116797,17438.58678982933,15.733015863895957,15.733015863895957,0.16588230062651585
11.374176798057249,17.254744750084825,10.902134167803235,-53.40360224060612,-10.733015863895957,-21.266984136104043,123.40360224060612,2354506.4320116797,17438.58678982933,15.733015863895957,15.733015863895957,0.16588230062651585
11.648325877833285,18.046997035016574,10.902134167803235,-53.40360224060612,-10.733015863895957,-21.266984136104043,123.40360224060612,2354506.4320116797,17438.58678982933,15.733015863895957,15.733015863895957,0.16588230062651585
10.617064769901312,14.38375895259652,10.902134167803235,-53.40360224060612,-10.733015863895957,-21.266984136104043,123.40360224060612,2354506.4320116797,17438.58678982933,15.733015863895957,15.733015863895957,0.16588230062651585
8.890406593707509,10.324106228809942,10.902134167803235,-53.40360224060612,-10.733015863895957,-21.266984136104043,123.40360224060612,2354506.4320116797,17438.58678982933,15.733015863895957,15.733015863895957,0.16588230062651585
10.611712989082585,17.344550414065964,10.902134167803235,-53.40360224060612,-10.733015863895957,-21.266984136104043,123.40360224060612,2354506.4320116797,17438.58678982933,15.733015863895957,15.733015863895957,0.16588230062651585
10.404630650019381,15.762351757710338,10.902134167803235,-53.40360224060612,-10.733015863895957,-21.266984136104043,123.40360224060612,2354506.4320116797,17438.58678982933,15.733015863895957,15.733015863895957,0.16588230062651585
4.576476453464399,21.322003890635585,10.902134167803235,-53.40360224060612,-10.733015863895957,-21.266984136104043,123.40360224060612,2354506.4320116797,17438.58678982933,15.733015863895957,15.733015863895957,0.16588230062651585
7.183872740520429,12.503946143790703,10.902134167803235,-53.40360224060612,-10.733015863895957,-21.266984136104043,123.40360224060612,2354506.4320116797,17438.58678982933,15.733015863895957,15.733015863895957,0.16588230062651585
9.701159316656359,19.46709270662329,10.902134167803235,-53.40360224060612,-10.733015863895957,-21.266984136104043,123.40360224060612,2354506.4320116797,17438.58678982933,15.733015863895957,15.733015863895957,0.16588230062651585
3.4580633836156807,18.638377600356577,10.902134167803235,-53.40360224060612,-10.733015863895957,-21.266984136104043,123.40360224060612,2354506.4320116797,17438.58678982933,15.733015863895957,15.733015863895957,0.16588230062651585
10.646795463921686,20.72113991846902,10.902134167803235,-53.40360224060612,-10.733015863895957,-21.266984136104043,123.40360224060612,2354506.4320116797,17438.58678982933,15.733015863895957,15.733015863895957,0.16588230062651585
10.13229169588238,17.104157986502173,10.902134167803235,-53.40360224060612,-10.733015863895957,-21.266984136104043,123.40360224060612,2354506.4320116797,17438.58678982933,15.733015863895957,15.733015863895957,0.16588230062651585
10.75913824575565,13.002073182145196,10.902134167803235,-53.40360224060612,-10.733015863895957,-21.266984136104043,123.40360224060612,2354506.4320116797,17438.58678982933,15.733015863895957,15.733015863895957,0.16588230062651585
10.880435513910863,16.143378656134466,10.902134167803235,-53.40360224060612,-10.733015863895957,-21.266984136104043,123.40360224060612,2354506.4320116797,17438.58678982933,15.733015863895957,15.733015863895957,0.16588230062651585
9.551598802064376,13.59663210320588,10.902134167803235,-53.40360224060612,-10.733015863895957,-21.266984136104043,123.40360224060612,2354506.4320116797,17438.58678982933,15.733015863895957,15.733015863895957,0.16588230062651585
11.468399101263984,17.772121382027038,10.902134167803235,-53.40360224060612,-10.733015863895957,-21.266984136104043,123.40360224060612,2354506.4320116797,17438.58678982933,15.733015863895957,15.733015863895957,0.16588230062651585
2.6482629767359387,18.819830523130904,10.902134167803235,-53.40360224060612,-10.733015863895957,-21.266984136104043,123.40360224060612,2354506.4320116797,17438.58678982933,15.733015863895957,15.733015863895957,0.16588230062651585
10.467426005598552,15.271413860559136,10.902134167803235,-53.40360224060612,-10.733015863895957,-21.266984136104043,123.40360224060612,2354506.4320116797,17438.58678982933,15.733015863895957,15.733015863895957,0.16588230062651585
8.109891618206188,10.023905408814272,10.902134167803235,-53.40360224060612,-10.733015863895957,-21.266984136104043,123.40360224060612,2354506.4320116797,17438.58678982933,15.733015863895957,15.733015863895957,0.16588230062651585
11.459995484340798,24.214719870001375,10.902134167803235,-53.40360224060612,-10.733015863895957,-21.266984136104043,123.40360224060612,2354506.4320116797,17438.58678982933,15.733015863895957,15.733015863895957,0.16588230062651585
7.089416518996592,16.289810629934593,10.902134167803235,-53.40360224060612,-10.733015863895957,-21.266984136104043,123.40360224060612,2354506.4320116797,17438.58678982933,15.733015863895957,15.733015863895957,0.16588230062651585
7.767297220834625,21.998065540993807,10.902134167803235,-53.40360224060612,-10.733015863895957,-21.266984136104043,123.40360224060612,2354506.4320116797,17438.58678982933,15.733015863895957,15.733015863895957,0.16588230062651585
9.211994003001342,24.971274523336078,10.902134167803235,-53.40360224060612,-10.733015863895957,-21.266984136104043,123.40360224060612,2354506.4320116797,17438.58678982933,15.733015863895957,15.733015863895957,0.16588230062651585
10.470975140334948,16.52228444381106,10.902134167803235,-53.40360224060612,-10.733015863895957,-21.266984136104043,123.40360224060612,2354506.4320116797,17438.58678982933,15.733015863895957,15.733015863895957,0.16588230062651585
10.290465855607762,15.565100129324883,10.902134167803235,-53.40360224060612,-10.733015863895957,-21.266984136104043,123.40360224060612,2354506.4320116797,17438.58678982933,15.733015863895957,15.733015863895957,0.16588230062651585
2.1942786529056035,17.977062700176027,10.902134167803235,-53.40360224060612,-10.733015863895957,-21.266984136104043,123.40360224060612,2354506.4320116797,17438.58678982933,15.733015863895957,15.733015863895957,0.16588230062651585
7.041255014906843,22.9322777222266,10.902134167803235,-53.40360224060612,-10.733015863895957,-21.266984136104043,123.40360224060612,2354506.4320116797,17438.58678982933,15.733015863895957,15.733015863895957,0.16588230062651585
11.630662492658425,20.212664812313953,10.902134167803235,-53.40360224060612,-10.733015863895957,-21.266984136104043,123.40360224060612,2354506.4320116797,17438.58678982933,15.733015863895957,15.733015863895957,0.16588230062651585
11.709157352542595,19.446886667473663,10.902134167803235,-53.40360224060612,-10.733015863895957,-21.266984136104043,123.40360224060612,2354506.4320116797,17438.58678982933,15.733015863895957,15.733015863895957,0.16588230062651585
10.005798442633557,19.769559140818174,10.902134167803235,-53.40360224060612,-10.733015863895957,-21.266984136104043,123.40360224060612,2354506.4320116797,17438.58678982933,15.733015863895957,15.733015863895957,0.16588230062651585
10.516788989867148,14.254005286512637,10.902134167803235,-53.40360224060612,-10.733015863895957,-21.266984136104043,123.40360224060612,2354506.4320116797,17438.58678982933,15.733015863895957,15.733015863895957,0.16588230062651585
11.596995899861621,14.805437207654656,10.902134167803235,-53.40360224060612,-10.733015863895957,-21.266984136104043,123.40360224060612,2354506.4320116797,17438.58678982933,15.733015863895957,15.733015863895957,0.16588230062651585
11.654672386256996,14.614604185041863,10.902134167803235,-53.40360224060612,-10.733015863895957,-21.266984136104043,123.40360224060612,2354506.4320116797,17438.58678982933,15.733015863895957,15.733015863895957,0.16588230062651585
6.787480919647653,15.992145546417984,10.902134167803235,-53.40360224060612,-10.733015863895957,-21.266984136104043,123.40360224060612,2354506.4320116797,17438.58678982933,15.733015863895957,15.733015863895957,0.16588230062651585
11.025615616266496,24.836635948262867,10.902134167803235,-53.40360224060612,-10.733015863895957,-21.266984136104043,123.40360224060612,2354506.4320116797,17438.58678982933,15.733015863895957,15.733015863895957,0.16588230062651585
7.571319059657564,17.500356044392007,10.902134167803235,-53.40360224060612,-10.733015863895957,-21.266984136104043,123.40360224060612,2354506.4320116797,17438.58678982933,15.733015863895957,15.733015863895957,0.16588230062651585
9.57652121703369,10.044453377093063,10.902134167803235,-53.40360224060612,-10.733015863895957,-21.266984136104043,123.40360224060612,2354506.4320116797,17438.58678982933,15.733015863895957,15.733015863895957,0.16588230062651585
2.135374401795481,10.624560775814004,10.902134167803235,-53.40360224060612,-10.733015863895957,-21.266984136104043,123.40360224060612,2354506.4320116797,17438.58678982933,15.733015863895957,15.733015863895957,0.16588230062651585
6.105848154609243,13.110048436499028,10.902134167803235,-53.40360224060612,-10.733015863895957,-21.266984136104043,123.40360224060612,2354506.4320116797,17438.58678982933,15.733015863895957,15.733015863895957,0.16588230062651585
11.436695476690954,13.767409610157337,10.902134167803235,-53.40360224060612,-10.733015863895957,-21.266984136104043,123.40360224060612,2354506.4320116797,17438.58678982933,15.733015863895957,15.733015863895957,0.16588230062651585
11.374176798057249,16.22570088020013,10.902134167803235,-53.40360224060612,-10.733015863895957,-21.266984136104043,123.40360224060612,2354506.4320116797,17438.58678982933,15.733015863895957,15.733015863895957,0.16588230062651585
11.41940722773052,18.046997035016574,10.902134167803235,-53.40360224060612,-10.733015863895957,-21.266984136104043,123.40360224060612,2354506.4320116797,17438.58678982933,15.733015863895957,15.733015863895957,0.16588230062651585
10.705608647523203,14.38375895259652,10.902134167803235,-53.40360224060612,-10.733015863895957,-21.266984136104043,123.40360224060612,2354506.4320116797,17438.58678982933,15.733015863895957,15.733015863895957,0.16588230062651585
11.715621406150877,15.437895067649578,10.902134167803235,-53.40360224060612,-10.733015863895957,-21.266984136104043,123.40360224060612,2354506.4320116797,17438.58678982933,15.733015863895957,15.733015863895957,0.16588230062651585
8.16270463254569,28.222671792631814,10.902134167803235,-53.40360224060612,-10.733015863895957,-21.266984136104043,123.40360224060612,2354506.4320116797,17438.58678982933,15.733015863895957,15.733015863895957,0.16588230062651585
8.28075709156758,19.87181462159375,10.902134167803235,-53.40360224060612,-10.733015863895957,-21.266984136104043,123.40360224060612,2354506.4320116797,17438.58678982933,15.733015863895957,15.733015863895957,0.16588230062651585
11.536529074946378,13.424559225483875,10.902134167803235,-53.40360224060612,-10.733015863895957,-21.266984136104043,123.40360224060612,2354506.4320116797,17438.58678982933,15.733015863895957,15.733015863895957,0.16588230062651585
7.183872740520429,17.583137039317933,10.902134167803235,-53.40360224060612,-10.733015863895957,-21.266984136104043,123.40360224060612,2354506.4320116797,17438.58678982933,15.733015863895957,15.733015863895957,0.16588230062651585
11.499102617714234,12.784009619522859,10.902134167803235,-53.40360224060612,-10.733015863895957,-21.266984136104043,123.40360224060612,2354506.4320116797,17438.58678982933,15.733015863895957,15.733015863895957,0.16588230062651585
11.041621470095208,22.092337887677182,10.902134167803235,-53.40360224060612,-10.733015863895957,-21.266984136104043,123.40360224060612,2354506.4320116797,17438.58678982933,15.733015863895957,15.733015863895957,0.16588230062651585
10.367344398962882,20.72113991846902,10.902134167803235,-53.40360224060612,-10.733015863895957,-21.266984136104043,123.40360224060612,2354506.4320116797,17438.58678982933,15.733015863895957,15.733015863895957,0.16588230062651585
11.600121105281284,16.08483192312088,10.902134167803235,-53.40360224060612,-10.733015863895957,-21.266984136104043,123.40360224060612,2354506.4320116797,17438.58678982933,15.733015863895957,15.733015863895957,0.16588230062651585
11.060275389696558,17.30838238435529,10.902134167803235,-53.40360224060612,-10.733015863895957,-21.266984136104043,123.40360224060612,2354506.4320116797,17438.58678982933,15.733015863895957,15.733015863895957,0.16588230062651585
11.438986764389197,19.33635783399938,10.902134167803235,-53.40360224060612,-10.733015863895957,-21.266984136104043,123.40360224060612,2354506.4320116797,17438.58678982933,15.733015863895957,15.733015863895957,0.16588230062651585
8.78508682325311,16.539963773639855,10.902134167803235,-53.40360224060612,-10.733015863895957,-21.266984136104043,123.40360224060612,2354506.4320116797,17438.58678982933,15.733015863895957,15.733015863895957,0.16588230062651585
11.468635457911283,17.772121382027038,10.902134167803235,-53.40360224060612,-10.733015863895957,-21.266984136104043,123.40360224060612,2354506.4320116797,17438.58678982933,15.733015863895957,15.733015863895957,0.16588230062651585
11.532336549479108,13.3510717242538,10.902134167803235,-53.40360224060612,-10.733015863895957,-21.266984136104043,123.40360224060612,2354506.4320116797,17438.58678982933,15.733015863895957,15.733015863895957,0.16588230062651585
11.450490112248358,17.765291172184618,10.902134167803235,-53.40360224060612,-10.733015863895957,-21.266984136104043,123.40360224060612,2354506.4320116797,17438.58678982933,15.733015863895957,15.733015863895957,0.16588230062651585
1.5320937410586035,17.48540334548194,10.902134167803235,-53.40360224060612,-10.733015863895957,-21.266984136104043,123.40360224060612,2354506.4320116797,17438.58678982933,15.733015863895957,15.733015863895957,0.16588230062651585
8.779729455868797,24.214719870001375,10.902134167803235,-53.40360224060612,-10.733015863895957,-21.266984136104043,123.40360224060612,2354506.4320116797,17438.58678982933,15.733015863895957,15.733015863895957,0.16588230062651585
5.101307255527923,19.326239775207313,10.902134167803235,-53.40360224060612,-10.733015863895957,-21.266984136104043,123.40360224060612,2354506.4320116797,17438.58678982933,15.733015863895957,15.733015863895957,0.16588230062651585
11.50077352566985,11.868844436717744,10.902134167803235,-53.40360224060612,-10.733015863895957,-21.266984136104043,123.40360224060612,2354506.4320116797,17438.58678982933,15.733015863895957,15.733015863895957,0.16588230062651585
10.571404624682959,24.971274523336078,10.902134167803235,-53.40360224060612,-10.733015863895957,-21.266984136104043,123.40360224060612,2354506.4320116797,17438.58678982933,15.733015863895957,15.733015863895957,0.16588230062651585
10.470975140334948,15.289944149090928,10.902134167803235,-53.40360224060612,-10.733015863895957,-21.266984136104043,123.40360224060612,2354506.4320116797,17438.58678982933,15.733015863895957,15.733015863895957,0.16588230062651585
8.865430793586366,11.869119271319427,10.902134167803235,-53.40360224060612,-10.733015863895957,-21.266984136104043,123.40360224060612,2354506.4320116797,17438.58678982933,15.733015863895957,15.733015863895957,0.16588230062651585
11.591084319157295,22.33677535650522,10.902134167803235,-53.40360224060612,-10.733015863895957,-21.266984136104043,123.40360224060612,2354506.4320116797,17438.58678982933,15.733015863895957,15.733015863895957,0.16588230062651585
6.660722614901542,22.9322777222266,10.902134167803235,-53.40360224060612,-10.733015863895957,-21.266984136104043,123.40360224060612,2354506.4320116797,17438.58678982933,15.733015863895957,15.733015863895957,0.16588230062651585
11.15295073534292,20.212664812313953,10.902134167803235,-53.40360224060612,-10.733015863895957,-21.266984136104043,123.40360224060612,2354506.4320116797,17438.58678982933,15.733015863895957,15.733015863895957,0.16588230062651585
8.872097272134994,16.301240704286343,10.902134167803235,-53.40360224060612,-10.733015863895957,-21.266984136104043,123.40360224060612,2354506.4320116797,17438.58678982933,15.733015863895957,15.733015863895957,0.16588230062651585
4.23056788605353,11.190953262277866,10.902134167803235,-53.40360224060612,-10.733015863895957,-21.266984136104043,123.40360224060612,2354506.4320116797,17438.58678982933,15.733015863895957,15.733015863895957,0.16588230062651585
11.61207923000299,10.55337232920219,10.902134167803235,-53.40360224060612,-10.733015863895957,-21.266984136104043,123.40360224060612,2354506.4320116797,17438.58678982933,15.733015863895957,15.733015863895957,0.16588230062651585
7.062294876077164,15.31192271630809,10.902134167803235,-53.40360224060612,-10.733015863895957,-21.266984136104043,123.40360224060612,2354506.4320116797,17438.58678982933,15.733015863895957,15.733015863895957,0.16588230062651585
5.2157359656424775,19.980955816451832,10.902134167803235,-53.40360224060612,-10.733015863895957,-21.266984136104043,123.40360224060612,2354506.4320116797,17438.58678982933,15.733015863895957,15.733015863895957,0.16588230062651585
6.787480919647653,21.754101972055665,10.902134167803235,-53.40360224060612,-10.733015863895957,-21.266984136104043,123.40360224060612,2354506.4320116797,17438.58678982933,15.733015863895957,15.733015863895957,0.16588230062651585
11.025615616266496,15.077304895254827,10.902134167803235,-53.40360224060612,-10.733015863895957,-21.266984136104043,123.40360224060612,2354506.4320116797,17438.58678982933,15.733015863895957,15.733015863895957,0.16588230062651585
7.571319059657564,21.377314162621346,10.902134167803235,-53.40360224060612,-10.733015863895957,-21.266984136104043,123.40360224060612,2354506.4320116797,17438.58678982933,15.733015863895957,15.733015863895957,0.16588230062651585
11.49649214498443,20.874098483190053,10.902134167803235,-53.40360224060612,-10.733015863895957,-21.266984136104043,123.40360224060612,2354506.4320116797,17438.58678982933,15.733015863895957,15.733015863895957,0.16588230062651585
7.71988817527453,12.432256162381645,10.902134167803235,-53.40360224060612,-10.733015863895957,-21.266984136104043,123.40360224060612,2354506.4320116797,17438.58678982933,15.733015863895957,15.733015863895957,0.16588230062651585
11.410622463210032,20.376534096911257,10.902134167803235,-53.40360224060612,-10.733015863895957,-21.266984136104043,123.40360224060612,2354506.4320116797,17438.58678982933,15.733015863895957,15.733015863895957,0.16588230062651585
10.763315866443738,17.575661434505115,10.902134167803235,-53.40360224060612,-10.733015863895957,-21.266984136104043,123.40360224060612,2354506.4320116797,17438.58678982933,15.733015863895957,15.733015863895957,0.16588230062651585
11.374176798057249,19.980955816451832,10.902134167803235,-53.40360224060612,-10.733015863895957,-21.266984136104043,123.40360224060612,2354506.4320116797,17438.58678982933,15.733015863895957,15.733015863895957,0.16588230062651585
3.2930393649897853,14.619654704556169,10.902134167803235,-53.40360224060612,-10.733015863895957,-21.266984136104043,123.40360224060612,2354506.4320116797,17438.58678982933,15.733015863895957,15.733015863895957,0.16588230062651585
11.444526879936625,14.38375895259652,10.902134167803235,-53.40360224060612,-10.733015863895957,-21.266984136104043,123.40360224060612,2354506.4320116797,17438.58678982933,15.733015863895957,15.733015863895957,0.16588230062651585
11.188125098462326,17.548593702698525,10.902134167803235,-53.40360224060612,-10.733015863895957,-21.266984136104043,123.40360224060612,2354506.4320116797,17438.58678982933,15.733015863895957,15.733015863895957,0.16588230062651585
8.404020529855874,28.222671792631814,10.902134167803235,-53.40360224060612,-10.733015863895957,-21.266984136104043,123.40360224060612,2354506.4320116797,17438.58678982933,15.733015863895957,15.733015863895957,0.16588230062651585
10.53339777152428,19.87181462159375,10.902134167803235,-53.40360224060612,-10.733015863895957,-21.266984136104043,123.40360224060612,2354506.4320116797,17438.58678982933,15.733015863895957,15.733015863895957,0.16588230062651585
11.499190490318698,13.424559225483875,10.902134167803235,-53.40360224060612,-10.733015863895957,-21.266984136104043,123.40360224060612,2354506.4320116797,17438.58678982933,15.733015863895957,15.733015863895957,0.16588230062651585
11.456688807370197,22.775819466774294,10.902134167803235,-53.40360224060612,-10.733015863895957,-21.266984136104043,123.40360224060612,2354506.4320116797,17438.58678982933,15.733015863895957,15.733015863895957,0.16588230062651585
11.379768623170731,12.784009619522859,10.902134167803235,-53.40360224060612,-10.733015863895957,-21.266984136104043,123.40360224060612,2354506.4320116797,17438.58678982933,15.733015863895957,15.733015863895957,0.16588230062651585
11.634672523265863,22.092337887677182,10.902134167803235,-53.40360224060612,-10.733015863895957,-21.266984136104043,123.40360224060612,2354506.4320116797,17438.58678982933,15.733015863895957,15.733015863895957,0.16588230062651585
10.65351221707665,24.13340682756673,10.902134167803235,-53.40360224060612,-10.733015863895957,-21.266984136104043,123.40360224060612,2354506.4320116797,17438.58678982933,15.733015863895957,15.733015863895957,0.16588230062651585
10.36618882883551,16.08483192312088,10.902134167803235,-53.40360224060612,-10.733015863895957,-21.266984136104043,123.40360224060612,2354506.4320116797,17438.58678982933,15.733015863895957,15.733015863895957,0.16588230062651585
10.75913824575565,17.77006310649933,10.902134167803235,-53.40360224060612,-10.733015863895957,-21.266984136104043,123.40360224060612,2354506.4320116797,17438.58678982933,15.733015863895957,15.733015863895957,0.16588230062651585
7.963045026775156,15.55143970964004,10.902134167803235,-53.40360224060612,-10.733015863895957,-21.266984136104043,123.40360224060612,2354506.4320116797,17438.58678982933,15.733015863895957,15.733015863895957,0.16588230062651585
11.431989264743251,20.297596862486202,10.902134167803235,-53.40360224060612,-10.733015863895957,-21.266984136104043,123.40360224060612,2354506.4320116797,17438.58678982933,15.733015863895957,15.733015863895957,0.16588230062651585
10.259668348330218,17.772121382027038,10.902134167803235,-53.40360224060612,-10.733015863895957,-21.266984136104043,123.40360224060612,2354506.4320116797,17438.58678982933,15.733015863895957,15.733015863895957,0.16588230062651585
6.43291382638668,13.3510717242538,10.902134167803235,-53.40360224060612,-10.733015863895957,-21.266984136104043,123.40360224060612,2354506.4320116797,17438.58678982933,15.733015863895957,15.733015863895957,0.16588230062651585
10.589691295123533,17.765291172184618,10.902134167803235,-53.40360224060612,-10.733015863895957,-21.266984136104043,123.40360224060612,2354506.4320116797,17438.58678982933,15.733015863895957,15.733015863895957,0.16588230062651585
11.640364949793954,10.023905408814272,10.902134167803235,-53.40360224060612,-10.733015863895957,-21.266984136104043,123.40360224060612,2354506.4320116797,17438.58678982933,15.733015863895957,15.733015863895957,0.16588230062651585
11.00695695252413,19.3794912441246,10.902134167803235,-53.40360224060612,-10.733015863895957,-21.266984136104043,123.40360224060612,2354506.4320116797,17438.58678982933,15.733015863895957,15.733015863895957,0.16588230062651585
5.101307255527923,17.75089628163594,10.902134167803235,-53.40360224060612,-10.733015863895957,-21.266984136104043,123.40360224060612,2354506.4320116797,17438.58678982933,15.733015863895957,15.733015863895957,0.16588230062651585
7.767297220834625,21.522275152168383,10.902134167803235,-53.40360224060612,-10.733015863895957,-21.266984136104043,123.40360224060612,2354506.4320116797,17438.58678982933,15.733015863895957,15.733015863895957,0.16588230062651585
9.818999770867672,20.977221198547852,10.902134167803235,-53.40360224060612,-10.733015863895957,-21.266984136104043,123.40360224060612,2354506.4320116797,17438.58678982933,15.733015863895957,15.733015863895957,0.16588230062651585
11.547565847031821,17.143801044706663,10.902134167803235,-53.40360224060612,-10.733015863895957,-21.266984136104043,123.40360224060612,2354506.4320116797,17438.58678982933,15.733015863895957,15.733015863895957,0.16588230062651585
11.63250991576926,15.565100129324883,10.902134167803235,-53.40360224060612,-10.733015863895957,-21.266984136104043,123.40360224060612,2354506.4320116797,17438.58678982933,15.733015863895957,15.733015863895957,0.16588230062651585
2.5628116552756657,10.906266638645956,10.902134167803235,-53.40360224060612,-10.733015863895957,-21.266984136104043,123.40360224060612,2354506.4320116797,17438.58678982933,15.733015863895957,15.733015863895957,0.16588230062651585
6.438514917259214,12.79930337276005,10.902134167803235,-53.40360224060612,-10.733015863895957,-21.266984136104043,123.40360224060612,2354506.4320116797,17438.58678982933,15.733015863895957,15.733015863895957,0.16588230062651585
11.199896207161872,20.212664812313953,10.902134167803235,-53.40360224060612,-10.733015863895957,-21.266984136104043,123.40360224060612,2354506.4320116797,17438.58678982933,15.733015863895957,15.733015863895957,0.16588230062651585
11.66861234634272,13.603423851952435,10.902134167803235,-53.40360224060612,-10.733015863895957,-21.266984136104043,123.40360224060612,2354506.4320116797,17438.58678982933,15.733015863895957,15.733015863895957,0.16588230062651585
9.368598216698338,19.769559140818174,10.902134167803235,-53.40360224060612,-10.733015863895957,-21.266984136104043,123.40360224060612,2354506.4320116797,17438.58678982933,15.733015863895957,15.733015863895957,0.16588230062651585
11.073326273217623,10.55337232920219,10.902134167803235,-53.40360224060612,-10.733015863895957,-21.266984136104043,123.40360224060612,2354506.4320116797,17438.58678982933,15.733015863895957,15.733015863895957,0.16588230062651585
9.470526519300126,15.494953739358483,10.902134167803235,-53.40360224060612,-10.733015863895957,-21.266984136104043,123.40360224060612,2354506.4320116797,17438.58678982933,15.733015863895957,15.733015863895957,0.16588230062651585
11.672193520190705,14.614604185041863,10.902134167803235,-53.40360224060612,-10.733015863895957,-21.266984136104043,123.40360224060612,2354506.4320116797,17438.58678982933,15.733015863895957,15.733015863895957,0.16588230062651585
6.787480919647653,12.256713035258347,10.902134167803235,-53.40360224060612,-10.733015863895957,-21.266984136104043,123.40360224060612,2354506.4320116797,17438.58678982933,15.733015863895957,15.733015863895957,0.16588230062651585
10.821776772407064,20.73985740180514,10.902134167803235,-53.40360224060612,-10.733015863895957,-21.266984136104043,123.40360224060612,2354506.4320116797,17438.58678982933,15.733015863895957,15.733015863895957,0.16588230062651585
11.558039525381107,21.43810305050799,10.902134167803235,-53.40360224060612,-10.733015863895957,-21.266984136104043,123.40360224060612,2354506.4320116797,17438.58678982933,15.733015863895957,15.733015863895957,0.16588230062651585
9.57652121703369,10.044453377093063,10.902134167803235,-53.40360224060612,-10.733015863895957,-21.266984136104043,123.40360224060612,2354506.4320116797,17438.58678982933,15.733015863895957,15.733015863895957,0.16588230062651585
11.555529937586112,12.432256162381645,10.902134167803235,-53.40360224060612,-10.733015863895957,-21.266984136104043,123.40360224060612,2354506.4320116797,17438.58678982933,15.733015863895957,15.733015863895957,0.16588230062651585
11.553519406269427,13.607519764587622,10.902134167803235,-53.40360224060612,-10.733015863895957,-21.266984136104043,123.40360224060612,2354506.4320116797,17438.58678982933,15.733015863895957,15.733015863895957,0.16588230062651585
11.625940304329879,17.640147766332973,10.902134167803235,-53.40360224060612,-10.733015863895957,-21.266984136104043,123.40360224060612,2354506.4320116797,17438.58678982933,15.733015863895957,15.733015863895957,0.16588230062651585
11.374176798057249,12.736653422445553,10.902134167803235,-53.40360224060612,-10.733015863895957,-21.266984136104043,123.40360224060612,2354506.4320116797,17438.58678982933,15.733015863895957,15.733015863895957,0.16588230062651585
3.2930393649897853,17.75089628163594,10.902134167803235,-53.40360224060612,-10.733015863895957,-21.266984136104043,123.40360224060612,2354506.4320116797,17438.58678982933,15.733015863895957,15.733015863895957,0.16588230062651585
9.226366388721951,14.38375895259652,10.902134167803235,-53.40360224060612,-10.733015863895957,-21.266984136104043,123.40360224060612,2354506.4320116797,17438.58678982933,15.733015863895957,15.733015863895957,0.16588230062651585
8.890406593707509,13.166947509658172,10.902134167803235,-53.40360224060612,-10.733015863895957,-21.266984136104043,123.40360224060612,2354506.4320116797,17438.58678982933,15.733015863895957,15.733015863895957,0.16588230062651585
9.290598839896898,28.222671792631814,10.902134167803235,-53.40360224060612,-10.733015863895957,-21.266984136104043,123.40360224060612,2354506.4320116797,17438.58678982933,15.733015863895957,15.733015863895957,0.16588230062651585
10.404630650019381,15.357515912863718,10.902134167803235,-53.40360224060612,-10.733015863895957,-21.266984136104043,123.40360224060612,2354506.4320116797,17438.58678982933,15.733015863895957,15.733015863895957,0.16588230062651585
4.576476453464399,17.657952104329425,10.902134167803235,-53.40360224060612,-10.733015863895957,-21.266984136104043,123.40360224060612,2354506.4320116797,17438.58678982933,15.733015863895957,15.733015863895957,0.16588230062651585
7.185500478291971,22.775819466774294,10.902134167803235,-53.40360224060612,-10.733015863895957,-21.266984136104043,123.40360224060612,2354506.4320116797,17438.58678982933,15.733015863895957,15.733015863895957,0.16588230062651585
11.334568025149963,12.784009619522859,10.902134167803235,-53.40360224060612,-10.733015863895957,-21.266984136104043,123.40360224060612,2354506.4320116797,17438.58678982933,15.733015863895957,15.733015863895957,0.16588230062651585
3.4580633836156807,25.7591054622146,10.902134167803235,-53.40360224060612,-10.733015863895957,-21.266984136104043,123.40360224060612,2354506.4320116797,17438.58678982933,15.733015863895957,15.733015863895957,0.16588230062651585
10.65351221707665,17.797703929160484,10.902134167803235,-53.40360224060612,-10.733015863895957,-21.266984136104043,123.40360224060612,2354506.4320116797,17438.58678982933,15.733015863895957,15.733015863895957,0.16588230062651585
11.555319215125007,16.08483192312088,10.902134167803235,-53.40360224060612,-10.733015863895957,-21.266984136104043,123.40360224060612,2354506.4320116797,17438.58678982933,15.733015863895957,15.733015863895957,0.16588230062651585
11.421568785518359,17.30838238435529,10.902134167803235,-53.40360224060612,-10.733015863895957,-21.266984136104043,123.40360224060612,2354506.4320116797,17438.58678982933,15.733015863895957,15.733015863895957,0.16588230062651585
10.880435513910863,22.091546343179616,10.902134167803235,-53.40360224060612,-10.733015863895957,-21.266984136104043,123.40360224060612,2354506.4320116797,17438.58678982933,15.733015863895957,15.733015863895957,0.16588230062651585
8.78508682325311,22.102087630958728,10.902134167803235,-53.40360224060612,-10.733015863895957,-21.266984136104043,123.40360224060612,2354506.4320116797,17438.58678982933,15.733015863895957,15.733015863895957,0.16588230062651585
11.485201843972877,17.772121382027038,10.902134167803235,-53.40360224060612,-10.733015863895957,-21.266984136104043,123.40360224060612,2354506.4320116797,17438.58678982933,15.733015863895957,15.733015863895957,0.16588230062651585
10.623757208560214,13.3510717242538,10.902134167803235,-53.40360224060612,-10.733015863895957,-21.266984136104043,123.40360224060612,2354506.4320116797,17438.58678982933,15.733015863895957,15.733015863895957,0.16588230062651585
10.467426005598552,17.57213106359442,10.902134167803235,-53.40360224060612,-10.733015863895957,-21.266984136104043,123.40360224060612,2354506.4320116797,17438.58678982933,15.733015863895957,15.733015863895957,0.16588230062651585
11.613997899563586,10.023905408814272,10.902134167803235,-53.40360224060612,-10.733015863895957,-21.266984136104043,123.40360224060612,2354506.4320116797,17438.58678982933,15.733015863895957,15.733015863895957,0.16588230062651585
11.432954301327166,24.214719870001375,10.902134167803235,-53.40360224060612,-10.733015863895957,-21.266984136104043,123.40360224060612,2354506.4320116797,17438.58678982933,15.733015863895957,15.733015863895957,0.16588230062651585
11.589537066074866,16.289810629934593,10.902134167803235,-53.40360224060612,-10.733015863895957,-21.266984136104043,123.40360224060612,2354506.4320116797,17438.58678982933,15.733015863895957,15.733015863895957,0.16588230062651585
10.730167716696714,10.94293497629798,10.902134167803235,-53.40360224060612,-10.733015863895957,-21.266984136104043,123.40360224060612,2354506.4320116797,17438.58678982933,15.733015863895957,15.733015863895957,0.16588230062651585
11.39938815436243,24.971274523336078,10.902134167803235,-53.40360224060612,-10.733015863895957,-21.266984136104043,123.40360224060612,2354506.4320116797,17438.58678982933,15.733015863895957,15.733015863895957,0.16588230062651585
11.395654381708468,17.143801044706663,10.902134167803235,-53.40360224060612,-10.733015863895957,-21.266984136104043,123.40360224060612,2354506.4320116797,17438.58678982933,15.733015863895957,15.733015863895957,0.16588230062651585
8.865430793586366,15.321879987735663,10.902134167803235,-53.40360224060612,-10.733015863895957,-21.266984136104043,123.40360224060612,2354506.4320116797,17438.58678982933,15.733015863895957,15.733015863895957,0.16588230062651585
2.5628116552756657,14.971526553031165,10.902134167803235,-53.40360224060612,-10.733015863895957,-21.266984136104043,123.40360224060612,2354506.4320116797,17438.58678982933,15.733015863895957,15.733015863895957,0.16588230062651585
10.564404884674113,22.9322777222266,10.902134167803235,-53.40360224060612,-10.733015863895957,-21.266984136104043,123.40360224060612,2354506.4320116797,17438.58678982933,15.733015863895957,15.733015863895957,0.16588230062651585
2.214591947610052,15.64022386975109,10.902134167803235,-53.40360224060612,-10.733015863895957,-21.266984136104043,123.40360224060612,2354506.4320116797,17438.58678982933,15.733015863895957,15.733015863895957,0.16588230062651585
8.872097272134994,13.364507912553591,10.902134167803235,-53.40360224060612,-10.733015863895957,-21.266984136104043,123.40360224060612,2354506.4320116797,17438.58678982933,15.733015863895957,15.733015863895957,0.16588230062651585
10.862025631225515,19.769559140818174,10.902134167803235,-53.40360224060612,-10.733015863895957,-21.266984136104043,123.40360224060612,2354506.4320116797,17438.58678982933,15.733015863895957,15.733015863895957,0.16588230062651585
11.627070473275621,10.55337232920219,10.902134167803235,-53.40360224060612,-10.733015863895957,-21.266984136104043,123.40360224060612,2354506.4320116797,17438.58678982933,15.733015863895957,15.733015863895957,0.16588230062651585
9.470526519300126,14.264283353511786,10.902134167803235,-53.40360224060612,-10.733015863895957,-21.266984136104043,123.40360224060612,2354506.4320116797,17438.58678982933,15.733015863895957,15.733015863895957,0.16588230062651585
5.2157359656424775,18.931594362795153,10.902134167803235,-53.40360224060612,-10.733015863895957,-21.266984136104043,123.40360224060612,2354506.4320116797,17438.58678982933,15.733015863895957,15.733015863895957,0.16588230062651585
10.115533509989284,23.939167425701385,10.902134167803235,-53.40360224060612,-10.733015863895957,-21.266984136104043,123.40360224060612,2354506.4320116797,17438.58678982933,15.733015863895957,15.733015863895957,0.16588230062651585
11.025615616266496,14.295311054426964,10.902134167803235,-53.40360224060612,-10.733015863895957,-21.266984136104043,123.40360224060612,2354506.4320116797,17438.58678982933,15.733015863895957,15.733015863895957,0.16588230062651585
7.154716663323951,21.43810305050799,10.902134167803235,-53.40360224060612,-10.733015863895957,-21.266984136104043,123.40360224060612,2354506.4320116797,17438.58678982933,15.733015863895957,15.733015863895957,0.16588230062651585
10.366269972580438,20.586890021596083,10.902134167803235,-53.40360224060612,-10.733015863895957,-21.266984136104043,123.40360224060612,2354506.4320116797,17438.58678982933,15.733015863895957,15.733015863895957,0.16588230062651585
9.739943031108927,12.12435985072596,10.902134167803235,-53.40360224060612,-10.733015863895957,-21.266984136104043,123.40360224060612,2354506.4320116797,17438.58678982933,15.733015863895957,15.733015863895957,0.16588230062651585
6.105848154609243,17.658299266835073,10.902134167803235,-53.40360224060612,-10.733015863895957,-21.266984136104043,123.40360224060612,2354506.4320116797,17438.58678982933,15.733015863895957,15.733015863895957,0.16588230062651585
10.367344398962882,13.767409610157337,10.902134167803235,-53.40360224060612,-10.733015863895957,-21.266984136104043,123.40360224060612,2354506.4320116797,17438.58678982933,15.733015863895957,15.733015863895957,0.16588230062651585
11.52405548557384,16.659722270305828,10.902134167803235,-53.40360224060612,-10.733015863895957,-21.266984136104043,123.40360224060612,2354506.4320116797,17438.58678982933,15.733015863895957,15.733015863895957,0.16588230062651585
10.641441345533089,16.128937793507465,10.902134167803235,-53.40360224060612,-10.733015863895957,-21.266984136104043,123.40360224060612,2354506.4320116797,17438.58678982933,15.733015863895957,15.733015863895957,0.16588230062651585
11.674060799068588,14.38375895259652,10.902134167803235,-53.40360224060612,-10.733015863895957,-21.266984136104043,123.40360224060612,2354506.4320116797,17438.58678982933,15.733015863895957,15.733015863895957,0.16588230062651585
8.638301744520128,15.01723771571988,10.902134167803235,-53.40360224060612,-10.733015863895957,-21.266984136104043,123.40360224060612,2354506.4320116797,17438.58678982933,15.733015863895957,15.733015863895957,0.16588230062651585
11.655421271057142,28.222671792631814,10.902134167803235,-53.40360224060612,-10.733015863895957,-21.266984136104043,123.40360224060612,2354506.4320116797,17438.58678982933,15.733015863895957,15.733015863895957,0.16588230062651585
10.404630650019381,22.366821091152687,10.902134167803235,-53.40360224060612,-10.733015863895957,-21.266984136104043,123.40360224060612,2354506.4320116797,17438.58678982933,15.733015863895957,15.733015863895957,0.16588230062651585
9.589824279412667,13.424559225483875,10.902134167803235,-53.40360224060612,-10.733015863895957,-21.266984136104043,123.40360224060612,2354506.4320116797,17438.58678982933,15.733015863895957,15.733015863895957,0.16588230062651585
7.183872740520429,18.77345532426792,10.902134167803235,-53.40360224060612,-10.733015863895957,-21.266984136104043,123.40360224060612,2354506.4320116797,17438.58678982933,15.733015863895957,15.733015863895957,0.16588230062651585
9.701159316656359,19.289025481273185,10.902134167803235,-53.40360224060612,-10.733015863895957,-21.266984136104043,123.40360224060612,2354506.4320116797,17438.58678982933,15.733015863895957,15.733015863895957,0.16588230062651585
11.410468030967117,17.723162512383908,10.902134167803235,-53.40360224060612,-10.733015863895957,-21.266984136104043,123.40360224060612,2354506.4320116797,17438.58678982933,15.733015863895957,15.733015863895957,0.16588230062651585
10.65351221707665,22.849174966818033,10.902134167803235,-53.40360224060612,-10.733015863895957,-21.266984136104043,123.40360224060612,2354506.4320116797,17438.58678982933,15.733015863895957,15.733015863895957,0.16588230062651585
6.556069923799048,10.204347732143969,10.902134167803235,-53.40360224060612,-10.733015863895957,-21.266984136104043,123.40360224060612,2354506.4320116797,17438.58678982933,15.733015863895957,15.733015863895957,0.16588230062651585
11.38962851196173,17.30838238435529,10.902134167803235,-53.40360224060612,-10.733015863895957,-21.266984136104043,123.40360224060612,2354506.4320116797,17438.58678982933,15.733015863895957,15.733015863895957,0.16588230062651585
8.598724466287928,15.55143970964004,10.902134167803235,-53.40360224060612,-10.733015863895957,-21.266984136104043,123.40360224060612,2354506.4320116797,17438.58678982933,15.733015863895957,15.733015863895957,0.16588230062651585
11.316962442999971,20.297596862486202,10.902134167803235,-53.40360224060612,-10.733015863895957,-21.266984136104043,123.40360224060612,2354506.4320116797,17438.58678982933,15.733015863895957,15.733015863895957,0.16588230062651585
11.32354740724181,16.71847471289797,10.902134167803235,-53.40360224060612,-10.733015863895957,-21.266984136104043,123.40360224060612,2354506.4320116797,17438.58678982933,15.733015863895957,15.733015863895957,0.16588230062651585
2.6482629767359387,17.661856254622606,10.902134167803235,-53.40360224060612,-10.733015863895957,-21.266984136104043,123.40360224060612,2354506.4320116797,17438.58678982933,15.733015863895957,15.733015863895957,0.16588230062651585
11.646559183397317,17.765291172184618,10.902134167803235,-53.40360224060612,-10.733015863895957,-21.266984136104043,123.40360224060612,2354506.4320116797,17438.58678982933,15.733015863895957,15.733015863895957,0.16588230062651585
10.945482893962199,10.023905408814272,10.902134167803235,-53.40360224060612,-10.733015863895957,-21.266984136104043,123.40360224060612,2354506.4320116797,17438.58678982933,15.733015863895957,15.733015863895957,0.16588230062651585
11.616342829523253,24.214719870001375,10.902134167803235,-53.40360224060612,-10.733015863895957,-21.266984136104043,123.40360224060612,2354506.4320116797,17438.58678982933,15.733015863895957,15.733015863895957,0.16588230062651585
11.504382240189264,16.289810629934593,10.902134167803235,-53.40360224060612,-10.733015863895957,-21.266984136104043,123.40360224060612,2354506.4320116797,17438.58678982933,15.733015863895957,15.733015863895957,0.16588230062651585
8.005815362887493,11.868844436717744,10.902134167803235,-53.40360224060612,-10.733015863895957,-21.266984136104043,123.40360224060612,2354506.4320116797,17438.58678982933,15.733015863895957,15.733015863895957,0.16588230062651585
9.868975126567012,17.687062044458465,10.902134167803235,-53.40360224060612,-10.733015863895957,-21.266984136104043,123.40360224060612,2354506.4320116797,17438.58678982933,15.733015863895957,15.733015863895957,0.16588230062651585
10.916140551355625,17.143801044706663,10.902134167803235,-53.40360224060612,-10.733015863895957,-21.266984136104043,123.40360224060612,2354506.4320116797,17438.58678982933,15.733015863895957,15.733015863895957,0.16588230062651585
8.865430793586366,17.77006310649933,10.902134167803235,-53.40360224060612,-10.733015863895957,-21.266984136104043,123.40360224060612,2354506.4320116797,17438.58678982933,15.733015863895957,15.733015863895957,0.16588230062651585
9.626956020728315,22.402407466641378,10.902134167803235,-53.40360224060612,-10.733015863895957,-21.266984136104043,123.40360224060612,2354506.4320116797,17438.58678982933,15.733015863895957,15.733015863895957,0.16588230062651585
11.717126446774778,22.9322777222266,10.902134167803235,-53.40360224060612,-10.733015863895957,-21.266984136104043,123.40360224060612,2354506.4320116797,17438.58678982933,15.733015863895957,15.733015863895957,0.16588230062651585
2.214591947610052,12.965329431530158,10.902134167803235,-53.40360224060612,-10.733015863895957,-21.266984136104043,123.40360224060612,2354506.4320116797,17438.58678982933,15.733015863895957,15.733015863895957,0.16588230062651585
10.070478654529234,19.416653322536845,10.902134167803235,-53.40360224060612,-10.733015863895957,-21.266984136104043,123.40360224060612,2354506.4320116797,17438.58678982933,15.733015863895957,15.733015863895957,0.16588230062651585
4.23056788605353,17.55709278290132,10.902134167803235,-53.40360224060612,-10.733015863895957,-21.266984136104043,123.40360224060612,2354506.4320116797,17438.58678982933,15.733015863895957,15.733015863895957,0.16588230062651585
10.516788989867148,20.145946166129733,10.902134167803235,-53.40360224060612,-10.733015863895957,-21.266984136104043,123.40360224060612,2354506.4320116797,17438.58678982933,15.733015863895957,15.733015863895957,0.16588230062651585
9.470526519300126,19.69251306944735,10.902134167803235,-53.40360224060612,-10.733015863895957,-21.266984136104043,123.40360224060612,2354506.4320116797,17438.58678982933,15.733015863895957,15.733015863895957,0.16588230062651585
11.67501435678441,14.614604185041863,10.902134167803235,-53.40360224060612,-10.733015863895957,-21.266984136104043,123.40360224060612,2354506.4320116797,17438.58678982933,15.733015863895957,15.733015863895957,0.16588230062651585
6.787480919647653,12.863460031611627,10.902134167803235,-53.40360224060612,-10.733015863895957,-21.266984136104043,123.40360224060612,2354506.4320116797,17438.58678982933,15.733015863895957,15.733015863895957,0.16588230062651585
11.588223944775375,20.73985740180514,10.902134167803235,-53.40360224060612,-10.733015863895957,-21.266984136104043,123.40360224060612,2354506.4320116797,17438.58678982933,15.733015863895957,15.733015863895957,0.16588230062651585
10.604576869840741,21.43810305050799,10.902134167803235,-53.40360224060612,-10.733015863895957,-21.266984136104043,123.40360224060612,2354506.4320116797,17438.58678982933,15.733015863895957,15.733015863895957,0.16588230062651585
10.366269972580438,13.939953296487055,10.902134167803235,-53.40360224060612,-10.733015863895957,-21.266984136104043,123.40360224060612,2354506.4320116797,17438.58678982933,15.733015863895957,15.733015863895957,0.16588230062651585
7.164676027639947,12.432256162381645,10.902134167803235,-53.40360224060612,-10.733015863895957,-21.266984136104043,123.40360224060612,2354506.4320116797,17438.58678982933,15.733015863895957,15.733015863895957,0.16588230062651585
9.930819144098313,18.62114936149551,10.902134167803235,-53.40360224060612,-10.733015863895957,-21.266984136104043,123.40360224060612,2354506.4320116797,17438.58678982933,15.733015863895957,15.733015863895957,0.16588230062651585
10.763315866443738,13.96788026054179,10.902134167803235,-53.40360224060612,-10.733015863895957,-21.266984136104043,123.40360224060612,2354506.4320116797,17438.58678982933,15.733015863895957,15.733015863895957,0.16588230062651585
7.32575914586444,16.659722270305828,10.902134167803235,-53.40360224060612,-10.733015863895957,-21.266984136104043,123.40360224060612,2354506.4320116797,17438.58678982933,15.733015863895957,15.733015863895957,0.16588230062651585
11.612164062937161,18.046997035016574,10.902134167803235,-53.40360224060612,-10.733015863895957,-21.266984136104043,123.40360224060612,2354506.4320116797,17438.58678982933,15.733015863895957,15.733015863895957,0.16588230062651585
11.514659142288426,14.38375895259652,10.902134167803235,-53.40360224060612,-10.733015863895957,-21.266984136104043,123.40360224060612,2354506.4320116797,17438.58678982933,15.733015863895957,15.733015863895957,0.16588230062651585
8.890406593707509,13.993204765404343,10.902134167803235,-53.40360224060612,-10.733015863895957,-21.266984136104043,123.40360224060612,2354506.4320116797,17438.58678982933,15.733015863895957,15.733015863895957,0.16588230062651585
10.766640629181119,13.43609457225089,10.902134167803235,-53.40360224060612,-10.733015863895957,-21.266984136104043,123.40360224060612,2354506.4320116797,17438.58678982933,15.733015863895957,15.733015863895957,0.16588230062651585
10.404630650019381,15.678639714357985,10.902134167803235,-53.40360224060612,-10.733015863895957,-21.266984136104043,123.40360224060612,2354506.4320116797,17438.58678982933,15.733015863895957,15.733015863895957,0.16588230062651585
4.576476453464399,18.663615386581633,10.902134167803235,-53.40360224060612,-10.733015863895957,-21.266984136104043,123.40360224060612,2354506.4320116797,17438.58678982933,15.733015863895957,15.733015863895957,0.16588230062651585
11.422194412911331,22.775819466774294,10.902134167803235,-53.40360224060612,-10.733015863895957,-21.266984136104043,123.40360224060612,2354506.4320116797,17438.58678982933,15.733015863895957,15.733015863895957,0.16588230062651585
11.622824221063961,12.784009619522859,10.902134167803235,-53.40360224060612,-10.733015863895957,-21.266984136104043,123.40360224060612,2354506.4320116797,17438.58678982933,15.733015863895957,15.733015863895957,0.16588230062651585
11.6310186273593,23.038393934005427,10.902134167803235,-53.40360224060612,-10.733015863895957,-21.266984136104043,123.40360224060612,2354506.4320116797,17438.58678982933,15.733015863895957,15.733015863895957,0.16588230062651585
11.4000097690006,20.72113991846902,10.902134167803235,-53.40360224060612,-10.733015863895957,-21.266984136104043,123.40360224060612,2354506.4320116797,17438.58678982933,15.733015863895957,15.733015863895957,0.16588230062651585
11.67216608338214,16.08483192312088,10.902134167803235,-53.40360224060612,-10.733015863895957,-21.266984136104043,123.40360224060612,2354506.4320116797,17438.58678982933,15.733015863895957,15.733015863895957,0.16588230062651585
10.75913824575565,21.998065540993807,10.902134167803235,-53.40360224060612,-10.733015863895957,-21.266984136104043,123.40360224060612,2354506.4320116797,17438.58678982933,15.733015863895957,15.733015863895957,0.16588230062651585
11.710364120863964,15.55143970964004,10.902134167803235,-53.40360224060612,-10.733015863895957,-21.266984136104043,123.40360224060612,2354506.4320116797,17438.58678982933,15.733015863895957,15.733015863895957,0.16588230062651585
8.78508682325311,14.787970169634296,10.902134167803235,-53.40360224060612,-10.733015863895957,-21.266984136104043,123.40360224060612,2354506.4320116797,17438.58678982933,15.733015863895957,15.733015863895957,0.16588230062651585
10.439810972033179,17.772121382027038,10.902134167803235,-53.40360224060612,-10.733015863895957,-21.266984136104043,123.40360224060612,2354506.4320116797,17438.58678982933,15.733015863895957,15.733015863895957,0.16588230062651585
11.502496414161799,13.3510717242538,10.902134167803235,-53.40360224060612,-10.733015863895957,-21.266984136104043,123.40360224060612,2354506.4320116797,17438.58678982933,15.733015863895957,15.733015863895957,0.16588230062651585
10.467426005598552,18.8847456562411,10.902134167803235,-53.40360224060612,-10.733015863895957,-21.266984136104043,123.40360224060612,2354506.4320116797,17438.58678982933,15.733015863895957,15.733015863895957,0.16588230062651585
11.695697190309902,10.023905408814272,10.902134167803235,-53.40360224060612,-10.733015863895957,-21.266984136104043,123.40360224060612,2354506.4320116797,17438.58678982933,15.733015863895957,15.733015863895957,0.16588230062651585
8.300004120699578,16.069051681941648,10.902134167803235,-53.40360224060612,-10.733015863895957,-21.266984136104043,123.40360224060612,2354506.4320116797,17438.58678982933,15.733015863895957,15.733015863895957,0.16588230062651585
4.540069800492826,12.433165944399008,10.902134167803235,-53.40360224060612,-10.733015863895957,-21.266984136104043,123.40360224060612,2354506.4320116797,17438.58678982933,15.733015863895957,15.733015863895957,0.16588230062651585
7.767297220834625,22.849174966818033,10.902134167803235,-53.40360224060612,-10.733015863895957,-21.266984136104043,123.40360224060612,2354506.4320116797,17438.58678982933,15.733015863895957,15.733015863895957,0.16588230062651585
11.557831472185368,24.971274523336078,10.902134167803235,-53.40360224060612,-10.733015863895957,-21.266984136104043,123.40360224060612,2354506.4320116797,17438.58678982933,15.733015863895957,15.733015863895957,0.16588230062651585
10.259668348330218,17.143801044706663,10.902134167803235,-53.40360224060612,-10.733015863895957,-21.266984136104043,123.40360224060612,2354506.4320116797,17438.58678982933,15.733015863895957,15.733015863895957,0.16588230062651585
9.532429687713602,15.565100129324883,10.902134167803235,-53.40360224060612,-10.733015863895957,-21.266984136104043,123.40360224060612,2354506.4320116797,17438.58678982933,15.733015863895957,15.733015863895957,0.16588230062651585
2.5628116552756657,19.717770868540065,10.902134167803235,-53.40360224060612,-10.733015863895957,-21.266984136104043,123.40360224060612,2354506.4320116797,17438.58678982933,15.733015863895957,15.733015863895957,0.16588230062651585
11.707491286734589,15.912928696395603,10.902134167803235,-53.40360224060612,-10.733015863895957,-21.266984136104043,123.40360224060612,2354506.4320116797,17438.58678982933,15.733015863895957,15.733015863895957,0.16588230062651585
2.214591947610052,18.09955554726905,10.902134167803235,-53.40360224060612,-10.733015863895957,-21.266984136104043,123.40360224060612,2354506.4320116797,17438.58678982933,15.733015863895957,15.733015863895957,0.16588230062651585
10.784538699429998,19.416653322536845,10.902134167803235,-53.40360224060612,-10.733015863895957,-21.266984136104043,123.40360224060612,2354506.4320116797,17438.58678982933,15.733015863895957,15.733015863895957,0.16588230062651585
4.23056788605353,21.771468995785547,10.902134167803235,-53.40360224060612,-10.733015863895957,-21.266984136104043,123.40360224060612,2354506.4320116797,17438.58678982933,15.733015863895957,15.733015863895957,0.16588230062651585
10.516788989867148,12.334912399967582,10.902134167803235,-53.40360224060612,-10.733015863895957,-21.266984136104043,123.40360224060612,2354506.4320116797,17438.58678982933,15.733015863895957,15.733015863895957,0.16588230062651585
9.470526519300126,17.190506747104195,10.902134167803235,-53.40360224060612,-10.733015863895957,-21.266984136104043,123.40360224060612,2354506.4320116797,17438.58678982933,15.733015863895957,15.733015863895957,0.16588230062651585
5.2157359656424775,16.768071005048874,10.902134167803235,-53.40360224060612,-10.733015863895957,-21.266984136104043,123.40360224060612,2354506.4320116797,17438.58678982933,15.733015863895957,15.733015863895957,0.16588230062651585
6.787480919647653,13.601673672071591,10.902134167803235,-53.40360224060612,-10.733015863895957,-21.266984136104043,123.40360224060612,2354506.4320116797,17438.58678982933,15.733015863895957,15.733015863895957,0.16588230062651585
11.398455443253113,20.73985740180514,10.902134167803235,-53.40360224060612,-10.733015863895957,-21.266984136104043,123.40360224060612,2354506.4320116797,17438.58678982933,15.733015863895957,15.733015863895957,0.16588230062651585
7.571319059657564,18.531474370977364,10.902134167803235,-53.40360224060612,-10.733015863895957,-21.266984136104043,123.40360224060612,2354506.4320116797,17438.58678982933,15.733015863895957,15.733015863895957,0.16588230062651585
10.366269972580438,17.64080482625367,10.902134167803235,-53.40360224060612,-10.733015863895957,-21.266984136104043,123.40360224060612,2354506.4320116797,17438.58678982933,15.733015863895957,15.733015863895957,0.16588230062651585
2.135374401795481,15.716040524893721,10.902134167803235,-53.40360224060612,-10.733015863895957,-21.266984136104043,123.40360224060612,2354506.4320116797,17438.58678982933,15.733015863895957,15.733015863895957,0.16588230062651585
6.105848154609243,16.394787142513216,10.902134167803235,-53.40360224060612,-10.733015863895957,-21.266984136104043,123.40360224060612,2354506.4320116797,17438.58678982933,15.733015863895957,15.733015863895957,0.16588230062651585
10.763315866443738,15.648997406320259,10.902134167803235,-53.40360224060612,-10.733015863895957,-21.266984136104043,123.40360224060612,2354506.4320116797,17438.58678982933,15.733015863895957,15.733015863895957,0.16588230062651585
11.449436306700605,16.659722270305828,10.902134167803235,-53.40360224060612,-10.733015863895957,-21.266984136104043,123.40360224060612,2354506.4320116797,17438.58678982933,15.733015863895957,15.733015863895957,0.16588230062651585
3.2930393649897853,15.395123840473428,10.902134167803235,-53.40360224060612,-10.733015863895957,-21.266984136104043,123.40360224060612,2354506.4320116797,17438.58678982933,15.733015863895957,15.733015863895957,0.16588230062651585
8.666435930887637,14.38375895259652,10.902134167803235,-53.40360224060612,-10.733015863895957,-21.266984136104043,123.40360224060612,2354506.4320116797,17438.58678982933,15.733015863895957,15.733015863895957,0.16588230062651585
11.405574475846834,17.548593702698525,10.902134167803235,-53.40360224060612,-10.733015863895957,-21.266984136104043,123.40360224060612,2354506.4320116797,17438.58678982933,15.733015863895957,15.733015863895957,0.16588230062651585
11.549827986061407,28.222671792631814,10.902134167803235,-53.40360224060612,-10.733015863895957,-21.266984136104043,123.40360224060612,2354506.4320116797,17438.58678982933,15.733015863895957,15.733015863895957,0.16588230062651585
11.376265608401294,19.87181462159375,10.902134167803235,-53.40360224060612,-10.733015863895957,-21.266984136104043,123.40360224060612,2354506.4320116797,17438.58678982933,15.733015863895957,15.733015863895957,0.16588230062651585
4.576476453464399,16.814757059787926,10.902134167803235,-53.40360224060612,-10.733015863895957,-21.266984136104043,123.40360224060612,2354506.4320116797,17438.58678982933,15.733015863895957,15.733015863895957,0.16588230062651585
6.080595345126913,18.24999077486116,10.902134167803235,-53.40360224060612,-10.733015863895957,-21.266984136104043,123.40360224060612,2354506.4320116797,17438.58678982933,15.733015863895957,15.733015863895957,0.16588230062651585
9.701159316656359,17.008845094657246,10.902134167803235,-53.40360224060612,-10.733015863895957,-21.266984136104043,123.40360224060612,2354506.4320116797,17438.58678982933,15.733015863895957,15.733015863895957,0.16588230062651585
3.4580633836156807,14.113268083386881,10.902134167803235,-53.40360224060612,-10.733015863895957,-21.266984136104043,123.40360224060612,2354506.4320116797,17438.58678982933,15.733015863895957,15.733015863895957,0.16588230062651585
10.65351221707665,18.417534470150706,10.902134167803235,-53.40360224060612,-10.733015863895957,-21.266984136104043,123.40360224060612,2354506.4320116797,17438.58678982933,15.733015863895957,15.733015863895957,0.16588230062651585
11.180453638488682,16.08483192312088,10.902134167803235,-53.40360224060612,-10.733015863895957,-21.266984136104043,123.40360224060612,2354506.4320116797,17438.58678982933,15.733015863895957,15.733015863895957,0.16588230062651585
10.75913824575565,18.767716013507396,10.902134167803235,-53.40360224060612,-10.733015863895957,-21.266984136104043,123.40360224060612,2354506.4320116797,17438.58678982933,15.733015863895957,15.733015863895957,0.16588230062651585
9.96777240324752,15.55143970964004,10.902134167803235,-53.40360224060612,-10.733015863895957,-21.266984136104043,123.40360224060612,2354506.4320116797,17438.58678982933,15.733015863895957,15.733015863895957,0.16588230062651585
11.580681552213404,20.297596862486202,10.902134167803235,-53.40360224060612,-10.733015863895957,-21.266984136104043,123.40360224060612,2354506.4320116797,17438.58678982933,15.733015863895957,15.733015863895957,0.16588230062651585
11.485575147635966,17.772121382027038,10.902134167803235,-53.40360224060612,-10.733015863895957,-21.266984136104043,123.40360224060612,2354506.4320116797,17438.58678982933,15.733015863895957,15.733015863895957,0.16588230062651585
2.6482629767359387,20.53383025691221,10.902134167803235,-53.40360224060612,-10.733015863895957,-21.266984136104043,123.40360224060612,2354506.4320116797,17438.58678982933,15.733015863895957,15.733015863895957,0.16588230062651585
10.15362577222279,17.765291172184618,10.902134167803235,-53.40360224060612,-10.733015863895957,-21.266984136104043,123.40360224060612,2354506.4320116797,17438.58678982933,15.733015863895957,15.733015863895957,0.16588230062651585
11.456688807370197,10.023905408814272,10.902134167803235,-53.40360224060612,-10.733015863895957,-21.266984136104043,123.40360224060612,2354506.4320116797,17438.58678982933,15.733015863895957,15.733015863895957,0.16588230062651585
11.388648091630905,24.214719870001375,10.902134167803235,-53.40360224060612,-10.733015863895957,-21.266984136104043,123.40360224060612,2354506.4320116797,17438.58678982933,15.733015863895957,15.733015863895957,0.16588230062651585
10.62157596231213,16.289810629934593,10.902134167803235,-53.40360224060612,-10.733015863895957,-21.266984136104043,123.40360224060612,2354506.4320116797,17438.58678982933,15.733015863895957,15.733015863895957,0.16588230062651585
11.69992650390401,11.868844436717744,10.902134167803235,-53.40360224060612,-10.733015863895957,-21.266984136104043,123.40360224060612,2354506.4320116797,17438.58678982933,15.733015863895957,15.733015863895957,0.16588230062651585
9.868975126567012,12.897378123363701,10.902134167803235,-53.40360224060612,-10.733015863895957,-21.266984136104043,123.40360224060612,2354506.4320116797,17438.58678982933,15.733015863895957,15.733015863895957,0.16588230062651585
11.42461346322503,17.143801044706663,10.902134167803235,-53.40360224060612,-10.733015863895957,-21.266984136104043,123.40360224060612,2354506.4320116797,17438.58678982933,15.733015863895957,15.733015863895957,0.16588230062651585
8.865430793586366,21.322003890635585,10.902134167803235,-53.40360224060612,-10.733015863895957,-21.266984136104043,123.40360224060612,2354506.4320116797,17438.58678982933,15.733015863895957,15.733015863895957,0.16588230062651585
11.53095819674842,22.402407466641378,10.902134167803235,-53.40360224060612,-10.733015863895957,-21.266984136104043,123.40360224060612,2354506.4320116797,17438.58678982933,15.733015863895957,15.733015863895957,0.16588230062651585
6.438514917259214,12.465858412275153,10.902134167803235,-53.40360224060612,-10.733015863895957,-21.266984136104043,123.40360224060612,2354506.4320116797,17438.58678982933,15.733015863895957,15.733015863895957,0.16588230062651585
2.214591947610052,19.920093718975806,10.902134167803235,-53.40360224060612,-10.733015863895957,-21.266984136104043,123.40360224060612,2354506.4320116797,17438.58678982933,15.733015863895957,15.733015863895957,0.16588230062651585
11.413785570964535,19.416653322536845,10.902134167803235,-53.40360224060612,-10.733015863895957,-21.266984136104043,123.40360224060612,2354506.4320116797,17438.58678982933,15.733015863895957,15.733015863895957,0.16588230062651585
4.23056788605353,12.849544767346572,10.902134167803235,-53.40360224060612,-10.733015863895957,-21.266984136104043,123.40360224060612,2354506.4320116797,17438.58678982933,15.733015863895957,15.733015863895957,0.16588230062651585
10.516788989867148,13.708083797651181,10.902134167803235,-53.40360224060612,-10.733015863895957,-21.266984136104043,123.40360224060612,2354506.4320116797,17438.58678982933,15.733015863895957,15.733015863895957,0.16588230062651585
9.290598839896898,15.31192271630809,10.902134167803235,-53.40360224060612,-10.733015863895957,-21.266984136104043,123.40360224060612,2354506.4320116797,17438.58678982933,15.733015863895957,15.733015863895957,0.16588230062651585
5.2157359656424775,17.271497500923033,10.902134167803235,-53.40360224060612,-10.733015863895957,-21.266984136104043,123.40360224060612,2354506.4320116797,17438.58678982933,15.733015863895957,15.733015863895957,0.16588230062651585
6.787480919647653,12.736653422445553,10.902134167803235,-53.40360224060612,-10.733015863895957,-21.266984136104043,123.40360224060612,2354506.4320116797,17438.58678982933,15.733015863895957,15.733015863895957,0.16588230062651585
11.55589388091314,20.73985740180514,10.902134167803235,-53.40360224060612,-10.733015863895957,-21.266984136104043,123.40360224060612,2354506.4320116797,17438.58678982933,15.733015863895957,15.733015863895957,0.16588230062651585
11.547131081762684,21.43810305050799,10.902134167803235,-53.40360224060612,-10.733015863895957,-21.266984136104043,123.40360224060612,2354506.4320116797,17438.58678982933,15.733015863895957,15.733015863895957,0.16588230062651585
10.843098523163558,10.044453377093063,10.902134167803235,-53.40360224060612,-10.733015863895957,-21.266984136104043,123.40360224060612,2354506.4320116797,17438.58678982933,15.733015863895957,15.733015863895957,0.16588230062651585
11.106685407455846,13.2506793992764,10.902134167803235,-53.40360224060612,-10.733015863895957,-21.266984136104043,123.40360224060612,2354506.4320116797,17438.58678982933,15.733015863895957,15.733015863895957,0.16588230062651585
6.105848154609243,16.395703409471814,10.902134167803235,-53.40360224060612,-10.733015863895957,-21.266984136104043,123.40360224060612,2354506.4320116797,17438.58678982933,15.733015863895957,15.733015863895957,0.16588230062651585
11.416902458787385,13.767409610157337,10.902134167803235,-53.40360224060612,-10.733015863895957,-21.266984136104043,123.40360224060612,2354506.4320116797,17438.58678982933,15.733015863895957,15.733015863895957,0.16588230062651585
11.374176798057249,17.92587511545662,10.902134167803235,-53.40360224060612,-10.733015863895957,-21.266984136104043,123.40360224060612,2354506.4320116797,17438.58678982933,15.733015863895957,15.733015863895957,0.16588230062651585
8.47928003849923,18.046997035016574,10.902134167803235,-53.40360224060612,-10.733015863895957,-21.266984136104043,123.40360224060612,2354506.4320116797,17438.58678982933,15.733015863895957,15.733015863895957,0.16588230062651585
6.3002700892778485,20.172453456634557,10.902134167803235,-53.40360224060612,-10.733015863895957,-21.266984136104043,123.40360224060612,2354506.4320116797,17438.58678982933,15.733015863895957,15.733015863895957,0.16588230062651585
11.496452551506575,17.548593702698525,10.902134167803235,-53.40360224060612,-10.733015863895957,-21.266984136104043,123.40360224060612,2354506.4320116797,17438.58678982933,15.733015863895957,15.733015863895957,0.16588230062651585
10.766640629181119,11.869119271319427,10.902134167803235,-53.40360224060612,-10.733015863895957,-21.266984136104043,123.40360224060612,2354506.4320116797,17438.58678982933,15.733015863895957,15.733015863895957,0.16588230062651585
10.400592162042912,21.111166125696442,10.902134167803235,-53.40360224060612,-10.733015863895957,-21.266984136104043,123.40360224060612,2354506.4320116797,17438.58678982933,15.733015863895957,15.733015863895957,0.16588230062651585
11.492616249699934,13.424559225483875,10.902134167803235,-53.40360224060612,-10.733015863895957,-21.266984136104043,123.40360224060612,2354506.4320116797,17438.58678982933,15.733015863895957,15.733015863895957,0.16588230062651585
9.38834813500325,22.775819466774294,10.902134167803235,-53.40360224060612,-10.733015863895957,-21.266984136104043,123.40360224060612,2354506.4320116797,17438.58678982933,15.733015863895957,15.733015863895957,0.16588230062651585
9.701159316656359,20.804164148349514,10.902134167803235,-53.40360224060612,-10.733015863895957,-21.266984136104043,123.40360224060612,2354506.4320116797,17438.58678982933,15.733015863895957,15.733015863895957,0.16588230062651585
11.078975561553284,22.092337887677182,10.902134167803235,-53.40360224060612,-10.733015863895957,-21.266984136104043,123.40360224060612,2354506.4320116797,17438.58678982933,15.733015863895957,15.733015863895957,0.16588230062651585
7.9552676023036115,20.72113991846902,10.902134167803235,-53.40360224060612,-10.733015863895957,-21.266984136104043,123.40360224060612,2354506.4320116797,17438.58678982933,15.733015863895957,15.733015863895957,0.16588230062651585
6.556069923799048,16.405262794251264,10.902134167803235,-53.40360224060612,-10.733015863895957,-21.266984136104043,123.40360224060612,2354506.4320116797,17438.58678982933,15.733015863895957,15.733015863895957,0.16588230062651585
11.074962174474683,17.30838238435529,10.902134167803235,-53.40360224060612,-10.733015863895957,-21.266984136104043,123.40360224060612,2354506.4320116797,17438.58678982933,15.733015863895957,15.733015863895957,0.16588230062651585
10.880435513910863,19.555206032747478,10.902134167803235,-53.40360224060612,-10.733015863895957,-21.266984136104043,123.40360224060612,2354506.4320116797,17438.58678982933,15.733015863895957,15.733015863895957,0.16588230062651585
8.78508682325311,18.974865312612998,10.902134167803235,-53.40360224060612,-10.733015863895957,-21.266984136104043,123.40360224060612,2354506.4320116797,17438.58678982933,15.733015863895957,15.733015863895957,0.16588230062651585
11.291664788744301,17.772121382027038,10.902134167803235,-53.40360224060612,-10.733015863895957,-21.266984136104043,123.40360224060612,2354506.4320116797,17438.58678982933,15.733015863895957,15.733015863895957,0.16588230062651585
11.650018013180599,13.3510717242538,10.902134167803235,-53.40360224060612,-10.733015863895957,-21.266984136104043,123.40360224060612,2354506.4320116797,17438.58678982933,15.733015863895957,15.733015863895957,0.16588230062651585
11.612053308089527,18.37702768288733,10.902134167803235,-53.40360224060612,-10.733015863895957,-21.266984136104043,123.40360224060612,2354506.4320116797,17438.58678982933,15.733015863895957,15.733015863895957,0.16588230062651585
1.9472684317458353,15.060067258357705,10.902134167803235,-53.40360224060612,-10.733015863895957,-21.266984136104043,123.40360224060612,2354506.4320116797,17438.58678982933,15.733015863895957,15.733015863895957,0.16588230062651585
10.98190825280243,24.214719870001375,10.902134167803235,-53.40360224060612,-10.733015863895957,-21.266984136104043,123.40360224060612,2354506.4320116797,17438.58678982933,15.733015863895957,15.733015863895957,0.16588230062651585
10.956312536522253,14.559672353703693,10.902134167803235,-53.40360224060612,-10.733015863895957,-21.266984136104043,123.40360224060612,2354506.4320116797,17438.58678982933,15.733015863895957,15.733015863895957,0.16588230062651585
8.670493093071906,11.868844436717744,10.902134167803235,-53.40360224060612,-10.733015863895957,-21.266984136104043,123.40360224060612,2354506.4320116797,17438.58678982933,15.733015863895957,15.733015863895957,0.16588230062651585
9.868975126567012,15.568548258975717,10.902134167803235,-53.40360224060612,-10.733015863895957,-21.266984136104043,123.40360224060612,2354506.4320116797,17438.58678982933,15.733015863895957,15.733015863895957,0.16588230062651585
10.470975140334948,18.723638714902364,10.902134167803235,-53.40360224060612,-10.733015863895957,-21.266984136104043,123.40360224060612,2354506.4320116797,17438.58678982933,15.733015863895957,15.733015863895957,0.16588230062651585
8.231600012157184,20.94049058955207,10.902134167803235,-53.40360224060612,-10.733015863895957,-21.266984136104043,123.40360224060612,2354506.4320116797,17438.58678982933,15.733015863895957,15.733015863895957,0.16588230062651585
11.520121291947186,22.402407466641378,10.902134167803235,-53.40360224060612,-10.733015863895957,-21.266984136104043,123.40360224060612,2354506.4320116797,17438.58678982933,15.733015863895957,15.733015863895957,0.16588230062651585
6.438514917259214,18.092347972531186,10.902134167803235,-53.40360224060612,-10.733015863895957,-21.266984136104043,123.40360224060612,2354506.4320116797,17438.58678982933,15.733015863895957,15.733015863895957,0.16588230062651585
11.59803229493724,20.212664812313953,10.902134167803235,-53.40360224060612,-10.733015863895957,-21.266984136104043,123.40360224060612,2354506.4320116797,17438.58678982933,15.733015863895957,15.733015863895957,0.16588230062651585
8.872097272134994,13.983086706612276,10.902134167803235,-53.40360224060612,-10.733015863895957,-21.266984136104043,123.40360224060612,2354506.4320116797,17438.58678982933,15.733015863895957,15.733015863895957,0.16588230062651585
4.23056788605353,17.658299266835073,10.902134167803235,-53.40360224060612,-10.733015863895957,-21.266984136104043,123.40360224060612,2354506.4320116797,17438.58678982933,15.733015863895957,15.733015863895957,0.16588230062651585
11.510320399720065,10.55337232920219,10.902134167803235,-53.40360224060612,-10.733015863895957,-21.266984136104043,123.40360224060612,2354506.4320116797,17438.58678982933,15.733015863895957,15.733015863895957,0.16588230062651585
11.516581555813358,15.31192271630809,10.902134167803235,-53.40360224060612,-10.733015863895957,-21.266984136104043,123.40360224060612,2354506.4320116797,17438.58678982933,15.733015863895957,15.733015863895957,0.16588230062651585
5.2157359656424775,16.336041636373967,10.902134167803235,-53.40360224060612,-10.733015863895957,-21.266984136104043,123.40360224060612,2354506.4320116797,17438.58678982933,15.733015863895957,15.733015863895957,0.16588230062651585
6.787480919647653,15.053676094661867,10.902134167803235,-53.40360224060612,-10.733015863895957,-21.266984136104043,123.40360224060612,2354506.4320116797,17438.58678982933,15.733015863895957,15.733015863895957,0.16588230062651585
11.025615616266496,14.971526553031165,10.902134167803235,-53.40360224060612,-10.733015863895957,-21.266984136104043,123.40360224060612,2354506.4320116797,17438.58678982933,15.733015863895957,15.733015863895957,0.16588230062651585
7.571319059657564,13.124262857658472,10.902134167803235,-53.40360224060612,-10.733015863895957,-21.266984136104043,123.40360224060612,2354506.4320116797,17438.58678982933,15.733015863895957,15.733015863895957,0.16588230062651585
11.454799575921006,10.044453377093063,10.902134167803235,-53.40360224060612,-10.733015863895957,-21.266984136104043,123.40360224060612,2354506.4320116797,17438.58678982933,15.733015863895957,15.733015863895957,0.16588230062651585
2.135374401795481,18.658663051319465,10.902134167803235,-53.40360224060612,-10.733015863895957,-21.266984136104043,123.40360224060612,2354506.4320116797,17438.58678982933,15.733015863895957,15.733015863895957,0.16588230062651585
10.031625605033957,15.561994742024936,10.902134167803235,-53.40360224060612,-10.733015863895957,-21.266984136104043,123.40360224060612,2354506.4320116797,17438.58678982933,15.733015863895957,15.733015863895957,0.16588230062651585
11.55878555333109,13.767409610157337,10.902134167803235,-53.40360224060612,-10.733015863895957,-21.266984136104043,123.40360224060612,2354506.4320116797,17438.58678982933,15.733015863895957,15.733015863895957,0.16588230062651585
11.374176798057249,18.129091723146225,10.902134167803235,-53.40360224060612,-10.733015863895957,-21.266984136104043,123.40360224060612,2354506.4320116797,17438.58678982933,15.733015863895957,15.733015863895957,0.16588230062651585
10.52090987146371,18.046997035016574,10.902134167803235,-53.40360224060612,-10.733015863895957,-21.266984136104043,123.40360224060612,2354506.4320116797,17438.58678982933,15.733015863895957,15.733015863895957,0.16588230062651585
11.383331458843507,14.38375895259652,10.902134167803235,-53.40360224060612,-10.733015863895957,-21.266984136104043,123.40360224060612,2354506.4320116797,17438.58678982933,15.733015863895957,15.733015863895957,0.16588230062651585
8.890406593707509,17.824490801253177,10.902134167803235,-53.40360224060612,-10.733015863895957,-21.266984136104043,123.40360224060612,2354506.4320116797,17438.58678982933,15.733015863895957,15.733015863895957,0.16588230062651585
11.63625894834924,28.222671792631814,10.902134167803235,-53.40360224060612,-10.733015863895957,-21.266984136104043,123.40360224060612,2354506.4320116797,17438.58678982933,15.733015863895957,15.733015863895957,0.16588230062651585
10.404630650019381,12.79588826783884,10.902134167803235,-53.40360224060612,-10.733015863895957,-21.266984136104043,123.40360224060612,2354506.4320116797,17438.58678982933,15.733015863895957,15.733015863895957,0.16588230062651585
8.505580565345292,13.424559225483875,10.902134167803235,-53.40360224060612,-10.733015863895957,-21.266984136104043,123.40360224060612,2354506.4320116797,17438.58678982933,15.733015863895957,15.733015863895957,0.16588230062651585
11.61296234292068,22.775819466774294,10.902134167803235,-53.40360224060612,-10.733015863895957,-21.266984136104043,123.40360224060612,2354506.4320116797,17438.58678982933,15.733015863895957,15.733015863895957,0.16588230062651585
9.701159316656359,18.03818779642134,10.902134167803235,-53.40360224060612,-10.733015863895957,-21.266984136104043,123.40360224060612,2354506.4320116797,17438.58678982933,15.733015863895957,15.733015863895957,0.16588230062651585
3.4580633836156807,18.236620179195597,10.902134167803235,-53.40360224060612,-10.733015863895957,-21.266984136104043,123.40360224060612,2354506.4320116797,17438.58678982933,15.733015863895957,15.733015863895957,0.16588230062651585
10.65351221707665,21.752964806607302,10.902134167803235,-53.40360224060612,-10.733015863895957,-21.266984136104043,123.40360224060612,2354506.4320116797,17438.58678982933,15.733015863895957,15.733015863895957,0.16588230062651585
11.615309949342556,16.08483192312088,10.902134167803235,-53.40360224060612,-10.733015863895957,-21.266984136104043,123.40360224060612,2354506.4320116797,17438.58678982933,15.733015863895957,15.733015863895957,0.16588230062651585
10.75913824575565,21.11112084715247,10.902134167803235,-53.40360224060612,-10.733015863895957,-21.266984136104043,123.40360224060612,2354506.4320116797,17438.58678982933,15.733015863895957,15.733015863895957,0.16588230062651585
10.880435513910863,16.047947039688623,10.902134167803235,-53.40360224060612,-10.733015863895957,-21.266984136104043,123.40360224060612,2354506.4320116797,17438.58678982933,15.733015863895957,15.733015863895957,0.16588230062651585
8.78508682325311,18.823245628052106,10.902134167803235,-53.40360224060612,-10.733015863895957,-21.266984136104043,123.40360224060612,2354506.4320116797,17438.58678982933,15.733015863895957,15.733015863895957,0.16588230062651585
11.583551057744772,17.772121382027038,10.902134167803235,-53.40360224060612,-10.733015863895957,-21.266984136104043,123.40360224060612,2354506.4320116797,17438.58678982933,15.733015863895957,15.733015863895957,0.16588230062651585
2.3395323691159557,14.80131635700311,10.902134167803235,-53.40360224060612,-10.733015863895957,-21.266984136104043,123.40360224060612,2354506.4320116797,17438.58678982933,15.733015863895957,15.733015863895957,0.16588230062651585
11.709241753352545,17.765291172184618,10.902134167803235,-53.40360224060612,-10.733015863895957,-21.266984136104043,123.40360224060612,2354506.4320116797,17438.58678982933,15.733015863895957,15.733015863895957,0.16588230062651585
7.495992961415528,10.023905408814272,10.902134167803235,-53.40360224060612,-10.733015863895957,-21.266984136104043,123.40360224060612,2354506.4320116797,17438.58678982933,15.733015863895957,15.733015863895957,0.16588230062651585
8.300004120699578,14.730945036529356,10.902134167803235,-53.40360224060612,-10.733015863895957,-21.266984136104043,123.40360224060612,2354506.4320116797,17438.58678982933,15.733015863895957,15.733015863895957,0.16588230062651585
9.069776052030644,16.289810629934593,10.902134167803235,-53.40360224060612,-10.733015863895957,-21.266984136104043,123.40360224060612,2354506.4320116797,17438.58678982933,15.733015863895957,15.733015863895957,0.16588230062651585
11.392271461772694,11.66596299307777,10.902134167803235,-53.40360224060612,-10.733015863895957,-21.266984136104043,123.40360224060612,2354506.4320116797,17438.58678982933,15.733015863895957,15.733015863895957,0.16588230062651585
9.868975126567012,17.977062700176027,10.902134167803235,-53.40360224060612,-10.733015863895957,-21.266984136104043,123.40360224060612,2354506.4320116797,17438.58678982933,15.733015863895957,15.733015863895957,0.16588230062651585
10.470975140334948,20.628287419778907,10.902134167803235,-53.40360224060612,-10.733015863895957,-21.266984136104043,123.40360224060612,2354506.4320116797,17438.58678982933,15.733015863895957,15.733015863895957,0.16588230062651585
8.865430793586366,14.344579227998658,10.902134167803235,-53.40360224060612,-10.733015863895957,-21.266984136104043,123.40360224060612,2354506.4320116797,17438.58678982933,15.733015863895957,15.733015863895957,0.16588230062651585
11.5609952304484,22.402407466641378,10.902134167803235,-53.40360224060612,-10.733015863895957,-21.266984136104043,123.40360224060612,2354506.4320116797,17438.58678982933,15.733015863895957,15.733015863895957,0.16588230062651585
11.681539889527345,22.9322777222266,10.902134167803235,-53.40360224060612,-10.733015863895957,-21.266984136104043,123.40360224060612,2354506.4320116797,17438.58678982933,15.733015863895957,15.733015863895957,0.16588230062651585
2.214591947610052,17.431978823381208,10.902134167803235,-53.40360224060612,-10.733015863895957,-21.266984136104043,123.40360224060612,2354506.4320116797,17438.58678982933,15.733015863895957,15.733015863895957,0.16588230062651585
11.572699744988899,19.416653322536845,10.902134167803235,-53.40360224060612,-10.733015863895957,-21.266984136104043,123.40360224060612,2354506.4320116797,17438.58678982933,15.733015863895957,15.733015863895957,0.16588230062651585
4.23056788605353,14.295311054426964,10.902134167803235,-53.40360224060612,-10.733015863895957,-21.266984136104043,123.40360224060612,2354506.4320116797,17438.58678982933,15.733015863895957,15.733015863895957,0.16588230062651585
10.516788989867148,17.018203836325313,10.902134167803235,-53.40360224060612,-10.733015863895957,-21.266984136104043,123.40360224060612,2354506.4320116797,17438.58678982933,15.733015863895957,15.733015863895957,0.16588230062651585
10.90772405864307,16.12252354808626,10.902134167803235,-53.40360224060612,-10.733015863895957,-21.266984136104043,123.40360224060612,2354506.4320116797,17438.58678982933,15.733015863895957,15.733015863895957,0.16588230062651585
11.420633617259606,14.614604185041863,10.902134167803235,-53.40360224060612,-10.733015863895957,-21.266984136104043,123.40360224060612,2354506.4320116797,17438.58678982933,15.733015863895957,15.733015863895957,0.16588230062651585
6.787480919647653,11.949804863457807,10.902134167803235,-53.40360224060612,-10.733015863895957,-21.266984136104043,123.40360224060612,2354506.4320116797,17438.58678982933,15.733015863895957,15.733015863895957,0.16588230062651585
8.771934015277768,20.73985740180514,10.902134167803235,-53.40360224060612,-10.733015863895957,-21.266984136104043,123.40360224060612,2354506.4320116797,17438.58678982933,15.733015863895957,15.733015863895957,0.16588230062651585
11.652829656130747,21.43810305050799,10.902134167803235,-53.40360224060612,-10.733015863895957,-21.266984136104043,123.40360224060612,2354506.4320116797,17438.58678982933,15.733015863895957,15.733015863895957,0.16588230062651585
8.963449144273012,17.76664800157812,10.902134167803235,-53.40360224060612,-10.733015863895957,-21.266984136104043,123.40360224060612,2354506.4320116797,17438.58678982933,15.733015863895957,15.733015863895957,0.16588230062651585
2.135374401795481,12.6547187801469,10.902134167803235,-53.40360224060612,-10.733015863895957,-21.266984136104043,123.40360224060612,2354506.4320116797,17438.58678982933,15.733015863895957,15.733015863895957,0.16588230062651585
11.063684314933692,20.376534096911257,10.902134167803235,-53.40360224060612,-10.733015863895957,-21.266984136104043,123.40360224060612,2354506.4320116797,17438.58678982933,15.733015863895957,15.733015863895957,0.16588230062651585
11.503320542621465,13.767409610157337,10.902134167803235,-53.40360224060612,-10.733015863895957,-21.266984136104043,123.40360224060612,2354506.4320116797,17438.58678982933,15.733015863895957,15.733015863895957,0.16588230062651585
11.600573209617838,16.659722270305828,10.902134167803235,-53.40360224060612,-10.733015863895957,-21.266984136104043,123.40360224060612,2354506.4320116797,17438.58678982933,15.733015863895957,15.733015863895957,0.16588230062651585
6.966153080708297,18.046997035016574,10.902134167803235,-53.40360224060612,-10.733015863895957,-21.266984136104043,123.40360224060612,2354506.4320116797,17438.58678982933,15.733015863895957,15.733015863895957,0.16588230062651585
8.23106624615044,14.263720870794256,10.902134167803235,-53.40360224060612,-10.733015863895957,-21.266984136104043,123.40360224060612,2354506.4320116797,17438.58678982933,15.733015863895957,15.733015863895957,0.16588230062651585
8.890406593707509,10.486784553664013,10.902134167803235,-53.40360224060612,-10.733015863895957,-21.266984136104043,123.40360224060612,2354506.4320116797,17438.58678982933,15.733015863895957,15.733015863895957,0.16588230062651585
11.48481454647105,28.222671792631814,10.902134167803235,-53.40360224060612,-10.733015863895957,-21.266984136104043,123.40360224060612,2354506.4320116797,17438.58678982933,15.733015863895957,15.733015863895957,0.16588230062651585
11.581683433007198,19.87181462159375,10.902134167803235,-53.40360224060612,-10.733015863895957,-21.266984136104043,123.40360224060612,2354506.4320116797,17438.58678982933,15.733015863895957,15.733015863895957,0.16588230062651585
11.394650481850732,13.424559225483875,10.902134167803235,-53.40360224060612,-10.733015863895957,-21.266984136104043,123.40360224060612,2354506.4320116797,17438.58678982933,15.733015863895957,15.733015863895957,0.16588230062651585
7.183872740520429,21.733856321657697,10.902134167803235,-53.40360224060612,-10.733015863895957,-21.266984136104043,123.40360224060612,2354506.4320116797,17438.58678982933,15.733015863895957,15.733015863895957,0.16588230062651585
11.334568025149963,12.784009619522859,10.902134167803235,-53.40360224060612,-10.733015863895957,-21.266984136104043,123.40360224060612,2354506.4320116797,17438.58678982933,15.733015863895957,15.733015863895957,0.16588230062651585
3.4580633836156807,14.629106342385992,10.902134167803235,-53.40360224060612,-10.733015863895957,-21.266984136104043,123.40360224060612,2354506.4320116797,17438.58678982933,15.733015863895957,15.733015863895957,0.16588230062651585
10.65351221707665,24.55493008543091,10.902134167803235,-53.40360224060612,-10.733015863895957,-21.266984136104043,123.40360224060612,2354506.4320116797,17438.58678982933,15.733015863895957,15.733015863895957,0.16588230062651585
6.556069923799048,15.736307501293723,10.902134167803235,-53.40360224060612,-10.733015863895957,-21.266984136104043,123.40360224060612,2354506.4320116797,17438.58678982933,15.733015863895957,15.733015863895957,0.16588230062651585
10.75913824575565,19.2377421648779,10.902134167803235,-53.40360224060612,-10.733015863895957,-21.266984136104043,123.40360224060612,2354506.4320116797,17438.58678982933,15.733015863895957,15.733015863895957,0.16588230062651585
8.965123360928148,15.55143970964004,10.902134167803235,-53.40360224060612,-10.733015863895957,-21.266984136104043,123.40360224060612,2354506.4320116797,17438.58678982933,15.733015863895957,15.733015863895957,0.16588230062651585
8.78508682325311,19.743245292143,10.902134167803235,-53.40360224060612,-10.733015863895957,-21.266984136104043,123.40360224060612,2354506.4320116797,17438.58678982933,15.733015863895957,15.733015863895957,0.16588230062651585
10.311427251995669,18.491341311515853,10.902134167803235,-53.40360224060612,-10.733015863895957,-21.266984136104043,123.40360224060612,2354506.4320116797,17438.58678982933,15.733015863895957,15.733015863895957,0.16588230062651585
2.6482629767359387,17.609004857025624,10.902134167803235,-53.40360224060612,-10.733015863895957,-21.266984136104043,123.40360224060612,2354506.4320116797,17438.58678982933,15.733015863895957,15.733015863895957,0.16588230062651585
8.03626947500852,17.765291172184618,10.902134167803235,-53.40360224060612,-10.733015863895957,-21.266984136104043,123.40360224060612,2354506.4320116797,17438.58678982933,15.733015863895957,15.733015863895957,0.16588230062651585
11.402067882117123,10.023905408814272,10.902134167803235,-53.40360224060612,-10.733015863895957,-21.266984136104043,123.40360224060612,2354506.4320116797,17438.58678982933,15.733015863895957,15.733015863895957,0.16588230062651585
11.27149592912151,20.26909679671825,10.902134167803235,-53.40360224060612,-10.733015863895957,-21.266984136104043,123.40360224060612,2354506.4320116797,17438.58678982933,15.733015863895957,15.733015863895957,0.16588230062651585
9.776516013295472,16.289810629934593,10.902134167803235,-53.40360224060612,-10.733015863895957,-21.266984136104043,123.40360224060612,2354506.4320116797,17438.58678982933,15.733015863895957,15.733015863895957,0.16588230062651585
7.767297220834625,15.561994742024936,10.902134167803235,-53.40360224060612,-10.733015863895957,-21.266984136104043,123.40360224060612,2354506.4320116797,17438.58678982933,15.733015863895957,15.733015863895957,0.16588230062651585
9.868975126567012,20.0852061488065,10.902134167803235,-53.40360224060612,-10.733015863895957,-21.266984136104043,123.40360224060612,2354506.4320116797,17438.58678982933,15.733015863895957,15.733015863895957,0.16588230062651585
10.470975140334948,15.292842170872287,10.902134167803235,-53.40360224060612,-10.733015863895957,-21.266984136104043,123.40360224060612,2354506.4320116797,17438.58678982933,15.733015863895957,15.733015863895957,0.16588230062651585
11.69507549734257,15.565100129324883,10.902134167803235,-53.40360224060612,-10.733015863895957,-21.266984136104043,123.40360224060612,2354506.4320116797,17438.58678982933,15.733015863895957,15.733015863895957,0.16588230062651585
11.683973190612692,22.402407466641378,10.902134167803235,-53.40360224060612,-10.733015863895957,-21.266984136104043,123.40360224060612,2354506.4320116797,17438.58678982933,15.733015863895957,15.733015863895957,0.16588230062651585
6.438514917259214,16.431267876391164,10.902134167803235,-53.40360224060612,-10.733015863895957,-21.266984136104043,123.40360224060612,2354506.4320116797,17438.58678982933,15.733015863895957,15.733015863895957,0.16588230062651585
2.214591947610052,16.41768288310541,10.902134167803235,-53.40360224060612,-10.733015863895957,-21.266984136104043,123.40360224060612,2354506.4320116797,17438.58678982933,15.733015863895957,15.733015863895957,0.16588230062651585
11.623810535918906,19.416653322536845,10.902134167803235,-53.40360224060612,-10.733015863895957,-21.266984136104043,123.40360224060612,2354506.4320116797,17438.58678982933,15.733015863895957,15.733015863895957,0.16588230062651585
11.619113687534634,19.769559140818174,10.902134167803235,-53.40360224060612,-10.733015863895957,-21.266984136104043,123.40360224060612,2354506.4320116797,17438.58678982933,15.733015863895957,15.733015863895957,0.16588230062651585
10.332894055560995,10.55337232920219,10.902134167803235,-53.40360224060612,-10.733015863895957,-21.266984136104043,123.40360224060612,2354506.4320116797,17438.58678982933,15.733015863895957,15.733015863895957,0.16588230062651585
11.117094027392037,15.31192271630809,10.902134167803235,-53.40360224060612,-10.733015863895957,-21.266984136104043,123.40360224060612,2354506.4320116797,17438.58678982933,15.733015863895957,15.733015863895957,0.16588230062651585
11.301586746879433,14.614604185041863,10.902134167803235,-53.40360224060612,-10.733015863895957,-21.266984136104043,123.40360224060612,2354506.4320116797,17438.58678982933,15.733015863895957,15.733015863895957,0.16588230062651585
9.605038533450372,23.939167425701385,10.902134167803235,-53.40360224060612,-10.733015863895957,-21.266984136104043,123.40360224060612,2354506.4320116797,17438.58678982933,15.733015863895957,15.733015863895957,0.16588230062651585
11.025615616266496,18.45072426613541,10.902134167803235,-53.40360224060612,-10.733015863895957,-21.266984136104043,123.40360224060612,2354506.4320116797,17438.58678982933,15.733015863895957,15.733015863895957,0.16588230062651585
9.229699627996265,21.43810305050799,10.902134167803235,-53.40360224060612,-10.733015863895957,-21.266984136104043,123.40360224060612,2354506.4320116797,17438.58678982933,15.733015863895957,15.733015863895957,0.16588230062651585
11.656057122230328,10.044453377093063,10.902134167803235,-53.40360224060612,-10.733015863895957,-21.266984136104043,123.40360224060612,2354506.4320116797,17438.58678982933,15.733015863895957,15.733015863895957,0.16588230062651585
10.729870934829487,12.432256162381645,10.902134167803235,-53.40360224060612,-10.733015863895957,-21.266984136104043,123.40360224060612,2354506.4320116797,17438.58678982933,15.733015863895957,15.733015863895957,0.16588230062651585
11.656527140688226,20.376534096911257,10.902134167803235,-53.40360224060612,-10.733015863895957,-21.266984136104043,123.40360224060612,2354506.4320116797,17438.58678982933,15.733015863895957,15.733015863895957,0.16588230062651585
10.763315866443738,18.829375058057558,10.902134167803235,-53.40360224060612,-10.733015863895957,-21.266984136104043,123.40360224060612,2354506.4320116797,17438.58678982933,15.733015863895957,15.733015863895957,0.16588230062651585
11.495702512243493,16.659722270305828,10.902134167803235,-53.40360224060612,-10.733015863895957,-21.266984136104043,123.40360224060612,2354506.4320116797,17438.58678982933,15.733015863895957,15.733015863895957,0.16588230062651585
11.07495135854148,18.046997035016574,10.902134167803235,-53.40360224060612,-10.733015863895957,-21.266984136104043,123.40360224060612,2354506.4320116797,17438.58678982933,15.733015863895957,15.733015863895957,0.16588230062651585
6.3002700892778485,14.32288343988089,10.902134167803235,-53.40360224060612,-10.733015863895957,-21.266984136104043,123.40360224060612,2354506.4320116797,17438.58678982933,15.733015863895957,15.733015863895957,0.16588230062651585
8.890406593707509,21.08587001118147,10.902134167803235,-53.40360224060612,-10.733015863895957,-21.266984136104043,123.40360224060612,2354506.4320116797,17438.58678982933,15.733015863895957,15.733015863895957,0.16588230062651585
10.766640629181119,21.345822243027726,10.902134167803235,-53.40360224060612,-10.733015863895957,-21.266984136104043,123.40360224060612,2354506.4320116797,17438.58678982933,15.733015863895957,15.733015863895957,0.16588230062651585
10.404630650019381,18.193798126583815,10.902134167803235,-53.40360224060612,-10.733015863895957,-21.266984136104043,123.40360224060612,2354506.4320116797,17438.58678982933,15.733015863895957,15.733015863895957,0.16588230062651585
4.576476453464399,20.354115109081498,10.902134167803235,-53.40360224060612,-10.733015863895957,-21.266984136104043,123.40360224060612,2354506.4320116797,17438.58678982933,15.733015863895957,15.733015863895957,0.16588230062651585
7.183872740520429,17.50336699975891,10.902134167803235,-53.40360224060612,-10.733015863895957,-21.266984136104043,123.40360224060612,2354506.4320116797,17438.58678982933,15.733015863895957,15.733015863895957,0.16588230062651585
9.701159316656359,16.923318565051424,10.902134167803235,-53.40360224060612,-10.733015863895957,-21.266984136104043,123.40360224060612,2354506.4320116797,17438.58678982933,15.733015863895957,15.733015863895957,0.16588230062651585
3.4580633836156807,16.60859452991804,10.902134167803235,-53.40360224060612,-10.733015863895957,-21.266984136104043,123.40360224060612,2354506.4320116797,17438.58678982933,15.733015863895957,15.733015863895957,0.16588230062651585
10.65351221707665,21.644797922435693,10.902134167803235,-53.40360224060612,-10.733015863895957,-21.266984136104043,123.40360224060612,2354506.4320116797,17438.58678982933,15.733015863895957,15.733015863895957,0.16588230062651585
6.556069923799048,17.02207752061068,10.902134167803235,-53.40360224060612,-10.733015863895957,-21.266984136104043,123.40360224060612,2354506.4320116797,17438.58678982933,15.733015863895957,15.733015863895957,0.16588230062651585
11.066405186292334,17.30838238435529,10.902134167803235,-53.40360224060612,-10.733015863895957,-21.266984136104043,123.40360224060612,2354506.4320116797,17438.58678982933,15.733015863895957,15.733015863895957,0.16588230062651585
8.291861938605201,15.55143970964004,10.902134167803235,-53.40360224060612,-10.733015863895957,-21.266984136104043,123.40360224060612,2354506.4320116797,17438.58678982933,15.733015863895957,15.733015863895957,0.16588230062651585
11.522009542480333,20.297596862486202,10.902134167803235,-53.40360224060612,-10.733015863895957,-21.266984136104043,123.40360224060612,2354506.4320116797,17438.58678982933,15.733015863895957,15.733015863895957,0.16588230062651585
10.748837097987893,16.145241630978088,10.902134167803235,-53.40360224060612,-10.733015863895957,-21.266984136104043,123.40360224060612,2354506.4320116797,17438.58678982933,15.733015863895957,15.733015863895957,0.16588230062651585
11.617782213242151,13.3510717242538,10.902134167803235,-53.40360224060612,-10.733015863895957,-21.266984136104043,123.40360224060612,2354506.4320116797,17438.58678982933,15.733015863895957,15.733015863895957,0.16588230062651585
10.467426005598552,14.51992855787621,10.902134167803235,-53.40360224060612,-10.733015863895957,-21.266984136104043,123.40360224060612,2354506.4320116797,17438.58678982933,15.733015863895957,15.733015863895957,0.16588230062651585
1.9472684317458353,13.344329749632777,10.902134167803235,-53.40360224060612,-10.733015863895957,-21.266984136104043,123.40360224060612,2354506.4320116797,17438.58678982933,15.733015863895957,15.733015863895957,0.16588230062651585
8.300004120699578,12.500885501713459,10.902134167803235,-53.40360224060612,-10.733015863895957,-21.266984136104043,123.40360224060612,2354506.4320116797,17438.58678982933,15.733015863895957,15.733015863895957,0.16588230062651585
11.450195399738911,16.289810629934593,10.902134167803235,-53.40360224060612,-10.733015863895957,-21.266984136104043,123.40360224060612,2354506.4320116797,17438.58678982933,15.733015863895957,15.733015863895957,0.16588230062651585
7.767297220834625,14.081702375733759,10.902134167803235,-53.40360224060612,-10.733015863895957,-21.266984136104043,123.40360224060612,2354506.4320116797,17438.58678982933,15.733015863895957,15.733015863895957,0.16588230062651585
11.378924536083378,24.971274523336078,10.902134167803235,-53.40360224060612,-10.733015863895957,-21.266984136104043,123.40360224060612,2354506.4320116797,17438.58678982933,15.733015863895957,15.733015863895957,0.16588230062651585
9.81039954231963,17.143801044706663,10.902134167803235,-53.40360224060612,-10.733015863895957,-21.266984136104043,123.40360224060612,2354506.4320116797,17438.58678982933,15.733015863895957,15.733015863895957,0.16588230062651585
7.098152457271716,15.565100129324883,10.902134167803235,-53.40360224060612,-10.733015863895957,-21.266984136104043,123.40360224060612,2354506.4320116797,17438.58678982933,15.733015863895957,15.733015863895957,0.16588230062651585
9.2659173477626,22.402407466641378,10.902134167803235,-53.40360224060612,-10.733015863895957,-21.266984136104043,123.40360224060612,2354506.4320116797,17438.58678982933,15.733015863895957,15.733015863895957,0.16588230062651585
6.438514917259214,15.927841380517005,10.902134167803235,-53.40360224060612,-10.733015863895957,-21.266984136104043,123.40360224060612,2354506.4320116797,17438.58678982933,15.733015863895957,15.733015863895957,0.16588230062651585
10.821776772407064,20.212664812313953,10.902134167803235,-53.40360224060612,-10.733015863895957,-21.266984136104043,123.40360224060612,2354506.4320116797,17438.58678982933,15.733015863895957,15.733015863895957,0.16588230062651585
11.679063327200437,19.416653322536845,10.902134167803235,-53.40360224060612,-10.733015863895957,-21.266984136104043,123.40360224060612,2354506.4320116797,17438.58678982933,15.733015863895957,15.733015863895957,0.16588230062651585
4.23056788605353,16.22570088020013,10.902134167803235,-53.40360224060612,-10.733015863895957,-21.266984136104043,123.40360224060612,2354506.4320116797,17438.58678982933,15.733015863895957,15.733015863895957,0.16588230062651585
10.516788989867148,19.048912660406906,10.902134167803235,-53.40360224060612,-10.733015863895957,-21.266984136104043,123.40360224060612,2354506.4320116797,17438.58678982933,15.733015863895957,15.733015863895957,0.16588230062651585
9.953073445226165,15.31192271630809,10.902134167803235,-53.40360224060612,-10.733015863895957,-21.266984136104043,123.40360224060612,2354506.4320116797,17438.58678982933,15.733015863895957,15.733015863895957,0.16588230062651585
11.191516495830165,14.614604185041863,10.902134167803235,-53.40360224060612,-10.733015863895957,-21.266984136104043,123.40360224060612,2354506.4320116797,17438.58678982933,15.733015863895957,15.733015863895957,0.16588230062651585
6.787480919647653,15.28522069041199,10.902134167803235,-53.40360224060612,-10.733015863895957,-21.266984136104043,123.40360224060612,2354506.4320116797,17438.58678982933,15.733015863895957,15.733015863895957,0.16588230062651585
11.025615616266496,12.325832939209175,10.902134167803235,-53.40360224060612,-10.733015863895957,-21.266984136104043,123.40360224060612,2354506.4320116797,17438.58678982933,15.733015863895957,15.733015863895957,0.16588230062651585
10.41007005969302,21.43810305050799,10.902134167803235,-53.40360224060612,-10.733015863895957,-21.266984136104043,123.40360224060612,2354506.4320116797,17438.58678982933,15.733015863895957,15.733015863895957,0.16588230062651585
11.432736621790811,10.044453377093063,10.902134167803235,-53.40360224060612,-10.733015863895957,-21.266984136104043,123.40360224060612,2354506.4320116797,17438.58678982933,15.733015863895957,15.733015863895957,0.16588230062651585
2.135374401795481,17.21386355063872,10.902134167803235,-53.40360224060612,-10.733015863895957,-21.266984136104043,123.40360224060612,2354506.4320116797,17438.58678982933,15.733015863895957,15.733015863895957,0.16588230062651585
11.430610908599855,14.496198912559546,10.902134167803235,-53.40360224060612,-10.733015863895957,-21.266984136104043,123.40360224060612,2354506.4320116797,17438.58678982933,15.733015863895957,15.733015863895957,0.16588230062651585
10.47004285278818,13.767409610157337,10.902134167803235,-53.40360224060612,-10.733015863895957,-21.266984136104043,123.40360224060612,2354506.4320116797,17438.58678982933,15.733015863895957,15.733015863895957,0.16588230062651585
11.606677952611363,16.659722270305828,10.902134167803235,-53.40360224060612,-10.733015863895957,-21.266984136104043,123.40360224060612,2354506.4320116797,17438.58678982933,15.733015863895957,15.733015863895957,0.16588230062651585
11.699342624534744,18.046997035016574,10.902134167803235,-53.40360224060612,-10.733015863895957,-21.266984136104043,123.40360224060612,2354506.4320116797,17438.58678982933,15.733015863895957,15.733015863895957,0.16588230062651585
11.649762914739185,14.38375895259652,10.902134167803235,-53.40360224060612,-10.733015863895957,-21.266984136104043,123.40360224060612,2354506.4320116797,17438.58678982933,15.733015863895957,15.733015863895957,0.16588230062651585
8.890406593707509,16.846428270372286,10.902134167803235,-53.40360224060612,-10.733015863895957,-21.266984136104043,123.40360224060612,2354506.4320116797,17438.58678982933,15.733015863895957,15.733015863895957,0.16588230062651585
10.766640629181119,14.938183130510652,10.902134167803235,-53.40360224060612,-10.733015863895957,-21.266984136104043,123.40360224060612,2354506.4320116797,17438.58678982933,15.733015863895957,15.733015863895957,0.16588230062651585
11.704372401337055,19.87181462159375,10.902134167803235,-53.40360224060612,-10.733015863895957,-21.266984136104043,123.40360224060612,2354506.4320116797,17438.58678982933,15.733015863895957,15.733015863895957,0.16588230062651585
4.576476453464399,18.019528725262155,10.902134167803235,-53.40360224060612,-10.733015863895957,-21.266984136104043,123.40360224060612,2354506.4320116797,17438.58678982933,15.733015863895957,15.733015863895957,0.16588230062651585
7.183872740520429,20.416515891787498,10.902134167803235,-53.40360224060612,-10.733015863895957,-21.266984136104043,123.40360224060612,2354506.4320116797,17438.58678982933,15.733015863895957,15.733015863895957,0.16588230062651585
9.825173527965566,12.784009619522859,10.902134167803235,-53.40360224060612,-10.733015863895957,-21.266984136104043,123.40360224060612,2354506.4320116797,17438.58678982933,15.733015863895957,15.733015863895957,0.16588230062651585
11.515064151561312,22.092337887677182,10.902134167803235,-53.40360224060612,-10.733015863895957,-21.266984136104043,123.40360224060612,2354506.4320116797,17438.58678982933,15.733015863895957,15.733015863895957,0.16588230062651585
11.023679525562198,20.72113991846902,10.902134167803235,-53.40360224060612,-10.733015863895957,-21.266984136104043,123.40360224060612,2354506.4320116797,17438.58678982933,15.733015863895957,15.733015863895957,0.16588230062651585
11.175653851125599,16.08483192312088,10.902134167803235,-53.40360224060612,-10.733015863895957,-21.266984136104043,123.40360224060612,2354506.4320116797,17438.58678982933,15.733015863895957,15.733015863895957,0.16588230062651585
11.069042830387595,17.30838238435529,10.902134167803235,-53.40360224060612,-10.733015863895957,-21.266984136104043,123.40360224060612,2354506.4320116797,17438.58678982933,15.733015863895957,15.733015863895957,0.16588230062651585
10.880435513910863,14.655829154030023,10.902134167803235,-53.40360224060612,-10.733015863895957,-21.266984136104043,123.40360224060612,2354506.4320116797,17438.58678982933,15.733015863895957,15.733015863895957,0.16588230062651585
8.333061496956866,20.297596862486202,10.902134167803235,-53.40360224060612,-10.733015863895957,-21.266984136104043,123.40360224060612,2354506.4320116797,17438.58678982933,15.733015863895957,15.733015863895957,0.16588230062651585
8.541827023923057,17.772121382027038,10.902134167803235,-53.40360224060612,-10.733015863895957,-21.266984136104043,123.40360224060612,2354506.4320116797,17438.58678982933,15.733015863895957,15.733015863895957,0.16588230062651585
2.6482629767359387,18.26873602392201,10.902134167803235,-53.40360224060612,-10.733015863895957,-21.266984136104043,123.40360224060612,2354506.4320116797,17438.58678982933,15.733015863895957,15.733015863895957,0.16588230062651585
10.467426005598552,11.264641948047078,10.902134167803235,-53.40360224060612,-10.733015863895957,-21.266984136104043,123.40360224060612,2354506.4320116797,17438.58678982933,15.733015863895957,15.733015863895957,0.16588230062651585
10.36618882883551,10.023905408814272,10.902134167803235,-53.40360224060612,-10.733015863895957,-21.266984136104043,123.40360224060612,2354506.4320116797,17438.58678982933,15.733015863895957,15.733015863895957,0.16588230062651585
8.300004120699578,15.760877010722055,10.902134167803235,-53.40360224060612,-10.733015863895957,-21.266984136104043,123.40360224060612,2354506.4320116797,17438.58678982933,15.733015863895957,15.733015863895957,0.16588230062651585
11.296177421255807,16.289810629934593,10.902134167803235,-53.40360224060612,-10.733015863895957,-21.266984136104043,123.40360224060612,2354506.4320116797,17438.58678982933,15.733015863895957,15.733015863895957,0.16588230062651585
7.767297220834625,13.054362601581118,10.902134167803235,-53.40360224060612,-10.733015863895957,-21.266984136104043,123.40360224060612,2354506.4320116797,17438.58678982933,15.733015863895957,15.733015863895957,0.16588230062651585
9.449896434947082,24.971274523336078,10.902134167803235,-53.40360224060612,-10.733015863895957,-21.266984136104043,123.40360224060612,2354506.4320116797,17438.58678982933,15.733015863895957,15.733015863895957,0.16588230062651585
10.470975140334948,22.84897329921938,10.902134167803235,-53.40360224060612,-10.733015863895957,-21.266984136104043,123.40360224060612,2354506.4320116797,17438.58678982933,15.733015863895957,15.733015863895957,0.16588230062651585
7.641127357674316,15.565100129324883,10.902134167803235,-53.40360224060612,-10.733015863895957,-21.266984136104043,123.40360224060612,2354506.4320116797,17438.58678982933,15.733015863895957,15.733015863895957,0.16588230062651585
2.5628116552756657,25.49437200202064,10.902134167803235,-53.40360224060612,-10.733015863895957,-21.266984136104043,123.40360224060612,2354506.4320116797,17438.58678982933,15.733015863895957,15.733015863895957,0.16588230062651585
10.9225759691961,22.9322777222266,10.902134167803235,-53.40360224060612,-10.733015863895957,-21.266984136104043,123.40360224060612,2354506.4320116797,17438.58678982933,15.733015863895957,15.733015863895957,0.16588230062651585
2.214591947610052,17.39746254143084,10.902134167803235,-53.40360224060612,-10.733015863895957,-21.266984136104043,123.40360224060612,2354506.4320116797,17438.58678982933,15.733015863895957,15.733015863895957,0.16588230062651585
8.872097272134994,16.80276673691929,10.902134167803235,-53.40360224060612,-10.733015863895957,-21.266984136104043,123.40360224060612,2354506.4320116797,17438.58678982933,15.733015863895957,15.733015863895957,0.16588230062651585
11.548457388952626,19.769559140818174,10.902134167803235,-53.40360224060612,-10.733015863895957,-21.266984136104043,123.40360224060612,2354506.4320116797,17438.58678982933,15.733015863895957,15.733015863895957,0.16588230062651585
11.664236760853559,10.55337232920219,10.902134167803235,-53.40360224060612,-10.733015863895957,-21.266984136104043,123.40360224060612,2354506.4320116797,17438.58678982933,15.733015863895957,15.733015863895957,0.16588230062651585
9.291728954316065,15.31192271630809,10.902134167803235,-53.40360224060612,-10.733015863895957,-21.266984136104043,123.40360224060612,2354506.4320116797,17438.58678982933,15.733015863895957,15.733015863895957,0.16588230062651585
5.2157359656424775,18.092347972531186,10.902134167803235,-53.40360224060612,-10.733015863895957,-21.266984136104043,123.40360224060612,2354506.4320116797,17438.58678982933,15.733015863895957,15.733015863895957,0.16588230062651585
8.836193230918404,23.939167425701385,10.902134167803235,-53.40360224060612,-10.733015863895957,-21.266984136104043,123.40360224060612,2354506.4320116797,17438.58678982933,15.733015863895957,15.733015863895957,0.16588230062651585
11.654146139748246,17.311965568271916,10.902134167803235,-53.40360224060612,-10.733015863895957,-21.266984136104043,123.40360224060612,2354506.4320116797,17438.58678982933,15.733015863895957,15.733015863895957,0.16588230062651585
8.25397317091654,21.43810305050799,10.902134167803235,-53.40360224060612,-10.733015863895957,-21.266984136104043,123.40360224060612,2354506.4320116797,17438.58678982933,15.733015863895957,15.733015863895957,0.16588230062651585
10.366269972580438,16.281444943638476,10.902134167803235,-53.40360224060612,-10.733015863895957,-21.266984136104043,123.40360224060612,2354506.4320116797,17438.58678982933,15.733015863895957,15.733015863895957,0.16588230062651585
11.449436306700605,12.432256162381645,10.902134167803235,-53.40360224060612,-10.733015863895957,-21.266984136104043,123.40360224060612,2354506.4320116797,17438.58678982933,15.733015863895957,15.733015863895957,0.16588230062651585
11.427683644532697,20.376534096911257,10.902134167803235,-53.40360224060612,-10.733015863895957,-21.266984136104043,123.40360224060612,2354506.4320116797,17438.58678982933,15.733015863895957,15.733015863895957,0.16588230062651585
11.571734431454837,17.57213106359442,10.902134167803235,-53.40360224060612,-10.733015863895957,-21.266984136104043,123.40360224060612,2354506.4320116797,17438.58678982933,15.733015863895957,15.733015863895957,0.16588230062651585
11.374176798057249,15.009311118506815,10.902134167803235,-53.40360224060612,-10.733015863895957,-21.266984136104043,123.40360224060612,2354506.4320116797,17438.58678982933,15.733015863895957,15.733015863895957,0.16588230062651585
8.210379328841327,18.046997035016574,10.902134167803235,-53.40360224060612,-10.733015863895957,-21.266984136104043,123.40360224060612,2354506.4320116797,17438.58678982933,15.733015863895957,15.733015863895957,0.16588230062651585
6.3002700892778485,20.991362350486497,10.902134167803235,-53.40360224060612,-10.733015863895957,-21.266984136104043,123.40360224060612,2354506.4320116797,17438.58678982933,15.733015863895957,15.733015863895957,0.16588230062651585
8.890406593707509,15.990864062172673,10.902134167803235,-53.40360224060612,-10.733015863895957,-21.266984136104043,123.40360224060612,2354506.4320116797,17438.58678982933,15.733015863895957,15.733015863895957,0.16588230062651585
10.766640629181119,16.170778313492576,10.902134167803235,-53.40360224060612,-10.733015863895957,-21.266984136104043,123.40360224060612,2354506.4320116797,17438.58678982933,15.733015863895957,15.733015863895957,0.16588230062651585
7.54698520857877,19.87181462159375,10.902134167803235,-53.40360224060612,-10.733015863895957,-21.266984136104043,123.40360224060612,2354506.4320116797,17438.58678982933,15.733015863895957,15.733015863895957,0.16588230062651585
10.889403724038315,13.424559225483875,10.902134167803235,-53.40360224060612,-10.733015863895957,-21.266984136104043,123.40360224060612,2354506.4320116797,17438.58678982933,15.733015863895957,15.733015863895957,0.16588230062651585
7.5543239168697305,10.371032503107529,10.902134167803235,-53.40360224060612,-10.733015863895957,-21.266984136104043,123.40360224060612,2354506.4320116797,17438.58678982933,15.733015863895957,15.733015863895957,0.16588230062651585
9.701159316656359,15.82545031546092,10.902134167803235,-53.40360224060612,-10.733015863895957,-21.266984136104043,123.40360224060612,2354506.4320116797,17438.58678982933,15.733015863895957,15.733015863895957,0.16588230062651585
11.443506961229463,24.403914717943408,10.902134167803235,-53.40360224060612,-10.733015863895957,-21.266984136104043,123.40360224060612,2354506.4320116797,17438.58678982933,15.733015863895957,15.733015863895957,0.16588230062651585
11.076041571892528,19.493093406569344,10.902134167803235,-53.40360224060612,-10.733015863895957,-21.266984136104043,123.40360224060612,2354506.4320116797,17438.58678982933,15.733015863895957,15.733015863895957,0.16588230062651585
11.2811336923182,16.08483192312088,10.902134167803235,-53.40360224060612,-10.733015863895957,-21.266984136104043,123.40360224060612,2354506.4320116797,17438.58678982933,15.733015863895957,15.733015863895957,0.16588230062651585
10.75913824575565,17.517624165688787,10.902134167803235,-53.40360224060612,-10.733015863895957,-21.266984136104043,123.40360224060612,2354506.4320116797,17438.58678982933,15.733015863895957,15.733015863895957,0.16588230062651585
10.880435513910863,15.175854260416777,10.902134167803235,-53.40360224060612,-10.733015863895957,-21.266984136104043,123.40360224060612,2354506.4320116797,17438.58678982933,15.733015863895957,15.733015863895957,0.16588230062651585
8.78508682325311,20.34475636741344,10.902134167803235,-53.40360224060612,-10.733015863895957,-21.266984136104043,123.40360224060612,2354506.4320116797,17438.58678982933,15.733015863895957,15.733015863895957,0.16588230062651585
10.311427251995669,19.025970636886484,10.902134167803235,-53.40360224060612,-10.733015863895957,-21.266984136104043,123.40360224060612,2354506.4320116797,17438.58678982933,15.733015863895957,15.733015863895957,0.16588230062651585
2.6482629767359387,16.83114746264256,10.902134167803235,-53.40360224060612,-10.733015863895957,-21.266984136104043,123.40360224060612,2354506.4320116797,17438.58678982933,15.733015863895957,15.733015863895957,0.16588230062651585
11.381177174263154,14.232815388334402,10.902134167803235,-53.40360224060612,-10.733015863895957,-21.266984136104043,123.40360224060612,2354506.4320116797,17438.58678982933,15.733015863895957,15.733015863895957,0.16588230062651585
7.4399137914916444,10.023905408814272,10.902134167803235,-53.40360224060612,-10.733015863895957,-21.266984136104043,123.40360224060612,2354506.4320116797,17438.58678982933,15.733015863895957,15.733015863895957,0.16588230062651585
10.789996991426518,21.81839089646183,10.902134167803235,-53.40360224060612,-10.733015863895957,-21.266984136104043,123.40360224060612,2354506.4320116797,17438.58678982933,15.733015863895957,15.733015863895957,0.16588230062651585
7.062294876077164,16.121267000380666,10.902134167803235,-53.40360224060612,-10.733015863895957,-21.266984136104043,123.40360224060612,2354506.4320116797,17438.58678982933,15.733015863895957,15.733015863895957,0.16588230062651585
11.425628788402133,11.868844436717744,10.902134167803235,-53.40360224060612,-10.733015863895957,-21.266984136104043,123.40360224060612,2354506.4320116797,17438.58678982933,15.733015863895957,15.733015863895957,0.16588230062651585
9.868975126567012,20.913567100402588,10.902134167803235,-53.40360224060612,-10.733015863895957,-21.266984136104043,123.40360224060612,2354506.4320116797,17438.58678982933,15.733015863895957,15.733015863895957,0.16588230062651585
10.470975140334948,18.357840687319907,10.902134167803235,-53.40360224060612,-10.733015863895957,-21.266984136104043,123.40360224060612,2354506.4320116797,17438.58678982933,15.733015863895957,15.733015863895957,0.16588230062651585
9.711810453244313,15.565100129324883,10.902134167803235,-53.40360224060612,-10.733015863895957,-21.266984136104043,123.40360224060612,2354506.4320116797,17438.58678982933,15.733015863895957,15.733015863895957,0.16588230062651585
2.5628116552756657,21.489398173819822,10.902134167803235,-53.40360224060612,-10.733015863895957,-21.266984136104043,123.40360224060612,2354506.4320116797,17438.58678982933,15.733015863895957,15.733015863895957,0.16588230062651585
6.438514917259214,12.79930337276005,10.902134167803235,-53.40360224060612,-10.733015863895957,-21.266984136104043,123.40360224060612,2354506.4320116797,17438.58678982933,15.733015863895957,15.733015863895957,0.16588230062651585
9.474873917657641,20.212664812313953,10.902134167803235,-53.40360224060612,-10.733015863895957,-21.266984136104043,123.40360224060612,2354506.4320116797,17438.58678982933,15.733015863895957,15.733015863895957,0.16588230062651585
8.872097272134994,11.565342568555987,10.902134167803235,-53.40360224060612,-10.733015863895957,-21.266984136104043,123.40360224060612,2354506.4320116797,17438.58678982933,15.733015863895957,15.733015863895957,0.16588230062651585
8.798909794588269,18.94479767428023,10.902134167803235,-53.40360224060612,-10.733015863895957,-21.266984136104043,123.40360224060612,2354506.4320116797,17438.58678982933,15.733015863895957,15.733015863895957,0.16588230062651585
11.32790443259003,23.530612373316856,10.902134167803235,-53.40360224060612,-10.733015863895957,-21.266984136104043,123.40360224060612,2354506.4320116797,17438.58678982933,15.733015863895957,15.733015863895957,0.16588230062651585
11.66439913776741,15.31192271630809,10.902134167803235,-53.40360224060612,-10.733015863895957,-21.266984136104043,123.40360224060612,2354506.4320116797,17438.58678982933,15.733015863895957,15.733015863895957,0.16588230062651585
5.2157359656424775,18.430208657404805,10.902134167803235,-53.40360224060612,-10.733015863895957,-21.266984136104043,123.40360224060612,2354506.4320116797,17438.58678982933,15.733015863895957,15.733015863895957,0.16588230062651585
11.624923378845068,23.939167425701385,10.902134167803235,-53.40360224060612,-10.733015863895957,-21.266984136104043,123.40360224060612,2354506.4320116797,17438.58678982933,15.733015863895957,15.733015863895957,0.16588230062651585
11.502182693582567,20.73985740180514,10.902134167803235,-53.40360224060612,-10.733015863895957,-21.266984136104043,123.40360224060612,2354506.4320116797,17438.58678982933,15.733015863895957,15.733015863895957,0.16588230062651585
10.443157566159842,11.905863021934465,10.902134167803235,-53.40360224060612,-10.733015863895957,-21.266984136104043,123.40360224060612,2354506.4320116797,17438.58678982933,15.733015863895957,15.733015863895957,0.16588230062651585
10.366269972580438,11.787610003663822,10.902134167803235,-53.40360224060612,-10.733015863895957,-21.266984136104043,123.40360224060612,2354506.4320116797,17438.58678982933,15.733015863895957,15.733015863895957,0.16588230062651585
2.135374401795481,10.624560775814004,10.902134167803235,-53.40360224060612,-10.733015863895957,-21.266984136104043,123.40360224060612,2354506.4320116797,17438.58678982933,15.733015863895957,15.733015863895957,0.16588230062651585
11.524050827302615,20.376534096911257,10.902134167803235,-53.40360224060612,-10.733015863895957,-21.266984136104043,123.40360224060612,2354506.4320116797,17438.58678982933,15.733015863895957,15.733015863895957,0.16588230062651585
11.395633153195341,13.767409610157337,10.902134167803235,-53.40360224060612,-10.733015863895957,-21.266984136104043,123.40360224060612,2354506.4320116797,17438.58678982933,15.733015863895957,15.733015863895957,0.16588230062651585
11.374176798057249,10.624560775814004,10.902134167803235,-53.40360224060612,-10.733015863895957,-21.266984136104043,123.40360224060612,2354506.4320116797,17438.58678982933,15.733015863895957,15.733015863895957,0.16588230062651585
11.228006435002854,18.046997035016574,10.902134167803235,-53.40360224060612,-10.733015863895957,-21.266984136104043,123.40360224060612,2354506.4320116797,17438.58678982933,15.733015863895957,15.733015863895957,0.16588230062651585
6.3002700892778485,12.590297812089155,10.902134167803235,-53.40360224060612,-10.733015863895957,-21.266984136104043,123.40360224060612,2354506.4320116797,17438.58678982933,15.733015863895957,15.733015863895957,0.16588230062651585
11.507796261479067,17.548593702698525,10.902134167803235,-53.40360224060612,-10.733015863895957,-21.266984136104043,123.40360224060612,2354506.4320116797,17438.58678982933,15.733015863895957,15.733015863895957,0.16588230062651585
11.496962762379017,28.222671792631814,10.902134167803235,-53.40360224060612,-10.733015863895957,-21.266984136104043,123.40360224060612,2354506.4320116797,17438.58678982933,15.733015863895957,15.733015863895957,0.16588230062651585
9.472747928857407,19.87181462159375,10.902134167803235,-53.40360224060612,-10.733015863895957,-21.266984136104043,123.40360224060612,2354506.4320116797,17438.58678982933,15.733015863895957,15.733015863895957,0.16588230062651585
9.548173241786294,13.424559225483875,10.902134167803235,-53.40360224060612,-10.733015863895957,-21.266984136104043,123.40360224060612,2354506.4320116797,17438.58678982933,15.733015863895957,15.733015863895957,0.16588230062651585
8.771934015277768,22.775819466774294,10.902134167803235,-53.40360224060612,-10.733015863895957,-21.266984136104043,123.40360224060612,2354506.4320116797,17438.58678982933,15.733015863895957,15.733015863895957,0.16588230062651585
8.086208917268635,12.784009619522859,10.902134167803235,-53.40360224060612,-10.733015863895957,-21.266984136104043,123.40360224060612,2354506.4320116797,17438.58678982933,15.733015863895957,15.733015863895957,0.16588230062651585
11.508210758134405,17.321324309939975,10.902134167803235,-53.40360224060612,-10.733015863895957,-21.266984136104043,123.40360224060612,2354506.4320116797,17438.58678982933,15.733015863895957,15.733015863895957,0.16588230062651585
11.647062606221086,20.72113991846902,10.902134167803235,-53.40360224060612,-10.733015863895957,-21.266984136104043,123.40360224060612,2354506.4320116797,17438.58678982933,15.733015863895957,15.733015863895957,0.16588230062651585
11.260715149640141,16.08483192312088,10.902134167803235,-53.40360224060612,-10.733015863895957,-21.266984136104043,123.40360224060612,2354506.4320116797,17438.58678982933,15.733015863895957,15.733015863895957,0.16588230062651585
10.75913824575565,17.603404015717935,10.902134167803235,-53.40360224060612,-10.733015863895957,-21.266984136104043,123.40360224060612,2354506.4320116797,17438.58678982933,15.733015863895957,15.733015863895957,0.16588230062651585
10.880435513910863,15.354100807942508,10.902134167803235,-53.40360224060612,-10.733015863895957,-21.266984136104043,123.40360224060612,2354506.4320116797,17438.58678982933,15.733015863895957,15.733015863895957,0.16588230062651585
8.78508682325311,21.45978011278558,10.902134167803235,-53.40360224060612,-10.733015863895957,-21.266984136104043,123.40360224060612,2354506.4320116797,17438.58678982933,15.733015863895957,15.733015863895957,0.16588230062651585
11.42683668328445,17.772121382027038,10.902134167803235,-53.40360224060612,-10.733015863895957,-21.266984136104043,123.40360224060612,2354506.4320116797,17438.58678982933,15.733015863895957,15.733015863895957,0.16588230062651585
11.64970926421807,13.3510717242538,10.902134167803235,-53.40360224060612,-10.733015863895957,-21.266984136104043,123.40360224060612,2354506.4320116797,17438.58678982933,15.733015863895957,15.733015863895957,0.16588230062651585
11.525119694898525,17.765291172184618,10.902134167803235,-53.40360224060612,-10.733015863895957,-21.266984136104043,123.40360224060612,2354506.4320116797,17438.58678982933,15.733015863895957,15.733015863895957,0.16588230062651585
11.377510037331563,10.023905408814272,10.902134167803235,-53.40360224060612,-10.733015863895957,-21.266984136104043,123.40360224060612,2354506.4320116797,17438.58678982933,15.733015863895957,15.733015863895957,0.16588230062651585
11.496252426226523,24.214719870001375,10.902134167803235,-53.40360224060612,-10.733015863895957,-21.266984136104043,123.40360224060612,2354506.4320116797,17438.58678982933,15.733015863895957,15.733015863895957,0.16588230062651585
9.658946693403351,16.289810629934593,10.902134167803235,-53.40360224060612,-10.733015863895957,-21.266984136104043,123.40360224060612,2354506.4320116797,17438.58678982933,15.733015863895957,15.733015863895957,0.16588230062651585
7.098152457271716,11.868844436717744,10.902134167803235,-53.40360224060612,-10.733015863895957,-21.266984136104043,123.40360224060612,2354506.4320116797,17438.58678982933,15.733015863895957,15.733015863895957,0.16588230062651585
11.690810740246386,24.606882090989103,10.902134167803235,-53.40360224060612,-10.733015863895957,-21.266984136104043,123.40360224060612,2354506.4320116797,17438.58678982933,15.733015863895957,15.733015863895957,0.16588230062651585
10.470975140334948,15.219888993342604,10.902134167803235,-53.40360224060612,-10.733015863895957,-21.266984136104043,123.40360224060612,2354506.4320116797,17438.58678982933,15.733015863895957,15.733015863895957,0.16588230062651585
8.865430793586366,13.206553527482786,10.902134167803235,-53.40360224060612,-10.733015863895957,-21.266984136104043,123.40360224060612,2354506.4320116797,17438.58678982933,15.733015863895957,15.733015863895957,0.16588230062651585
10.77101759272204,22.402407466641378,10.902134167803235,-53.40360224060612,-10.733015863895957,-21.266984136104043,123.40360224060612,2354506.4320116797,17438.58678982933,15.733015863895957,15.733015863895957,0.16588230062651585
11.705237279835448,22.9322777222266,10.902134167803235,-53.40360224060612,-10.733015863895957,-21.266984136104043,123.40360224060612,2354506.4320116797,17438.58678982933,15.733015863895957,15.733015863895957,0.16588230062651585
2.214591947610052,15.395123840473428,10.902134167803235,-53.40360224060612,-10.733015863895957,-21.266984136104043,123.40360224060612,2354506.4320116797,17438.58678982933,15.733015863895957,15.733015863895957,0.16588230062651585
8.872097272134994,14.16566638905374,10.902134167803235,-53.40360224060612,-10.733015863895957,-21.266984136104043,123.40360224060612,2354506.4320116797,17438.58678982933,15.733015863895957,15.733015863895957,0.16588230062651585
6.968664963729028,19.769559140818174,10.902134167803235,-53.40360224060612,-10.733015863895957,-21.266984136104043,123.40360224060612,2354506.4320116797,17438.58678982933,15.733015863895957,15.733015863895957,0.16588230062651585
10.516788989867148,20.592392620358105,10.902134167803235,-53.40360224060612,-10.733015863895957,-21.266984136104043,123.40360224060612,2354506.4320116797,17438.58678982933,15.733015863895957,15.733015863895957,0.16588230062651585
11.530061404540202,15.31192271630809,10.902134167803235,-53.40360224060612,-10.733015863895957,-21.266984136104043,123.40360224060612,2354506.4320116797,17438.58678982933,15.733015863895957,15.733015863895957,0.16588230062651585
5.2157359656424775,14.595805825709292,10.902134167803235,-53.40360224060612,-10.733015863895957,-21.266984136104043,123.40360224060612,2354506.4320116797,17438.58678982933,15.733015863895957,15.733015863895957,0.16588230062651585
11.649662901509615,25.201867578036584,10.902134167803235,-53.40360224060612,-10.733015863895957,-21.266984136104043,123.40360224060612,2354506.4320116797,17438.58678982933,15.733015863895957,15.733015863895957,0.16588230062651585
11.025615616266496,18.043437315364415,10.902134167803235,-53.40360224060612,-10.733015863895957,-21.266984136104043,123.40360224060612,2354506.4320116797,17438.58678982933,15.733015863895957,15.733015863895957,0.16588230062651585
7.571319059657564,11.311105015478454,10.902134167803235,-53.40360224060612,-10.733015863895957,-21.266984136104043,123.40360224060612,2354506.4320116797,17438.58678982933,15.733015863895957,15.733015863895957,0.16588230062651585
10.366269972580438,19.06543925409902,10.902134167803235,-53.40360224060612,-10.733015863895957,-21.266984136104043,123.40360224060612,2354506.4320116797,17438.58678982933,15.733015863895957,15.733015863895957,0.16588230062651585
2.135374401795481,23.352619818555425,10.902134167803235,-53.40360224060612,-10.733015863895957,-21.266984136104043,123.40360224060612,2354506.4320116797,17438.58678982933,15.733015863895957,15.733015863895957,0.16588230062651585
6.105848154609243,14.597705031698503,10.902134167803235,-53.40360224060612,-10.733015863895957,-21.266984136104043,123.40360224060612,2354506.4320116797,17438.58678982933,15.733015863895957,15.733015863895957,0.16588230062651585
10.763315866443738,15.053676094661867,10.902134167803235,-53.40360224060612,-10.733015863895957,-21.266984136104043,123.40360224060612,2354506.4320116797,17438.58678982933,15.733015863895957,15.733015863895957,0.16588230062651585
11.318097628133366,16.659722270305828,10.902134167803235,-53.40360224060612,-10.733015863895957,-21.266984136104043,123.40360224060612,2354506.4320116797,17438.58678982933,15.733015863895957,15.733015863895957,0.16588230062651585
3.2930393649897853,19.24321554532682,10.902134167803235,-53.40360224060612,-10.733015863895957,-21.266984136104043,123.40360224060612,2354506.4320116797,17438.58678982933,15.733015863895957,15.733015863895957,0.16588230062651585
10.326502452728374,19.03280084672891,10.902134167803235,-53.40360224060612,-10.733015863895957,-21.266984136104043,123.40360224060612,2354506.4320116797,17438.58678982933,15.733015863895957,15.733015863895957,0.16588230062651585
10.872404631566926,17.548593702698525,10.902134167803235,-53.40360224060612,-10.733015863895957,-21.266984136104043,123.40360224060612,2354506.4320116797,17438.58678982933,15.733015863895957,15.733015863895957,0.16588230062651585
11.563688287171185,28.222671792631814,10.902134167803235,-53.40360224060612,-10.733015863895957,-21.266984136104043,123.40360224060612,2354506.4320116797,17438.58678982933,15.733015863895957,15.733015863895957,0.16588230062651585
10.41007005969302,19.87181462159375,10.902134167803235,-53.40360224060612,-10.733015863895957,-21.266984136104043,123.40360224060612,2354506.4320116797,17438.58678982933,15.733015863895957,15.733015863895957,0.16588230062651585
4.576476453464399,18.029500391520727,10.902134167803235,-53.40360224060612,-10.733015863895957,-21.266984136104043,123.40360224060612,2354506.4320116797,17438.58678982933,15.733015863895957,15.733015863895957,0.16588230062651585
7.183872740520429,19.04201431189366,10.902134167803235,-53.40360224060612,-10.733015863895957,-21.266984136104043,123.40360224060612,2354506.4320116797,17438.58678982933,15.733015863895957,15.733015863895957,0.16588230062651585
9.701159316656359,17.670447134291393,10.902134167803235,-53.40360224060612,-10.733015863895957,-21.266984136104043,123.40360224060612,2354506.4320116797,17438.58678982933,15.733015863895957,15.733015863895957,0.16588230062651585
7.802372342055389,22.092337887677182,10.902134167803235,-53.40360224060612,-10.733015863895957,-21.266984136104043,123.40360224060612,2354506.4320116797,17438.58678982933,15.733015863895957,15.733015863895957,0.16588230062651585
11.697370586624155,20.72113991846902,10.902134167803235,-53.40360224060612,-10.733015863895957,-21.266984136104043,123.40360224060612,2354506.4320116797,17438.58678982933,15.733015863895957,15.733015863895957,0.16588230062651585
11.47807727762394,16.261716525417278,10.902134167803235,-53.40360224060612,-10.733015863895957,-21.266984136104043,123.40360224060612,2354506.4320116797,17438.58678982933,15.733015863895957,15.733015863895957,0.16588230062651585
11.407144417518193,17.30838238435529,10.902134167803235,-53.40360224060612,-10.733015863895957,-21.266984136104043,123.40360224060612,2354506.4320116797,17438.58678982933,15.733015863895957,15.733015863895957,0.16588230062651585
11.398300003707556,15.98348202736981,10.902134167803235,-53.40360224060612,-10.733015863895957,-21.266984136104043,123.40360224060612,2354506.4320116797,17438.58678982933,15.733015863895957,15.733015863895957,0.16588230062651585
11.38626312260444,20.297596862486202,10.902134167803235,-53.40360224060612,-10.733015863895957,-21.266984136104043,123.40360224060612,2354506.4320116797,17438.58678982933,15.733015863895957,15.733015863895957,0.16588230062651585
10.311427251995669,19.06543925409902,10.902134167803235,-53.40360224060612,-10.733015863895957,-21.266984136104043,123.40360224060612,2354506.4320116797,17438.58678982933,15.733015863895957,15.733015863895957,0.16588230062651585
11.078975561553284,13.3510717242538,10.902134167803235,-53.40360224060612,-10.733015863895957,-21.266984136104043,123.40360224060612,2354506.4320116797,17438.58678982933,15.733015863895957,15.733015863895957,0.16588230062651585
10.467426005598552,18.77345532426792,10.902134167803235,-53.40360224060612,-10.733015863895957,-21.266984136104043,123.40360224060612,2354506.4320116797,17438.58678982933,15.733015863895957,15.733015863895957,0.16588230062651585
11.412194120856896,10.023905408814272,10.902134167803235,-53.40360224060612,-10.733015863895957,-21.266984136104043,123.40360224060612,2354506.4320116797,17438.58678982933,15.733015863895957,15.733015863895957,0.16588230062651585
8.300004120699578,15.494953739358483,10.902134167803235,-53.40360224060612,-10.733015863895957,-21.266984136104043,123.40360224060612,2354506.4320116797,17438.58678982933,15.733015863895957,15.733015863895957,0.16588230062651585
11.110606984151817,16.289810629934593,10.902134167803235,-53.40360224060612,-10.733015863895957,-21.266984136104043,123.40360224060612,2354506.4320116797,17438.58678982933,15.733015863895957,15.733015863895957,0.16588230062651585
7.767297220834625,14.065513424223276,10.902134167803235,-53.40360224060612,-10.733015863895957,-21.266984136104043,123.40360224060612,2354506.4320116797,17438.58678982933,15.733015863895957,15.733015863895957,0.16588230062651585
11.54727288821085,24.971274523336078,10.902134167803235,-53.40360224060612,-10.733015863895957,-21.266984136104043,123.40360224060612,2354506.4320116797,17438.58678982933,15.733015863895957,15.733015863895957,0.16588230062651585
10.470975140334948,14.430904058050785,10.902134167803235,-53.40360224060612,-10.733015863895957,-21.266984136104043,123.40360224060612,2354506.4320116797,17438.58678982933,15.733015863895957,15.733015863895957,0.16588230062651585
11.023679525562198,15.565100129324883,10.902134167803235,-53.40360224060612,-10.733015863895957,-21.266984136104043,123.40360224060612,2354506.4320116797,17438.58678982933,15.733015863895957,15.733015863895957,0.16588230062651585
11.456424602143484,22.402407466641378,10.902134167803235,-53.40360224060612,-10.733015863895957,-21.266984136104043,123.40360224060612,2354506.4320116797,17438.58678982933,15.733015863895957,15.733015863895957,0.16588230062651585
6.438514917259214,16.15043639309548,10.902134167803235,-53.40360224060612,-10.733015863895957,-21.266984136104043,123.40360224060612,2354506.4320116797,17438.58678982933,15.733015863895957,15.733015863895957,0.16588230062651585
2.214591947610052,17.42810224983583,10.902134167803235,-53.40360224060612,-10.733015863895957,-21.266984136104043,123.40360224060612,2354506.4320116797,17438.58678982933,15.733015863895957,15.733015863895957,0.16588230062651585
11.502592466025858,19.416653322536845,10.902134167803235,-53.40360224060612,-10.733015863895957,-21.266984136104043,123.40360224060612,2354506.4320116797,17438.58678982933,15.733015863895957,15.733015863895957,0.16588230062651585
10.390108410618273,12.579114629439612,10.902134167803235,-53.40360224060612,-10.733015863895957,-21.266984136104043,123.40360224060612,2354506.4320116797,17438.58678982933,15.733015863895957,15.733015863895957,0.16588230062651585
7.272262311104523,10.55337232920219,10.902134167803235,-53.40360224060612,-10.733015863895957,-21.266984136104043,123.40360224060612,2354506.4320116797,17438.58678982933,15.733015863895957,15.733015863895957,0.16588230062651585
9.470526519300126,14.553339800623167,10.902134167803235,-53.40360224060612,-10.733015863895957,-21.266984136104043,123.40360224060612,2354506.4320116797,17438.58678982933,15.733015863895957,15.733015863895957,0.16588230062651585
11.422939980065246,14.614604185041863,10.902134167803235,-53.40360224060612,-10.733015863895957,-21.266984136104043,123.40360224060612,2354506.4320116797,17438.58678982933,15.733015863895957,15.733015863895957,0.16588230062651585
6.787480919647653,16.405484717228294,10.902134167803235,-53.40360224060612,-10.733015863895957,-21.266984136104043,123.40360224060612,2354506.4320116797,17438.58678982933,15.733015863895957,15.733015863895957,0.16588230062651585
10.776943901328204,20.73985740180514,10.902134167803235,-53.40360224060612,-10.733015863895957,-21.266984136104043,123.40360224060612,2354506.4320116797,17438.58678982933,15.733015863895957,15.733015863895957,0.16588230062651585
7.571319059657564,16.488297077969097,10.902134167803235,-53.40360224060612,-10.733015863895957,-21.266984136104043,123.40360224060612,2354506.4320116797,17438.58678982933,15.733015863895957,15.733015863895957,0.16588230062651585
11.715034278556448,10.044453377093063,10.902134167803235,-53.40360224060612,-10.733015863895957,-21.266984136104043,123.40360224060612,2354506.4320116797,17438.58678982933,15.733015863895957,15.733015863895957,0.16588230062651585
10.588304321054661,11.997440649976067,10.902134167803235,-53.40360224060612,-10.733015863895957,-21.266984136104043,123.40360224060612,2354506.4320116797,17438.58678982933,15.733015863895957,15.733015863895957,0.16588230062651585
6.105848154609243,14.96554105559057,10.902134167803235,-53.40360224060612,-10.733015863895957,-21.266984136104043,123.40360224060612,2354506.4320116797,17438.58678982933,15.733015863895957,15.733015863895957,0.16588230062651585
11.366524490182975,13.767409610157337,10.902134167803235,-53.40360224060612,-10.733015863895957,-21.266984136104043,123.40360224060612,2354506.4320116797,17438.58678982933,15.733015863895957,15.733015863895957,0.16588230062651585
11.374176798057249,12.6503980132834,10.902134167803235,-53.40360224060612,-10.733015863895957,-21.266984136104043,123.40360224060612,2354506.4320116797,17438.58678982933,15.733015863895957,15.733015863895957,0.16588230062651585
11.430741004109484,20.410488207387225,10.902134167803235,-53.40360224060612,-10.733015863895957,-21.266984136104043,123.40360224060612,2354506.4320116797,17438.58678982933,15.733015863895957,15.733015863895957,0.16588230062651585
11.63659219908901,14.38375895259652,10.902134167803235,-53.40360224060612,-10.733015863895957,-21.266984136104043,123.40360224060612,2354506.4320116797,17438.58678982933,15.733015863895957,15.733015863895957,0.16588230062651585
8.890406593707509,18.62114936149551,10.902134167803235,-53.40360224060612,-10.733015863895957,-21.266984136104043,123.40360224060612,2354506.4320116797,17438.58678982933,15.733015863895957,15.733015863895957,0.16588230062651585
11.498617581585883,28.222671792631814,10.902134167803235,-53.40360224060612,-10.733015863895957,-21.266984136104043,123.40360224060612,2354506.4320116797,17438.58678982933,15.733015863895957,15.733015863895957,0.16588230062651585
10.404630650019381,18.353903485021085,10.902134167803235,-53.40360224060612,-10.733015863895957,-21.266984136104043,123.40360224060612,2354506.4320116797,17438.58678982933,15.733015863895957,15.733015863895957,0.16588230062651585
11.622542144340024,13.424559225483875,10.902134167803235,-53.40360224060612,-10.733015863895957,-21.266984136104043,123.40360224060612,2354506.4320116797,17438.58678982933,15.733015863895957,15.733015863895957,0.16588230062651585
7.183872740520429,13.183734834592137,10.902134167803235,-53.40360224060612,-10.733015863895957,-21.266984136104043,123.40360224060612,2354506.4320116797,17438.58678982933,15.733015863895957,15.733015863895957,0.16588230062651585
8.754197481433952,12.784009619522859,10.902134167803235,-53.40360224060612,-10.733015863895957,-21.266984136104043,123.40360224060612,2354506.4320116797,17438.58678982933,15.733015863895957,15.733015863895957,0.16588230062651585
11.544105096446705,22.092337887677182,10.902134167803235,-53.40360224060612,-10.733015863895957,-21.266984136104043,123.40360224060612,2354506.4320116797,17438.58678982933,15.733015863895957,15.733015863895957,0.16588230062651585
11.715106891030066,20.72113991846902,10.902134167803235,-53.40360224060612,-10.733015863895957,-21.266984136104043,123.40360224060612,2354506.4320116797,17438.58678982933,15.733015863895957,15.733015863895957,0.16588230062651585
6.556069923799048,15.08096367181324,10.902134167803235,-53.40360224060612,-10.733015863895957,-21.266984136104043,123.40360224060612,2354506.4320116797,17438.58678982933,15.733015863895957,15.733015863895957,0.16588230062651585
9.270553826734904,17.30838238435529,10.902134167803235,-53.40360224060612,-10.733015863895957,-21.266984136104043,123.40360224060612,2354506.4320116797,17438.58678982933,15.733015863895957,15.733015863895957,0.16588230062651585
11.521865021325663,15.55143970964004,10.902134167803235,-53.40360224060612,-10.733015863895957,-21.266984136104043,123.40360224060612,2354506.4320116797,17438.58678982933,15.733015863895957,15.733015863895957,0.16588230062651585
11.524846683839293,20.297596862486202,10.902134167803235,-53.40360224060612,-10.733015863895957,-21.266984136104043,123.40360224060612,2354506.4320116797,17438.58678982933,15.733015863895957,15.733015863895957,0.16588230062651585
10.311427251995669,13.945754927557303,10.902134167803235,-53.40360224060612,-10.733015863895957,-21.266984136104043,123.40360224060612,2354506.4320116797,17438.58678982933,15.733015863895957,15.733015863895957,0.16588230062651585
2.6482629767359387,20.853586128336502,10.902134167803235,-53.40360224060612,-10.733015863895957,-21.266984136104043,123.40360224060612,2354506.4320116797,17438.58678982933,15.733015863895957,15.733015863895957,0.16588230062651585
11.606063786490045,17.765291172184618,10.902134167803235,-53.40360224060612,-10.733015863895957,-21.266984136104043,123.40360224060612,2354506.4320116797,17438.58678982933,15.733015863895957,15.733015863895957,0.16588230062651585
1.9472684317458353,22.77094583909188,10.902134167803235,-53.40360224060612,-10.733015863895957,-21.266984136104043,123.40360224060612,2354506.4320116797,17438.58678982933,15.733015863895957,15.733015863895957,0.16588230062651585
11.669175980574476,24.214719870001375,10.902134167803235,-53.40360224060612,-10.733015863895957,-21.266984136104043,123.40360224060612,2354506.4320116797,17438.58678982933,15.733015863895957,15.733015863895957,0.16588230062651585
5.101307255527923,22.838699315079985,10.902134167803235,-53.40360224060612,-10.733015863895957,-21.266984136104043,123.40360224060612,2354506.4320116797,17438.58678982933,15.733015863895957,15.733015863895957,0.16588230062651585
8.986883118406439,11.868844436717744,10.902134167803235,-53.40360224060612,-10.733015863895957,-21.266984136104043,123.40360224060612,2354506.4320116797,17438.58678982933,15.733015863895957,15.733015863895957,0.16588230062651585
9.12855355530056,24.971274523336078,10.902134167803235,-53.40360224060612,-10.733015863895957,-21.266984136104043,123.40360224060612,2354506.4320116797,17438.58678982933,15.733015863895957,15.733015863895957,0.16588230062651585
10.470975140334948,14.811594424002259,10.902134167803235,-53.40360224060612,-10.733015863895957,-21.266984136104043,123.40360224060612,2354506.4320116797,17438.58678982933,15.733015863895957,15.733015863895957,0.16588230062651585
8.865430793586366,20.416515891787498,10.902134167803235,-53.40360224060612,-10.733015863895957,-21.266984136104043,123.40360224060612,2354506.4320116797,17438.58678982933,15.733015863895957,15.733015863895957,0.16588230062651585
2.3624007909672162,18.26576844594979,10.902134167803235,-53.40360224060612,-10.733015863895957,-21.266984136104043,123.40360224060612,2354506.4320116797,17438.58678982933,15.733015863895957,15.733015863895957,0.16588230062651585
6.438514917259214,22.55095412411569,10.902134167803235,-53.40360224060612,-10.733015863895957,-21.266984136104043,123.40360224060612,2354506.4320116797,17438.58678982933,15.733015863895957,15.733015863895957,0.16588230062651585
11.41346574734775,20.212664812313953,10.902134167803235,-53.40360224060612,-10.733015863895957,-21.266984136104043,123.40360224060612,2354506.4320116797,17438.58678982933,15.733015863895957,15.733015863895957,0.16588230062651585
8.872097272134994,14.374646866331425,10.902134167803235,-53.40360224060612,-10.733015863895957,-21.266984136104043,123.40360224060612,2354506.4320116797,17438.58678982933,15.733015863895957,15.733015863895957,0.16588230062651585
11.482270495603144,19.769559140818174,10.902134167803235,-53.40360224060612,-10.733015863895957,-21.266984136104043,123.40360224060612,2354506.4320116797,17438.58678982933,15.733015863895957,15.733015863895957,0.16588230062651585
9.924348757718557,18.80687327320649,10.902134167803235,-53.40360224060612,-10.733015863895957,-21.266984136104043,123.40360224060612,2354506.4320116797,17438.58678982933,15.733015863895957,15.733015863895957,0.16588230062651585
9.470526519300126,15.181797897163626,10.902134167803235,-53.40360224060612,-10.733015863895957,-21.266984136104043,123.40360224060612,2354506.4320116797,17438.58678982933,15.733015863895957,15.733015863895957,0.16588230062651585
7.05854368436443,14.614604185041863,10.902134167803235,-53.40360224060612,-10.733015863895957,-21.266984136104043,123.40360224060612,2354506.4320116797,17438.58678982933,15.733015863895957,15.733015863895957,0.16588230062651585
11.592428286561468,23.939167425701385,10.902134167803235,-53.40360224060612,-10.733015863895957,-21.266984136104043,123.40360224060612,2354506.4320116797,17438.58678982933,15.733015863895957,15.733015863895957,0.16588230062651585
9.137047870134829,20.73985740180514,10.902134167803235,-53.40360224060612,-10.733015863895957,-21.266984136104043,123.40360224060612,2354506.4320116797,17438.58678982933,15.733015863895957,15.733015863895957,0.16588230062651585
11.709260210588482,21.43810305050799,10.902134167803235,-53.40360224060612,-10.733015863895957,-21.266984136104043,123.40360224060612,2354506.4320116797,17438.58678982933,15.733015863895957,15.733015863895957,0.16588230062651585
10.366269972580438,13.723220809714274,10.902134167803235,-53.40360224060612,-10.733015863895957,-21.266984136104043,123.40360224060612,2354506.4320116797,17438.58678982933,15.733015863895957,15.733015863895957,0.16588230062651585
2.135374401795481,13.206553527482786,10.902134167803235,-53.40360224060612,-10.733015863895957,-21.266984136104043,123.40360224060612,2354506.4320116797,17438.58678982933,15.733015863895957,15.733015863895957,0.16588230062651585
7.318739163547393,20.376534096911257,10.902134167803235,-53.40360224060612,-10.733015863895957,-21.266984136104043,123.40360224060612,2354506.4320116797,17438.58678982933,15.733015863895957,15.733015863895957,0.16588230062651585
10.763315866443738,13.882411669906212,10.902134167803235,-53.40360224060612,-10.733015863895957,-21.266984136104043,123.40360224060612,2354506.4320116797,17438.58678982933,15.733015863895957,15.733015863895957,0.16588230062651585
11.54852309039539,16.659722270305828,10.902134167803235,-53.40360224060612,-10.733015863895957,-21.266984136104043,123.40360224060612,2354506.4320116797,17438.58678982933,15.733015863895957,15.733015863895957,0.16588230062651585
3.2930393649897853,19.161571312679456,10.902134167803235,-53.40360224060612,-10.733015863895957,-21.266984136104043,123.40360224060612,2354506.4320116797,17438.58678982933,15.733015863895957,15.733015863895957,0.16588230062651585
11.691427838488346,14.38375895259652,10.902134167803235,-53.40360224060612,-10.733015863895957,-21.266984136104043,123.40360224060612,2354506.4320116797,17438.58678982933,15.733015863895957,15.733015863895957,0.16588230062651585
8.890406593707509,18.189953820622257,10.902134167803235,-53.40360224060612,-10.733015863895957,-21.266984136104043,123.40360224060612,2354506.4320116797,17438.58678982933,15.733015863895957,15.733015863895957,0.16588230062651585
11.667991540138871,15.75356606862583,10.902134167803235,-53.40360224060612,-10.733015863895957,-21.266984136104043,123.40360224060612,2354506.4320116797,17438.58678982933,15.733015863895957,15.733015863895957,0.16588230062651585
11.430741004109484,20.410488207387225,10.902134167803235,-53.40360224060612,-10.733015863895957,-21.266984136104043,123.40360224060612,2354506.4320116797,17438.58678982933,15.733015863895957,15.733015863895957,0.16588230062651585
9.189567166171148,13.424559225483875,10.902134167803235,-53.40360224060612,-10.733015863895957,-21.266984136104043,123.40360224060612,2354506.4320116797,17438.58678982933,15.733015863895957,15.733015863895957,0.16588230062651585
7.183872740520429,20.136587424461666,10.902134167803235,-53.40360224060612,-10.733015863895957,-21.266984136104043,123.40360224060612,2354506.4320116797,17438.58678982933,15.733015863895957,15.733015863895957,0.16588230062651585
11.501039469567532,12.784009619522859,10.902134167803235,-53.40360224060612,-10.733015863895957,-21.266984136104043,123.40360224060612,2354506.4320116797,17438.58678982933,15.733015863895957,15.733015863895957,0.16588230062651585
11.702865652927743,22.092337887677182,10.902134167803235,-53.40360224060612,-10.733015863895957,-21.266984136104043,123.40360224060612,2354506.4320116797,17438.58678982933,15.733015863895957,15.733015863895957,0.16588230062651585
11.633483162273706,20.72113991846902,10.902134167803235,-53.40360224060612,-10.733015863895957,-21.266984136104043,123.40360224060612,2354506.4320116797,17438.58678982933,15.733015863895957,15.733015863895957,0.16588230062651585
10.443157566159842,11.905863021934465,10.902134167803235,-53.40360224060612,-10.733015863895957,-21.266984136104043,123.40360224060612,2354506.4320116797,17438.58678982933,15.733015863895957,15.733015863895957,0.16588230062651585
10.75913824575565,17.008845094657246,10.902134167803235,-53.40360224060612,-10.733015863895957,-21.266984136104043,123.40360224060612,2354506.4320116797,17438.58678982933,15.733015863895957,15.733015863895957,0.16588230062651585
10.880435513910863,10.910252656561195,10.902134167803235,-53.40360224060612,-10.733015863895957,-21.266984136104043,123.40360224060612,2354506.4320116797,17438.58678982933,15.733015863895957,15.733015863895957,0.16588230062651585
11.563731576686337,20.297596862486202,10.902134167803235,-53.40360224060612,-10.733015863895957,-21.266984136104043,123.40360224060612,2354506.4320116797,17438.58678982933,15.733015863895957,15.733015863895957,0.16588230062651585
11.623710983982104,17.772121382027038,10.902134167803235,-53.40360224060612,-10.733015863895957,-21.266984136104043,123.40360224060612,2354506.4320116797,17438.58678982933,15.733015863895957,15.733015863895957,0.16588230062651585
8.757456207736551,13.3510717242538,10.902134167803235,-53.40360224060612,-10.733015863895957,-21.266984136104043,123.40360224060612,2354506.4320116797,17438.58678982933,15.733015863895957,15.733015863895957,0.16588230062651585
8.723650285944913,17.765291172184618,10.902134167803235,-53.40360224060612,-10.733015863895957,-21.266984136104043,123.40360224060612,2354506.4320116797,17438.58678982933,15.733015863895957,15.733015863895957,0.16588230062651585
11.673402237573018,10.023905408814272,10.902134167803235,-53.40360224060612,-10.733015863895957,-21.266984136104043,123.40360224060612,2354506.4320116797,17438.58678982933,15.733015863895957,15.733015863895957,0.16588230062651585
10.09044030360398,24.214719870001375,10.902134167803235,-53.40360224060612,-10.733015863895957,-21.266984136104043,123.40360224060612,2354506.4320116797,17438.58678982933,15.733015863895957,15.733015863895957,0.16588230062651585
5.101307255527923,16.86211859930176,10.902134167803235,-53.40360224060612,-10.733015863895957,-21.266984136104043,123.40360224060612,2354506.4320116797,17438.58678982933,15.733015863895957,15.733015863895957,0.16588230062651585
11.350665042196132,11.77334706921203,10.902134167803235,-53.40360224060612,-10.733015863895957,-21.266984136104043,123.40360224060612,2354506.4320116797,17438.58678982933,15.733015863895957,15.733015863895957,0.16588230062651585
9.868975126567012,19.61136074296047,10.902134167803235,-53.40360224060612,-10.733015863895957,-21.266984136104043,123.40360224060612,2354506.4320116797,17438.58678982933,15.733015863895957,15.733015863895957,0.16588230062651585
10.470975140334948,15.433038042367563,10.902134167803235,-53.40360224060612,-10.733015863895957,-21.266984136104043,123.40360224060612,2354506.4320116797,17438.58678982933,15.733015863895957,15.733015863895957,0.16588230062651585
9.197675969291243,15.565100129324883,10.902134167803235,-53.40360224060612,-10.733015863895957,-21.266984136104043,123.40360224060612,2354506.4320116797,17438.58678982933,15.733015863895957,15.733015863895957,0.16588230062651585
2.5628116552756657,13.594555317828515,10.902134167803235,-53.40360224060612,-10.733015863895957,-21.266984136104043,123.40360224060612,2354506.4320116797,17438.58678982933,15.733015863895957,15.733015863895957,0.16588230062651585
6.438514917259214,15.46007958537431,10.902134167803235,-53.40360224060612,-10.733015863895957,-21.266984136104043,123.40360224060612,2354506.4320116797,17438.58678982933,15.733015863895957,15.733015863895957,0.16588230062651585
2.214591947610052,20.209396104112628,10.902134167803235,-53.40360224060612,-10.733015863895957,-21.266984136104043,123.40360224060612,2354506.4320116797,17438.58678982933,15.733015863895957,15.733015863895957,0.16588230062651585
11.716941758974514,22.091546343179616,10.902134167803235,-53.40360224060612,-10.733015863895957,-21.266984136104043,123.40360224060612,2354506.4320116797,17438.58678982933,15.733015863895957,15.733015863895957,0.16588230062651585
11.485344333898174,19.769559140818174,10.902134167803235,-53.40360224060612,-10.733015863895957,-21.266984136104043,123.40360224060612,2354506.4320116797,17438.58678982933,15.733015863895957,15.733015863895957,0.16588230062651585
10.516788989867148,10.48074522553167,10.902134167803235,-53.40360224060612,-10.733015863895957,-21.266984136104043,123.40360224060612,2354506.4320116797,17438.58678982933,15.733015863895957,15.733015863895957,0.16588230062651585
9.470526519300126,20.416515891787498,10.902134167803235,-53.40360224060612,-10.733015863895957,-21.266984136104043,123.40360224060612,2354506.4320116797,17438.58678982933,15.733015863895957,15.733015863895957,0.16588230062651585
4.6251752535232615,15.653632163853196,10.902134167803235,-53.40360224060612,-10.733015863895957,-21.266984136104043,123.40360224060612,2354506.4320116797,17438.58678982933,15.733015863895957,15.733015863895957,0.16588230062651585
11.427065294179142,23.939167425701385,10.902134167803235,-53.40360224060612,-10.733015863895957,-21.266984136104043,123.40360224060612,2354506.4320116797,17438.58678982933,15.733015863895957,15.733015863895957,0.16588230062651585
11.025615616266496,13.819847637315437,10.902134167803235,-53.40360224060612,-10.733015863895957,-21.266984136104043,123.40360224060612,2354506.4320116797,17438.58678982933,15.733015863895957,15.733015863895957,0.16588230062651585
10.795344316460097,21.43810305050799,10.902134167803235,-53.40360224060612,-10.733015863895957,-21.266984136104043,123.40360224060612,2354506.4320116797,17438.58678982933,15.733015863895957,15.733015863895957,0.16588230062651585
11.64898378602109,10.044453377093063,10.902134167803235,-53.40360224060612,-10.733015863895957,-21.266984136104043,123.40360224060612,2354506.4320116797,17438.58678982933,15.733015863895957,15.733015863895957,0.16588230062651585
9.703801211255232,12.432256162381645,10.902134167803235,-53.40360224060612,-10.733015863895957,-21.266984136104043,123.40360224060612,2354506.4320116797,17438.58678982933,15.733015863895957,15.733015863895957,0.16588230062651585
10.07910854584242,20.376534096911257,10.902134167803235,-53.40360224060612,-10.733015863895957,-21.266984136104043,123.40360224060612,2354506.4320116797,17438.58678982933,15.733015863895957,15.733015863895957,0.16588230062651585
10.763315866443738,20.853586128336502,10.902134167803235,-53.40360224060612,-10.733015863895957,-21.266984136104043,123.40360224060612,2354506.4320116797,17438.58678982933,15.733015863895957,15.733015863895957,0.16588230062651585
11.374176798057249,14.3878501778165,10.902134167803235,-53.40360224060612,-10.733015863895957,-21.266984136104043,123.40360224060612,2354506.4320116797,17438.58678982933,15.733015863895957,15.733015863895957,0.16588230062651585
11.664236760853559,18.046997035016574,10.902134167803235,-53.40360224060612,-10.733015863895957,-21.266984136104043,123.40360224060612,2354506.4320116797,17438.58678982933,15.733015863895957,15.733015863895957,0.16588230062651585
6.3002700892778485,19.60580746564824,10.902134167803235,-53.40360224060612,-10.733015863895957,-21.266984136104043,123.40360224060612,2354506.4320116797,17438.58678982933,15.733015863895957,15.733015863895957,0.16588230062651585
11.546701586186831,17.548593702698525,10.902134167803235,-53.40360224060612,-10.733015863895957,-21.266984136104043,123.40360224060612,2354506.4320116797,17438.58678982933,15.733015863895957,15.733015863895957,0.16588230062651585
10.766640629181119,17.119130051241903,10.902134167803235,-53.40360224060612,-10.733015863895957,-21.266984136104043,123.40360224060612,2354506.4320116797,17438.58678982933,15.733015863895957,15.733015863895957,0.16588230062651585
8.953206429515301,19.87181462159375,10.902134167803235,-53.40360224060612,-10.733015863895957,-21.266984136104043,123.40360224060612,2354506.4320116797,17438.58678982933,15.733015863895957,15.733015863895957,0.16588230062651585
4.576476453464399,16.702188295391952,10.902134167803235,-53.40360224060612,-10.733015863895957,-21.266984136104043,123.40360224060612,2354506.4320116797,17438.58678982933,15.733015863895957,15.733015863895957,0.16588230062651585
7.183872740520429,19.96428451368279,10.902134167803235,-53.40360224060612,-10.733015863895957,-21.266984136104043,123.40360224060612,2354506.4320116797,17438.58678982933,15.733015863895957,15.733015863895957,0.16588230062651585
9.701159316656359,14.5346549678723,10.902134167803235,-53.40360224060612,-10.733015863895957,-21.266984136104043,123.40360224060612,2354506.4320116797,17438.58678982933,15.733015863895957,15.733015863895957,0.16588230062651585
7.021054905391842,22.092337887677182,10.902134167803235,-53.40360224060612,-10.733015863895957,-21.266984136104043,123.40360224060612,2354506.4320116797,17438.58678982933,15.733015863895957,15.733015863895957,0.16588230062651585
10.65351221707665,14.434698884370555,10.902134167803235,-53.40360224060612,-10.733015863895957,-21.266984136104043,123.40360224060612,2354506.4320116797,17438.58678982933,15.733015863895957,15.733015863895957,0.16588230062651585
10.309256669557852,16.08483192312088,10.902134167803235,-53.40360224060612,-10.733015863895957,-21.266984136104043,123.40360224060612,2354506.4320116797,17438.58678982933,15.733015863895957,15.733015863895957,0.16588230062651585
10.512279980150524,17.30838238435529,10.902134167803235,-53.40360224060612,-10.733015863895957,-21.266984136104043,123.40360224060612,2354506.4320116797,17438.58678982933,15.733015863895957,15.733015863895957,0.16588230062651585
10.880435513910863,22.19143891306026,10.902134167803235,-53.40360224060612,-10.733015863895957,-21.266984136104043,123.40360224060612,2354506.4320116797,17438.58678982933,15.733015863895957,15.733015863895957,0.16588230062651585
8.78508682325311,16.924455730499787,10.902134167803235,-53.40360224060612,-10.733015863895957,-21.266984136104043,123.40360224060612,2354506.4320116797,17438.58678982933,15.733015863895957,15.733015863895957,0.16588230062651585
11.444004567346571,17.772121382027038,10.902134167803235,-53.40360224060612,-10.733015863895957,-21.266984136104043,123.40360224060612,2354506.4320116797,17438.58678982933,15.733015863895957,15.733015863895957,0.16588230062651585
9.341176856405955,13.3510717242538,10.902134167803235,-53.40360224060612,-10.733015863895957,-21.266984136104043,123.40360224060612,2354506.4320116797,17438.58678982933,15.733015863895957,15.733015863895957,0.16588230062651585
10.548497699916858,17.765291172184618,10.902134167803235,-53.40360224060612,-10.733015863895957,-21.266984136104043,123.40360224060612,2354506.4320116797,17438.58678982933,15.733015863895957,15.733015863895957,0.16588230062651585
11.377510037331563,10.023905408814272,10.902134167803235,-53.40360224060612,-10.733015863895957,-21.266984136104043,123.40360224060612,2354506.4320116797,17438.58678982933,15.733015863895957,15.733015863895957,0.16588230062651585
8.300004120699578,17.14187447837252,10.902134167803235,-53.40360224060612,-10.733015863895957,-21.266984136104043,123.40360224060612,2354506.4320116797,17438.58678982933,15.733015863895957,15.733015863895957,0.16588230062651585
7.239548673945299,16.289810629934593,10.902134167803235,-53.40360224060612,-10.733015863895957,-21.266984136104043,123.40360224060612,2354506.4320116797,17438.58678982933,15.733015863895957,15.733015863895957,0.16588230062651585
11.669141004153103,11.868844436717744,10.902134167803235,-53.40360224060612,-10.733015863895957,-21.266984136104043,123.40360224060612,2354506.4320116797,17438.58678982933,15.733015863895957,15.733015863895957,0.16588230062651585
10.259668348330218,24.971274523336078,10.902134167803235,-53.40360224060612,-10.733015863895957,-21.266984136104043,123.40360224060612,2354506.4320116797,17438.58678982933,15.733015863895957,15.733015863895957,0.16588230062651585
10.470975140334948,16.98405232733056,10.902134167803235,-53.40360224060612,-10.733015863895957,-21.266984136104043,123.40360224060612,2354506.4320116797,17438.58678982933,15.733015863895957,15.733015863895957,0.16588230062651585
8.865430793586366,16.901761657506245,10.902134167803235,-53.40360224060612,-10.733015863895957,-21.266984136104043,123.40360224060612,2354506.4320116797,17438.58678982933,15.733015863895957,15.733015863895957,0.16588230062651585
10.150610852768203,22.402407466641378,10.902134167803235,-53.40360224060612,-10.733015863895957,-21.266984136104043,123.40360224060612,2354506.4320116797,17438.58678982933,15.733015863895957,15.733015863895957,0.16588230062651585
6.438514917259214,14.657366384370977,10.902134167803235,-53.40360224060612,-10.733015863895957,-21.266984136104043,123.40360224060612,2354506.4320116797,17438.58678982933,15.733015863895957,15.733015863895957,0.16588230062651585
2.214591947610052,16.106937819366433,10.902134167803235,-53.40360224060612,-10.733015863895957,-21.266984136104043,123.40360224060612,2354506.4320116797,17438.58678982933,15.733015863895957,15.733015863895957,0.16588230062651585
11.64573447403822,19.416653322536845,10.902134167803235,-53.40360224060612,-10.733015863895957,-21.266984136104043,123.40360224060612,2354506.4320116797,17438.58678982933,15.733015863895957,15.733015863895957,0.16588230062651585
9.246781521228424,19.769559140818174,10.902134167803235,-53.40360224060612,-10.733015863895957,-21.266984136104043,123.40360224060612,2354506.4320116797,17438.58678982933,15.733015863895957,15.733015863895957,0.16588230062651585
11.224569486265967,10.55337232920219,10.902134167803235,-53.40360224060612,-10.733015863895957,-21.266984136104043,123.40360224060612,2354506.4320116797,17438.58678982933,15.733015863895957,15.733015863895957,0.16588230062651585
9.470526519300126,17.175775819123174,10.902134167803235,-53.40360224060612,-10.733015863895957,-21.266984136104043,123.40360224060612,2354506.4320116797,17438.58678982933,15.733015863895957,15.733015863895957,0.16588230062651585
10.022337838307088,14.614604185041863,10.902134167803235,-53.40360224060612,-10.733015863895957,-21.266984136104043,123.40360224060612,2354506.4320116797,17438.58678982933,15.733015863895957,15.733015863895957,0.16588230062651585
6.787480919647653,24.095522304494835,10.902134167803235,-53.40360224060612,-10.733015863895957,-21.266984136104043,123.40360224060612,2354506.4320116797,17438.58678982933,15.733015863895957,15.733015863895957,0.16588230062651585
9.428760110291927,20.73985740180514,10.902134167803235,-53.40360224060612,-10.733015863895957,-21.266984136104043,123.40360224060612,2354506.4320116797,17438.58678982933,15.733015863895957,15.733015863895957,0.16588230062651585
7.571319059657564,14.727115463857423,10.902134167803235,-53.40360224060612,-10.733015863895957,-21.266984136104043,123.40360224060612,2354506.4320116797,17438.58678982933,15.733015863895957,15.733015863895957,0.16588230062651585
10.193234545130075,10.044453377093063,10.902134167803235,-53.40360224060612,-10.733015863895957,-21.266984136104043,123.40360224060612,2354506.4320116797,17438.58678982933,15.733015863895957,15.733015863895957,0.16588230062651585
2.135374401795481,11.85052334674657,10.902134167803235,-53.40360224060612,-10.733015863895957,-21.266984136104043,123.40360224060612,2354506.4320116797,17438.58678982933,15.733015863895957,15.733015863895957,0.16588230062651585
11.692537952469893,20.639411430876308,10.902134167803235,-53.40360224060612,-10.733015863895957,-21.266984136104043,123.40360224060612,2354506.4320116797,17438.58678982933,15.733015863895957,15.733015863895957,0.16588230062651585
11.446766849235065,13.767409610157337,10.902134167803235,-53.40360224060612,-10.733015863895957,-21.266984136104043,123.40360224060612,2354506.4320116797,17438.58678982933,15.733015863895957,15.733015863895957,0.16588230062651585
